time,currency,importance,title
2017-01-06 10:00,EUR,1,Business Confidence
2017-01-06 13:30,USD,1,Balance of Trade
2017-01-06 13:30,USD,1,Non Farm Payrolls
2017-01-09 07:00,EUR,1,Balance of Trade
2017-01-12 09:00,EUR,1,Full Year GDP Growth
2017-01-12 09:00,EUR,1,Government Budget
2017-01-13 13:30,USD,1,Retail Sales MoM
2017-01-17 10:00,EUR,1,ZEW Economic Sentiment Index
2017-01-18 13:30,USD,1,Core Inflation Rate YoY
2017-01-18 13:30,USD,1,Inflation Rate YoY
2017-01-25 09:00,EUR,1,IFO Business Climate
2017-01-26 07:00,EUR,1,GfK Consumer Confidence
2017-01-27 13:30,USD,1,Durable Goods Orders MoM
2017-01-30 10:00,EUR,1,Business Confidence
2017-01-30 13:30,USD,1,Personal Income (MoM)
2017-01-30 13:30,USD,1,Personal Spending MoM
2017-02-03 13:30,USD,1,Non Farm Payrolls
2017-02-07 13:30,USD,1,Balance of Trade
2017-02-09 07:00,EUR,1,Balance of Trade
2017-02-14 10:00,EUR,1,ZEW Economic Sentiment Index
2017-02-15 13:30,USD,1,Core Inflation Rate YoY
2017-02-15 13:30,USD,1,Inflation Rate YoY
2017-02-15 13:30,USD,1,Retail Sales MoM
2017-02-22 09:00,EUR,1,IFO Business Climate
2017-02-23 07:00,EUR,1,GfK Consumer Confidence
2017-02-27 10:00,EUR,1,Business Confidence
2017-02-27 13:30,USD,1,Durable Goods Orders MoM
2017-03-01 13:30,USD,1,Personal Income (MoM)
2017-03-01 13:30,USD,1,Personal Spending MoM
2017-03-07 13:30,USD,1,Balance of Trade
2017-03-10 07:00,EUR,1,Balance of Trade
2017-03-10 13:30,USD,1,Non Farm Payrolls
2017-03-14 10:00,EUR,1,ZEW Economic Sentiment Index
2017-03-15 12:30,USD,1,Core Inflation Rate YoY
2017-03-15 12:30,USD,1,Inflation Rate YoY
2017-03-15 12:30,USD,1,Retail Sales MoM
2017-03-23 07:00,EUR,1,GfK Consumer Confidence
2017-03-24 12:30,USD,1,Durable Goods Orders MoM
2017-03-27 08:00,EUR,1,IFO Business Climate
2017-03-30 09:00,EUR,1,Business Confidence
2017-03-31 12:30,USD,1,Personal Income (MoM)
2017-03-31 12:30,USD,1,Personal Spending MoM
2017-04-04 12:30,USD,1,Balance of Trade
2017-04-07 06:00,EUR,1,Balance of Trade
2017-04-07 12:30,USD,1,Non Farm Payrolls
2017-04-11 09:00,EUR,1,ZEW Economic Sentiment Index
2017-04-14 12:30,USD,1,Core Inflation Rate YoY
2017-04-14 12:30,USD,1,Inflation Rate YoY
2017-04-14 12:30,USD,1,Retail Sales MoM
2017-04-24 08:00,EUR,1,IFO Business Climate
2017-04-27 06:00,EUR,1,GfK Consumer Confidence
2017-04-27 09:00,EUR,1,Business Confidence
2017-04-27 12:30,USD,1,Durable Goods Orders MoM
2017-05-01 12:30,USD,1,Personal Income MoM
2017-05-01 12:30,USD,1,Personal Spending MoM
2017-05-04 12:30,USD,1,Balance of Trade
2017-05-05 12:30,USD,1,Non Farm Payrolls
2017-05-09 06:00,EUR,1,Balance of Trade
2017-05-12 12:30,USD,1,Core Inflation Rate YoY
2017-05-12 12:30,USD,1,Inflation Rate YoY
2017-05-12 12:30,USD,1,Retail Sales MoM
2017-05-16 09:00,EUR,1,ZEW Economic Sentiment Index
2017-05-23 08:00,EUR,1,IFO Business Climate
2017-05-24 06:00,EUR,1,GfK Consumer Confidence
2017-05-26 12:30,USD,1,Durable Goods Orders MoM
2017-05-30 09:00,EUR,1,Business Confidence
2017-05-30 12:30,USD,1,Personal Income MoM
2017-05-30 12:30,USD,1,Personal Spending MoM
2017-06-02 12:30,USD,1,Balance of Trade
2017-06-02 12:30,USD,1,Non Farm Payrolls
2017-06-09 06:00,EUR,1,Balance of Trade
2017-06-13 09:00,EUR,1,ZEW Economic Sentiment Index
2017-06-14 12:30,USD,1,Core Inflation Rate YoY
2017-06-14 12:30,USD,1,Inflation Rate YoY
2017-06-14 12:30,USD,1,Retail Sales MoM
2017-06-26 08:00,EUR,1,IFO Business Climate
2017-06-26 12:30,USD,1,Durable Goods Orders MoM
2017-06-29 06:00,EUR,1,GfK Consumer Confidence
2017-06-29 09:00,EUR,1,Business Confidence
2017-06-30 12:30,USD,1,Personal Income MoM
2017-06-30 12:30,USD,1,Personal Spending MoM
2017-07-06 12:30,USD,1,Balance of Trade
2017-07-07 12:30,USD,1,Non Farm Payrolls
2017-07-10 06:00,EUR,1,Balance of Trade
2017-07-14 12:30,USD,1,Core Inflation Rate YoY
2017-07-14 12:30,USD,1,Inflation Rate YoY
2017-07-14 12:30,USD,1,Retail Sales MoM
2017-07-18 09:00,EUR,1,ZEW Economic Sentiment Index
2017-07-25 08:00,EUR,1,IFO Business Climate
2017-07-27 06:00,EUR,1,GfK Consumer Confidence
2017-07-27 12:30,USD,1,Durable Goods Orders MoM
2017-07-28 09:00,EUR,1,Business Confidence
2017-08-01 12:30,USD,1,Personal Income MoM
2017-08-01 12:30,USD,1,Personal Spending MoM
2017-08-04 12:30,USD,1,Balance of Trade
2017-08-04 12:30,USD,1,Non Farm Payrolls
2017-08-08 06:00,EUR,1,Balance of Trade
2017-08-11 12:30,USD,1,Core Inflation Rate YoY
2017-08-11 12:30,USD,1,Inflation Rate YoY
2017-08-15 12:30,USD,1,Retail Sales MoM
2017-08-22 09:00,EUR,1,ZEW Economic Sentiment Index
2017-08-25 08:00,EUR,1,IFO Business Climate
2017-08-25 12:30,USD,1,Durable Goods Orders MoM
2017-08-29 06:00,EUR,1,GfK Consumer Confidence
2017-08-30 09:00,EUR,1,Business Confidence
2017-08-31 12:30,USD,1,Personal Income MoM
2017-08-31 12:30,USD,1,Personal Spending MoM
2017-09-01 12:30,USD,1,Non Farm Payrolls
2017-09-06 12:30,USD,1,Balance of Trade
2017-09-08 06:00,EUR,1,Balance of Trade
2017-09-14 12:30,USD,1,Core Inflation Rate YoY
2017-09-14 12:30,USD,1,Inflation Rate YoY
2017-09-15 12:30,USD,1,Retail Sales MoM
2017-09-19 09:00,EUR,1,ZEW Economic Sentiment Index
2017-09-25 08:00,EUR,1,IFO Business Climate
2017-09-27 12:30,USD,1,Durable Goods Orders MoM
2017-09-28 06:00,EUR,1,GfK Consumer Confidence
2017-09-28 09:00,EUR,1,Business Confidence
2017-09-29 12:30,USD,1,Personal Income MoM
2017-09-29 12:30,USD,1,Personal Spending MoM
2017-10-05 12:30,USD,1,Balance of Trade
2017-10-06 12:30,USD,1,Non Farm Payrolls
2017-10-10 06:00,EUR,1,Balance of Trade
2017-10-13 12:30,USD,1,Core Inflation Rate YoY
2017-10-13 12:30,USD,1,Inflation Rate YoY
2017-10-13 12:30,USD,1,Retail Sales MoM
2017-10-17 09:00,EUR,1,ZEW Economic Sentiment Index
2017-10-25 08:00,EUR,1,IFO Business Climate
2017-10-25 12:30,USD,1,Durable Goods Orders MoM
2017-10-26 06:00,EUR,1,GfK Consumer Confidence
2017-10-30 10:00,EUR,1,Business Confidence
2017-10-30 12:30,USD,1,Personal Income MoM
2017-10-30 12:30,USD,1,Personal Spending MoM
2017-11-03 12:30,USD,1,Balance of Trade
2017-11-03 12:30,USD,1,Non Farm Payrolls
2017-11-09 07:00,EUR,1,Balance of Trade
2017-11-14 10:00,EUR,1,ZEW Economic Sentiment Index
2017-11-15 13:30,USD,1,Core Inflation Rate YoY
2017-11-15 13:30,USD,1,Inflation Rate YoY
2017-11-15 13:30,USD,1,Retail Sales MoM
2017-11-22 13:30,USD,1,Durable Goods Orders MoM
2017-11-24 09:00,EUR,1,IFO Business Climate
2017-11-28 12:00,EUR,1,GfK Consumer Confidence
2017-11-29 10:00,EUR,1,Business Confidence
2017-11-30 13:30,USD,1,Personal Income MoM
2017-11-30 13:30,USD,1,Personal Spending MoM
2017-12-05 13:30,USD,1,Balance of Trade
2017-12-08 07:00,EUR,1,Balance of Trade
2017-12-08 13:30,USD,1,Non Farm Payrolls
2017-12-12 10:00,EUR,1,ZEW Economic Sentiment Index
2017-12-13 13:30,USD,1,Core Inflation Rate YoY
2017-12-13 13:30,USD,1,Inflation Rate YoY
2017-12-14 13:30,USD,1,Retail Sales MoM
2017-12-19 09:00,EUR,1,IFO Business Climate
2017-12-22 07:00,EUR,1,GfK Consumer Confidence
2017-12-22 13:30,USD,1,Durable Goods Orders MoM
2017-12-22 13:30,USD,1,Personal Income MoM
2017-12-22 13:30,USD,1,Personal Spending MoM
2018-01-05 13:30,USD,1,Balance of Trade
2018-01-05 13:30,USD,1,Non Farm Payrolls
2018-01-08 10:00,EUR,1,Business Confidence
2018-01-09 07:00,EUR,1,Balance of Trade
2018-01-11 09:00,EUR,1,Full Year GDP Growth
2018-01-11 09:00,EUR,1,Government Budget
2018-01-12 13:30,USD,1,Core Inflation Rate YoY
2018-01-12 13:30,USD,1,Inflation Rate YoY
2018-01-12 13:30,USD,1,Retail Sales MoM
2018-01-23 10:00,EUR,1,ZEW Economic Sentiment Index
2018-01-25 07:00,EUR,1,GfK Consumer Confidence
2018-01-25 09:00,EUR,1,IFO Business Climate
2018-01-26 13:30,USD,1,Durable Goods Orders MoM
2018-01-29 13:30,USD,1,Personal Income MoM
2018-01-29 13:30,USD,1,Personal Spending MoM
2018-01-30 10:00,EUR,1,Business Confidence
2018-02-02 13:30,USD,1,Non Farm Payrolls
2018-02-06 13:30,USD,1,Balance of Trade
2018-02-08 07:00,EUR,1,Balance of Trade
2018-02-14 13:30,USD,1,Core Inflation Rate YoY
2018-02-14 13:30,USD,1,Inflation Rate YoY
2018-02-14 13:30,USD,1,Retail Sales MoM
2018-02-20 10:00,EUR,1,ZEW Economic Sentiment Index
2018-02-22 09:00,EUR,1,Ifo Business Climate
2018-02-27 10:00,EUR,1,Business Confidence
2018-02-27 13:30,USD,1,Durable Goods Orders MoM
2018-02-28 07:00,EUR,1,GfK Consumer Confidence
2018-03-01 13:30,USD,1,Personal Income MoM
2018-03-01 13:30,USD,1,Personal Spending MoM
2018-03-07 13:30,USD,1,Balance of Trade
2018-03-09 07:00,EUR,1,Balance of Trade
2018-03-09 13:30,USD,1,Non Farm Payrolls
2018-03-13 12:30,USD,1,Core Inflation Rate YoY
2018-03-13 12:30,USD,1,Inflation Rate YoY
2018-03-14 12:30,USD,1,Retail Sales MoM
2018-03-20 10:00,EUR,1,ZEW Economic Sentiment Index
2018-03-22 09:00,EUR,1,Ifo Business Climate
2018-03-23 12:30,USD,1,Durable Goods Orders MoM
2018-03-27 09:00,EUR,1,Business Confidence
2018-03-28 06:00,EUR,1,GfK Consumer Confidence
2018-03-29 12:30,USD,1,Personal Income MoM
2018-03-29 12:30,USD,1,Personal Spending MoM
2018-04-05 12:30,USD,1,Balance of Trade
2018-04-06 12:30,USD,1,Non Farm Payrolls
2018-04-09 06:00,EUR,1,Balance of Trade
2018-04-11 12:30,USD,1,Core Inflation Rate YoY
2018-04-11 12:30,USD,1,Inflation Rate YoY
2018-04-16 12:30,USD,1,Retail Sales MoM
2018-04-17 09:00,EUR,1,ZEW Economic Sentiment Index
2018-04-24 08:00,EUR,1,Ifo Business Climate
2018-04-26 06:00,EUR,1,GfK Consumer Confidence
2018-04-26 12:30,USD,1,Durable Goods Orders MoM
2018-04-27 09:00,EUR,1,Business Confidence
2018-04-30 12:30,USD,1,Personal Income MoM
2018-04-30 12:30,USD,1,Personal Spending MoM
2018-05-03 12:30,USD,1,Balance of Trade
2018-05-04 12:30,USD,1,Non Farm Payrolls
2018-05-08 06:00,EUR,1,Balance of Trade
2018-05-10 12:30,USD,1,Core Inflation Rate YoY
2018-05-10 12:30,USD,1,Inflation Rate YoY
2018-05-15 09:00,EUR,1,ZEW Economic Sentiment Index
2018-05-15 12:30,USD,1,Retail Sales MoM
2018-05-24 06:00,EUR,1,GfK Consumer Confidence
2018-05-25 08:00,EUR,1,Ifo Business Climate
2018-05-25 12:30,USD,1,Durable Goods Orders MoM
2018-05-30 09:00,EUR,1,Business Confidence
2018-05-31 12:30,USD,1,Personal Income MoM
2018-05-31 12:30,USD,1,Personal Spending MoM
2018-06-01 12:30,USD,1,Non Farm Payrolls
2018-06-06 12:30,USD,1,Balance of Trade
2018-06-08 06:00,EUR,1,Balance of Trade
2018-06-12 09:00,EUR,1,ZEW Economic Sentiment Index
2018-06-12 12:30,USD,1,Core Inflation Rate YoY
2018-06-12 12:30,USD,1,Inflation Rate YoY
2018-06-14 12:30,USD,1,Retail Sales MoM
2018-06-25 08:00,EUR,1,Ifo Business Climate
2018-06-27 12:30,USD,1,Durable Goods Orders MoM
2018-06-28 06:00,EUR,1,GfK Consumer Confidence
2018-06-28 09:00,EUR,1,Business Confidence
2018-06-29 12:30,USD,1,Personal Income MoM
2018-06-29 12:30,USD,1,Personal Spending MoM
2018-07-06 12:30,USD,1,Balance of Trade
2018-07-06 12:30,USD,1,Non Farm Payrolls
2018-07-09 06:00,EUR,1,Balance of Trade
2018-07-10 09:00,EUR,1,ZEW Economic Sentiment Index
2018-07-12 12:30,USD,1,Core Inflation Rate YoY
2018-07-12 12:30,USD,1,Inflation Rate YoY
2018-07-16 12:30,USD,1,Retail Sales MoM
2018-07-25 08:00,EUR,1,Ifo Business Climate
2018-07-26 06:00,EUR,1,GfK Consumer Confidence
2018-07-26 12:30,USD,1,Durable Goods Orders MoM
2018-07-30 09:00,EUR,1,Business Confidence
2018-07-31 12:30,USD,1,Personal Income MoM
2018-07-31 12:30,USD,1,Personal Spending MoM
2018-08-03 12:30,USD,1,Balance of Trade
2018-08-03 12:30,USD,1,Non Farm Payrolls
2018-08-07 06:00,EUR,1,Balance of Trade
2018-08-10 12:30,USD,1,Core Inflation Rate YoY
2018-08-10 12:30,USD,1,Inflation Rate YoY
2018-08-14 09:00,EUR,1,ZEW Economic Sentiment Index
2018-08-15 12:30,USD,1,Retail Sales MoM
2018-08-24 12:30,USD,1,Durable Goods Orders MoM
2018-08-27 08:00,EUR,1,Ifo Business Climate
2018-08-29 06:00,EUR,1,GfK Consumer Confidence
2018-08-30 09:00,EUR,1,Business Confidence
2018-08-30 12:30,USD,1,Personal Income MoM
2018-08-30 12:30,USD,1,Personal Spending MoM
2018-09-05 12:30,USD,1,Balance of Trade
2018-09-07 06:00,EUR,1,Balance of Trade
2018-09-07 12:30,USD,1,Non Farm Payrolls
2018-09-11 09:00,EUR,1,ZEW Economic Sentiment Index
2018-09-13 12:30,USD,1,Core Inflation Rate YoY
2018-09-13 12:30,USD,1,Inflation Rate YoY
2018-09-14 12:30,USD,1,Retail Sales MoM
2018-09-24 08:00,EUR,1,Ifo Business Climate
2018-09-27 06:00,EUR,1,GfK Consumer Confidence
2018-09-27 09:00,EUR,1,Business Confidence
2018-09-27 12:30,USD,1,Durable Goods Orders MoM
2018-09-28 12:30,USD,1,Personal Income MoM
2018-09-28 12:30,USD,1,Personal Spending MoM
2018-10-05 12:30,USD,1,Balance of Trade
2018-10-05 12:30,USD,1,Non Farm Payrolls
2018-10-09 06:00,EUR,1,Balance of Trade
2018-10-11 12:30,USD,1,Core Inflation Rate YoY
2018-10-11 12:30,USD,1,Inflation Rate YoY
2018-10-15 12:30,USD,1,Retail Sales MoM
2018-10-16 09:00,EUR,1,ZEW Economic Sentiment Index
2018-10-25 08:00,EUR,1,Ifo Business Climate
2018-10-25 12:30,USD,1,Durable Goods Orders MoM
2018-10-26 06:00,EUR,1,GfK Consumer Confidence
2018-10-29 12:30,USD,1,Personal Income MoM
2018-10-29 12:30,USD,1,Personal Spending MoM
2018-10-30 10:00,EUR,1,Business Confidence
2018-11-02 12:30,USD,1,Balance of Trade
2018-11-02 12:30,USD,1,Non Farm Payrolls
2018-11-08 07:00,EUR,1,Balance of Trade
2018-11-13 10:00,EUR,1,ZEW Economic Sentiment Index
2018-11-14 13:30,USD,1,Core Inflation Rate YoY
2018-11-14 13:30,USD,1,Inflation Rate YoY
2018-11-15 13:30,USD,1,Retail Sales MoM
2018-11-21 13:30,USD,1,Durable Goods Orders MoM
2018-11-26 09:00,EUR,1,Ifo Business Climate
2018-11-28 07:00,EUR,1,GfK Consumer Confidence
2018-11-29 10:00,EUR,1,Business Confidence
2018-11-29 13:30,USD,1,Personal Income MoM
2018-11-29 13:30,USD,1,Personal Spending MoM
2018-12-06 13:30,USD,1,Balance of Trade
2018-12-07 13:30,USD,1,Non Farm Payrolls
2018-12-10 07:00,EUR,1,Balance of Trade
2018-12-11 10:00,EUR,1,ZEW Economic Sentiment Index
2018-12-12 13:30,USD,1,Core Inflation Rate YoY
2018-12-12 13:30,USD,1,Inflation Rate YoY
2018-12-14 13:30,USD,1,Retail Sales MoM
2018-12-18 09:00,EUR,1,Ifo Business Climate
2018-12-21 07:00,EUR,1,GfK Consumer Confidence
2018-12-21 13:30,USD,1,Durable Goods Orders MoM
2018-12-21 15:00,USD,1,Personal Income MoM
2018-12-21 15:00,USD,1,Personal Spending MoM
2019-01-04 13:30,USD,1,Non Farm Payrolls
2019-01-08 10:00,EUR,1,Business Confidence
2019-01-09 07:00,EUR,1,Balance of Trade
2019-01-11 13:30,USD,1,Core Inflation Rate YoY
2019-01-11 13:30,USD,1,Inflation Rate YoY
2019-01-15 09:00,EUR,1,Full Year GDP Growth
2019-01-15 09:00,EUR,1,Government Budget
2019-01-22 10:00,EUR,1,ZEW Economic Sentiment Index
2019-01-25 09:00,EUR,1,Ifo Business Climate
2019-01-30 07:00,EUR,1,GfK Consumer Confidence
2019-01-30 10:00,EUR,1,Business Confidence
2019-02-01 13:30,USD,1,Non Farm Payrolls
2019-02-06 13:30,USD,1,Balance of Trade
2019-02-08 07:00,EUR,1,Balance of Trade
2019-02-13 13:30,USD,1,Core Inflation Rate YoY
2019-02-13 13:30,USD,1,Inflation Rate YoY
2019-02-14 13:30,USD,1,Retail Sales MoM
2019-02-19 10:00,EUR,1,ZEW Economic Sentiment Index
2019-02-21 13:30,USD,1,Durable Goods Orders MoM
2019-02-22 09:00,EUR,1,Ifo Business Climate
2019-02-26 07:00,EUR,1,GfK Consumer Confidence
2019-02-27 10:00,EUR,1,Business Confidence
2019-03-01 13:30,USD,1,Personal Income MoM
2019-03-01 13:30,USD,1,Personal Spending MoM
2019-03-06 13:30,USD,1,Balance of Trade
2019-03-08 13:30,USD,1,Non Farm Payrolls
2019-03-11 07:00,EUR,1,Balance of Trade
2019-03-11 12:30,USD,1,Retail Sales MoM
2019-03-12 12:30,USD,1,Core Inflation Rate YoY
2019-03-12 12:30,USD,1,Inflation Rate YoY
2019-03-13 12:30,USD,1,Durable Goods Orders MoM
2019-03-19 10:00,EUR,1,ZEW Economic Sentiment Index
2019-03-25 09:00,EUR,1,Ifo Business Climate
2019-03-26 07:00,EUR,1,GfK Consumer Confidence
2019-03-27 12:30,USD,1,Balance of Trade
2019-03-28 10:00,EUR,1,Business Confidence
2019-03-29 12:30,USD,1,Personal Income MoM
2019-03-29 12:30,USD,1,Personal Spending MoM
2019-04-01 12:30,USD,1,Retail Sales MoM
2019-04-02 12:30,USD,1,Durable Goods Orders MoM
2019-04-05 12:30,USD,1,Non Farm Payrolls
2019-04-08 06:00,EUR,1,Balance of Trade
2019-04-10 12:30,USD,1,Core Inflation Rate YoY
2019-04-10 12:30,USD,1,Inflation Rate YoY
2019-04-16 09:00,EUR,1,ZEW Economic Sentiment Index
2019-04-17 12:30,USD,1,Balance of Trade
2019-04-18 12:30,USD,1,Retail Sales MoM
2019-04-24 08:00,EUR,1,Ifo Business Climate
2019-04-25 12:30,USD,1,Durable Goods Orders MoM
2019-04-29 09:00,EUR,1,Business Confidence
2019-04-29 12:30,USD,1,Personal Income MoM
2019-04-29 12:30,USD,1,Personal Spending MoM
2019-04-30 06:00,EUR,1,GfK Consumer Confidence
2019-05-03 12:30,USD,1,Non Farm Payrolls
2019-05-09 12:30,USD,1,Balance of Trade
2019-05-10 06:00,EUR,1,Balance of Trade
2019-05-10 12:30,USD,1,Core Inflation Rate YoY
2019-05-10 12:30,USD,1,Inflation Rate YoY
2019-05-14 09:00,EUR,1,ZEW Economic Sentiment Index
2019-05-15 12:30,USD,1,Retail Sales MoM
2019-05-23 08:00,EUR,1,Ifo Business Climate
2019-05-24 12:30,USD,1,Durable Goods Orders MoM
2019-05-28 06:00,EUR,1,GfK Consumer Confidence
2019-05-28 09:00,EUR,1,Business Confidence
2019-05-31 12:30,USD,1,Personal Income MoM
2019-05-31 12:30,USD,1,Personal Spending MoM
2019-06-06 12:30,USD,1,Balance of Trade
2019-06-07 06:00,EUR,1,Balance of Trade
2019-06-07 12:30,USD,1,Non Farm Payrolls
2019-06-12 12:30,USD,1,Core Inflation Rate YoY
2019-06-12 12:30,USD,1,Inflation Rate YoY
2019-06-14 12:30,USD,1,Retail Sales MoM
2019-06-18 09:00,EUR,1,ZEW Economic Sentiment Index
2019-06-24 08:00,EUR,1,Ifo Business Climate
2019-06-26 06:00,EUR,1,GfK Consumer Confidence
2019-06-26 12:30,USD,1,Durable Goods Orders MoM
2019-06-27 09:00,EUR,1,Business Confidence
2019-06-28 12:30,USD,1,Personal Income MoM
2019-06-28 12:30,USD,1,Personal Spending MoM
2019-07-03 12:30,USD,1,Balance of Trade
2019-07-05 12:30,USD,1,Non Farm Payrolls
2019-07-08 06:00,EUR,1,Balance of Trade
2019-07-11 12:30,USD,1,Core Inflation Rate YoY
2019-07-11 12:30,USD,1,Inflation Rate YoY
2019-07-16 09:00,EUR,1,ZEW Economic Sentiment Index
2019-07-16 12:30,USD,1,Retail Sales MoM
2019-07-25 08:00,EUR,1,Ifo Business Climate
2019-07-25 12:30,USD,1,Durable Goods Orders MoM
2019-07-30 06:00,EUR,1,GfK Consumer Confidence
2019-07-30 09:00,EUR,1,Business Confidence
2019-07-30 12:30,USD,1,Personal Income MoM
2019-07-30 12:30,USD,1,Personal Spending MoM
2019-08-02 12:30,USD,1,Balance of Trade
2019-08-02 12:30,USD,1,Non Farm Payrolls
2019-08-09 06:00,EUR,1,Balance of Trade
2019-08-13 09:00,EUR,1,ZEW Economic Sentiment Index
2019-08-13 12:30,USD,1,Core Inflation Rate YoY
2019-08-13 12:30,USD,1,Inflation Rate YoY
2019-08-15 12:30,USD,1,Retail Sales MoM
2019-08-26 08:00,EUR,1,Ifo Business Climate
2019-08-26 12:30,USD,1,Durable Goods Orders MoM
2019-08-28 06:00,EUR,1,GfK Consumer Confidence
2019-08-29 09:00,EUR,1,Business Confidence
2019-08-30 12:30,USD,1,Personal Income MoM
2019-08-30 12:30,USD,1,Personal Spending MoM
2019-09-04 12:30,USD,1,Balance of Trade
2019-09-06 12:30,USD,1,Non Farm Payrolls
2019-09-09 06:00,EUR,1,Balance of Trade
2019-09-12 12:30,USD,1,Core Inflation Rate YoY
2019-09-12 12:30,USD,1,Inflation Rate YoY
2019-09-13 12:30,USD,1,Retail Sales MoM
2019-09-17 09:00,EUR,1,ZEW Economic Sentiment Index
2019-09-24 08:00,EUR,1,Ifo Business Climate
2019-09-26 06:00,EUR,1,GfK Consumer Confidence
2019-09-27 09:00,EUR,1,Business Confidence
2019-09-27 12:30,USD,1,Durable Goods Orders MoM
2019-09-27 12:30,USD,1,Personal Income MoM
2019-09-27 12:30,USD,1,Personal Spending MoM
2019-10-04 12:30,USD,1,Balance of Trade
2019-10-04 12:30,USD,1,Non Farm Payrolls
2019-10-10 06:00,EUR,1,Balance of Trade
2019-10-10 12:30,USD,1,Core Inflation Rate YoY
2019-10-10 12:30,USD,1,Inflation Rate YoY
2019-10-15 09:00,EUR,1,ZEW Economic Sentiment Index
2019-10-16 12:30,USD,1,Retail Sales MoM
2019-10-24 12:30,USD,1,Durable Goods Orders MoM
2019-10-25 06:00,EUR,1,GfK Consumer Confidence
2019-10-25 08:00,EUR,1,Ifo Business Climate
2019-10-30 10:00,EUR,1,Business Confidence
2019-10-31 12:30,USD,1,Personal Income MoM
2019-10-31 12:30,USD,1,Personal Spending MoM
2019-11-01 12:30,USD,1,Non Farm Payrolls
2019-11-05 13:30,USD,1,Balance of Trade
2019-11-08 07:00,EUR,1,Balance of Trade
2019-11-12 10:00,EUR,1,ZEW Economic Sentiment Index
2019-11-13 13:30,USD,1,Core Inflation Rate YoY
2019-11-13 13:30,USD,1,Inflation Rate YoY
2019-11-15 13:30,USD,1,Retail Sales MoM
2019-11-25 09:00,EUR,1,Ifo Business Climate
2019-11-26 07:00,EUR,1,GfK Consumer Confidence
2019-11-27 13:30,USD,1,Durable Goods Orders MoM
2019-11-27 15:00,USD,1,Personal Income MoM
2019-11-27 15:00,USD,1,Personal Spending MoM
2019-11-28 10:00,EUR,1,Business Confidence
2019-12-05 13:30,USD,1,Balance of Trade
2019-12-06 13:30,USD,1,Non Farm Payrolls
2019-12-09 07:00,EUR,1,Balance of Trade
2019-12-10 10:00,EUR,1,ZEW Economic Sentiment Index
2019-12-11 13:30,USD,1,Core Inflation Rate YoY
2019-12-11 13:30,USD,1,Inflation Rate YoY
2019-12-13 13:30,USD,1,Retail Sales MoM
2019-12-18 09:00,EUR,1,Ifo Business Climate
2019-12-20 07:00,EUR,1,GfK Consumer Confidence
2019-12-20 15:00,USD,1,Personal Income MoM
2019-12-20 15:00,USD,1,Personal Spending MoM
2019-12-23 13:30,USD,1,Durable Goods Orders MoM
2020-01-03 19:00,USD,1,FOMC Minutes
2020-01-07 13:30,USD,1,Balance of Trade
2020-01-08 10:00,EUR,1,Business Confidence
2020-01-09 07:00,EUR,1,Balance of Trade
2020-01-10 13:30,USD,1,Non Farm Payrolls
2020-01-14 13:30,USD,1,Core Inflation Rate YoY
2020-01-14 13:30,USD,1,Inflation Rate YoY
2020-01-15 09:00,EUR,1,Full Year GDP Growth
2020-01-15 09:00,EUR,1,Government Budget
2020-01-15 16:30,USD,1,US-China Phase 1 Trade Deal Signature
2020-01-16 13:30,USD,1,Retail Sales MoM
2020-01-21 10:00,EUR,1,ZEW Economic Sentiment Index
2020-01-27 09:00,EUR,1,Ifo Business Climate
2020-01-28 13:30,USD,1,Durable Goods Orders MoM
2020-01-29 07:00,EUR,1,GfK Consumer Confidence
2020-01-29 12:00,USD,1,USMCA Trade Deal Signature
2020-01-30 10:00,EUR,1,Business Confidence
2020-01-31 13:30,USD,1,Personal Income MoM
2020-01-31 13:30,USD,1,Personal Spending MoM
2020-02-05 13:30,USD,1,Balance of Trade
2020-02-07 07:00,EUR,1,Balance of Trade
2020-02-07 13:30,USD,1,Non Farm Payrolls
2020-02-13 13:30,USD,1,Core Inflation Rate YoY
2020-02-13 13:30,USD,1,Inflation Rate YoY
2020-02-14 13:30,USD,1,Retail Sales MoM
2020-02-18 10:00,EUR,1,ZEW Economic Sentiment Index
2020-02-20 07:00,EUR,1,GfK Consumer Confidence
2020-02-24 09:00,EUR,1,Ifo Business Climate
2020-02-26 23:00,USD,1,President Trump Speech
2020-02-27 10:00,EUR,1,Business Confidence
2020-02-27 13:30,USD,1,Durable Goods Orders MoM
2020-02-28 13:30,USD,1,Personal Income MoM
2020-02-28 13:30,USD,1,Personal Spending MoM
2020-03-03 16:00,USD,1,Fed Press Conference
2020-03-06 13:30,USD,1,Balance of Trade
2020-03-06 13:30,USD,1,Non Farm Payrolls
2020-03-09 07:00,EUR,1,Balance of Trade
2020-03-11 12:30,USD,1,Core Inflation Rate YoY
2020-03-11 12:30,USD,1,Inflation Rate YoY
2020-03-12 01:00,USD,1,President Trump Statement on Coronavirus
2020-03-13 19:00,USD,1,President Trump Statement on Coronavirus
2020-03-15 22:30,USD,1,Fed Press Conference
2020-03-17 10:00,EUR,1,ZEW Economic Sentiment Index
2020-03-17 12:30,USD,1,Retail Sales MoM
2020-03-19 09:00,EUR,1,Ifo Business Climate Prel
2020-03-25 09:00,EUR,1,Ifo Business Climate Final
2020-03-25 12:30,USD,1,Durable Goods Orders MoM
2020-03-26 07:00,EUR,1,GfK Consumer Confidence
2020-03-27 12:30,USD,1,Personal Income MoM
2020-03-27 12:30,USD,1,Personal Spending MoM
2020-03-30 09:00,EUR,1,Business Confidence
2020-04-02 12:30,USD,1,Balance of Trade
2020-04-03 12:30,USD,1,Non Farm Payrolls
2020-04-07 08:00,EUR,1,Eurogroup Meeting
2020-04-09 06:00,EUR,1,Balance of Trade
2020-04-09 08:00,EUR,1,Eurogroup Meeting
2020-04-10 12:30,USD,1,Core Inflation Rate YoY
2020-04-10 12:30,USD,1,Inflation Rate YoY
2020-04-15 12:30,USD,1,Retail Sales MoM
2020-04-21 09:00,EUR,1,ZEW Economic Sentiment Index
2020-04-23 06:00,EUR,1,GfK Consumer Confidence
2020-04-24 08:00,EUR,1,Ifo Business Climate
2020-04-24 12:30,USD,1,Durable Goods Orders MoM
2020-04-29 09:25,EUR,1,Business Confidence
2020-04-30 12:30,USD,1,Personal Income MoM
2020-04-30 12:30,USD,1,Personal Spending MoM
2020-05-05 12:30,USD,1,Balance of Trade
2020-05-08 06:00,EUR,1,Balance of Trade
2020-05-08 12:30,USD,1,Non Farm Payrolls
2020-05-12 12:30,USD,1,Core Inflation Rate YoY
2020-05-12 12:30,USD,1,Inflation Rate YoY
2020-05-15 12:30,USD,1,Retail Sales MoM
2020-05-19 09:00,EUR,1,ZEW Economic Sentiment Index
2020-05-25 08:00,EUR,1,Ifo Business Climate
2020-05-26 06:00,EUR,1,GfK Consumer Confidence
2020-05-27 13:00,EUR,1,European Commission Recovery Fund Proposal
2020-05-28 09:00,EUR,1,Business Confidence
2020-05-28 12:30,USD,1,Durable Goods Orders MoM
2020-05-29 12:30,USD,1,Personal Income MoM
2020-05-29 12:30,USD,1,Personal Spending MoM
2020-06-04 12:30,USD,1,Balance of Trade
2020-06-05 12:30,USD,1,Non Farm Payrolls
2020-06-09 06:00,EUR,1,Balance of Trade
2020-06-10 12:30,USD,1,Core Inflation Rate YoY
2020-06-10 12:30,USD,1,Inflation Rate YoY
2020-06-16 09:00,EUR,1,ZEW Economic Sentiment Index
2020-06-16 12:30,USD,1,Retail Sales MoM
2020-06-24 08:00,EUR,1,Ifo Business Climate
2020-06-25 06:00,EUR,1,GfK Consumer Confidence
2020-06-25 12:30,USD,1,Durable Goods Orders MoM
2020-06-26 12:30,USD,1,Personal Income MoM
2020-06-26 12:30,USD,1,Personal Spending MoM
2020-07-02 12:30,USD,1,Balance of Trade
2020-07-02 12:30,USD,1,Non Farm Payrolls
2020-07-09 06:00,EUR,1,Balance of Trade
2020-07-09 08:00,EUR,1,Eurogroup Meeting
2020-07-14 09:00,EUR,1,ZEW Economic Sentiment Index
2020-07-14 12:30,USD,1,Core Inflation Rate YoY
2020-07-14 12:30,USD,1,Inflation Rate YoY
2020-07-16 12:30,USD,1,Retail Sales MoM
2020-07-17 08:00,EUR,1,EU Meeting on Common Recovery Plan
2020-07-18 08:00,EUR,1,EU Meeting on Common Recovery Plan
2020-07-19 00:00,EUR,1,EU Meeting on Common Recovery Plan
2020-07-20 00:00,EUR,1,EU Meeting on Common Recovery Plan
2020-07-23 06:00,EUR,1,GfK Consumer Confidence
2020-07-27 08:00,EUR,1,Ifo Business Climate
2020-07-27 12:30,USD,1,Durable Goods Orders MoM
2020-07-31 12:30,USD,1,Personal Income MoM
2020-07-31 12:30,USD,1,Personal Spending MoM
2020-08-05 12:30,USD,1,Balance of Trade
2020-08-07 06:00,EUR,1,Balance of Trade
2020-08-07 12:30,USD,1,Non Farm Payrolls
2020-08-11 09:00,EUR,1,ZEW Economic Sentiment Index
2020-08-12 12:30,USD,1,Core Inflation Rate YoY
2020-08-12 12:30,USD,1,Inflation Rate YoY
2020-08-14 12:30,USD,1,Retail Sales MoM
2020-08-25 08:00,EUR,1,Ifo Business Climate
2020-08-26 12:30,USD,1,Durable Goods Orders MoM
2020-08-28 06:00,EUR,1,GfK Consumer Confidence
2020-08-28 12:30,USD,1,Personal Income MoM
2020-08-28 12:30,USD,1,Personal Spending MoM
2020-09-03 12:30,USD,1,Balance of Trade
2020-09-04 12:30,USD,1,Non Farm Payrolls
2020-09-08 06:00,EUR,1,Balance of Trade
2020-09-11 08:00,EUR,1,Eurogroup Meeting
2020-09-11 12:30,USD,1,Core Inflation Rate YoY
2020-09-11 12:30,USD,1,Inflation Rate YoY
2020-09-15 09:00,EUR,1,ZEW Economic Sentiment Index
2020-09-16 12:30,USD,1,Retail Sales MoM
2020-09-23 06:00,EUR,1,GfK Consumer Confidence
2020-09-24 08:00,EUR,1,Ifo Business Climate
2020-09-25 12:30,USD,1,Durable Goods Orders MoM
2020-10-01 12:30,USD,1,Personal Income MoM
2020-10-01 12:30,USD,1,Personal Spending MoM
2020-10-02 12:30,USD,1,Non Farm Payrolls
2020-10-05 08:00,EUR,1,Eurogroup Video Conference
2020-10-06 12:30,USD,1,Balance of Trade
2020-10-08 06:00,EUR,1,Balance of Trade
2020-10-13 09:00,EUR,1,ZEW Economic Sentiment Index
2020-10-13 12:30,USD,1,Core Inflation Rate YoY
2020-10-13 12:30,USD,1,Inflation Rate YoY
2020-10-16 12:30,USD,1,Retail Sales MoM
2020-10-22 06:00,EUR,1,GfK Consumer Confidence
2020-10-26 09:00,EUR,1,Ifo Business Climate
2020-10-27 12:30,USD,1,Durable Goods Orders MoM
2020-10-30 12:30,USD,1,Personal Income MoM
2020-10-30 12:30,USD,1,Personal Spending MoM
2020-11-03 00:00,USD,1,Presidential Election
2020-11-03 08:00,EUR,1,Eurogroup Video Conference
2020-11-04 13:30,USD,1,Balance of Trade
2020-11-06 13:30,USD,1,Non Farm Payrolls
2020-11-09 07:00,EUR,1,Balance of Trade
2020-11-10 10:00,EUR,1,ZEW Economic Sentiment Index
2020-11-12 13:30,USD,1,Core Inflation Rate YoY
2020-11-12 13:30,USD,1,Inflation Rate YoY
2020-11-17 13:30,USD,1,Retail Sales MoM
2020-11-24 09:00,EUR,1,Ifo Business Climate
2020-11-25 13:30,USD,1,Durable Goods Orders MoM
2020-11-25 15:00,USD,1,Personal Income MoM
2020-11-25 15:00,USD,1,Personal Spending MoM
2020-11-26 07:00,EUR,1,GfK Consumer Confidence
2020-11-30 08:00,EUR,1,Eurogroup Video Conference
2020-12-04 13:30,USD,1,Balance of Trade
2020-12-04 13:30,USD,1,Non Farm Payrolls
2020-12-08 10:00,EUR,1,ZEW Economic Sentiment Index
2020-12-09 07:00,EUR,1,Balance of Trade
2020-12-10 13:30,USD,1,Core Inflation Rate YoY
2020-12-10 13:30,USD,1,Inflation Rate YoY
2020-12-16 08:00,EUR,1,Eurogroup Video Conference
2020-12-16 13:30,USD,1,Retail Sales MoM
2020-12-18 09:00,EUR,1,Ifo Business Climate
2020-12-22 07:00,EUR,1,GfK Consumer Confidence
2020-12-23 13:30,USD,1,Durable Goods Orders MoM
2020-12-23 13:30,USD,1,Personal Income MoM
2020-12-23 13:30,USD,1,Personal Spending MoM
2021-01-07 13:30,USD,1,Balance of Trade
2021-01-08 07:00,EUR,1,Balance of Trade
2021-01-08 13:30,USD,1,Non Farm Payrolls
2021-01-13 13:30,USD,1,Core Inflation Rate YoY
2021-01-13 13:30,USD,1,Inflation Rate YoY
2021-01-15 13:30,USD,1,Retail Sales MoM
2021-01-19 10:00,EUR,1,ZEW Economic Sentiment Index
2021-01-19 15:00,USD,1,Treasury Secretary Yellen Senate Confirmation Hearing
2021-01-25 09:00,EUR,1,Ifo Business Climate
2021-01-27 07:00,EUR,1,GfK Consumer Confidence
2021-01-27 13:30,USD,1,Durable Goods Orders MoM
2021-01-27 19:30,USD,1,Fed Press Conference
2021-01-29 13:30,USD,1,Personal Income MoM
2021-01-29 13:30,USD,1,Personal Spending MoM
2021-02-05 13:30,USD,1,Balance of Trade
2021-02-05 13:30,USD,1,Non Farm Payrolls
2021-02-09 07:00,EUR,1,Balance of Trade
2021-02-10 13:30,USD,1,Core Inflation Rate YoY
2021-02-10 13:30,USD,1,Inflation Rate YoY
2021-02-16 10:00,EUR,1,ZEW Economic Sentiment Index
2021-02-17 13:30,USD,1,Retail Sales MoM
2021-02-17 19:00,USD,1,FOMC Minutes
2021-02-22 09:00,EUR,1,Ifo Business Climate
2021-02-25 07:00,EUR,1,GfK Consumer Confidence
2021-02-25 13:30,USD,1,Durable Goods Orders MoM
2021-02-26 13:30,USD,1,Personal Income MoM
2021-02-26 13:30,USD,1,Personal Spending MoM
2021-03-05 13:30,USD,1,Balance of Trade
2021-03-05 13:30,USD,1,Non Farm Payrolls
2021-03-09 07:00,EUR,1,Balance of Trade
2021-03-10 13:30,USD,1,Core Inflation Rate YoY
2021-03-10 13:30,USD,1,Inflation Rate YoY
2021-03-16 10:00,EUR,1,ZEW Economic Sentiment Index
2021-03-16 12:30,USD,1,Retail Sales MoM
2021-03-17 18:30,USD,1,Fed Press Conference
2021-03-24 12:30,USD,1,Durable Goods Orders MoM
2021-03-25 07:00,EUR,1,GfK Consumer Confidence
2021-03-26 09:00,EUR,1,Ifo Business Climate
2021-03-26 12:30,USD,1,Personal Income MoM
2021-03-26 12:30,USD,1,Personal Spending MoM
2021-03-31 00:00,USD,1,President Biden Speech on Recovery Package
2021-04-02 12:30,USD,1,Non Farm Payrolls
2021-04-07 12:30,USD,1,Balance of Trade
2021-04-07 18:00,USD,1,FOMC Minutes
2021-04-09 06:00,EUR,1,Balance of Trade
2021-04-13 09:00,EUR,1,ZEW Economic Sentiment Index
2021-04-13 12:30,USD,1,Core Inflation Rate YoY
2021-04-13 12:30,USD,1,Inflation Rate YoY
2021-04-15 12:30,USD,1,Retail Sales MoM
2021-04-26 08:00,EUR,1,Ifo Business Climate
2021-04-26 12:30,USD,1,Durable Goods Orders MoM
2021-04-28 06:00,EUR,1,GfK Consumer Confidence
2021-04-28 18:30,USD,1,Fed Press Conference
2021-04-30 12:30,USD,1,Personal Income MoM
2021-04-30 12:30,USD,1,Personal Spending MoM
2021-05-04 12:30,USD,1,Balance of Trade
2021-05-07 06:00,EUR,1,Balance of Trade
2021-05-07 12:30,USD,1,Non Farm Payrolls
2021-05-11 09:00,EUR,1,ZEW Economic Sentiment Index
2021-05-12 12:30,USD,1,Core Inflation Rate YoY
2021-05-12 12:30,USD,1,Inflation Rate YoY
2021-05-14 12:30,USD,1,Retail Sales MoM
2021-05-19 18:00,USD,1,FOMC Minutes
2021-05-25 08:00,EUR,1,Ifo Business Climate
2021-05-27 06:00,EUR,1,GfK Consumer Confidence
2021-05-27 12:30,USD,1,Durable Goods Orders MoM
2021-05-28 12:30,USD,1,Personal Income MoM
2021-05-28 12:30,USD,1,Personal Spending MoM
2021-06-04 12:30,USD,1,Non Farm Payrolls
2021-06-08 09:00,EUR,1,ZEW Economic Sentiment Index
2021-06-08 12:30,USD,1,Balance of Trade
2021-06-09 06:00,EUR,1,Balance of Trade
2021-06-10 12:30,USD,1,Core Inflation Rate YoY
2021-06-10 12:30,USD,1,Inflation Rate YoY
2021-06-15 12:30,USD,1,Retail Sales MoM
2021-06-16 18:30,USD,1,Fed Press Conference
2021-06-24 08:00,EUR,1,Ifo Business Climate
2021-06-24 12:30,USD,1,Durable Goods Orders MoM
2021-06-25 06:00,EUR,1,GfK Consumer Confidence
2021-06-25 12:30,USD,1,Personal Income MoM
2021-06-25 12:30,USD,1,Personal Spending MoM
2021-07-02 12:30,USD,1,Balance of Trade
2021-07-02 12:30,USD,1,Non Farm Payrolls
2021-07-06 09:00,EUR,1,ZEW Economic Sentiment Index
2021-07-07 18:00,USD,1,FOMC Minutes
2021-07-08 06:00,EUR,1,Balance of Trade
2021-07-13 12:30,USD,1,Core Inflation Rate YoY
2021-07-13 12:30,USD,1,Inflation Rate YoY
2021-07-16 12:30,USD,1,Retail Sales MoM
2021-07-26 08:00,EUR,1,Ifo Business Climate
2021-07-27 12:30,USD,1,Durable Goods Orders MoM
2021-07-28 06:00,EUR,1,GfK Consumer Confidence
2021-07-28 18:30,USD,1,Fed Press Conference
2021-07-30 12:30,USD,1,Personal Income MoM
2021-07-30 12:30,USD,1,Personal Spending MoM
2021-08-05 12:30,USD,1,Balance of Trade
2021-08-06 12:30,USD,1,Non Farm Payrolls
2021-08-09 06:00,EUR,1,Balance of Trade
2021-08-10 09:00,EUR,1,ZEW Economic Sentiment Index
2021-08-11 12:30,USD,1,Core Inflation Rate YoY
2021-08-11 12:30,USD,1,Inflation Rate YoY
2021-08-17 12:30,USD,1,Retail Sales MoM
2021-08-18 18:00,USD,1,FOMC Minutes
2021-08-25 08:00,EUR,1,Ifo Business Climate
2021-08-25 12:30,USD,1,Durable Goods Orders MoM
2021-08-26 06:00,EUR,1,GfK Consumer Confidence
2021-08-27 12:30,USD,1,Personal Income MoM
2021-08-27 12:30,USD,1,Personal Spending MoM
2021-09-02 12:30,USD,1,Balance of Trade
2021-09-03 12:30,USD,1,Non Farm Payrolls
2021-09-07 09:00,EUR,1,ZEW Economic Sentiment Index
2021-09-09 06:00,EUR,1,Balance of Trade
2021-09-14 12:30,USD,1,Core Inflation Rate YoY
2021-09-14 12:30,USD,1,Inflation Rate YoY
2021-09-16 12:30,USD,1,Retail Sales MoM
2021-09-22 18:30,USD,1,Fed Press Conference
2021-09-24 08:00,EUR,1,Ifo Business Climate
2021-09-26 00:00,EUR,1,Federal Election
2021-09-27 12:30,USD,1,Durable Goods Orders MoM
2021-09-28 06:00,EUR,1,GfK Consumer Confidence
2021-09-30 12:00,EUR,1,Inflation Rate YoY Prel
2021-10-01 09:00,EUR,1,Inflation Rate YoY Flash
2021-10-01 12:30,USD,1,Personal Income MoM
2021-10-01 12:30,USD,1,Personal Spending MoM
2021-10-01 14:00,USD,1,ISM Manufacturing PMI
2021-10-05 12:30,USD,1,Balance of Trade
2021-10-08 06:00,EUR,1,Balance of Trade
2021-10-08 12:30,USD,1,Non Farm Payrolls
2021-10-12 09:00,EUR,1,ZEW Economic Sentiment Index
2021-10-12 14:00,USD,1,JOLTs Job Openings
2021-10-13 12:30,USD,1,Core Inflation Rate YoY
2021-10-13 12:30,USD,1,Inflation Rate YoY
2021-10-13 18:00,USD,1,FOMC Minutes
2021-10-15 12:30,USD,1,Retail Sales MoM
2021-10-15 14:00,USD,1,Michigan Consumer Sentiment Prel
2021-10-19 12:30,USD,1,Building Permits
2021-10-22 07:30,EUR,1,Markit Composite PMI Flash
2021-10-22 08:00,EUR,1,Markit Composite PMI Flash
2021-10-25 08:00,EUR,1,Ifo Business Climate
2021-10-27 06:00,EUR,1,GfK Consumer Confidence
2021-10-27 12:30,USD,1,Durable Goods Orders MoM
2021-10-28 12:00,EUR,1,Inflation Rate YoY Prel
2021-10-29 09:00,EUR,1,Inflation Rate YoY Flash
2021-10-29 12:30,USD,1,Personal Income MoM
2021-10-29 12:30,USD,1,Personal Spending MoM
2021-11-01 14:00,USD,1,ISM Manufacturing PMI
2021-11-03 18:30,USD,1,Fed Press Conference
2021-11-04 12:30,USD,1,Balance of Trade
2021-11-05 12:30,USD,1,Non Farm Payrolls
2021-11-09 07:00,EUR,1,Balance of Trade
2021-11-09 10:00,EUR,1,ZEW Economic Sentiment Index
2021-11-09 13:30,USD,1,PPI MoM
2021-11-10 13:30,USD,1,Core Inflation Rate YoY
2021-11-10 13:30,USD,1,Inflation Rate YoY
2021-11-11 10:00,EUR,1,ECB Macroeconomic Projections
2021-11-12 15:00,USD,1,JOLTs Job Openings
2021-11-12 15:00,USD,1,Michigan Consumer Sentiment Prel
2021-11-15 00:00,USD,1,President Biden and President Xi Jinping Virtual Meeting
2021-11-16 13:30,USD,1,Retail Sales MoM
2021-11-17 13:30,USD,1,Building Permits
2021-11-23 08:30,EUR,1,Markit Composite PMI Flash
2021-11-23 09:00,EUR,1,Markit Composite PMI Flash
2021-11-23 14:45,USD,1,Markit Manufacturing PMI Flash
2021-11-23 14:45,USD,1,Markit Services PMI Flash
2021-11-24 09:00,EUR,1,Ifo Business Climate
2021-11-24 13:30,USD,1,Durable Goods Orders MoM
2021-11-24 15:00,USD,1,Personal Income MoM
2021-11-24 15:00,USD,1,Personal Spending MoM
2021-11-24 19:00,USD,1,FOMC Minutes
2021-11-25 07:00,EUR,1,GfK Consumer Confidence
2021-11-29 13:00,EUR,1,Inflation Rate YoY Prel
2021-11-29 20:05,USD,1,Fed Chair Powell Speech
2021-11-30 10:00,EUR,1,Inflation Rate YoY Flash
2021-11-30 15:00,USD,1,Fed Chair Powell Testimony
2021-12-01 15:00,USD,1,ISM Manufacturing PMI
2021-12-03 13:30,USD,1,Non Farm Payrolls
2021-12-03 15:00,USD,1,ISM Non-Manufacturing PMI
2021-12-07 10:00,EUR,1,ZEW Economic Sentiment Index
2021-12-07 13:30,USD,1,Balance of Trade
2021-12-08 15:00,USD,1,JOLTs Job Openings
2021-12-09 07:00,EUR,1,Balance of Trade
2021-12-10 13:30,USD,1,Core Inflation Rate YoY
2021-12-10 13:30,USD,1,Inflation Rate YoY
2021-12-10 15:00,USD,1,Michigan Consumer Sentiment Prel
2021-12-15 13:30,USD,1,Retail Sales MoM
2021-12-15 19:30,USD,1,Fed Press Conference
2021-12-16 08:30,EUR,1,Markit Composite PMI Flash
2021-12-16 09:00,EUR,1,Markit Composite PMI Flash
2021-12-16 13:30,USD,1,Building Permits
2021-12-16 14:45,USD,1,Markit Manufacturing PMI Flash
2021-12-16 14:45,USD,1,Markit Services PMI Flash
2021-12-17 09:00,EUR,1,Ifo Business Climate
2021-12-21 07:00,EUR,1,GfK Consumer Confidence
2021-12-23 13:30,USD,1,Durable Goods Orders MoM
2021-12-23 13:30,USD,1,Personal Income MoM
2021-12-23 13:30,USD,1,Personal Spending MoM
2022-01-04 15:00,USD,1,ISM Manufacturing PMI
2022-01-04 15:00,USD,1,JOLTs Job Openings
2022-01-05 19:00,USD,1,FOMC Minutes
2022-01-06 13:00,EUR,1,Inflation Rate YoY Prel
2022-01-06 13:30,USD,1,Balance of Trade
2022-01-06 15:00,USD,1,ISM Non-Manufacturing PMI
2022-01-07 07:00,EUR,1,Balance of Trade
2022-01-07 10:00,EUR,1,Inflation Rate YoY Flash
2022-01-07 13:30,USD,1,Non Farm Payrolls
2022-01-11 15:00,USD,1,Fed Chair Powell Testimony
2022-01-12 13:30,USD,1,Core Inflation Rate YoY
2022-01-12 13:30,USD,1,Inflation Rate YoY
2022-01-14 09:00,EUR,1,Full Year GDP Growth
2022-01-14 13:30,USD,1,Retail Sales MoM
2022-01-14 15:00,USD,1,Michigan Consumer Sentiment Prel
2022-01-18 10:00,EUR,1,ZEW Economic Sentiment Index
2022-01-19 13:30,USD,1,Building Permits
2022-01-24 08:30,EUR,1,Markit Composite PMI Flash
2022-01-24 09:00,EUR,1,Markit Composite PMI Flash
2022-01-24 14:45,USD,1,Markit Composite PMI Flash
2022-01-25 09:00,EUR,1,Ifo Business Climate
2022-01-26 19:30,USD,1,Fed Press Conference
2022-01-27 07:00,EUR,1,GfK Consumer Confidence
2022-01-27 13:30,USD,1,Durable Goods Orders MoM
2022-01-28 13:30,USD,1,Personal Income MoM
2022-01-28 13:30,USD,1,Personal Spending MoM
2022-01-31 13:00,EUR,1,Inflation Rate YoY Prel
2022-02-01 15:00,USD,1,ISM Manufacturing PMI
2022-02-01 15:00,USD,1,JOLTs Job Openings
2022-02-02 10:00,EUR,1,Inflation Rate YoY Flash
2022-02-03 15:00,USD,1,ISM Non-Manufacturing PMI
2022-02-04 13:30,USD,1,Non Farm Payrolls
2022-02-08 13:30,USD,1,Balance of Trade
2022-02-09 07:00,EUR,1,Balance of Trade
2022-02-10 13:30,USD,1,Core Inflation Rate YoY
2022-02-10 13:30,USD,1,Inflation Rate YoY
2022-02-11 15:00,USD,1,Michigan Consumer Sentiment Prel
2022-02-15 10:00,EUR,1,ZEW Economic Sentiment Index
2022-02-16 13:30,USD,1,Retail Sales MoM
2022-02-16 19:00,USD,1,FOMC Minutes
2022-02-17 13:30,USD,1,Building Permits
2022-02-21 08:30,EUR,1,Markit Manufacturing PMI Flash
2022-02-22 09:00,EUR,1,Ifo Business Climate
2022-02-23 07:00,EUR,1,GfK Consumer Confidence
2022-02-25 13:30,USD,1,Durable Goods Orders MoM
2022-02-25 13:30,USD,1,Personal Income MoM
2022-02-25 13:30,USD,1,Personal Spending MoM
2022-03-01 13:00,EUR,1,Inflation Rate YoY Prel
2022-03-01 15:00,USD,1,ISM Manufacturing PMI
2022-03-02 10:00,EUR,1,Inflation Rate YoY Flash
2022-03-03 15:00,USD,1,Fed Chair Powell Testimony
2022-03-03 15:00,USD,1,ISM Non-Manufacturing PMI
2022-03-04 07:00,EUR,1,Balance of Trade
2022-03-04 13:30,USD,1,Non Farm Payrolls
2022-03-08 13:30,USD,1,Balance of Trade
2022-03-09 15:00,USD,1,JOLTs Job Openings
2022-03-10 13:30,USD,1,Core Inflation Rate YoY
2022-03-10 13:30,USD,1,Inflation Rate YoY
2022-03-11 15:00,USD,1,Michigan Consumer Sentiment Prel
2022-03-15 10:00,EUR,1,ZEW Economic Sentiment Index
2022-03-15 12:30,USD,1,PPI MoM
2022-03-16 12:30,USD,1,Retail Sales MoM
2022-03-16 18:30,USD,1,Fed Press Conference
2022-03-17 12:30,USD,1,Building Permits
2022-03-24 08:30,EUR,1,Markit Manufacturing PMI Flash
2022-03-24 12:30,USD,1,Durable Goods Orders MoM
2022-03-25 09:00,EUR,1,Ifo Business Climate
2022-03-29 06:00,EUR,1,GfK Consumer Confidence
2022-03-29 14:00,USD,1,JOLTs Job Openings
2022-03-30 12:00,EUR,1,Inflation Rate YoY Prel
2022-03-31 12:30,USD,1,Personal Income MoM
2022-03-31 12:30,USD,1,Personal Spending MoM
2022-04-01 09:00,EUR,1,Inflation Rate YoY Flash
2022-04-01 12:30,USD,1,Non Farm Payrolls
2022-04-01 14:00,USD,1,ISM Manufacturing PMI
2022-04-04 06:00,EUR,1,Balance of Trade
2022-04-05 12:30,USD,1,Balance of Trade
2022-04-05 14:00,USD,1,ISM Non-Manufacturing PMI
2022-04-06 18:00,USD,1,FOMC Minutes
2022-04-12 09:00,EUR,1,ZEW Economic Sentiment Index
2022-04-12 12:30,USD,1,Core Inflation Rate YoY
2022-04-12 12:30,USD,1,Inflation Rate YoY
2022-04-13 12:30,USD,1,PPI MoM
2022-04-14 12:30,USD,1,Retail Sales MoM
2022-04-14 14:00,USD,1,Michigan Consumer Sentiment Prel
2022-04-19 12:30,USD,1,Building Permits
2022-04-22 07:30,EUR,1,S&P Global Manufacturing PMI Flash
2022-04-25 08:00,EUR,1,Ifo Business Climate
2022-04-26 12:30,USD,1,Durable Goods Orders MoM
2022-04-27 06:00,EUR,1,GfK Consumer Confidence
2022-04-28 12:00,EUR,1,Inflation Rate YoY Prel
2022-04-29 09:00,EUR,1,Inflation Rate YoY Flash
2022-04-29 12:30,USD,1,Personal Income MoM
2022-04-29 12:30,USD,1,Personal Spending MoM
2022-05-02 14:00,USD,1,ISM Manufacturing PMI
2022-05-03 14:00,USD,1,JOLTs Job Openings
2022-05-04 06:00,EUR,1,Balance of Trade
2022-05-04 12:30,USD,1,Balance of Trade
2022-05-04 14:00,USD,1,ISM Non-Manufacturing PMI
2022-05-04 18:30,USD,1,Fed Press Conference
2022-05-06 12:30,USD,1,Non Farm Payrolls
2022-05-10 09:00,EUR,1,ZEW Economic Sentiment Index
2022-05-11 12:30,USD,1,Core Inflation Rate YoY
2022-05-11 12:30,USD,1,Inflation Rate YoY
2022-05-12 12:30,USD,1,PPI MoM
2022-05-13 14:00,USD,1,Michigan Consumer Sentiment Prel
2022-05-16 09:00,EUR,1,European Commission Spring Forecasts
2022-05-17 12:30,USD,1,Retail Sales MoM
2022-05-17 18:00,USD,1,Fed Chair Powell Speech
2022-05-18 12:30,USD,1,Building Permits
2022-05-23 08:00,EUR,1,Ifo Business Climate
2022-05-24 07:30,EUR,1,S&P Global Manufacturing PMI Flash
2022-05-25 06:00,EUR,1,GfK Consumer Confidence
2022-05-25 12:30,USD,1,Durable Goods Orders MoM
2022-05-25 18:00,USD,1,FOMC Minutes
2022-05-27 12:30,USD,1,Personal Income MoM
2022-05-27 12:30,USD,1,Personal Spending MoM
2022-05-30 12:00,EUR,1,Inflation Rate YoY Prel
2022-05-31 09:00,EUR,1,Inflation Rate YoY Flash
2022-06-01 14:00,USD,1,ISM Manufacturing PMI
2022-06-01 14:00,USD,1,JOLTs Job Openings
2022-06-03 06:00,EUR,1,Balance of Trade
2022-06-03 12:30,USD,1,Non Farm Payrolls
2022-06-03 14:00,USD,1,ISM Non-Manufacturing PMI
2022-06-07 12:30,USD,1,Balance of Trade
2022-06-10 12:30,USD,1,Core Inflation Rate YoY
2022-06-10 12:30,USD,1,Inflation Rate YoY
2022-06-10 14:00,USD,1,Michigan Consumer Sentiment Prel
2022-06-14 09:00,EUR,1,ZEW Economic Sentiment Index
2022-06-14 12:30,USD,1,PPI MoM
2022-06-15 00:00,EUR,1,ECB Unscheduled Meeting to Discuss Markets
2022-06-15 12:30,USD,1,Retail Sales MoM
2022-06-15 18:30,USD,1,Fed Press Conference
2022-06-16 12:30,USD,1,Building Permits
2022-06-22 13:30,USD,1,Fed Chair Powell Testimony
2022-06-23 07:30,EUR,1,S&P Global Manufacturing PMI Flash
2022-06-23 14:00,USD,1,Fed Chair Powell Testimony
2022-06-24 08:00,EUR,1,Ifo Business Climate
2022-06-27 00:00,EUR,1,ECB Forum on Central Banking
2022-06-27 12:30,USD,1,Durable Goods Orders MoM
2022-06-28 00:00,EUR,1,ECB Forum on Central Banking
2022-06-28 06:00,EUR,1,GfK Consumer Confidence
2022-06-29 00:00,EUR,1,ECB Forum on Central Banking
2022-06-29 12:00,EUR,1,Inflation Rate YoY Prel
2022-06-29 13:00,EUR,1,ECB President Lagarde Speech
2022-06-29 13:00,USD,1,Fed Chair Powell Speech
2022-06-30 12:30,USD,1,Personal Income MoM
2022-06-30 12:30,USD,1,Personal Spending MoM
2022-06-30 13:30,EUR,1,ECB President Lagarde Speech
2022-07-01 09:00,EUR,1,Inflation Rate YoY Flash
2022-07-01 14:00,USD,1,ISM Manufacturing PMI
2022-07-04 06:00,EUR,1,Balance of Trade
2022-07-06 14:00,USD,1,ISM Non-Manufacturing PMI
2022-07-06 14:00,USD,1,JOLTs Job Openings
2022-07-06 18:00,USD,1,FOMC Minutes
2022-07-07 12:30,USD,1,Balance of Trade
2022-07-08 12:30,USD,1,Non Farm Payrolls
2022-07-12 09:00,EUR,1,ZEW Economic Sentiment Index
2022-07-13 12:30,USD,1,Core Inflation Rate YoY
2022-07-13 12:30,USD,1,Inflation Rate YoY
2022-07-14 12:30,USD,1,PPI MoM
2022-07-15 12:30,USD,1,Retail Sales MoM
2022-07-15 14:00,USD,1,Michigan Consumer Sentiment Prel
2022-07-19 12:30,USD,1,Building Permits
2022-07-22 07:30,EUR,1,S&P Global Manufacturing PMI Flash
2022-07-25 08:00,EUR,1,Ifo Business Climate
2022-07-27 06:00,EUR,1,GfK Consumer Confidence
2022-07-27 12:30,USD,1,Durable Goods Orders MoM
2022-07-27 18:30,USD,1,Fed Press Conference
2022-07-28 12:00,EUR,1,Inflation Rate YoY Prel
2022-07-29 09:00,EUR,1,Inflation Rate YoY Flash
2022-07-29 12:30,USD,1,Personal Income MoM
2022-07-29 12:30,USD,1,Personal Spending MoM
2022-08-01 14:00,USD,1,ISM Manufacturing PMI
2022-08-02 14:00,USD,1,JOLTs Job Openings
2022-08-03 06:00,EUR,1,Balance of Trade
2022-08-03 14:00,USD,1,ISM Non-Manufacturing PMI
2022-08-04 12:30,USD,1,Balance of Trade
2022-08-05 12:30,USD,1,Non Farm Payrolls
2022-08-10 12:30,USD,1,Core Inflation Rate YoY
2022-08-10 12:30,USD,1,Inflation Rate YoY
2022-08-11 12:30,USD,1,PPI MoM
2022-08-12 14:00,USD,1,Michigan Consumer Sentiment Prel
2022-08-16 09:00,EUR,1,ZEW Economic Sentiment Index
2022-08-16 12:30,USD,1,Building Permits
2022-08-17 12:30,USD,1,Retail Sales MoM
2022-08-17 18:00,USD,1,FOMC Minutes
2022-08-23 07:30,EUR,1,S&P Global Manufacturing PMI Flash
2022-08-24 12:30,USD,1,Durable Goods Orders MoM
2022-08-25 08:00,EUR,1,Ifo Business Climate
2022-08-26 06:00,EUR,1,GfK Consumer Confidence
2022-08-26 12:30,USD,1,Personal Income MoM
2022-08-26 12:30,USD,1,Personal Spending MoM
2022-08-26 14:00,USD,1,Fed Chair Powell Speech
2022-08-30 12:00,EUR,1,Inflation Rate YoY Prel
2022-08-30 14:00,USD,1,JOLTs Job Openings
2022-08-31 09:00,EUR,1,Inflation Rate YoY Flash
2022-09-01 14:00,USD,1,ISM Manufacturing PMI
2022-09-02 06:00,EUR,1,Balance of Trade
2022-09-02 12:30,USD,1,Non Farm Payrolls
2022-09-06 14:00,USD,1,ISM Non-Manufacturing PMI
2022-09-07 12:30,USD,1,Balance of Trade
2022-09-13 09:00,EUR,1,ZEW Economic Sentiment Index
2022-09-13 12:30,USD,1,Core Inflation Rate YoY
2022-09-13 12:30,USD,1,Inflation Rate YoY
2022-09-14 12:30,USD,1,PPI MoM
2022-09-15 12:30,USD,1,Retail Sales MoM
2022-09-16 14:00,USD,1,Michigan Consumer Sentiment Prel
2022-09-20 12:30,USD,1,Building Permits
2022-09-21 18:30,USD,1,Fed Press Conference
2022-09-26 08:00,EUR,1,Ifo Business Climate
2022-09-27 12:30,USD,1,Durable Goods Orders MoM
2022-09-28 06:00,EUR,1,GfK Consumer Confidence
2022-09-29 12:00,EUR,1,Inflation Rate YoY Prel
2022-09-30 09:00,EUR,1,Inflation Rate YoY Flash
2022-09-30 12:30,USD,1,Personal Income MoM
2022-09-30 12:30,USD,1,Personal Spending MoM
2022-10-03 14:00,USD,1,ISM Manufacturing PMI
2022-10-04 14:00,USD,1,JOLTs Job Openings
2022-10-05 06:00,EUR,1,Balance of Trade
2022-10-05 12:30,USD,1,Balance of Trade
2022-10-05 14:00,USD,1,ISM Non-Manufacturing PMI
2022-10-07 12:30,USD,1,Non Farm Payrolls
2022-10-12 12:30,USD,1,PPI MoM
2022-10-12 18:00,USD,1,FOMC Minutes
2022-10-13 12:30,USD,1,Core Inflation Rate YoY
2022-10-13 12:30,USD,1,Inflation Rate YoY
2022-10-14 12:30,USD,1,Retail Sales MoM
2022-10-14 14:00,USD,1,Michigan Consumer Sentiment Prel
2022-10-18 09:00,EUR,1,ZEW Economic Sentiment Index
2022-10-19 12:30,USD,1,Building Permits
2022-10-25 08:00,EUR,1,Ifo Business Climate
2022-10-27 06:00,EUR,1,GfK Consumer Confidence
2022-10-27 12:30,USD,1,Durable Goods Orders MoM
2022-10-28 12:00,EUR,1,Inflation Rate YoY Prel
2022-10-28 12:30,USD,1,Personal Income MoM
2022-10-28 12:30,USD,1,Personal Spending MoM
2022-10-31 10:00,EUR,1,Inflation Rate YoY Flash
2022-11-01 14:00,USD,1,ISM Manufacturing PMI
2022-11-01 14:00,USD,1,JOLTs Job Openings
2022-11-02 07:00,EUR,1,Balance of Trade
2022-11-02 18:30,USD,1,Fed Press Conference
2022-11-03 12:30,USD,1,Balance of Trade
2022-11-03 14:00,USD,1,ISM Non-Manufacturing PMI
2022-11-04 12:30,USD,1,Non Farm Payrolls
2022-11-10 13:30,USD,1,Core Inflation Rate YoY
2022-11-10 13:30,USD,1,Inflation Rate YoY
2022-11-11 15:00,USD,1,Michigan Consumer Sentiment Prel
2022-11-15 10:00,EUR,1,ZEW Economic Sentiment Index
2022-11-15 13:30,USD,1,PPI MoM
2022-11-16 13:30,USD,1,Retail Sales MoM
2022-11-17 13:30,USD,1,Building Permits Prel
2022-11-23 13:30,USD,1,Durable Goods Orders MoM
2022-11-23 19:00,USD,1,FOMC Minutes
2022-11-24 09:00,EUR,1,Ifo Business Climate
2022-11-25 07:00,EUR,1,GfK Consumer Confidence
2022-11-29 13:00,EUR,1,Inflation Rate YoY Prel
2022-11-30 10:00,EUR,1,Inflation Rate YoY Flash
2022-11-30 15:00,USD,1,JOLTs Job Openings
2022-11-30 18:30,USD,1,Fed Chair Powell Speech
2022-12-01 13:30,USD,1,Personal Income MoM
2022-12-01 13:30,USD,1,Personal Spending MoM
2022-12-01 15:00,USD,1,ISM Manufacturing PMI
2022-12-02 07:00,EUR,1,Balance of Trade
2022-12-02 13:30,USD,1,Non Farm Payrolls
2022-12-05 15:00,USD,1,ISM Non-Manufacturing PMI
2022-12-06 13:30,USD,1,Balance of Trade
2022-12-09 13:30,USD,1,PPI MoM
2022-12-09 15:00,USD,1,Michigan Consumer Sentiment Prel
2022-12-13 10:00,EUR,1,ZEW Economic Sentiment Index
2022-12-13 13:30,USD,1,Core Inflation Rate YoY
2022-12-13 13:30,USD,1,Inflation Rate YoY
2022-12-14 19:00,USD,1,Fed Interest Rate Decision
2022-12-14 19:30,USD,1,Fed Press Conference
2022-12-15 13:15,EUR,1,Deposit Facility Rate
2022-12-15 13:15,EUR,1,ECB Interest Rate Decision
2022-12-15 13:30,USD,1,Retail Sales MoM
2022-12-19 09:00,EUR,1,Ifo Business Climate
2022-12-20 13:30,USD,1,Building Permits Prel
2022-12-21 07:00,EUR,1,GfK Consumer Confidence
2022-12-23 13:30,USD,1,Durable Goods Orders MoM
2022-12-23 13:30,USD,1,Personal Income MoM
2022-12-23 13:30,USD,1,Personal Spending MoM
2023-01-03 13:00,EUR,1,Inflation Rate YoY Prel
2023-01-04 15:00,USD,1,ISM Manufacturing PMI
2023-01-04 15:00,USD,1,JOLTs Job Openings
2023-01-04 19:00,USD,1,FOMC Minutes
2023-01-05 05:00,JPY,1,Consumer Confidence
2023-01-05 07:00,EUR,1,Balance of Trade
2023-01-05 13:30,USD,1,Balance of Trade
2023-01-06 10:00,EUR,1,Inflation Rate YoY Flash
2023-01-06 13:30,USD,1,Non Farm Payrolls
2023-01-06 13:30,USD,1,Unemployment Rate
2023-01-06 15:00,USD,1,ISM Non-Manufacturing PMI
2023-01-12 13:30,USD,1,Core Inflation Rate YoY
2023-01-12 13:30,USD,1,Inflation Rate YoY
2023-01-13 07:00,GBP,1,GDP MoM
2023-01-13 09:00,EUR,1,Full Year GDP Growth
2023-01-13 15:00,USD,1,Michigan Consumer Sentiment Prel
2023-01-17 07:00,GBP,1,Claimant Count Change
2023-01-17 07:00,GBP,1,Unemployment Rate
2023-01-17 10:00,EUR,1,ZEW Economic Sentiment Index
2023-01-18 03:00,JPY,1,BoJ Interest Rate Decision
2023-01-18 07:00,GBP,1,Inflation Rate YoY
2023-01-18 13:30,USD,1,PPI MoM
2023-01-18 13:30,USD,1,Retail Sales MoM
2023-01-18 23:50,JPY,1,Balance of Trade
2023-01-19 13:30,USD,1,Building Permits Prel
2023-01-19 23:30,JPY,1,Inflation Rate YoY
2023-01-20 00:01,GBP,1,Gfk Consumer Confidence
2023-01-20 07:00,GBP,1,Retail Sales MoM
2023-01-24 07:00,EUR,1,GfK Consumer Confidence
2023-01-25 09:00,EUR,1,Ifo Business Climate
2023-01-26 13:30,USD,1,Durable Goods Orders MoM
2023-01-26 13:30,USD,1,GDP Growth Rate QoQ Adv
2023-01-27 13:30,USD,1,Core PCE Price Index MoM
2023-01-27 13:30,USD,1,Personal Income MoM
2023-01-27 13:30,USD,1,Personal Spending MoM
2023-01-30 09:00,EUR,1,GDP Growth Rate QoQ Flash
2023-01-30 09:00,EUR,1,GDP Growth Rate YoY Flash
2023-01-31 05:00,JPY,1,Consumer Confidence
2023-01-31 10:00,EUR,1,GDP Growth Rate QoQ Flash
2023-01-31 10:00,EUR,1,GDP Growth Rate YoY Flash
2023-02-01 10:00,EUR,1,Inflation Rate YoY Flash
2023-02-01 10:00,EUR,1,Unemployment Rate
2023-02-01 15:00,USD,1,ISM Manufacturing PMI
2023-02-01 15:00,USD,1,JOLTs Job Openings
2023-02-01 19:00,USD,1,Fed Interest Rate Decision
2023-02-01 19:30,USD,1,Fed Press Conference
2023-02-02 07:00,EUR,1,Balance of Trade
2023-02-02 12:00,GBP,1,BoE Interest Rate Decision
2023-02-02 13:15,EUR,1,Deposit Facility Rate
2023-02-02 13:15,EUR,1,ECB Interest Rate Decision
2023-02-02 13:45,EUR,1,ECB Press Conference
2023-02-03 13:30,USD,1,Non Farm Payrolls
2023-02-03 13:30,USD,1,Unemployment Rate
2023-02-03 15:00,USD,1,ISM Non-Manufacturing PMI
2023-02-07 13:30,USD,1,Balance of Trade
2023-02-09 07:00,EUR,1,Inflation Rate YoY Prel
2023-02-10 07:00,GBP,1,GDP Growth Rate QoQ Prel
2023-02-10 07:00,GBP,1,GDP Growth Rate YoY Prel
2023-02-10 07:00,GBP,1,GDP MoM
2023-02-10 15:00,USD,1,Michigan Consumer Sentiment Prel
2023-02-13 23:50,JPY,1,GDP Growth Annualized Prel
2023-02-13 23:50,JPY,1,GDP Growth Rate QoQ Prel
2023-02-14 07:00,GBP,1,Claimant Count Change
2023-02-14 07:00,GBP,1,Unemployment Rate
2023-02-14 13:30,USD,1,Core Inflation Rate YoY
2023-02-14 13:30,USD,1,Inflation Rate YoY
2023-02-15 07:00,GBP,1,Inflation Rate YoY
2023-02-15 13:30,USD,1,Retail Sales MoM
2023-02-15 23:50,JPY,1,Balance of Trade
2023-02-16 13:30,USD,1,Building Permits Prel
2023-02-16 13:30,USD,1,PPI MoM
2023-02-17 07:00,GBP,1,Retail Sales MoM
2023-02-21 10:00,EUR,1,ZEW Economic Sentiment Index
2023-02-22 09:00,EUR,1,Ifo Business Climate
2023-02-22 19:00,USD,1,FOMC Minutes
2023-02-23 23:30,JPY,1,Inflation Rate YoY
2023-02-24 00:01,GBP,1,Gfk Consumer Confidence
2023-02-24 07:00,EUR,1,GfK Consumer Confidence
2023-02-24 13:30,USD,1,Core PCE Price Index MoM
2023-02-24 13:30,USD,1,Personal Income MoM
2023-02-24 13:30,USD,1,Personal Spending MoM
2023-02-27 13:30,USD,1,Durable Goods Orders MoM
2023-03-01 13:00,EUR,1,Inflation Rate YoY Prel
2023-03-01 15:00,USD,1,ISM Manufacturing PMI
2023-03-02 05:00,JPY,1,Consumer Confidence
2023-03-02 10:00,EUR,1,Inflation Rate YoY Flash
2023-03-02 10:00,EUR,1,Unemployment Rate
2023-03-03 07:00,EUR,1,Balance of Trade
2023-03-03 15:00,USD,1,ISM Non-Manufacturing PMI
2023-03-07 15:00,USD,1,Fed Chair Powell Testimony
2023-03-08 13:30,USD,1,Balance of Trade
2023-03-08 15:00,USD,1,Fed Chair Powell Testimony
2023-03-08 15:00,USD,1,JOLTs Job Openings
2023-03-10 03:00,JPY,1,BoJ Interest Rate Decision
2023-03-10 07:00,GBP,1,GDP MoM
2023-03-10 13:30,USD,1,Non Farm Payrolls
2023-03-10 13:30,USD,1,Unemployment Rate
2023-03-13 13:00,USD,1,President Biden Speech on Banking System
2023-03-13 15:30,USD,1,Closed-door Fed Emergency Meeting
2023-03-14 07:00,GBP,1,Claimant Count Change
2023-03-14 07:00,GBP,1,Unemployment Rate
2023-03-14 12:30,USD,1,Core Inflation Rate YoY
2023-03-14 12:30,USD,1,Inflation Rate YoY
2023-03-15 12:30,USD,1,PPI MoM
2023-03-15 12:30,USD,1,Retail Sales MoM
2023-03-15 23:50,JPY,1,Balance of Trade
2023-03-16 12:30,USD,1,Building Permits Prel
2023-03-16 13:15,EUR,1,Deposit Facility Rate
2023-03-16 13:15,EUR,1,ECB Interest Rate Decision
2023-03-16 13:45,EUR,1,ECB Press Conference
2023-03-17 14:00,USD,1,Michigan Consumer Sentiment Prel
2023-03-21 10:00,EUR,1,ZEW Economic Sentiment Index
2023-03-22 07:00,GBP,1,Inflation Rate YoY
2023-03-22 18:00,USD,1,Fed Interest Rate Decision
2023-03-22 18:30,USD,1,Fed Press Conference
2023-03-23 12:00,GBP,1,BoE Interest Rate Decision
2023-03-23 23:30,JPY,1,Inflation Rate YoY
2023-03-24 00:01,GBP,1,Gfk Consumer Confidence
2023-03-24 07:00,GBP,1,Retail Sales MoM
2023-03-24 12:30,USD,1,Durable Goods Orders MoM
2023-03-27 08:00,EUR,1,Ifo Business Climate
2023-03-29 06:00,EUR,1,GfK Consumer Confidence
2023-03-30 12:00,EUR,1,Inflation Rate YoY Prel
2023-03-31 09:00,EUR,1,Inflation Rate YoY Flash
2023-03-31 09:00,EUR,1,Unemployment Rate
2023-03-31 12:30,USD,1,Core PCE Price Index MoM
2023-03-31 12:30,USD,1,Personal Income MoM
2023-03-31 12:30,USD,1,Personal Spending MoM
2023-04-02 23:50,JPY,1,Tankan Large Manufacturers Index
2023-04-03 14:00,USD,1,ISM Manufacturing PMI
2023-04-04 06:00,EUR,1,Balance of Trade
2023-04-04 14:00,USD,1,JOLTs Job Openings
2023-04-05 12:30,USD,1,Balance of Trade
2023-04-05 14:00,USD,1,ISM Non-Manufacturing PMI
2023-04-07 12:30,USD,1,Non Farm Payrolls
2023-04-07 12:30,USD,1,Unemployment Rate
2023-04-10 05:00,JPY,1,Consumer Confidence
2023-04-12 12:30,USD,1,Core Inflation Rate YoY
2023-04-12 12:30,USD,1,Inflation Rate MoM
2023-04-12 12:30,USD,1,Inflation Rate YoY
2023-04-12 18:00,USD,1,FOMC Minutes
2023-04-13 06:00,GBP,1,GDP MoM
2023-04-13 12:30,USD,1,PPI MoM
2023-04-14 12:30,USD,1,Retail Sales MoM
2023-04-14 14:00,USD,1,Michigan Consumer Sentiment Prel
2023-04-18 06:00,GBP,1,Claimant Count Change
2023-04-18 06:00,GBP,1,Unemployment Rate
2023-04-18 09:00,EUR,1,ZEW Economic Sentiment Index
2023-04-18 12:30,USD,1,Building Permits Prel
2023-04-19 06:00,GBP,1,Inflation Rate YoY
2023-04-19 23:50,JPY,1,Balance of Trade
2023-04-20 23:01,GBP,1,Gfk Consumer Confidence
2023-04-20 23:30,JPY,1,Inflation Rate YoY
2023-04-21 06:00,GBP,1,Retail Sales MoM
2023-04-24 08:00,EUR,1,Ifo Business Climate
2023-04-26 06:00,EUR,1,GfK Consumer Confidence
2023-04-26 12:30,USD,1,Durable Goods Orders MoM
2023-04-27 12:30,USD,1,GDP Growth Rate QoQ Adv
2023-04-28 04:00,JPY,1,BoJ Interest Rate Decision
2023-04-28 08:00,EUR,1,GDP Growth Rate QoQ Flash
2023-04-28 08:00,EUR,1,GDP Growth Rate YoY Flash
2023-04-28 09:00,EUR,1,GDP Growth Rate QoQ Flash
2023-04-28 09:00,EUR,1,GDP Growth Rate YoY Flash
2023-04-28 12:00,EUR,1,Inflation Rate YoY Prel
2023-04-28 12:30,USD,1,Core PCE Price Index MoM
2023-04-28 12:30,USD,1,Personal Income MoM
2023-04-28 12:30,USD,1,Personal Spending MoM
2023-05-01 05:00,JPY,1,Consumer Confidence
2023-05-01 14:00,USD,1,ISM Manufacturing PMI
2023-05-02 09:00,EUR,1,Inflation Rate YoY Flash
2023-05-02 14:00,USD,1,JOLTs Job Openings
2023-05-03 09:00,EUR,1,Unemployment Rate
2023-05-03 14:00,USD,1,ISM Services PMI
2023-05-03 18:00,USD,1,Fed Interest Rate Decision
2023-05-03 18:30,USD,1,Fed Press Conference
2023-05-04 06:00,EUR,1,Balance of Trade
2023-05-04 12:15,EUR,1,Deposit Facility Rate
2023-05-04 12:15,EUR,1,ECB Interest Rate Decision
2023-05-04 12:30,USD,1,Balance of Trade
2023-05-04 12:45,EUR,1,ECB Press Conference
2023-05-05 12:30,USD,1,Non Farm Payrolls
2023-05-05 12:30,USD,1,Unemployment Rate
2023-05-10 12:30,USD,1,Core Inflation Rate YoY
2023-05-10 12:30,USD,1,Inflation Rate MoM
2023-05-10 12:30,USD,1,Inflation Rate YoY
2023-05-11 11:00,GBP,1,BoE Interest Rate Decision
2023-05-11 12:30,USD,1,PPI MoM
2023-05-12 06:00,GBP,1,GDP Growth Rate QoQ Prel
2023-05-12 06:00,GBP,1,GDP Growth Rate YoY Prel
2023-05-12 06:00,GBP,1,GDP MoM
2023-05-12 14:00,USD,1,Michigan Consumer Sentiment Prel
2023-05-16 06:00,GBP,1,Claimant Count Change
2023-05-16 06:00,GBP,1,Unemployment Rate
2023-05-16 09:00,EUR,1,ZEW Economic Sentiment Index
2023-05-16 12:30,USD,1,Retail Sales MoM
2023-05-16 23:50,JPY,1,GDP Growth Annualized Prel
2023-05-16 23:50,JPY,1,GDP Growth Rate QoQ Prel
2023-05-17 12:30,USD,1,Building Permits Prel
2023-05-17 23:50,JPY,1,Balance of Trade
2023-05-18 23:01,GBP,1,Gfk Consumer Confidence
2023-05-18 23:30,JPY,1,Inflation Rate YoY
2023-05-19 15:00,USD,1,Fed Chair Powell Speech
2023-05-24 06:00,GBP,1,Inflation Rate YoY
2023-05-24 08:00,EUR,1,Ifo Business Climate
2023-05-24 18:00,USD,1,FOMC Minutes
2023-05-25 06:00,EUR,1,GfK Consumer Confidence
2023-05-26 06:00,GBP,1,Retail Sales MoM
2023-05-26 12:30,USD,1,Core PCE Price Index MoM
2023-05-26 12:30,USD,1,Durable Goods Orders MoM
2023-05-26 12:30,USD,1,Personal Income MoM
2023-05-26 12:30,USD,1,Personal Spending MoM
2023-05-31 05:00,JPY,1,Consumer Confidence
2023-05-31 12:00,EUR,1,Inflation Rate YoY Prel
2023-05-31 14:00,USD,1,JOLTs Job Openings
2023-06-01 09:00,EUR,1,Inflation Rate YoY Flash
2023-06-01 09:00,EUR,1,Unemployment Rate
2023-06-01 14:00,USD,1,ISM Manufacturing PMI
2023-06-02 12:30,USD,1,Non Farm Payrolls
2023-06-02 12:30,USD,1,Unemployment Rate
2023-06-05 06:00,EUR,1,Balance of Trade
2023-06-05 14:00,USD,1,ISM Services PMI
2023-06-07 12:30,USD,1,Balance of Trade
2023-06-13 06:00,GBP,1,Claimant Count Change
2023-06-13 06:00,GBP,1,Unemployment Rate
2023-06-13 09:00,EUR,1,ZEW Economic Sentiment Index
2023-06-13 12:30,USD,1,Core Inflation Rate YoY
2023-06-13 12:30,USD,1,Inflation Rate MoM
2023-06-13 12:30,USD,1,Inflation Rate YoY
2023-06-14 06:00,GBP,1,GDP MoM
2023-06-14 12:30,USD,1,PPI MoM
2023-06-14 18:00,USD,1,Fed Interest Rate Decision
2023-06-14 18:30,USD,1,Fed Press Conference
2023-06-14 23:50,JPY,1,Balance of Trade
2023-06-15 12:15,EUR,1,Deposit Facility Rate
2023-06-15 12:15,EUR,1,ECB Interest Rate Decision
2023-06-15 12:30,USD,1,Retail Sales MoM
2023-06-15 12:45,EUR,1,ECB Press Conference
2023-06-16 03:00,JPY,1,BoJ Interest Rate Decision
2023-06-16 14:00,USD,1,Michigan Consumer Sentiment Prel
2023-06-20 12:30,USD,1,Building Permits Prel
2023-06-21 06:00,GBP,1,Inflation Rate YoY
2023-06-21 14:00,USD,1,Fed Chair Powell Testimony
2023-06-22 11:00,GBP,1,BoE Interest Rate Decision
2023-06-22 14:00,USD,1,Fed Chair Powell Testimony
2023-06-22 23:01,GBP,1,Gfk Consumer Confidence
2023-06-22 23:30,JPY,1,Inflation Rate YoY
2023-06-23 06:00,GBP,1,Retail Sales MoM
2023-06-26 00:00,EUR,1,ECB Forum on Central Banking
2023-06-26 08:00,EUR,1,Ifo Business Climate
2023-06-26 17:30,EUR,1,ECB President Lagarde Speech
2023-06-27 00:00,EUR,1,ECB Forum on Central Banking
2023-06-27 08:00,EUR,1,ECB President Lagarde Speech
2023-06-27 12:30,USD,1,Durable Goods Orders MoM
2023-06-28 00:00,EUR,1,ECB Forum on Central Banking
2023-06-28 06:00,EUR,1,GfK Consumer Confidence
2023-06-28 13:30,USD,1,Fed Chair Powell Speech
2023-06-29 05:00,JPY,1,Consumer Confidence
2023-06-29 06:30,USD,1,Fed Chair Powell Speech
2023-06-29 12:00,EUR,1,Inflation Rate YoY Prel
2023-06-30 09:00,EUR,1,Inflation Rate YoY Flash
2023-06-30 09:00,EUR,1,Unemployment Rate
2023-06-30 12:30,USD,1,Core PCE Price Index MoM
2023-06-30 12:30,USD,1,Personal Income MoM
2023-06-30 12:30,USD,1,Personal Spending MoM
2023-07-02 23:50,JPY,1,Tankan Large Manufacturers Index
2023-07-03 14:00,USD,1,ISM Manufacturing PMI
2023-07-04 06:00,EUR,1,Balance of Trade
2023-07-05 18:00,USD,1,FOMC Minutes
2023-07-06 14:00,USD,1,ISM Services PMI
2023-07-06 14:00,USD,1,JOLTs Job Openings
2023-07-07 12:30,USD,1,Non Farm Payrolls
2023-07-07 12:30,USD,1,Unemployment Rate
2023-07-11 06:00,GBP,1,Unemployment Rate
2023-07-11 09:00,EUR,1,ZEW Economic Sentiment Index
2023-07-12 12:30,USD,1,Core Inflation Rate MoM
2023-07-12 12:30,USD,1,Core Inflation Rate YoY
2023-07-12 12:30,USD,1,Inflation Rate MoM
2023-07-12 12:30,USD,1,Inflation Rate YoY
2023-07-13 06:00,GBP,1,GDP MoM
2023-07-13 12:30,USD,1,PPI MoM
2023-07-14 14:00,USD,1,Michigan Consumer Sentiment Prel
2023-07-18 12:30,USD,1,Retail Sales MoM
2023-07-19 06:00,GBP,1,Inflation Rate YoY
2023-07-19 12:30,USD,1,Building Permits Prel
2023-07-19 23:50,JPY,1,Balance of Trade
2023-07-20 23:30,JPY,1,Inflation Rate YoY
2023-07-21 06:00,GBP,1,Retail Sales MoM
2023-07-24 07:30,EUR,1,HCOB Manufacturing PMI Flash
2023-07-25 08:00,EUR,1,Ifo Business Climate
2023-07-26 18:00,USD,1,Fed Interest Rate Decision
2023-07-26 18:30,USD,1,Fed Press Conference
2023-07-27 06:00,EUR,1,GfK Consumer Confidence
2023-07-27 12:15,EUR,1,ECB Interest Rate Decision
2023-07-27 12:30,USD,1,Durable Goods Orders MoM
2023-07-27 12:30,USD,1,GDP Growth Rate QoQ Adv
2023-07-27 12:45,EUR,1,ECB Press Conference
2023-07-28 03:00,JPY,1,BoJ Interest Rate Decision
2023-07-28 08:00,EUR,1,GDP Growth Rate QoQ Flash
2023-07-28 08:00,EUR,1,GDP Growth Rate YoY Flash
2023-07-28 12:00,EUR,1,Inflation Rate YoY Prel
2023-07-28 12:30,USD,1,Core PCE Price Index MoM
2023-07-28 12:30,USD,1,Personal Income MoM
2023-07-28 12:30,USD,1,Personal Spending MoM
2023-07-31 09:00,EUR,1,GDP Growth Rate QoQ Flash
2023-07-31 09:00,EUR,1,GDP Growth Rate YoY Flash
2023-07-31 09:00,EUR,1,Inflation Rate YoY Flash
2023-08-01 14:00,USD,1,ISM Manufacturing PMI
2023-08-01 14:00,USD,1,JOLTs Job Openings
2023-08-03 06:00,EUR,1,Balance of Trade
2023-08-03 11:00,GBP,1,BoE Interest Rate Decision
2023-08-03 14:00,USD,1,ISM Services PMI
2023-08-04 12:30,USD,1,Non Farm Payrolls
2023-08-04 12:30,USD,1,Unemployment Rate
2023-08-10 12:30,USD,1,Core Inflation Rate MoM
2023-08-10 12:30,USD,1,Core Inflation Rate YoY
2023-08-10 12:30,USD,1,Inflation Rate MoM
2023-08-10 12:30,USD,1,Inflation Rate YoY
2023-08-11 06:00,GBP,1,GDP Growth Rate QoQ Prel
2023-08-11 06:00,GBP,1,GDP Growth Rate YoY Prel
2023-08-11 06:00,GBP,1,GDP MoM
2023-08-11 12:30,USD,1,PPI MoM
2023-08-11 14:00,USD,1,Michigan Consumer Sentiment Prel
2023-08-14 23:50,JPY,1,GDP Growth Annualized Prel
2023-08-14 23:50,JPY,1,GDP Growth Rate QoQ Prel
2023-08-15 06:00,GBP,1,Unemployment Rate
2023-08-15 09:00,EUR,1,ZEW Economic Sentiment Index
2023-08-15 12:30,USD,1,Retail Sales MoM
2023-08-16 06:00,GBP,1,Inflation Rate YoY
2023-08-16 12:30,USD,1,Building Permits Prel
2023-08-16 18:00,USD,1,FOMC Minutes
2023-08-16 23:50,JPY,1,Balance of Trade
2023-08-17 23:30,JPY,1,Inflation Rate YoY
2023-08-18 06:00,GBP,1,Retail Sales MoM
2023-08-23 07:30,EUR,1,HCOB Manufacturing PMI Flash
2023-08-24 12:30,USD,1,Durable Goods Orders MoM
2023-08-25 08:00,EUR,1,Ifo Business Climate
2023-08-25 14:05,USD,1,Fed Chair Powell Speech
2023-08-25 19:00,EUR,1,ECB President Lagarde Speech
2023-08-29 06:00,EUR,1,GfK Consumer Confidence
2023-08-29 14:00,USD,1,JOLTs Job Openings
2023-08-30 12:00,EUR,1,Inflation Rate YoY Prel
2023-08-30 12:30,USD,1,GDP Growth Rate QoQ 2nd Est
2023-08-31 09:00,EUR,1,Inflation Rate YoY Flash
2023-08-31 12:30,USD,1,Core PCE Price Index MoM
2023-08-31 12:30,USD,1,Personal Income MoM
2023-08-31 12:30,USD,1,Personal Spending MoM
2023-09-01 12:30,USD,1,Non Farm Payrolls
2023-09-01 12:30,USD,1,Unemployment Rate
2023-09-01 14:00,USD,1,ISM Manufacturing PMI
2023-09-04 06:00,EUR,1,Balance of Trade
2023-09-06 14:00,USD,1,ISM Services PMI
2023-09-12 06:00,GBP,1,Unemployment Rate
2023-09-12 09:00,EUR,1,ZEW Economic Sentiment Index
2023-09-13 06:00,GBP,1,GDP MoM
2023-09-13 12:30,USD,1,Core Inflation Rate MoM
2023-09-13 12:30,USD,1,Core Inflation Rate YoY
2023-09-13 12:30,USD,1,Inflation Rate MoM
2023-09-13 12:30,USD,1,Inflation Rate YoY
2023-09-14 12:15,EUR,1,ECB Interest Rate Decision
2023-09-14 12:30,USD,1,PPI MoM
2023-09-14 12:30,USD,1,Retail Sales MoM
2023-09-14 12:45,EUR,1,ECB Press Conference
2023-09-15 14:00,USD,1,Michigan Consumer Sentiment Prel
2023-09-19 12:30,USD,1,Building Permits Prel
2023-09-19 23:50,JPY,1,Balance of Trade
2023-09-20 06:00,GBP,1,Inflation Rate YoY
2023-09-20 18:00,USD,1,Fed Interest Rate Decision
2023-09-20 18:30,USD,1,Fed Press Conference
2023-09-21 11:00,GBP,1,BoE Interest Rate Decision
2023-09-21 23:30,JPY,1,Inflation Rate YoY
2023-09-22 03:00,JPY,1,BoJ Interest Rate Decision
2023-09-22 06:00,GBP,1,Retail Sales MoM
2023-09-22 07:30,EUR,1,HCOB Manufacturing PMI Flash
2023-09-25 08:00,EUR,1,Ifo Business Climate
2023-09-27 06:00,EUR,1,GfK Consumer Confidence
2023-09-27 12:30,USD,1,Durable Goods Orders MoM
2023-09-28 12:00,EUR,1,Inflation Rate YoY Prel
2023-09-28 12:30,USD,1,GDP Growth Rate QoQ Final
2023-09-29 09:00,EUR,1,Inflation Rate YoY Flash
2023-09-29 12:30,USD,1,Core PCE Price Index MoM
2023-09-29 12:30,USD,1,Personal Income MoM
2023-09-29 12:30,USD,1,Personal Spending MoM
2023-10-01 23:50,JPY,1,Tankan Large Manufacturers Index
2023-10-02 14:00,USD,1,ISM Manufacturing PMI
2023-10-03 14:00,USD,1,JOLTs Job Openings
2023-10-04 14:00,USD,1,ISM Services PMI
2023-10-06 12:30,USD,1,Non Farm Payrolls
2023-10-06 12:30,USD,1,Unemployment Rate
2023-10-11 12:30,USD,1,PPI MoM
2023-10-11 18:00,USD,1,FOMC Minutes
2023-10-12 06:00,GBP,1,GDP MoM
2023-10-12 12:30,USD,1,Core Inflation Rate MoM
2023-10-12 12:30,USD,1,Core Inflation Rate YoY
2023-10-12 12:30,USD,1,Inflation Rate MoM
2023-10-12 12:30,USD,1,Inflation Rate YoY
2023-10-13 14:00,USD,1,Michigan Consumer Sentiment Prel
2023-10-17 12:30,USD,1,Retail Sales MoM
2023-10-18 06:00,GBP,1,Inflation Rate YoY
2023-10-18 12:30,USD,1,Building Permits Prel
2023-10-18 23:50,JPY,1,Balance of Trade
2023-10-19 16:00,USD,1,Fed Chair Powell Speech
2023-10-19 23:30,JPY,1,Inflation Rate YoY
2023-10-20 06:00,GBP,1,Retail Sales MoM
2023-10-24 06:00,GBP,1,Unemployment Rate - Adjusted
2023-10-25 20:35,USD,1,Fed Chair Powell Speech
2023-10-26 12:15,EUR,1,ECB Interest Rate Decision
2023-10-26 12:30,USD,1,Durable Goods Orders MoM
2023-10-26 12:30,USD,1,GDP Growth Rate QoQ Adv
2023-10-26 12:45,EUR,1,ECB Press Conference
2023-10-27 12:30,USD,1,Core PCE Price Index MoM
2023-10-27 12:30,USD,1,Personal Income MoM
2023-10-27 12:30,USD,1,Personal Spending MoM
2023-10-31 03:00,JPY,1,BoJ Interest Rate Decision
2023-10-31 10:00,EUR,1,GDP Growth Rate QoQ Flash
2023-10-31 10:00,EUR,1,GDP Growth Rate YoY Flash
2023-10-31 10:00,EUR,1,Inflation Rate YoY Flash
2023-11-01 14:00,USD,1,ISM Manufacturing PMI
2023-11-01 14:00,USD,1,JOLTs Job Openings
2023-11-01 18:00,USD,1,Fed Interest Rate Decision
2023-11-01 18:30,USD,1,Fed Press Conference
2023-11-02 12:00,GBP,1,BoE Interest Rate Decision
2023-11-03 12:30,USD,1,Non Farm Payrolls
2023-11-03 12:30,USD,1,Unemployment Rate
2023-11-03 14:00,USD,1,ISM Services PMI
2023-11-08 14:15,USD,1,Fed Chair Powell Speech
2023-11-09 19:00,USD,1,Fed Chair Powell Speech
2023-11-10 07:00,GBP,1,GDP Growth Rate QoQ Prel
2023-11-10 07:00,GBP,1,GDP Growth Rate YoY Prel
2023-11-10 07:00,GBP,1,GDP MoM
2023-11-10 12:30,EUR,1,ECB President Lagarde Speech
2023-11-10 15:00,USD,1,Michigan Consumer Sentiment Prel
2023-11-14 07:00,GBP,1,Unemployment Rate
2023-11-14 13:30,USD,1,Core Inflation Rate MoM
2023-11-14 13:30,USD,1,Core Inflation Rate YoY
2023-11-14 13:30,USD,1,Inflation Rate MoM
2023-11-14 13:30,USD,1,Inflation Rate YoY
2023-11-14 23:50,JPY,1,GDP Growth Annualized Prel
2023-11-14 23:50,JPY,1,GDP Growth Rate QoQ Prel
2023-11-15 07:00,GBP,1,Inflation Rate YoY
2023-11-15 13:30,USD,1,PPI MoM
2023-11-15 13:30,USD,1,Retail Sales MoM
2023-11-15 23:50,JPY,1,Balance of Trade
2023-11-17 07:00,GBP,1,Retail Sales MoM
2023-11-17 13:30,USD,1,Building Permits Prel
2023-11-21 19:00,USD,1,FOMC Minutes
2023-11-22 12:30,GBP,1,Autumn Statement
2023-11-22 13:30,USD,1,Durable Goods Orders MoM
2023-11-23 23:30,JPY,1,Inflation Rate YoY
2023-11-29 13:30,USD,1,GDP Growth Rate QoQ 2nd Est
2023-11-30 10:00,EUR,1,Inflation Rate YoY Flash
2023-11-30 13:30,USD,1,Core PCE Price Index MoM
2023-11-30 13:30,USD,1,Personal Income MoM
2023-11-30 13:30,USD,1,Personal Spending MoM
2023-12-01 15:00,USD,1,ISM Manufacturing PMI
2023-12-01 16:00,USD,1,Fed Chair Powell Speech
2023-12-05 15:00,USD,1,ISM Services PMI
2023-12-05 15:00,USD,1,JOLTs Job Openings
2023-12-08 13:30,USD,1,Non Farm Payrolls
2023-12-08 13:30,USD,1,Unemployment Rate
2023-12-08 15:00,USD,1,Michigan Consumer Sentiment Prel
2023-12-12 07:00,GBP,1,Unemployment Rate
2023-12-12 13:30,USD,1,Core Inflation Rate MoM
2023-12-12 13:30,USD,1,Core Inflation Rate YoY
2023-12-12 13:30,USD,1,Inflation Rate MoM
2023-12-12 13:30,USD,1,Inflation Rate YoY
2023-12-12 23:50,JPY,1,Tankan Large Manufacturers Index
2023-12-13 07:00,GBP,1,GDP MoM
2023-12-13 13:30,USD,1,PPI MoM
2023-12-13 19:00,USD,1,FOMC Economic Projections
2023-12-13 19:00,USD,1,Fed Interest Rate Decision
2023-12-13 19:30,USD,1,Fed Press Conference
2023-12-14 12:00,GBP,1,BoE Interest Rate Decision
2023-12-14 13:15,EUR,1,ECB Interest Rate Decision
2023-12-14 13:30,USD,1,Retail Sales MoM
2023-12-14 13:45,EUR,1,ECB Press Conference
2023-12-19 03:00,JPY,1,BoJ Interest Rate Decision
2023-12-19 13:30,USD,1,Building Permits Prel
2023-12-19 23:50,JPY,1,Balance of Trade
2023-12-20 07:00,GBP,1,Inflation Rate YoY
2023-12-21 13:30,USD,1,GDP Growth Rate QoQ Final
2023-12-21 23:30,JPY,1,Inflation Rate YoY
2023-12-22 07:00,GBP,1,Retail Sales MoM
2023-12-22 13:30,USD,1,Core PCE Price Index MoM
2023-12-22 13:30,USD,1,Durable Goods Orders MoM
2023-12-22 13:30,USD,1,Personal Income MoM
2023-12-22 13:30,USD,1,Personal Spending MoM
2024-01-03 15:00,USD,1,ISM Manufacturing PMI
2024-01-03 15:00,USD,1,JOLTs Job Openings
2024-01-03 19:00,USD,1,FOMC Minutes
2024-01-05 05:00,JPY,1,Consumer Confidence
2024-01-05 10:00,EUR,1,Inflation Rate YoY Flash
2024-01-05 13:30,USD,1,Non Farm Payrolls
2024-01-05 15:00,USD,1,ISM Services PMI
2024-01-11 13:30,USD,1,Core Inflation Rate MoM
2024-01-11 13:30,USD,1,Core Inflation Rate YoY
2024-01-11 13:30,USD,1,Inflation Rate MoM
2024-01-11 13:30,USD,1,Inflation Rate YoY
2024-01-12 07:00,GBP,1,GDP MoM
2024-01-12 13:30,USD,1,PPI MoM
2024-01-16 07:00,GBP,1,Unemployment Rate
2024-01-17 07:00,GBP,1,Inflation Rate YoY
2024-01-17 13:30,USD,1,Retail Sales MoM
2024-01-18 13:30,USD,1,Building Permits Prel
2024-01-18 23:30,JPY,1,Inflation Rate YoY
2024-01-19 07:00,GBP,1,Retail Sales MoM
2024-01-19 15:00,USD,1,Michigan Consumer Sentiment Prel
2024-01-23 03:00,JPY,1,BoJ Interest Rate Decision
2024-01-23 23:50,JPY,1,Balance of Trade
2024-01-25 13:15,EUR,1,Deposit Facility Rate
2024-01-25 13:15,EUR,1,ECB Interest Rate Decision
2024-01-25 13:30,USD,1,Durable Goods Orders MoM
2024-01-25 13:30,USD,1,GDP Growth Rate QoQ Adv
2024-01-25 13:45,EUR,1,ECB Press Conference
2024-01-26 13:30,USD,1,Core PCE Price Index MoM
2024-01-26 13:30,USD,1,Personal Income MoM
2024-01-26 13:30,USD,1,Personal Spending MoM
2024-01-30 10:00,EUR,1,GDP Growth Rate QoQ Flash
2024-01-30 10:00,EUR,1,GDP Growth Rate YoY Flash
2024-01-30 15:00,USD,1,JOLTs Job Openings
2024-01-31 05:00,JPY,1,Consumer Confidence
2024-01-31 19:00,USD,1,Fed Interest Rate Decision
2024-01-31 19:30,USD,1,Fed Press Conference
2024-02-01 10:00,EUR,1,Inflation Rate YoY Flash
2024-02-01 12:00,GBP,1,BoE Interest Rate Decision
2024-02-01 15:00,USD,1,ISM Manufacturing PMI
2024-02-02 13:30,USD,1,Non Farm Payrolls
2024-02-02 13:30,USD,1,Unemployment Rate
2024-02-05 15:00,USD,1,ISM Services PMI
2024-02-13 07:00,GBP,1,Unemployment Rate
2024-02-13 13:30,USD,1,Core Inflation Rate MoM
2024-02-13 13:30,USD,1,Core Inflation Rate YoY
2024-02-13 13:30,USD,1,Inflation Rate MoM
2024-02-13 13:30,USD,1,Inflation Rate YoY
2024-02-14 07:00,GBP,1,Inflation Rate YoY
2024-02-14 23:50,JPY,1,GDP Growth Rate QoQ Prel
2024-02-15 07:00,GBP,1,GDP Growth Rate QoQ Prel
2024-02-15 07:00,GBP,1,GDP Growth Rate YoY Prel
2024-02-15 07:00,GBP,1,GDP MoM
2024-02-15 13:30,USD,1,Retail Sales MoM
2024-02-16 07:00,GBP,1,Retail Sales MoM
2024-02-16 13:30,USD,1,Building Permits Prel
2024-02-16 13:30,USD,1,PPI MoM
2024-02-16 15:00,USD,1,Michigan Consumer Sentiment Prel
2024-02-20 23:50,JPY,1,Balance of Trade
2024-02-21 19:00,USD,1,FOMC Minutes
2024-02-26 23:30,JPY,1,Inflation Rate YoY
2024-02-27 13:30,USD,1,Durable Goods Orders MoM
2024-02-28 13:30,USD,1,GDP Growth Rate QoQ 2nd Est
2024-02-29 13:30,USD,1,Core PCE Price Index MoM
2024-02-29 13:30,USD,1,Personal Income MoM
2024-02-29 13:30,USD,1,Personal Spending MoM
2024-03-01 05:00,JPY,1,Consumer Confidence
2024-03-01 10:00,EUR,1,Inflation Rate YoY Flash
2024-03-01 15:00,USD,1,ISM Manufacturing PMI
2024-03-05 15:00,USD,1,ISM Services PMI
2024-03-06 15:00,USD,1,Fed Chair Powell Testimony
2024-03-06 15:00,USD,1,JOLTs Job Openings
2024-03-07 13:15,EUR,1,Deposit Facility Rate
2024-03-07 13:15,EUR,1,ECB Interest Rate Decision
2024-03-07 13:45,EUR,1,ECB Press Conference
2024-03-07 15:00,USD,1,Fed Chair Powell Testimony
2024-03-08 13:30,USD,1,Non Farm Payrolls
2024-03-08 13:30,USD,1,Unemployment Rate
2024-03-12 07:00,GBP,1,Unemployment Rate
2024-03-12 12:30,USD,1,Core Inflation Rate MoM
2024-03-12 12:30,USD,1,Core Inflation Rate YoY
2024-03-12 12:30,USD,1,Inflation Rate MoM
2024-03-12 12:30,USD,1,Inflation Rate YoY
2024-03-13 07:00,GBP,1,GDP MoM
2024-03-14 12:30,USD,1,PPI MoM
2024-03-14 12:30,USD,1,Retail Sales MoM
2024-03-15 14:00,USD,1,Michigan Consumer Sentiment Prel
2024-03-19 03:00,JPY,1,BoJ Interest Rate Decision
2024-03-19 12:30,USD,1,Building Permits Prel
2024-03-20 07:00,GBP,1,Inflation Rate YoY
2024-03-20 18:00,USD,1,FOMC Economic Projections
2024-03-20 18:00,USD,1,Fed Interest Rate Decision
2024-03-20 18:30,USD,1,Fed Press Conference
2024-03-20 23:50,JPY,1,Balance of Trade
2024-03-21 12:00,GBP,1,BoE Interest Rate Decision
2024-03-21 23:30,JPY,1,Inflation Rate YoY
2024-03-22 07:00,GBP,1,Retail Sales MoM
2024-03-26 12:30,USD,1,Durable Goods Orders MoM
2024-03-28 12:30,USD,1,GDP Growth Rate QoQ Final
2024-03-29 12:30,USD,1,Core PCE Price Index MoM
2024-03-29 12:30,USD,1,Personal Income MoM
2024-03-29 12:30,USD,1,Personal Spending MoM
2024-03-29 15:30,USD,1,Fed Chair Powell Speech
2024-03-31 23:50,JPY,1,Tankan Large Manufacturers Index
2024-04-01 14:00,USD,1,ISM Manufacturing PMI
2024-04-02 14:00,USD,1,JOLTs Job Openings
2024-04-03 09:00,EUR,1,Inflation Rate YoY Flash
2024-04-03 14:00,USD,1,ISM Services PMI
2024-04-03 16:10,USD,1,Fed Chair Powell Speech
2024-04-05 12:30,USD,1,Non Farm Payrolls
2024-04-05 12:30,USD,1,Unemployment Rate
2024-04-09 05:00,JPY,1,Consumer Confidence
2024-04-10 12:30,USD,1,Core Inflation Rate MoM
2024-04-10 12:30,USD,1,Core Inflation Rate YoY
2024-04-10 12:30,USD,1,Inflation Rate MoM
2024-04-10 12:30,USD,1,Inflation Rate YoY
2024-04-10 18:00,USD,1,FOMC Minutes
2024-04-11 12:15,EUR,1,Deposit Facility Rate
2024-04-11 12:15,EUR,1,ECB Interest Rate Decision
2024-04-11 12:30,USD,1,PPI MoM
2024-04-11 12:45,EUR,1,ECB Press Conference
2024-04-12 06:00,GBP,1,GDP MoM
2024-04-12 14:00,USD,1,Michigan Consumer Sentiment Prel
2024-04-15 12:30,USD,1,Retail Sales MoM
2024-04-16 06:00,GBP,1,Unemployment Rate
2024-04-16 12:30,USD,1,Building Permits Prel
2024-04-16 17:15,USD,1,Fed Chair Powell Speech
2024-04-16 23:50,JPY,1,Balance of Trade
2024-04-17 06:00,GBP,1,Inflation Rate YoY
2024-04-18 23:30,JPY,1,Inflation Rate YoY
2024-04-19 06:00,GBP,1,Retail Sales MoM
2024-04-24 12:30,USD,1,Durable Goods Orders MoM
2024-04-25 12:30,USD,1,GDP Growth Rate QoQ Adv
2024-04-26 03:00,JPY,1,BoJ Interest Rate Decision
2024-04-26 12:30,USD,1,Core PCE Price Index MoM
2024-04-26 12:30,USD,1,Personal Income MoM
2024-04-26 12:30,USD,1,Personal Spending MoM
2024-04-30 09:00,EUR,1,GDP Growth Rate QoQ Flash
2024-04-30 09:00,EUR,1,GDP Growth Rate YoY Flash
2024-04-30 09:00,EUR,1,Inflation Rate YoY Flash
2024-05-01 14:00,USD,1,ISM Manufacturing PMI
2024-05-01 14:00,USD,1,JOLTs Job Openings
2024-05-01 18:00,USD,1,Fed Interest Rate Decision
2024-05-01 18:30,USD,1,Fed Press Conference
2024-05-02 05:00,JPY,1,Consumer Confidence
2024-05-03 12:30,USD,1,Non Farm Payrolls
2024-05-03 12:30,USD,1,Unemployment Rate
2024-05-03 14:00,USD,1,ISM Services PMI
2024-05-09 11:00,GBP,1,BoE Interest Rate Decision
2024-05-10 06:00,GBP,1,GDP Growth Rate QoQ Prel
2024-05-10 06:00,GBP,1,GDP Growth Rate YoY Prel
2024-05-10 06:00,GBP,1,GDP MoM
2024-05-10 14:00,USD,1,Michigan Consumer Sentiment Prel
2024-05-14 06:00,GBP,1,Unemployment Rate
2024-05-14 12:30,USD,1,PPI MoM
2024-05-14 14:00,USD,1,Fed Chair Powell Speech
2024-05-15 12:30,USD,1,Core Inflation Rate MoM
2024-05-15 12:30,USD,1,Core Inflation Rate YoY
2024-05-15 12:30,USD,1,Inflation Rate MoM
2024-05-15 12:30,USD,1,Inflation Rate YoY
2024-05-15 12:30,USD,1,Retail Sales MoM
2024-05-15 23:50,JPY,1,GDP Growth Rate QoQ Prel
2024-05-16 12:30,USD,1,Building Permits Prel
2024-05-19 19:30,USD,1,Fed Chair Powell Speech
2024-05-21 23:50,JPY,1,Balance of Trade
2024-05-22 06:00,GBP,1,Inflation Rate YoY
2024-05-22 18:00,USD,1,FOMC Minutes
2024-05-23 23:30,JPY,1,Inflation Rate YoY
2024-05-24 06:00,GBP,1,Retail Sales MoM
2024-05-24 12:30,USD,1,Durable Goods Orders MoM
2024-05-29 05:00,JPY,1,Consumer Confidence
2024-05-30 12:30,USD,1,GDP Growth Rate QoQ 2nd Est
2024-05-31 09:00,EUR,1,Inflation Rate YoY Flash
2024-05-31 12:30,USD,1,Core PCE Price Index MoM
2024-05-31 12:30,USD,1,Personal Income MoM
2024-05-31 12:30,USD,1,Personal Spending MoM
2024-06-03 14:00,USD,1,ISM Manufacturing PMI
2024-06-04 14:00,USD,1,JOLTs Job Openings
2024-06-05 14:00,USD,1,ISM Services PMI
2024-06-06 12:15,EUR,1,Deposit Facility Rate
2024-06-06 12:15,EUR,1,ECB Interest Rate Decision
2024-06-06 12:45,EUR,1,ECB Press Conference
2024-06-07 12:30,USD,1,Non Farm Payrolls
2024-06-07 12:30,USD,1,Unemployment Rate
2024-06-07 14:15,EUR,1,ECB President Lagarde Speech
2024-06-11 06:00,GBP,1,Unemployment Rate
2024-06-12 06:00,GBP,1,GDP MoM
2024-06-12 12:30,USD,1,Core Inflation Rate MoM
2024-06-12 12:30,USD,1,Core Inflation Rate YoY
2024-06-12 12:30,USD,1,Inflation Rate MoM
2024-06-12 12:30,USD,1,Inflation Rate YoY
2024-06-12 18:00,USD,1,FOMC Economic Projections
2024-06-12 18:00,USD,1,Fed Interest Rate Decision
2024-06-12 18:30,USD,1,Fed Press Conference
2024-06-13 12:30,USD,1,PPI MoM
2024-06-14 03:25,JPY,1,BoJ Interest Rate Decision
2024-06-14 14:00,USD,1,Michigan Consumer Sentiment Prel
2024-06-18 12:30,USD,1,Retail Sales MoM
2024-06-18 23:50,JPY,1,Balance of Trade
2024-06-19 06:00,GBP,1,Inflation Rate YoY
2024-06-20 11:00,GBP,1,BoE Interest Rate Decision
2024-06-20 12:30,USD,1,Building Permits Prel
2024-06-20 23:30,JPY,1,Inflation Rate YoY
2024-06-21 06:00,GBP,1,Retail Sales MoM
2024-06-27 12:30,USD,1,Durable Goods Orders MoM
2024-06-27 12:30,USD,1,GDP Growth Rate QoQ Final
2024-06-28 12:30,USD,1,Core PCE Price Index MoM
2024-06-28 12:30,USD,1,Personal Income MoM
2024-06-28 12:30,USD,1,Personal Spending MoM
2024-06-30 23:50,JPY,1,Tankan Large Manufacturers Index
2024-07-01 05:00,JPY,1,Consumer Confidence
2024-07-01 14:00,USD,1,ISM Manufacturing PMI
2024-07-02 09:00,EUR,1,Inflation Rate YoY Flash
2024-07-02 13:30,USD,1,Fed Chair Powell Speech
2024-07-02 14:00,USD,1,JOLTs Job Openings
2024-07-03 14:00,USD,1,ISM Services PMI
2024-07-03 18:00,USD,1,FOMC Minutes
2024-07-04 09:00,GBP,1,UK General Election
2024-07-05 12:30,USD,1,Non Farm Payrolls
2024-07-05 12:30,USD,1,Unemployment Rate
2024-07-09 14:00,USD,1,Fed Chair Powell Testimony
2024-07-10 14:00,USD,1,Fed Chair Powell Testimony
2024-07-11 06:00,GBP,1,GDP MoM
2024-07-11 12:30,USD,1,Core Inflation Rate MoM
2024-07-11 12:30,USD,1,Core Inflation Rate YoY
2024-07-11 12:30,USD,1,Inflation Rate MoM
2024-07-11 12:30,USD,1,Inflation Rate YoY
2024-07-12 12:30,USD,1,PPI MoM
2024-07-12 14:00,USD,1,Michigan Consumer Sentiment Prel
2024-07-15 16:30,USD,1,Fed Chair Powell Speech
2024-07-16 12:30,USD,1,Retail Sales MoM
2024-07-17 06:00,GBP,1,Inflation Rate YoY
2024-07-17 12:30,USD,1,Building Permits Prel
2024-07-17 23:50,JPY,1,Balance of Trade
2024-07-18 06:00,GBP,1,Unemployment Rate
2024-07-18 12:15,EUR,1,Deposit Facility Rate
2024-07-18 12:15,EUR,1,ECB Interest Rate Decision
2024-07-18 12:45,EUR,1,ECB Press Conference
2024-07-18 23:30,JPY,1,Inflation Rate YoY
2024-07-19 06:00,GBP,1,Retail Sales MoM
2024-07-25 12:30,USD,1,Durable Goods Orders MoM
2024-07-25 12:30,USD,1,GDP Growth Rate QoQ Adv
2024-07-26 12:30,USD,1,Core PCE Price Index MoM
2024-07-26 12:30,USD,1,Personal Income MoM
2024-07-26 12:30,USD,1,Personal Spending MoM
2024-07-30 09:00,EUR,1,GDP Growth Rate QoQ Flash
2024-07-30 09:00,EUR,1,GDP Growth Rate YoY Flash
2024-07-30 14:00,USD,1,JOLTs Job Openings
2024-07-31 04:00,JPY,1,BoJ Interest Rate Decision
2024-07-31 05:00,JPY,1,Consumer Confidence
2024-07-31 09:00,EUR,1,Inflation Rate YoY Flash
2024-07-31 18:00,USD,1,Fed Interest Rate Decision
2024-07-31 18:30,USD,1,Fed Press Conference
2024-08-01 11:00,GBP,1,BoE Interest Rate Decision
2024-08-01 14:00,USD,1,ISM Manufacturing PMI
2024-08-02 12:30,USD,1,Non Farm Payrolls
2024-08-02 12:30,USD,1,Unemployment Rate
2024-08-05 14:00,USD,1,ISM Services PMI
2024-08-13 06:00,GBP,1,Unemployment Rate
2024-08-13 12:30,USD,1,PPI MoM
2024-08-14 06:00,GBP,1,Inflation Rate YoY
2024-08-14 12:30,USD,1,Core Inflation Rate MoM
2024-08-14 12:30,USD,1,Core Inflation Rate YoY
2024-08-14 12:30,USD,1,Inflation Rate MoM
2024-08-14 12:30,USD,1,Inflation Rate YoY
2024-08-14 23:50,JPY,1,GDP Growth Rate QoQ Prel
2024-08-15 06:00,GBP,1,GDP Growth Rate QoQ Prel
2024-08-15 06:00,GBP,1,GDP Growth Rate YoY Prel
2024-08-15 06:00,GBP,1,GDP MoM
2024-08-15 12:30,USD,1,Retail Sales MoM
2024-08-16 06:00,GBP,1,Retail Sales MoM
2024-08-16 12:30,USD,1,Building Permits Prel
2024-08-16 14:00,USD,1,Michigan Consumer Sentiment Prel
2024-08-20 23:50,JPY,1,Balance of Trade
2024-08-21 14:00,USD,1,Non Farm Payrolls Annual Revision
2024-08-21 18:00,USD,1,FOMC Minutes
2024-08-22 23:30,JPY,1,Inflation Rate YoY
2024-08-23 14:00,USD,1,Fed Chair Powell Speech
2024-08-26 12:30,USD,1,Durable Goods Orders MoM
2024-08-29 05:00,JPY,1,Consumer Confidence
2024-08-29 12:30,USD,1,GDP Growth Rate QoQ 2nd Est
2024-08-30 09:00,EUR,1,Inflation Rate YoY Flash
2024-08-30 12:30,USD,1,Core PCE Price Index MoM
2024-08-30 12:30,USD,1,Personal Income MoM
2024-08-30 12:30,USD,1,Personal Spending MoM
2024-09-03 14:00,USD,1,ISM Manufacturing PMI
2024-09-04 14:00,USD,1,JOLTs Job Openings
2024-09-05 14:00,USD,1,ISM Services PMI
2024-09-06 12:30,USD,1,Non Farm Payrolls
2024-09-06 12:30,USD,1,Unemployment Rate
2024-09-10 06:00,GBP,1,Unemployment Rate
2024-09-11 06:00,GBP,1,GDP MoM
2024-09-11 12:30,USD,1,Core Inflation Rate MoM
2024-09-11 12:30,USD,1,Core Inflation Rate YoY
2024-09-11 12:30,USD,1,Inflation Rate MoM
2024-09-11 12:30,USD,1,Inflation Rate YoY
2024-09-12 12:15,EUR,1,Deposit Facility Rate
2024-09-12 12:15,EUR,1,ECB Interest Rate Decision
2024-09-12 12:30,USD,1,PPI MoM
2024-09-12 12:45,EUR,1,ECB Press Conference
2024-09-13 14:00,USD,1,Michigan Consumer Sentiment Prel
2024-09-17 12:30,USD,1,Retail Sales MoM
2024-09-17 23:50,JPY,1,Balance of Trade
2024-09-18 06:00,GBP,1,Inflation Rate YoY
2024-09-18 12:30,USD,1,Building Permits Prel
2024-09-18 18:00,USD,1,FOMC Economic Projections
2024-09-18 18:00,USD,1,Fed Interest Rate Decision
2024-09-18 18:30,USD,1,Fed Press Conference
2024-09-19 11:00,GBP,1,BoE Interest Rate Decision
2024-09-19 23:30,JPY,1,Inflation Rate YoY
2024-09-20 03:00,JPY,1,BoJ Interest Rate Decision
2024-09-20 06:00,GBP,1,Retail Sales MoM
2024-09-26 12:30,USD,1,Durable Goods Orders MoM
2024-09-26 12:30,USD,1,GDP Growth Rate QoQ Final
2024-09-26 13:20,USD,1,Fed Chair Powell Speech
2024-09-27 12:30,USD,1,Core PCE Price Index MoM
2024-09-27 12:30,USD,1,Personal Income MoM
2024-09-27 12:30,USD,1,Personal Spending MoM
2024-09-30 17:55,USD,1,Fed Chair Powell Speech
2024-09-30 23:50,JPY,1,Tankan Large Manufacturers Index
2024-10-01 09:00,EUR,1,Inflation Rate YoY Flash
2024-10-01 14:00,USD,1,ISM Manufacturing PMI
2024-10-01 14:00,USD,1,JOLTs Job Openings
2024-10-02 05:00,JPY,1,Consumer Confidence
2024-10-03 14:00,USD,1,ISM Services PMI
2024-10-04 12:30,USD,1,Non Farm Payrolls
2024-10-04 12:30,USD,1,Unemployment Rate
2024-10-09 18:00,USD,1,FOMC Minutes
2024-10-10 12:30,USD,1,Core Inflation Rate MoM
2024-10-10 12:30,USD,1,Core Inflation Rate YoY
2024-10-10 12:30,USD,1,Inflation Rate MoM
2024-10-10 12:30,USD,1,Inflation Rate YoY
2024-10-11 06:00,GBP,1,GDP MoM
2024-10-11 12:30,USD,1,PPI MoM
2024-10-11 14:00,USD,1,Michigan Consumer Sentiment Prel
2024-10-15 06:00,GBP,1,Unemployment Rate
2024-10-16 06:00,GBP,1,Inflation Rate YoY
2024-10-16 18:40,EUR,1,ECB President Lagarde Speech
2024-10-16 23:50,JPY,1,Balance of Trade
2024-10-17 12:15,EUR,1,Deposit Facility Rate
2024-10-17 12:15,EUR,1,ECB Interest Rate Decision
2024-10-17 12:30,USD,1,Retail Sales MoM
2024-10-17 12:45,EUR,1,ECB Press Conference
2024-10-17 23:30,JPY,1,Inflation Rate YoY
2024-10-18 06:00,GBP,1,Retail Sales MoM
2024-10-18 12:30,USD,1,Building Permits Prel
2024-10-22 14:00,EUR,1,ECB President Lagarde Speech
2024-10-22 19:15,EUR,1,ECB President Lagarde Speech
2024-10-23 14:00,EUR,1,ECB President Lagarde Speech
2024-10-25 12:30,USD,1,Durable Goods Orders MoM
2024-10-29 14:00,USD,1,JOLTs Job Openings
2024-10-30 05:00,JPY,1,Consumer Confidence
2024-10-30 10:00,EUR,1,GDP Growth Rate QoQ Flash
2024-10-30 10:00,EUR,1,GDP Growth Rate YoY Flash
2024-10-30 12:30,USD,1,GDP Growth Rate QoQ Adv
2024-10-31 03:00,JPY,1,BoJ Interest Rate Decision
2024-10-31 10:00,EUR,1,Inflation Rate YoY Flash
2024-10-31 12:30,USD,1,Core PCE Price Index MoM
2024-10-31 12:30,USD,1,Personal Income MoM
2024-10-31 12:30,USD,1,Personal Spending MoM
2024-11-01 12:30,USD,1,Non Farm Payrolls
2024-11-01 12:30,USD,1,Unemployment Rate
2024-11-01 14:00,USD,1,ISM Manufacturing PMI
2024-11-05 12:00,USD,1,Presidential Election
2024-11-05 15:00,USD,1,ISM Services PMI
2024-11-07 12:00,GBP,1,BoE Interest Rate Decision
2024-11-07 19:00,USD,1,Fed Interest Rate Decision
2024-11-07 19:30,USD,1,Fed Press Conference
2024-11-08 15:00,USD,1,Michigan Consumer Sentiment Prel
2024-11-12 07:00,GBP,1,Unemployment Rate
2024-11-13 13:30,USD,1,Core Inflation Rate MoM
2024-11-13 13:30,USD,1,Core Inflation Rate YoY
2024-11-13 13:30,USD,1,Inflation Rate MoM
2024-11-13 13:30,USD,1,Inflation Rate YoY
2024-11-14 13:30,USD,1,PPI MoM
2024-11-14 20:00,USD,1,Fed Chair Powell Speech
2024-11-14 23:50,JPY,1,GDP Growth Rate QoQ Prel
2024-11-15 07:00,GBP,1,GDP Growth Rate QoQ Prel
2024-11-15 07:00,GBP,1,GDP Growth Rate YoY Prel
2024-11-15 07:00,GBP,1,GDP MoM
2024-11-15 13:30,USD,1,Retail Sales MoM
2024-11-19 13:30,USD,1,Building Permits Prel
2024-11-19 23:50,JPY,1,Balance of Trade
2024-11-20 07:00,GBP,1,Inflation Rate YoY
2024-11-21 23:30,JPY,1,Inflation Rate YoY
2024-11-22 07:00,GBP,1,Retail Sales MoM
2024-11-26 19:00,USD,1,FOMC Minutes
2024-11-27 13:30,USD,1,Durable Goods Orders MoM
2024-11-27 13:30,USD,1,GDP Growth Rate QoQ 2nd Est
2024-11-27 15:00,USD,1,Core PCE Price Index MoM
2024-11-27 15:00,USD,1,Personal Income MoM
2024-11-27 15:00,USD,1,Personal Spending MoM
2024-11-29 05:00,JPY,1,Consumer Confidence
2024-11-29 10:00,EUR,1,Inflation Rate YoY Flash
2024-12-02 15:00,USD,1,ISM Manufacturing PMI
2024-12-03 15:00,USD,1,JOLTs Job Openings
2024-12-04 15:00,USD,1,ISM Services PMI
2024-12-04 18:40,USD,1,Fed Chair Powell Speech
2024-12-06 13:30,USD,1,Non Farm Payrolls
2024-12-06 13:30,USD,1,Unemployment Rate
2024-12-06 15:00,USD,1,Michigan Consumer Sentiment Prel
2024-12-11 13:30,USD,1,Core Inflation Rate MoM
2024-12-11 13:30,USD,1,Core Inflation Rate YoY
2024-12-11 13:30,USD,1,Inflation Rate MoM
2024-12-11 13:30,USD,1,Inflation Rate YoY
2024-12-12 13:15,EUR,1,Deposit Facility Rate
2024-12-12 13:15,EUR,1,ECB Interest Rate Decision
2024-12-12 13:30,USD,1,PPI MoM
2024-12-12 13:45,EUR,1,ECB Press Conference
2024-12-12 23:50,JPY,1,Tankan Large Manufacturers Index
2024-12-13 07:00,GBP,1,GDP MoM
2024-12-17 07:00,GBP,1,Unemployment Rate
2024-12-17 13:30,USD,1,Retail Sales MoM
2024-12-17 23:50,JPY,1,Balance of Trade
2024-12-18 07:00,GBP,1,Inflation Rate YoY
2024-12-18 13:30,USD,1,Building Permits Prel
2024-12-18 19:00,USD,1,FOMC Economic Projections
2024-12-18 19:00,USD,1,Fed Interest Rate Decision
2024-12-18 19:30,USD,1,Fed Press Conference
2024-12-19 03:00,JPY,1,BoJ Interest Rate Decision
2024-12-19 12:00,GBP,1,BoE Interest Rate Decision
2024-12-19 13:30,USD,1,GDP Growth Rate QoQ Final
2024-12-19 23:30,JPY,1,Inflation Rate YoY
2024-12-20 07:00,GBP,1,Retail Sales MoM
2024-12-20 13:30,USD,1,Core PCE Price Index MoM
2024-12-20 13:30,USD,1,Personal Income MoM
2024-12-20 13:30,USD,1,Personal Spending MoM
2024-12-23 14:30,USD,1,Durable Goods Orders MoM
2025-01-03 15:00,USD,1,ISM Manufacturing PMI
2025-01-07 10:00,EUR,1,Inflation Rate YoY Flash
2025-01-07 10:00,EUR,1,Unemployment Rate
2025-01-07 15:00,USD,1,ISM Services PMI
2025-01-07 15:00,USD,1,JOLTs Job Openings
2025-01-08 05:00,JPY,1,Consumer Confidence
2025-01-08 19:00,USD,1,FOMC Minutes
2025-01-10 13:30,USD,1,Non Farm Payrolls
2025-01-10 13:30,USD,1,Unemployment Rate
2025-01-10 15:00,USD,1,Michigan Consumer Sentiment Prel
2025-01-14 13:30,USD,1,PPI MoM
2025-01-15 07:00,GBP,1,Inflation Rate YoY
2025-01-15 13:30,USD,1,Core Inflation Rate MoM
2025-01-15 13:30,USD,1,Core Inflation Rate YoY
2025-01-15 13:30,USD,1,Inflation Rate MoM
2025-01-15 13:30,USD,1,Inflation Rate YoY
2025-01-16 07:00,GBP,1,GDP MoM
2025-01-16 07:00,GBP,1,GDP YoY
2025-01-16 13:30,USD,1,Retail Sales MoM
2025-01-17 07:00,GBP,1,Retail Sales MoM
2025-01-17 13:30,USD,1,Building Permits Prel
2025-01-17 13:30,USD,1,Housing Starts
2025-01-20 17:00,USD,1,Inauguration Day
2025-01-21 07:00,GBP,1,Unemployment Rate
2025-01-22 23:50,JPY,1,Balance of Trade
2025-01-23 23:30,JPY,1,Inflation Rate YoY
2025-01-24 00:01,GBP,1,Gfk Consumer Confidence
2025-01-24 03:30,JPY,1,BoJ Interest Rate Decision
2025-01-24 09:30,GBP,1,S&P Global Manufacturing PMI Flash
2025-01-24 09:30,GBP,1,S&P Global Services PMI Flash
2025-01-24 15:00,USD,1,Existing Home Sales
2025-01-28 13:30,USD,1,Durable Goods Orders MoM
2025-01-29 05:00,JPY,1,Consumer Confidence
2025-01-29 19:00,USD,1,Fed Interest Rate Decision
2025-01-29 19:30,USD,1,Fed Press Conference
2025-01-30 10:00,EUR,1,GDP Growth Rate QoQ Flash
2025-01-30 10:00,EUR,1,Unemployment Rate
2025-01-30 13:15,EUR,1,Deposit Facility Rate
2025-01-30 13:15,EUR,1,ECB Interest Rate Decision
2025-01-30 13:30,USD,1,GDP Growth Rate QoQ Adv
2025-01-30 13:45,EUR,1,ECB Press Conference
2025-01-31 13:30,USD,1,Core PCE Price Index MoM
2025-01-31 13:30,USD,1,Personal Income MoM
2025-01-31 13:30,USD,1,Personal Spending MoM
2025-02-03 10:00,EUR,1,Inflation Rate YoY Flash
2025-02-03 15:00,USD,1,ISM Manufacturing PMI
2025-02-04 15:00,USD,1,JOLTs Job Openings
2025-02-05 15:00,USD,1,ISM Services PMI
2025-02-06 12:00,GBP,1,BoE Interest Rate Decision
2025-02-07 13:30,USD,1,Non Farm Payrolls
2025-02-07 13:30,USD,1,Unemployment Rate
2025-02-07 15:00,USD,1,Michigan Consumer Sentiment Prel
2025-02-11 15:00,USD,1,Fed Chair Powell Testimony
2025-02-12 13:30,USD,1,Core Inflation Rate MoM
2025-02-12 13:30,USD,1,Core Inflation Rate YoY
2025-02-12 13:30,USD,1,Inflation Rate MoM
2025-02-12 13:30,USD,1,Inflation Rate YoY
2025-02-12 15:00,USD,1,Fed Chair Powell Testimony
2025-02-13 07:00,GBP,1,GDP Growth Rate QoQ Prel
2025-02-13 07:00,GBP,1,GDP Growth Rate YoY Prel
2025-02-13 07:00,GBP,1,GDP MoM
2025-02-13 07:00,GBP,1,GDP YoY
2025-02-13 13:30,USD,1,PPI MoM
2025-02-14 13:30,USD,1,Retail Sales MoM
2025-02-16 23:50,JPY,1,GDP Growth Rate QoQ Prel
2025-02-18 07:00,GBP,1,Unemployment Rate
2025-02-18 23:50,JPY,1,Balance of Trade
2025-02-19 07:00,GBP,1,Inflation Rate YoY
2025-02-19 13:30,USD,1,Building Permits Prel
2025-02-19 13:30,USD,1,Housing Starts
2025-02-19 19:00,USD,1,FOMC Minutes
2025-02-20 23:30,JPY,1,Inflation Rate YoY
2025-02-21 07:00,GBP,1,Retail Sales MoM
2025-02-21 09:30,GBP,1,S&P Global Manufacturing PMI Flash
2025-02-21 09:30,GBP,1,S&P Global Services PMI Flash
2025-02-21 15:00,USD,1,Existing Home Sales
2025-02-27 13:30,USD,1,Durable Goods Orders MoM
2025-02-27 13:30,USD,1,GDP Growth Rate QoQ 2nd Est
2025-02-28 13:30,USD,1,Core PCE Price Index MoM
2025-02-28 13:30,USD,1,Personal Income MoM
2025-02-28 13:30,USD,1,Personal Spending MoM
2025-03-03 10:00,EUR,1,Inflation Rate YoY Flash
2025-03-03 15:00,USD,1,ISM Manufacturing PMI
2025-03-04 05:00,JPY,1,Consumer Confidence
2025-03-05 15:00,USD,1,ISM Services PMI
2025-03-06 13:15,EUR,1,Deposit Facility Rate
2025-03-06 13:15,EUR,1,ECB Interest Rate Decision
2025-03-06 13:45,EUR,1,ECB Press Conference
2025-03-07 13:30,USD,1,Non Farm Payrolls
2025-03-07 13:30,USD,1,Unemployment Rate
2025-03-07 17:30,USD,1,Fed Chair Powell Speech
2025-03-11 14:00,USD,1,JOLTs Job Openings
2025-03-12 12:30,USD,1,Core Inflation Rate MoM
2025-03-12 12:30,USD,1,Core Inflation Rate YoY
2025-03-12 12:30,USD,1,Inflation Rate MoM
2025-03-12 12:30,USD,1,Inflation Rate YoY
2025-03-13 12:30,USD,1,PPI MoM
2025-03-14 07:00,GBP,1,GDP MoM
2025-03-14 14:00,USD,1,Michigan Consumer Sentiment Prel
2025-03-17 12:30,USD,1,Retail Sales MoM
2025-03-18 12:30,USD,1,Building Permits Prel
2025-03-18 12:30,USD,1,Housing Starts
2025-03-18 23:50,JPY,1,Balance of Trade
2025-03-19 03:00,JPY,1,BoJ Interest Rate Decision
2025-03-19 18:00,USD,1,FOMC Economic Projections
2025-03-19 18:00,USD,1,Fed Interest Rate Decision
2025-03-19 18:30,USD,1,Fed Press Conference
2025-03-20 07:00,GBP,1,Unemployment Rate
2025-03-20 12:00,GBP,1,BoE Interest Rate Decision
2025-03-20 14:00,USD,1,Existing Home Sales
2025-03-20 23:30,JPY,1,Inflation Rate YoY
2025-03-24 09:30,GBP,1,S&P Global Manufacturing PMI Flash
2025-03-24 09:30,GBP,1,S&P Global Services PMI Flash
2025-03-26 07:00,GBP,1,Inflation Rate YoY
2025-03-26 12:30,USD,1,Durable Goods Orders MoM
2025-03-27 12:30,USD,1,GDP Growth Rate QoQ Final
2025-03-28 07:00,GBP,1,Retail Sales MoM
2025-03-28 12:30,USD,1,Core PCE Price Index MoM
2025-03-28 12:30,USD,1,Personal Income MoM
2025-03-28 12:30,USD,1,Personal Spending MoM
2025-03-31 23:50,JPY,1,Tankan Large Manufacturers Index
2025-04-01 09:00,EUR,1,Inflation Rate YoY Flash
2025-04-01 14:00,USD,1,ISM Manufacturing PMI
2025-04-01 14:00,USD,1,JOLTs Job Openings
2025-04-02 20:00,USD,1,Reciprocal Tariff Plan Announcement
2025-04-03 14:00,USD,1,ISM Services PMI
2025-04-04 12:30,USD,1,Non Farm Payrolls
2025-04-04 12:30,USD,1,Unemployment Rate
2025-04-04 15:25,USD,1,Fed Chair Powell Speech
2025-04-09 05:00,JPY,1,Consumer Confidence
2025-04-09 18:00,USD,1,FOMC Minutes
2025-04-10 12:30,USD,1,Core Inflation Rate MoM
2025-04-10 12:30,USD,1,Core Inflation Rate YoY
2025-04-10 12:30,USD,1,Inflation Rate MoM
2025-04-10 12:30,USD,1,Inflation Rate YoY
2025-04-11 06:00,GBP,1,GDP MoM
2025-04-11 12:30,USD,1,PPI MoM
2025-04-11 14:00,USD,1,Michigan Consumer Sentiment Prel
2025-04-15 06:00,GBP,1,Unemployment Rate
2025-04-16 06:00,GBP,1,Inflation Rate YoY
2025-04-16 12:30,USD,1,Retail Sales MoM
2025-04-16 17:30,USD,1,Fed Chair Powell Speech
2025-04-16 23:50,JPY,1,Balance of Trade
2025-04-17 12:15,EUR,1,Deposit Facility Rate
2025-04-17 12:15,EUR,1,ECB Interest Rate Decision
2025-04-17 12:30,USD,1,Building Permits Prel
2025-04-17 12:30,USD,1,Housing Starts
2025-04-17 12:45,EUR,1,ECB Press Conference
2025-04-17 23:30,JPY,1,Inflation Rate YoY
2025-04-23 08:30,GBP,1,S&P Global Manufacturing PMI Flash
2025-04-23 08:30,GBP,1,S&P Global Services PMI Flash
2025-04-24 12:30,USD,1,Durable Goods Orders MoM
2025-04-24 14:00,USD,1,Existing Home Sales
2025-04-25 06:00,GBP,1,Retail Sales MoM
2025-04-29 14:00,USD,1,JOLTs Job Openings
2025-04-30 09:00,EUR,1,GDP Growth Rate QoQ Flash
2025-04-30 09:00,EUR,1,GDP Growth Rate YoY Flash
2025-04-30 12:30,USD,1,GDP Growth Rate QoQ Adv
2025-04-30 14:00,USD,1,Core PCE Price Index MoM
2025-04-30 14:00,USD,1,Personal Income MoM
2025-04-30 14:00,USD,1,Personal Spending MoM
2025-05-01 03:00,JPY,1,BoJ Interest Rate Decision
2025-05-01 05:00,JPY,1,Consumer Confidence
2025-05-01 14:00,USD,1,ISM Manufacturing PMI
2025-05-02 09:00,EUR,1,Inflation Rate YoY Flash
2025-05-02 12:30,USD,1,Non Farm Payrolls
2025-05-02 12:30,USD,1,Unemployment Rate
2025-05-05 14:00,USD,1,ISM Services PMI
2025-05-07 18:00,USD,1,Fed Interest Rate Decision
2025-05-07 18:30,USD,1,Fed Press Conference
2025-05-08 11:02,GBP,1,BoE Interest Rate Decision
2025-05-13 06:00,GBP,1,Unemployment Rate
2025-05-13 12:30,USD,1,Core Inflation Rate MoM
2025-05-13 12:30,USD,1,Core Inflation Rate YoY
2025-05-13 12:30,USD,1,Inflation Rate MoM
2025-05-13 12:30,USD,1,Inflation Rate YoY
2025-05-15 06:00,GBP,1,GDP Growth Rate QoQ Prel
2025-05-15 06:00,GBP,1,GDP Growth Rate YoY Prel
2025-05-15 06:00,GBP,1,GDP MoM
2025-05-15 12:30,USD,1,PPI MoM
2025-05-15 12:30,USD,1,Retail Sales MoM
2025-05-15 23:50,JPY,1,GDP Growth Rate QoQ Prel
2025-05-16 12:30,USD,1,Building Permits Prel
2025-05-16 12:30,USD,1,Housing Starts
2025-05-16 14:00,USD,1,Michigan Consumer Sentiment Prel
2025-05-20 23:50,JPY,1,Balance of Trade
2025-05-21 06:00,GBP,1,Inflation Rate YoY
2025-05-22 08:30,GBP,1,S&P Global Manufacturing PMI Flash
2025-05-22 08:30,GBP,1,S&P Global Services PMI Flash
2025-05-22 14:00,USD,1,Existing Home Sales
2025-05-22 23:30,JPY,1,Inflation Rate YoY
2025-05-23 06:00,GBP,1,Retail Sales MoM
2025-05-27 12:30,USD,1,Durable Goods Orders MoM
2025-05-28 18:00,USD,1,FOMC Minutes
2025-05-29 05:00,JPY,1,Consumer Confidence
2025-05-29 12:30,USD,1,GDP Growth Rate QoQ 2nd Est
2025-05-30 12:30,USD,1,Core PCE Price Index MoM
2025-05-30 12:30,USD,1,Personal Income MoM
2025-05-30 12:30,USD,1,Personal Spending MoM
2025-06-02 14:00,USD,1,ISM Manufacturing PMI
2025-06-02 17:00,USD,1,Fed Chair Powell Speech
2025-06-03 09:00,EUR,1,Inflation Rate YoY Flash
2025-06-03 14:00,USD,1,JOLTs Job Openings
2025-06-04 14:00,USD,1,ISM Services PMI
2025-06-05 12:15,EUR,1,Deposit Facility Rate
2025-06-05 12:15,EUR,1,ECB Interest Rate Decision
2025-06-05 12:45,EUR,1,ECB Press Conference
2025-06-06 12:30,USD,1,Non Farm Payrolls
2025-06-06 12:30,USD,1,Unemployment Rate
2025-06-10 06:00,GBP,1,Unemployment Rate
2025-06-11 12:30,USD,1,Core Inflation Rate MoM
2025-06-11 12:30,USD,1,Core Inflation Rate YoY
2025-06-11 12:30,USD,1,Inflation Rate MoM
2025-06-11 12:30,USD,1,Inflation Rate YoY
2025-06-12 06:00,GBP,1,GDP MoM
2025-06-12 12:30,USD,1,PPI MoM
2025-06-13 14:00,USD,1,Michigan Consumer Sentiment Prel
2025-06-17 03:00,JPY,1,BoJ Interest Rate Decision
2025-06-17 12:30,USD,1,Retail Sales MoM
2025-06-17 23:50,JPY,1,Balance of Trade
2025-06-18 06:00,GBP,1,Inflation Rate YoY
2025-06-18 12:30,USD,1,Building Permits Prel
2025-06-18 12:30,USD,1,Housing Starts
2025-06-18 18:00,USD,1,FOMC Economic Projections
2025-06-18 18:00,USD,1,Fed Interest Rate Decision
2025-06-18 18:30,USD,1,Fed Press Conference
2025-06-19 11:00,GBP,1,BoE Interest Rate Decision
2025-06-19 23:30,JPY,1,Inflation Rate YoY
2025-06-20 06:00,GBP,1,Retail Sales MoM
2025-06-23 08:30,GBP,1,S&P Global Manufacturing PMI Flash
2025-06-23 08:30,GBP,1,S&P Global Services PMI Flash
2025-06-23 14:00,USD,1,Existing Home Sales
2025-06-24 14:00,USD,1,Fed Chair Powell Testimony
2025-06-25 14:00,USD,1,Fed Chair Powell Testimony
2025-06-26 12:30,USD,1,Durable Goods Orders MoM
2025-06-26 12:30,USD,1,GDP Growth Rate QoQ Final
2025-06-27 12:30,USD,1,Core PCE Price Index MoM
2025-06-27 12:30,USD,1,Personal Income MoM
2025-06-27 12:30,USD,1,Personal Spending MoM
2025-06-30 23:50,JPY,1,Tankan Large Manufacturers Index
2025-07-01 05:00,JPY,1,Consumer Confidence
2025-07-01 09:00,EUR,1,Inflation Rate YoY Flash
2025-07-01 14:00,USD,1,ISM Manufacturing PMI
2025-07-01 14:00,USD,1,JOLTs Job Openings
2025-07-03 12:30,USD,1,Non Farm Payrolls
2025-07-03 12:30,USD,1,Unemployment Rate
2025-07-03 14:00,USD,1,ISM Services PMI
2025-07-09 18:00,USD,1,FOMC Minutes
2025-07-11 06:00,GBP,1,GDP MoM
2025-07-15 12:30,USD,1,Core Inflation Rate MoM
2025-07-15 12:30,USD,1,Core Inflation Rate YoY
2025-07-15 12:30,USD,1,Inflation Rate MoM
2025-07-15 12:30,USD,1,Inflation Rate YoY
2025-07-16 06:00,GBP,1,Inflation Rate YoY
2025-07-16 12:30,USD,1,PPI MoM
2025-07-16 23:50,JPY,1,Balance of Trade
2025-07-17 06:00,GBP,1,Unemployment Rate
2025-07-17 12:30,USD,1,Retail Sales MoM
2025-07-17 23:30,JPY,1,Inflation Rate YoY
2025-07-18 12:30,USD,1,Building Permits Prel
2025-07-18 12:30,USD,1,Housing Starts
2025-07-18 14:00,USD,1,Michigan Consumer Sentiment Prel
2025-07-22 12:30,USD,1,Fed Chair Powell Speech
2025-07-23 14:00,USD,1,Existing Home Sales
2025-07-24 08:30,GBP,1,S&P Global Manufacturing PMI Flash
2025-07-24 08:30,GBP,1,S&P Global Services PMI Flash
2025-07-24 12:15,EUR,1,Deposit Facility Rate
2025-07-24 12:15,EUR,1,ECB Interest Rate Decision
2025-07-24 12:45,EUR,1,ECB Press Conference
2025-07-25 06:00,GBP,1,Retail Sales MoM
2025-07-25 12:30,USD,1,Durable Goods Orders MoM
2025-07-29 14:00,USD,1,JOLTs Job Openings
2025-07-30 09:00,EUR,1,GDP Growth Rate QoQ Flash
2025-07-30 09:00,EUR,1,GDP Growth Rate YoY Flash
2025-07-30 12:30,USD,1,GDP Growth Rate QoQ Adv
2025-07-30 18:00,USD,1,Fed Interest Rate Decision
2025-07-30 18:30,USD,1,Fed Press Conference
2025-07-31 03:00,JPY,1,BoJ Interest Rate Decision
2025-07-31 05:00,JPY,1,Consumer Confidence
2025-07-31 12:30,USD,1,Core PCE Price Index MoM
2025-07-31 12:30,USD,1,Personal Income MoM
2025-07-31 12:30,USD,1,Personal Spending MoM
2025-08-01 09:00,EUR,1,Inflation Rate YoY Flash
2025-08-01 12:30,USD,1,Non Farm Payrolls
2025-08-01 12:30,USD,1,Unemployment Rate
2025-08-01 14:00,USD,1,ISM Manufacturing PMI
2025-08-05 14:00,USD,1,ISM Services PMI
2025-08-07 11:00,GBP,1,BoE Interest Rate Decision
2025-08-12 06:00,GBP,1,Unemployment Rate
2025-08-12 12:30,USD,1,Core Inflation Rate MoM
2025-08-12 12:30,USD,1,Core Inflation Rate YoY
2025-08-12 12:30,USD,1,Inflation Rate MoM
2025-08-12 12:30,USD,1,Inflation Rate YoY
2025-08-14 06:00,GBP,1,GDP Growth Rate QoQ Prel
2025-08-14 06:00,GBP,1,GDP Growth Rate YoY Prel
2025-08-14 06:00,GBP,1,GDP MoM
2025-08-14 12:30,USD,1,PPI MoM
2025-08-14 23:50,JPY,1,GDP Growth Rate QoQ Prel
2025-08-15 12:30,USD,1,Retail Sales MoM
2025-08-15 14:00,USD,1,Michigan Consumer Sentiment Prel
2025-08-19 12:30,USD,1,Building Permits Prel
2025-08-19 12:30,USD,1,Housing Starts
2025-08-19 23:50,JPY,1,Balance of Trade
2025-08-20 06:00,GBP,1,Inflation Rate YoY
2025-08-20 18:00,USD,1,FOMC Minutes
2025-08-21 08:30,GBP,1,S&P Global Manufacturing PMI Flash
2025-08-21 08:30,GBP,1,S&P Global Services PMI Flash
2025-08-21 14:00,USD,1,Existing Home Sales
2025-08-21 23:30,JPY,1,Inflation Rate YoY
2025-08-22 14:00,USD,1,Fed Chair Powell Speech
2025-08-26 12:30,USD,1,Durable Goods Orders MoM
2025-08-28 12:30,USD,1,GDP Growth Rate QoQ 2nd Est
2025-08-29 05:00,JPY,1,Consumer Confidence
2025-08-29 12:30,USD,1,Core PCE Price Index MoM
2025-08-29 12:30,USD,1,Personal Income MoM
2025-08-29 12:30,USD,1,Personal Spending MoM
2025-09-02 09:00,EUR,1,Inflation Rate YoY Flash
2025-09-02 14:00,USD,1,ISM Manufacturing PMI
2025-09-03 14:00,USD,1,JOLTs Job Openings
2025-09-04 14:00,USD,1,ISM Services PMI
2025-09-05 06:00,GBP,1,Retail Sales MoM
2025-09-05 12:30,USD,1,Non Farm Payrolls
2025-09-05 12:30,USD,1,Unemployment Rate
2025-09-09 14:00,USD,1,Non Farm Payrolls Annual Revision
2025-09-10 12:30,USD,1,PPI MoM
2025-09-11 12:15,EUR,1,Deposit Facility Rate
2025-09-11 12:15,EUR,1,ECB Interest Rate Decision
2025-09-11 12:30,USD,1,Core Inflation Rate MoM
2025-09-11 12:30,USD,1,Core Inflation Rate YoY
2025-09-11 12:30,USD,1,Inflation Rate MoM
2025-09-11 12:30,USD,1,Inflation Rate YoY
2025-09-11 12:45,EUR,1,ECB Press Conference
2025-09-12 06:00,GBP,1,GDP MoM
2025-09-12 14:00,USD,1,Michigan Consumer Sentiment Prel
2025-09-16 06:00,GBP,1,Unemployment Rate
2025-09-16 12:30,USD,1,Retail Sales MoM
2025-09-16 23:50,JPY,1,Balance of Trade
2025-09-17 06:00,GBP,1,Inflation Rate YoY
2025-09-17 12:30,USD,1,Building Permits Prel
2025-09-17 12:30,USD,1,Housing Starts
2025-09-17 18:00,USD,1,FOMC Economic Projections
2025-09-17 18:00,USD,1,Fed Interest Rate Decision
2025-09-17 18:30,USD,1,Fed Press Conference
2025-09-18 11:00,GBP,1,BoE Interest Rate Decision
2025-09-18 23:30,JPY,1,Inflation Rate YoY
2025-09-19 03:50,JPY,1,BoJ Interest Rate Decision
2025-09-19 06:00,GBP,1,Retail Sales MoM
2025-09-23 08:30,GBP,1,S&P Global Manufacturing PMI Flash
2025-09-23 08:30,GBP,1,S&P Global Services PMI Flash
2025-09-23 16:35,USD,1,Fed Chair Powell Speech
2025-09-25 12:30,USD,1,Durable Goods Orders MoM
2025-09-25 12:30,USD,1,GDP Growth Rate QoQ Final
2025-09-25 13:45,USD,1,Existing Home Sales
2025-09-26 12:30,USD,1,Core PCE Price Index MoM
2025-09-26 12:30,USD,1,Personal Income MoM
2025-09-26 12:30,USD,1,Personal Spending MoM
2025-09-30 14:00,USD,1,JOLTs Job Openings
2025-09-30 23:50,JPY,1,Tankan Large Manufacturers Index
2025-10-01 09:00,EUR,1,Inflation Rate YoY Flash
2025-10-01 14:00,USD,1,ISM Manufacturing PMI
2025-10-02 05:00,JPY,1,Consumer Confidence
2025-10-03 14:00,USD,1,ISM Services PMI
2025-10-08 18:00,USD,1,FOMC Minutes
2025-10-10 14:00,USD,1,Michigan Consumer Sentiment Prel
2025-10-14 06:00,GBP,1,Unemployment Rate
2025-10-14 16:20,USD,1,Fed Chair Powell Speech
2025-10-16 06:00,GBP,1,GDP MoM
2025-10-21 23:50,JPY,1,Balance of Trade
2025-10-22 06:00,GBP,1,Inflation Rate YoY
2025-10-23 14:00,USD,1,Existing Home Sales
2025-10-23 23:30,JPY,1,Inflation Rate YoY
2025-10-24 06:00,GBP,1,Retail Sales MoM
2025-10-24 08:30,GBP,1,S&P Global Manufacturing PMI Flash
2025-10-24 08:30,GBP,1,S&P Global Services PMI Flash
2025-10-24 12:30,USD,1,Core Inflation Rate MoM
2025-10-24 12:30,USD,1,Core Inflation Rate YoY
2025-10-24 12:30,USD,1,Inflation Rate MoM
2025-10-24 12:30,USD,1,Inflation Rate YoY
2025-10-29 05:00,JPY,1,Consumer Confidence
2025-10-29 18:00,USD,1,Fed Interest Rate Decision
2025-10-29 18:30,USD,1,Fed Press Conference
2025-10-30 03:00,JPY,1,BoJ Interest Rate Decision
2025-10-30 10:00,EUR,1,GDP Growth Rate QoQ Flash
2025-10-30 10:00,EUR,1,GDP Growth Rate YoY Flash
2025-10-30 12:30,USD,1,GDP Growth Rate QoQ Adv
2025-10-30 13:15,EUR,1,Deposit Facility Rate
2025-10-30 13:15,EUR,1,ECB Interest Rate Decision
2025-10-30 13:45,EUR,1,ECB Press Conference
2025-10-31 10:00,EUR,1,Inflation Rate YoY Flash
2025-11-03 15:00,USD,1,ISM Manufacturing PMI
2025-11-05 15:00,USD,1,ISM Services PMI
2025-11-06 12:00,GBP,1,BoE Interest Rate Decision
2025-11-07 15:00,USD,1,Michigan Consumer Sentiment Prel
2025-11-11 07:00,GBP,1,Unemployment Rate
2025-11-13 07:00,GBP,1,GDP Growth Rate QoQ Prel
2025-11-13 07:00,GBP,1,GDP Growth Rate YoY Prel
2025-11-13 07:00,GBP,1,GDP MoM
2025-11-16 23:50,JPY,1,GDP Growth Rate QoQ Prel
2025-11-19 07:00,GBP,1,Inflation Rate YoY
2025-11-19 19:00,USD,1,FOMC Minutes
2025-11-20 13:30,USD,1,Non Farm Payrolls
2025-11-20 13:30,USD,1,Unemployment Rate
2025-11-20 15:00,USD,1,Existing Home Sales
2025-11-20 23:30,JPY,1,Inflation Rate YoY
2025-11-20 23:50,JPY,1,Balance of Trade
2025-11-21 07:00,GBP,1,Retail Sales MoM
2025-11-21 09:30,GBP,1,S&P Global Manufacturing PMI Flash
2025-11-21 09:30,GBP,1,S&P Global Services PMI Flash
2025-11-25 13:30,USD,1,PPI MoM
2025-11-25 13:30,USD,1,Retail Sales MoM
2025-11-26 12:30,GBP,1,Autumn Budget 2025
2025-11-26 13:30,USD,1,Durable Goods Orders MoM
2025-12-01 15:00,USD,1,ISM Manufacturing PMI
2025-12-02 05:00,JPY,1,Consumer Confidence
2025-12-02 10:00,EUR,1,Inflation Rate YoY Flash
2025-12-03 15:00,USD,1,ISM Services PMI
2025-12-05 15:00,USD,1,Core PCE Price Index MoM
2025-12-05 15:00,USD,1,Michigan Consumer Sentiment Prel
2025-12-05 15:00,USD,1,Personal Income MoM
2025-12-05 15:00,USD,1,Personal Spending MoM
2025-12-09 15:00,USD,1,JOLTs Job Openings
2025-12-10 19:00,USD,1,FOMC Economic Projections
2025-12-10 19:00,USD,1,Fed Interest Rate Decision
2025-12-10 19:30,USD,1,Fed Press Conference
2025-12-12 07:00,GBP,1,GDP MoM
2025-12-14 23:50,JPY,1,Tankan Large Manufacturers Index
2025-12-16 07:00,GBP,1,Unemployment Rate
2025-12-16 09:30,GBP,1,S&P Global Manufacturing PMI Flash
2025-12-16 09:30,GBP,1,S&P Global Services PMI Flash
2025-12-16 13:30,USD,1,Non Farm Payrolls
2025-12-16 13:30,USD,1,Retail Sales MoM
2025-12-16 13:30,USD,1,Unemployment Rate
2025-12-16 23:50,JPY,1,Balance of Trade
2025-12-17 07:00,GBP,1,Inflation Rate YoY
2025-12-18 12:00,GBP,1,BoE Interest Rate Decision
2025-12-18 13:15,EUR,1,Deposit Facility Rate
2025-12-18 13:15,EUR,1,ECB Interest Rate Decision
2025-12-18 13:30,USD,1,Core Inflation Rate MoM
2025-12-18 13:30,USD,1,Core Inflation Rate YoY
2025-12-18 13:30,USD,1,Inflation Rate MoM
2025-12-18 13:30,USD,1,Inflation Rate YoY
2025-12-18 13:45,EUR,1,ECB Press Conference
2025-12-18 23:30,JPY,1,Inflation Rate YoY
2025-12-19 03:30,JPY,1,BoJ Interest Rate Decision
2025-12-19 07:00,GBP,1,Retail Sales MoM
2025-12-19 15:00,USD,1,Existing Home Sales
2025-12-20 02:00,USD,1,US President Trump Speech
2025-12-23 13:30,USD,1,Durable Goods Orders MoM
2025-12-23 13:30,USD,1,GDP Growth Rate QoQ
2025-12-30 19:00,USD,1,FOMC Minutes
2026-01-05 15:00,USD,1,ISM Manufacturing PMI
2026-01-07 10:00,EUR,1,Inflation Rate YoY Flash
2026-01-07 15:00,USD,1,ISM Services PMI
2026-01-07 15:00,USD,1,JOLTs Job Openings
2026-01-08 05:00,JPY,1,Consumer Confidence
2026-01-09 13:30,USD,1,Building Permits Prel
2026-01-09 13:30,USD,1,Housing Starts
2026-01-09 13:30,USD,1,Non Farm Payrolls
2026-01-09 13:30,USD,1,Unemployment Rate
2026-01-09 15:00,USD,1,Michigan Consumer Sentiment Prel
2026-01-13 13:30,USD,1,Core Inflation Rate MoM
2026-01-13 13:30,USD,1,Core Inflation Rate YoY
2026-01-13 13:30,USD,1,Inflation Rate MoM
2026-01-13 13:30,USD,1,Inflation Rate YoY
2026-01-14 13:30,USD,1,PPI MoM
2026-01-14 13:30,USD,1,Retail Sales MoM
2026-01-14 15:00,USD,1,Existing Home Sales
2026-01-15 07:00,GBP,1,GDP MoM
2026-01-20 07:00,GBP,1,Unemployment Rate
2026-01-21 07:00,GBP,1,Inflation Rate YoY
2026-01-21 23:50,JPY,1,Balance of Trade
2026-01-22 13:30,USD,1,GDP Growth Rate QoQ Final
2026-01-22 15:00,USD,1,Core PCE Price Index MoM
2026-01-22 15:00,USD,1,Personal Income MoM
2026-01-22 15:00,USD,1,Personal Spending MoM
2026-01-22 23:30,JPY,1,Inflation Rate YoY
2026-01-23 03:00,JPY,1,BoJ Interest Rate Decision
2026-01-23 07:00,GBP,1,Retail Sales MoM
2026-01-23 09:30,GBP,1,S&P Global Manufacturing PMI Flash
2026-01-23 09:30,GBP,1,S&P Global Services PMI Flash
2026-01-26 13:30,USD,1,Durable Goods Orders MoM
2026-01-28 19:00,USD,1,Fed Interest Rate Decision
2026-01-28 19:30,USD,1,Fed Press Conference
2026-01-29 05:00,JPY,1,Consumer Confidence
2026-01-30 10:00,EUR,1,GDP Growth Rate QoQ Flash
2026-01-30 10:00,EUR,1,GDP Growth Rate YoY Flash
2026-01-30 13:30,USD,1,PPI MoM
2026-02-02 15:00,USD,1,ISM Manufacturing PMI
2026-02-04 10:00,EUR,1,Inflation Rate YoY Flash
2026-02-04 15:00,USD,1,ISM Services PMI
2026-02-05 12:00,GBP,1,BoE Interest Rate Decision
2026-02-05 13:15,EUR,1,Deposit Facility Rate
2026-02-05 13:15,EUR,1,ECB Interest Rate Decision
2026-02-05 13:45,EUR,1,ECB Press Conference
2026-02-05 15:00,USD,1,JOLTs Job Openings
2026-02-06 15:00,USD,1,Michigan Consumer Sentiment Prel
2026-02-10 13:30,USD,1,Retail Sales MoM
2026-02-11 13:30,USD,1,Non Farm Payrolls
2026-02-11 13:30,USD,1,Unemployment Rate
2026-02-12 07:00,GBP,1,GDP Growth Rate QoQ Prel
2026-02-12 07:00,GBP,1,GDP Growth Rate YoY Prel
2026-02-12 07:00,GBP,1,GDP MoM
2026-02-12 15:00,USD,1,Existing Home Sales
2026-02-13 13:30,USD,1,Core Inflation Rate MoM
2026-02-13 13:30,USD,1,Core Inflation Rate YoY
2026-02-13 13:30,USD,1,Inflation Rate MoM
2026-02-13 13:30,USD,1,Inflation Rate YoY
2026-02-15 23:50,JPY,1,GDP Growth Rate QoQ Prel
2026-02-17 07:00,GBP,1,Unemployment Rate
2026-02-17 23:50,JPY,1,Balance of Trade
2026-02-18 07:00,GBP,1,Inflation Rate YoY
2026-02-18 13:30,USD,1,Building Permits Prel
2026-02-18 13:30,USD,1,Durable Goods Orders MoM
2026-02-18 13:30,USD,1,Housing Starts
2026-02-18 19:00,USD,1,FOMC Minutes
2026-02-19 23:30,JPY,1,Inflation Rate YoY
2026-02-20 07:00,GBP,1,Retail Sales MoM
2026-02-20 09:30,GBP,1,S&P Global Manufacturing PMI Flash
2026-02-20 09:30,GBP,1,S&P Global Services PMI Flash
2026-02-20 13:30,USD,1,Core PCE Price Index MoM
2026-02-20 13:30,USD,1,GDP Growth Rate QoQ Adv
2026-02-20 13:30,USD,1,Personal Income MoM
2026-02-20 13:30,USD,1,Personal Spending MoM
2026-02-25 02:00,USD,1,President Trump State of the Union Speech
2026-02-27 13:30,USD,1,PPI MoM
2026-03-02 15:00,USD,1,ISM Manufacturing PMI
2026-03-03 10:00,EUR,1,Inflation Rate YoY Flash
2026-03-04 05:00,JPY,1,Consumer Confidence
2026-03-04 15:00,USD,1,ISM Services PMI
2026-03-06 13:30,USD,1,Non Farm Payrolls
2026-03-06 13:30,USD,1,Retail Sales MoM
2026-03-06 13:30,USD,1,Unemployment Rate
2026-03-10 14:00,USD,1,Existing Home Sales
2026-03-11 12:30,USD,1,Core Inflation Rate MoM
2026-03-11 12:30,USD,1,Core Inflation Rate YoY
2026-03-11 12:30,USD,1,Inflation Rate MoM
2026-03-11 12:30,USD,1,Inflation Rate YoY
2026-03-12 12:30,USD,1,Building Permits Prel
2026-03-12 12:30,USD,1,Housing Starts
2026-03-13 07:00,GBP,1,GDP MoM
2026-03-13 12:30,USD,1,Core PCE Price Index MoM
2026-03-13 12:30,USD,1,Durable Goods Orders MoM
2026-03-13 12:30,USD,1,GDP Growth Rate QoQ 2nd Est
2026-03-13 12:30,USD,1,Personal Income MoM
2026-03-13 12:30,USD,1,Personal Spending MoM
2026-03-13 14:00,USD,1,JOLTs Job Openings
2026-03-13 14:00,USD,1,Michigan Consumer Sentiment Prel
2026-03-17 23:50,JPY,1,Balance of Trade
2026-03-18 12:30,USD,1,PPI MoM
2026-03-18 18:00,USD,1,FOMC Economic Projections
2026-03-18 18:00,USD,1,Fed Interest Rate Decision
2026-03-18 18:30,USD,1,Fed Press Conference
2026-03-19 03:00,JPY,1,BoJ Interest Rate Decision
2026-03-19 07:00,GBP,1,Unemployment Rate
2026-03-19 12:00,GBP,1,BoE Interest Rate Decision
2026-03-19 13:15,EUR,1,Deposit Facility Rate
2026-03-19 13:15,EUR,1,ECB Interest Rate Decision
2026-03-19 13:45,EUR,1,ECB Press Conference
2026-03-23 23:30,JPY,1,Inflation Rate YoY
2026-03-24 09:30,GBP,1,S&P Global Manufacturing PMI Flash
2026-03-24 09:30,GBP,1,S&P Global Services PMI Flash
2026-03-25 07:00,GBP,1,Inflation Rate YoY
2026-03-27 07:00,GBP,1,Retail Sales MoM
2026-03-31 09:00,EUR,1,Inflation Rate YoY Flash
2026-03-31 14:00,USD,1,JOLTs Job Openings
2026-03-31 23:50,JPY,1,Tankan Large Manufacturers Index
2026-04-01 12:30,USD,1,Retail Sales MoM
2026-04-01 14:00,USD,1,ISM Manufacturing PMI
2026-04-02 01:00,USD,1,US President Trump Speech
2026-04-03 12:30,USD,1,Non Farm Payrolls
2026-04-03 12:30,USD,1,Unemployment Rate
2026-04-06 14:00,USD,1,ISM Services PMI
2026-04-07 12:30,USD,1,Durable Goods Orders MoM
2026-04-08 18:00,USD,1,FOMC Minutes
2026-04-09 05:00,JPY,1,Consumer Confidence
2026-04-09 12:30,USD,1,Core PCE Price Index MoM
2026-04-09 12:30,USD,1,GDP Growth Rate QoQ Final
2026-04-09 12:30,USD,1,Personal Income MoM
2026-04-09 12:30,USD,1,Personal Spending MoM
2026-04-10 12:30,USD,1,Core Inflation Rate MoM
2026-04-10 12:30,USD,1,Core Inflation Rate YoY
2026-04-10 12:30,USD,1,Inflation Rate MoM
2026-04-10 12:30,USD,1,Inflation Rate YoY
2026-04-10 14:00,USD,1,Michigan Consumer Sentiment Prel
2026-04-13 14:00,USD,1,Existing Home Sales
2026-04-14 12:30,USD,1,PPI MoM
2026-04-16 06:00,GBP,1,GDP MoM
2026-04-21 06:00,GBP,1,Unemployment Rate
2026-04-21 12:30,USD,1,Retail Sales MoM
2026-04-21 23:50,JPY,1,Balance of Trade
2026-04-22 06:00,GBP,1,Inflation Rate YoY
2026-04-23 08:30,GBP,1,S&P Global Manufacturing PMI Flash
2026-04-23 08:30,GBP,1,S&P Global Services PMI Flash
2026-04-23 23:30,JPY,1,Inflation Rate YoY
2026-04-24 06:00,GBP,1,Retail Sales MoM
2026-04-28 03:00,JPY,1,BoJ Interest Rate Decision
2026-04-29 12:30,USD,1,Building Permits Prel
2026-04-29 12:30,USD,1,Durable Goods Orders MoM
2026-04-29 12:30,USD,1,Housing Starts
2026-04-29 18:00,USD,1,Fed Interest Rate Decision
2026-04-29 18:30,USD,1,Fed Press Conference
2026-04-30 05:00,JPY,1,Consumer Confidence
2026-04-30 09:00,EUR,1,GDP Growth Rate QoQ Flash
2026-04-30 09:00,EUR,1,GDP Growth Rate YoY Flash
2026-04-30 09:00,EUR,1,Inflation Rate YoY Flash
2026-04-30 11:00,GBP,1,BoE Interest Rate Decision
2026-04-30 12:15,EUR,1,Deposit Facility Rate
2026-04-30 12:15,EUR,1,ECB Interest Rate Decision
2026-04-30 12:30,USD,1,Core PCE Price Index MoM
2026-04-30 12:30,USD,1,GDP Growth Rate QoQ Adv
2026-04-30 12:30,USD,1,Personal Income MoM
2026-04-30 12:30,USD,1,Personal Spending MoM
2026-04-30 12:45,EUR,1,ECB Press Conference
2026-05-01 14:00,USD,1,ISM Manufacturing PMI
2026-05-05 14:00,USD,1,ISM Services PMI
2026-05-05 14:00,USD,1,JOLTs Job Openings
2026-05-07 00:00,GBP,1,Local Elections
2026-05-08 12:30,USD,1,Non Farm Payrolls
2026-05-08 12:30,USD,1,Unemployment Rate
2026-05-08 14:00,USD,1,Michigan Consumer Sentiment Prel
2026-05-11 14:00,USD,1,Existing Home Sales
2026-05-12 12:30,USD,1,Core Inflation Rate MoM
2026-05-12 12:30,USD,1,Core Inflation Rate YoY
2026-05-12 12:30,USD,1,Inflation Rate MoM
2026-05-12 12:30,USD,1,Inflation Rate YoY
2026-05-13 12:30,USD,1,PPI MoM
2026-05-14 06:00,GBP,1,GDP Growth Rate QoQ Prel
2026-05-14 06:00,GBP,1,GDP Growth Rate YoY Prel
2026-05-14 06:00,GBP,1,GDP MoM
2026-05-14 12:30,USD,1,Retail Sales MoM
2026-05-18 23:50,JPY,1,GDP Growth Rate QoQ Prel
2026-05-19 06:00,GBP,1,Unemployment Rate
2026-05-20 06:00,GBP,1,Inflation Rate YoY
2026-05-20 18:00,USD,1,FOMC Minutes
2026-05-20 23:50,JPY,1,Balance of Trade
2026-05-21 08:30,GBP,1,S&P Global Manufacturing PMI Flash
2026-05-21 08:30,GBP,1,S&P Global Services PMI Flash
2026-05-21 12:30,USD,1,Building Permits Prel
2026-05-21 12:30,USD,1,Housing Starts
2026-05-21 23:30,JPY,1,Inflation Rate YoY
2026-05-22 06:00,GBP,1,Retail Sales MoM
2026-05-28 12:30,USD,1,Core PCE Price Index MoM
2026-05-28 12:30,USD,1,Durable Goods Orders MoM
2026-05-28 12:30,USD,1,GDP Growth Rate QoQ 2nd Est
2026-05-28 12:30,USD,1,Personal Income MoM
2026-05-28 12:30,USD,1,Personal Spending MoM
2026-05-29 05:00,JPY,1,Consumer Confidence
2026-06-01 14:00,USD,1,ISM Manufacturing PMI
2026-06-02 09:00,EUR,1,Inflation Rate YoY Flash
2026-06-02 14:00,USD,1,JOLTs Job Openings
2026-06-03 14:00,USD,1,ISM Services PMI
2026-06-05 12:30,USD,1,Non Farm Payrolls
2026-06-05 12:30,USD,1,Unemployment Rate
2026-06-09 14:00,USD,1,Existing Home Sales
2026-06-10 12:30,USD,1,Core Inflation Rate MoM
2026-06-10 12:30,USD,1,Core Inflation Rate YoY
2026-06-10 12:30,USD,1,Inflation Rate MoM
2026-06-10 12:30,USD,1,Inflation Rate YoY
2026-06-11 12:15,EUR,1,Deposit Facility Rate
2026-06-11 12:15,EUR,1,ECB Interest Rate Decision
2026-06-11 12:30,USD,1,PPI MoM
2026-06-11 12:45,EUR,1,ECB Press Conference
2026-06-12 06:00,GBP,1,GDP MoM
2026-06-12 14:00,USD,1,Michigan Consumer Sentiment Prel
2026-06-16 03:00,JPY,1,BoJ Interest Rate Decision
2026-06-16 12:30,USD,1,Building Permits Prel
2026-06-16 12:30,USD,1,Housing Starts
2026-06-16 23:50,JPY,1,Balance of Trade
2026-06-17 06:00,GBP,1,Inflation Rate YoY
2026-06-17 12:30,USD,1,Retail Sales MoM
2026-06-17 18:00,USD,1,FOMC Economic Projections
2026-06-17 18:00,USD,1,Fed Interest Rate Decision
2026-06-17 18:30,USD,1,Fed Press Conference
2026-06-18 06:00,GBP,1,Unemployment Rate
2026-06-18 11:00,GBP,1,BoE Interest Rate Decision
2026-06-18 23:30,JPY,1,Inflation Rate YoY
2026-06-19 06:00,GBP,1,Retail Sales MoM
2026-06-23 08:30,GBP,1,S&P Global Manufacturing PMI Flash
2026-06-23 08:30,GBP,1,S&P Global Services PMI Flash
2026-06-25 12:30,USD,1,Core PCE Price Index MoM
2026-06-25 12:30,USD,1,Durable Goods Orders MoM
2026-06-25 12:30,USD,1,GDP Growth Rate QoQ Final
2026-06-25 12:30,USD,1,Personal Income MoM
2026-06-25 12:30,USD,1,Personal Spending MoM
2026-06-30 14:00,USD,1,JOLTs Job Openings
2026-06-30 23:50,JPY,1,Tankan Large Manufacturers Index
2026-07-01 05:00,JPY,1,Consumer Confidence
2026-07-01 09:00,EUR,1,Inflation Rate YoY Flash
2026-07-01 13:00,USD,1,Fed Chair Warsh Speech
2026-07-01 14:00,USD,1,ISM Manufacturing PMI
2026-07-02 12:30,USD,1,Non Farm Payrolls
2026-07-02 12:30,USD,1,Unemployment Rate
2026-07-06 14:00,USD,1,ISM Services PMI
2026-07-08 18:00,USD,1,FOMC Minutes
2026-07-09 14:00,USD,1,Existing Home Sales
2026-07-14 12:30,USD,1,Core Inflation Rate MoM
2026-07-14 12:30,USD,1,Core Inflation Rate YoY
2026-07-14 12:30,USD,1,Inflation Rate MoM
2026-07-14 12:30,USD,1,Inflation Rate YoY
2026-07-14 14:00,USD,1,Fed Chair Warsh Testimony
2026-07-15 12:30,USD,1,PPI MoM
2026-07-15 14:00,USD,1,Fed Chair Warsh Testimony
2026-07-16 06:00,GBP,1,GDP MoM
2026-07-16 12:30,USD,1,Retail Sales MoM
2026-07-17 12:30,USD,1,Building Permits Prel
2026-07-17 12:30,USD,1,Housing Starts
2026-07-17 14:00,USD,1,Michigan Consumer Sentiment Prel
2026-07-21 06:00,GBP,1,Unemployment Rate
2026-07-21 23:50,JPY,1,Balance of Trade
2026-07-22 06:00,GBP,1,Inflation Rate YoY
2026-07-23 12:15,EUR,1,Deposit Facility Rate
2026-07-23 12:15,EUR,1,ECB Interest Rate Decision
2026-07-23 12:45,EUR,1,ECB Press Conference
2026-07-23 23:30,JPY,1,Inflation Rate YoY
2026-07-24 06:00,GBP,1,Retail Sales MoM
2026-07-24 08:30,GBP,1,S&P Global Manufacturing PMI Flash
2026-07-24 08:30,GBP,1,S&P Global Services PMI Flash
2026-07-27 12:30,USD,1,Durable Goods Orders MoM
2026-07-29 18:00,USD,1,Fed Interest Rate Decision
2026-07-29 18:30,USD,1,Fed Press Conference
2026-07-30 05:00,JPY,1,Consumer Confidence
2026-07-30 09:00,EUR,1,GDP Growth Rate QoQ Flash
2026-07-30 09:00,EUR,1,GDP Growth Rate YoY Flash
2026-07-30 11:00,GBP,1,BoE Interest Rate Decision
2026-07-30 12:30,USD,1,Core PCE Price Index MoM
2026-07-30 12:30,USD,1,GDP Growth Rate QoQ Adv
2026-07-30 12:30,USD,1,Personal Income MoM
2026-07-30 12:30,USD,1,Personal Spending MoM
2026-07-31 03:00,JPY,1,BoJ Interest Rate Decision
2026-07-31 09:00,EUR,1,Inflation Rate YoY Flash
2026-08-03 14:00,USD,1,ISM Manufacturing PMI
2026-08-04 14:00,USD,1,JOLTs Job Openings
2026-08-05 14:00,USD,1,ISM Services PMI
2026-08-07 12:30,USD,1,Non Farm Payrolls
2026-08-07 12:30,USD,1,Unemployment Rate
2026-08-11 14:00,USD,1,Existing Home Sales
2026-08-12 12:30,USD,1,Core Inflation Rate MoM
2026-08-12 12:30,USD,1,Core Inflation Rate YoY
2026-08-12 12:30,USD,1,Inflation Rate MoM
2026-08-12 12:30,USD,1,Inflation Rate YoY
2026-08-13 06:00,GBP,1,GDP Growth Rate QoQ Prel
2026-08-13 06:00,GBP,1,GDP Growth Rate YoY Prel
2026-08-13 06:00,GBP,1,GDP MoM
2026-08-13 12:30,USD,1,PPI MoM
2026-08-14 12:30,USD,1,Retail Sales MoM
2026-08-14 14:00,USD,1,Michigan Consumer Sentiment Prel
2026-08-16 23:50,JPY,1,GDP Growth Rate QoQ Prel
2026-08-18 06:00,GBP,1,Unemployment Rate
2026-08-18 12:30,USD,1,Building Permits Prel
2026-08-18 12:30,USD,1,Housing Starts
2026-08-19 06:00,GBP,1,Inflation Rate YoY
2026-08-19 18:00,USD,1,FOMC Minutes
2026-08-19 23:50,JPY,1,Balance of Trade
2026-08-20 23:30,JPY,1,Inflation Rate YoY
2026-08-21 06:00,GBP,1,Retail Sales MoM
2026-08-21 08:30,GBP,1,S&P Global Manufacturing PMI Flash
2026-08-21 08:30,GBP,1,S&P Global Services PMI Flash
2026-08-26 12:30,USD,1,Core PCE Price Index MoM
2026-08-26 12:30,USD,1,Durable Goods Orders MoM
2026-08-26 12:30,USD,1,GDP Growth Rate QoQ 2nd Est
2026-08-26 12:30,USD,1,Personal Income MoM
2026-08-26 12:30,USD,1,Personal Spending MoM
2026-08-28 14:00,USD,1,Fed Chair Warsh Speech
2026-08-28 14:00,USD,1,Non Farm Payrolls Annual Revision Prel
2026-09-01 05:00,JPY,1,Consumer Confidence
2026-09-01 09:00,EUR,1,Inflation Rate YoY Flash
2026-09-01 14:00,USD,1,ISM Manufacturing PMI
2026-09-01 14:00,USD,1,JOLTs Job Openings
2026-09-03 14:00,USD,1,ISM Services PMI
2026-09-04 12:30,USD,1,Non Farm Payrolls
2026-09-04 12:30,USD,1,Unemployment Rate
2026-09-10 12:15,EUR,1,Deposit Facility Rate
2026-09-10 12:15,EUR,1,ECB Interest Rate Decision
2026-09-10 12:30,USD,1,PPI MoM
2026-09-10 12:45,EUR,1,ECB Press Conference
2026-09-10 14:00,USD,1,Existing Home Sales
2026-09-11 06:00,GBP,1,GDP MoM
2026-09-11 12:30,USD,1,Core Inflation Rate MoM
2026-09-11 12:30,USD,1,Core Inflation Rate YoY
2026-09-11 12:30,USD,1,Inflation Rate MoM
2026-09-11 12:30,USD,1,Inflation Rate YoY
2026-09-11 14:00,USD,1,Michigan Consumer Sentiment Prel
2026-09-15 06:00,GBP,1,Unemployment Rate
2026-09-15 23:50,JPY,1,Balance of Trade
2026-09-16 06:00,GBP,1,Inflation Rate YoY
2026-09-16 12:30,USD,1,Retail Sales MoM
2026-09-16 18:00,USD,1,FOMC Economic Projections
2026-09-16 18:00,USD,1,Fed Interest Rate Decision
2026-09-16 18:30,USD,1,Fed Press Conference
2026-09-17 11:00,GBP,1,BoE Interest Rate Decision
2026-09-17 12:30,USD,1,Building Permits Prel
2026-09-17 12:30,USD,1,Housing Starts
2026-09-17 23:30,JPY,1,Inflation Rate YoY
2026-09-18 03:00,JPY,1,BoJ Interest Rate Decision
2026-09-18 06:00,GBP,1,Retail Sales MoM
2026-09-23 08:30,GBP,1,S&P Global Manufacturing PMI Flash
2026-09-23 08:30,GBP,1,S&P Global Services PMI Flash
2026-09-24 00:00,USD,1,President Trump and President Xi Summit
2026-09-25 12:30,USD,1,Durable Goods Orders MoM
2026-09-29 14:00,USD,1,JOLTs Job Openings
2026-09-30 12:30,USD,1,Core PCE Price Index MoM
2026-09-30 12:30,USD,1,GDP Growth Rate QoQ Final
2026-09-30 12:30,USD,1,Personal Income MoM
2026-09-30 12:30,USD,1,Personal Spending MoM
2026-09-30 23:50,JPY,1,Tankan Large Manufacturers Index
2026-10-01 14:00,USD,1,ISM Manufacturing PMI
2026-10-02 09:00,EUR,1,Inflation Rate YoY Flash
2026-10-02 12:30,USD,1,Non Farm Payrolls
2026-10-02 12:30,USD,1,Unemployment Rate
2026-10-05 14:00,USD,1,ISM Services PMI
2026-10-07 18:00,USD,1,FOMC Minutes
2026-10-08 06:00,EUR,1,Balance of Trade
2026-10-09 14:00,USD,1,Michigan Consumer Sentiment Prel
2026-10-13 14:00,USD,1,Existing Home Sales
2026-10-14 12:30,USD,1,Core Inflation Rate MoM
2026-10-14 12:30,USD,1,Inflation Rate MoM
2026-10-14 12:30,USD,1,Inflation Rate YoY
2026-10-14 12:30,USD,1,Core Inflation Rate YoY
2026-10-15 12:30,USD,1,PPI MoM
2026-10-15 13:30,USD,1,Retail Sales MoM
2026-10-20 09:00,EUR,1,ZEW Economic Sentiment Index
2026-10-20 12:30,USD,1,Housing Starts
2026-10-20 12:30,USD,1,Building Permits Prel
2026-10-23 07:30,EUR,1,S&P Global Manufacturing PMI Flash
2026-10-26 09:00,EUR,1,Ifo Business Climate
2026-10-27 12:30,USD,1,Durable Goods Orders MoM
2026-10-28 07:00,EUR,1,GfK Consumer Confidence
2026-10-28 18:00,USD,1,Fed Interest Rate Decision
2026-10-28 18:30,USD,1,Fed Press Conference
2026-10-29 12:30,USD,1,Personal Spending MoM
2026-10-29 12:30,USD,1,Personal Income MoM
2026-10-29 12:30,USD,1,Core PCE Price Index MoM
2026-10-29 12:30,USD,1,GDP Growth Rate QoQ Adv
2026-10-29 13:15,EUR,1,Deposit Facility Rate
2026-10-29 13:15,EUR,1,ECB Interest Rate Decision
2026-10-29 13:45,EUR,1,ECB Press Conference
2026-10-30 06:30,EUR,1,GDP Growth Rate QoQ Prel
2026-10-30 06:30,EUR,1,GDP Growth Rate YoY Prel
2026-10-30 07:45,EUR,1,Inflation Rate YoY Prel
2026-10-30 09:00,EUR,1,GDP Growth Rate YoY Flash
2026-10-30 09:00,EUR,1,GDP Growth Rate QoQ Flash
2026-10-30 10:00,EUR,1,GDP Growth Rate QoQ Flash
2026-10-30 10:00,EUR,1,GDP Growth Rate YoY Flash
2026-10-30 13:00,EUR,1,Inflation Rate YoY Prel
2026-11-02 14:00,USD,1,ISM Manufacturing PMI
2026-11-03 00:00,USD,1,Midterm Elections
2026-11-03 15:00,USD,1,JOLTs Job Openings
2026-11-04 10:00,EUR,1,Inflation Rate YoY Flash
2026-11-04 14:00,USD,1,ISM Services PMI
