timestamp,open,high,low,close,volume
2019-01-20 22:00:00,109.775,109.775,109.476,109.669,0.0
2019-01-21 22:00:00,109.669,109.696,109.147,109.375,0.0
2019-01-22 22:00:00,109.375,110.0,109.325,109.6,0.0
2019-01-23 22:00:00,109.6,109.8,109.423,109.641,0.0
2019-01-24 22:00:00,109.641,109.951,109.458,109.546,0.0
2019-01-27 22:00:00,109.546,109.582,109.161,109.349,0.0
2019-01-28 22:00:00,109.349,109.543,109.131,109.394,0.0
2019-01-29 22:00:00,109.394,109.745,108.81,109.041,0.0
2019-01-30 22:00:00,109.041,109.072,108.498,108.884,0.0
2019-01-31 22:00:00,108.884,109.58,108.727,109.518,0.0
2019-02-03 22:00:00,109.518,110.163,109.434,109.886,0.0
2019-02-04 22:00:00,109.886,110.042,109.783,109.965,0.0
2019-02-05 22:00:00,109.965,110.054,109.56,109.972,0.0
2019-02-06 22:00:00,109.972,110.088,109.607,109.815,0.0
2019-02-07 22:00:00,109.815,109.899,109.649,109.738,0.0
2019-02-10 22:00:00,109.738,110.469,109.738,110.377,0.0
2019-02-11 22:00:00,110.377,110.652,110.346,110.483,0.0
2019-02-12 22:00:00,110.483,111.055,110.433,111.007,0.0
2019-02-13 22:00:00,111.007,111.129,110.458,110.481,0.0
2019-02-14 22:00:00,110.481,110.647,110.256,110.455,0.0
2019-02-17 22:00:00,110.455,110.654,110.453,110.618,0.0
2019-02-18 22:00:00,110.618,110.825,110.454,110.625,0.0
2019-02-19 22:00:00,110.625,110.951,110.545,110.856,0.0
2019-02-20 22:00:00,110.856,110.869,110.568,110.705,0.0
2019-02-21 22:00:00,110.705,110.908,110.559,110.719,0.0
2019-02-24 22:00:00,110.719,111.236,110.58,111.057,0.0
2019-02-25 22:00:00,111.057,111.08,110.425,110.588,0.0
2019-02-26 22:00:00,110.588,111.075,110.356,110.995,0.0
2019-02-27 22:00:00,110.995,111.493,110.663,111.387,0.0
2019-02-28 22:00:00,111.387,112.077,111.325,111.885,0.0
2019-03-03 22:00:00,111.885,112.015,111.641,111.739,0.0
2019-03-04 22:00:00,111.739,112.138,111.719,111.888,0.0
2019-03-05 22:00:00,111.888,111.923,111.617,111.768,0.0
2019-03-06 22:00:00,111.768,111.858,111.484,111.588,0.0
2019-03-07 22:00:00,111.588,111.652,110.787,111.166,0.0
2019-03-10 21:00:00,111.166,111.309,110.879,111.209,0.0
2019-03-11 21:00:00,111.209,111.467,111.111,111.363,0.0
2019-03-12 21:00:00,111.363,111.466,111.007,111.166,0.0
2019-03-13 21:00:00,111.166,111.834,111.146,111.703,0.0
2019-03-14 21:00:00,111.703,111.903,111.384,111.477,0.0
2019-03-17 21:00:00,111.477,111.63,111.298,111.428,0.0
2019-03-18 21:00:00,111.428,111.477,111.159,111.398,0.0
2019-03-19 21:00:00,111.398,111.694,110.538,110.704,0.0
2019-03-20 21:00:00,110.704,110.959,110.299,110.817,0.0
2019-03-21 21:00:00,110.817,110.897,109.743,109.955,0.0
2019-03-24 21:00:00,109.955,110.241,109.708,109.97,0.0
2019-03-25 21:00:00,109.97,110.691,109.934,110.638,0.0
2019-03-26 21:00:00,110.638,110.714,110.236,110.516,0.0
2019-03-27 21:00:00,110.516,110.833,110.02,110.637,0.0
2019-03-28 21:00:00,110.637,110.95,110.536,110.852,0.0
2019-03-31 21:00:00,110.852,111.443,110.81,111.351,0.0
2019-04-01 21:00:00,111.351,111.457,111.25,111.325,0.0
2019-04-02 21:00:00,111.325,111.578,111.21,111.49,0.0
2019-04-03 21:00:00,111.49,111.684,111.337,111.663,0.0
2019-04-04 21:00:00,111.663,111.823,111.56,111.723,0.0
2019-04-07 21:00:00,111.723,111.766,111.285,111.485,0.0
2019-04-08 21:00:00,111.485,111.58,110.98,111.143,0.0
2019-04-09 21:00:00,111.143,111.283,110.845,111.016,0.0
2019-04-10 21:00:00,111.016,111.696,110.905,111.664,0.0
2019-04-11 21:00:00,111.664,112.093,111.586,112.027,0.0
2019-04-14 21:00:00,112.027,112.096,111.891,112.038,0.0
2019-04-15 21:00:00,112.038,112.048,111.847,112.0,0.0
2019-04-16 21:00:00,112.0,112.166,111.922,112.056,0.0
2019-04-17 21:00:00,112.056,112.068,111.767,111.988,0.0
2019-04-18 21:00:00,111.988,112.008,111.886,111.917,0.0
2019-04-21 21:00:00,111.917,111.993,111.856,111.942,0.0
2019-04-22 21:00:00,111.942,112.034,111.655,111.866,0.0
2019-04-23 21:00:00,111.866,112.401,111.683,112.192,0.0
2019-04-24 21:00:00,112.192,112.239,111.373,111.631,0.0
2019-04-25 21:00:00,111.631,112.037,111.432,111.541,0.0
2019-04-28 21:00:00,111.541,111.901,111.541,111.651,0.0
2019-04-29 21:00:00,111.651,111.691,111.238,111.423,0.0
2019-04-30 21:00:00,111.423,111.616,111.053,111.384,0.0
2019-05-01 21:00:00,111.384,111.668,111.352,111.519,0.0
2019-05-02 21:00:00,111.519,111.693,111.071,111.103,0.0
2019-05-05 21:00:00,111.103,111.103,110.284,110.77,0.0
2019-05-06 21:00:00,110.77,110.855,110.171,110.257,0.0
2019-05-07 21:00:00,110.257,110.292,109.906,110.098,0.0
2019-05-08 21:00:00,110.098,110.115,109.473,109.732,0.0
2019-05-09 21:00:00,109.732,110.051,109.473,109.94,0.0
2019-05-12 21:00:00,109.94,109.94,109.022,109.31,0.0
2019-05-13 21:00:00,109.31,109.774,109.147,109.612,0.0
2019-05-14 21:00:00,109.612,109.703,109.156,109.599,0.0
2019-05-15 21:00:00,109.599,109.97,109.337,109.847,0.0
2019-05-16 21:00:00,109.847,110.194,109.496,110.068,0.0
2019-05-19 21:00:00,110.068,110.319,109.81,110.064,0.0
2019-05-20 21:00:00,110.064,110.674,110.023,110.495,0.0
2019-05-21 21:00:00,110.495,110.627,110.242,110.354,0.0
2019-05-22 21:00:00,110.354,110.366,109.462,109.609,0.0
2019-05-23 21:00:00,109.609,109.747,109.275,109.299,0.0
2019-05-26 21:00:00,109.299,109.583,109.281,109.512,0.0
2019-05-27 21:00:00,109.512,109.63,109.212,109.373,0.0
2019-05-28 21:00:00,109.373,109.7,109.15,109.593,0.0
2019-05-29 21:00:00,109.593,109.928,109.474,109.619,0.0
2019-05-30 21:00:00,109.619,109.624,108.28,108.297,0.0
2019-06-02 21:00:00,108.297,108.447,107.885,108.075,0.0
2019-06-03 21:00:00,108.075,108.36,107.846,108.144,0.0
2019-06-04 21:00:00,108.144,108.486,107.818,108.466,0.0
2019-06-05 21:00:00,108.466,108.564,108.027,108.411,0.0
2019-06-06 21:00:00,108.411,108.617,107.883,108.201,0.0
2019-06-09 21:00:00,108.201,108.717,108.201,108.447,0.0
2019-06-10 21:00:00,108.447,108.801,108.351,108.519,0.0
2019-06-11 21:00:00,108.519,108.573,108.219,108.509,0.0
2019-06-12 21:00:00,108.509,108.539,108.166,108.377,0.0
2019-06-13 21:00:00,108.377,108.589,108.159,108.562,0.0
2019-06-16 21:00:00,108.562,108.725,108.474,108.548,0.0
2019-06-17 21:00:00,108.548,108.679,108.061,108.454,0.0
2019-06-18 21:00:00,108.454,108.619,107.903,108.104,0.0
2019-06-19 21:00:00,108.104,108.143,107.215,107.295,0.0
2019-06-20 21:00:00,107.295,107.736,107.05,107.315,0.0
2019-06-23 21:00:00,107.315,107.539,107.249,107.297,0.0
2019-06-24 21:00:00,107.297,107.411,106.781,107.195,0.0
2019-06-25 21:00:00,107.195,107.85,107.1,107.788,0.0
2019-06-26 21:00:00,107.788,108.162,107.65,107.789,0.0
2019-06-27 21:00:00,107.789,107.939,107.563,107.902,0.0
2019-06-30 21:00:00,107.902,108.534,107.902,108.446,0.0
2019-07-01 21:00:00,108.446,108.476,107.768,107.887,0.0
2019-07-02 21:00:00,107.887,107.919,107.534,107.817,0.0
2019-07-03 21:00:00,107.817,107.843,107.709,107.82,0.0
2019-07-04 21:00:00,107.82,108.637,107.783,108.475,0.0
2019-07-07 21:00:00,108.475,108.806,108.281,108.723,0.0
2019-07-08 21:00:00,108.723,108.965,108.682,108.855,0.0
2019-07-09 21:00:00,108.855,108.991,108.348,108.465,0.0
2019-07-10 21:00:00,108.465,108.534,107.861,108.493,0.0
2019-07-11 21:00:00,108.493,108.611,107.805,107.916,0.0
2019-07-14 21:00:00,107.916,108.111,107.798,107.916,0.0
2019-07-15 21:00:00,107.916,108.377,107.822,108.248,0.0
2019-07-16 21:00:00,108.248,108.328,107.941,107.946,0.0
2019-07-17 21:00:00,107.946,108.018,107.213,107.292,0.0
2019-07-18 21:00:00,107.292,107.979,107.218,107.746,0.0
2019-07-21 21:00:00,107.746,108.071,107.7,107.871,0.0
2019-07-22 21:00:00,107.871,108.287,107.828,108.228,0.0
2019-07-23 21:00:00,108.228,108.278,107.941,108.185,0.0
2019-07-24 21:00:00,108.185,108.757,108.045,108.633,0.0
2019-07-25 21:00:00,108.633,108.83,108.562,108.685,0.0
2019-07-28 21:00:00,108.685,108.899,108.422,108.783,0.0
2019-07-29 21:00:00,108.783,108.949,108.453,108.603,0.0
2019-07-30 21:00:00,108.603,109.002,108.491,108.78,0.0
2019-07-31 21:00:00,108.78,109.319,107.259,107.339,0.0
2019-08-01 21:00:00,107.339,107.57,106.511,106.591,0.0
2019-08-04 21:00:00,106.591,106.682,105.789,105.956,0.0
2019-08-05 21:00:00,105.956,107.093,105.523,106.464,0.0
2019-08-06 21:00:00,106.464,106.476,105.499,106.27,0.0
2019-08-07 21:00:00,106.27,106.305,105.898,106.074,0.0
2019-08-08 21:00:00,106.074,106.095,105.269,105.683,0.0
2019-08-11 21:00:00,105.683,105.695,105.051,105.3,0.0
2019-08-12 21:00:00,105.3,106.965,105.069,106.745,0.0
2019-08-13 21:00:00,106.745,106.77,105.656,105.91,0.0
2019-08-14 21:00:00,105.91,106.782,105.703,106.127,0.0
2019-08-15 21:00:00,106.127,106.496,106.027,106.369,0.0
2019-08-18 21:00:00,106.369,106.698,106.246,106.636,0.0
2019-08-19 21:00:00,106.636,106.693,106.17,106.23,0.0
2019-08-20 21:00:00,106.23,106.648,106.226,106.624,0.0
2019-08-21 21:00:00,106.624,106.656,106.254,106.432,0.0
2019-08-22 21:00:00,106.432,106.736,105.259,105.413,0.0
2019-08-25 21:00:00,105.413,106.417,104.457,106.124,0.0
2019-08-26 21:00:00,106.124,106.173,105.592,105.741,0.0
2019-08-27 21:00:00,105.741,106.23,105.653,106.121,0.0
2019-08-28 21:00:00,106.121,106.683,105.831,106.519,0.0
2019-08-29 21:00:00,106.519,106.545,106.107,106.279,0.0
2019-09-01 21:00:00,106.279,106.4,105.925,106.236,0.0
2019-09-02 21:00:00,106.236,106.386,105.74,105.933,0.0
2019-09-03 21:00:00,105.933,106.447,105.83,106.385,0.0
2019-09-04 21:00:00,106.385,107.233,106.327,106.938,0.0
2019-09-05 21:00:00,106.938,107.102,106.624,106.92,0.0
2019-09-08 21:00:00,106.92,107.275,106.765,107.245,0.0
2019-09-09 21:00:00,107.245,107.584,107.184,107.543,0.0
2019-09-10 21:00:00,107.543,107.857,107.5,107.816,0.0
2019-09-11 21:00:00,107.816,108.19,107.524,108.088,0.0
2019-09-12 21:00:00,108.088,108.261,107.908,108.09,0.0
2019-09-15 21:00:00,108.09,108.17,107.458,108.108,0.0
2019-09-16 21:00:00,108.108,108.372,108.023,108.13,0.0
2019-09-17 21:00:00,108.13,108.478,108.086,108.449,0.0
2019-09-18 21:00:00,108.449,108.471,107.789,108.022,0.0
2019-09-19 21:00:00,108.022,108.089,107.529,107.564,0.0
2019-09-22 21:00:00,107.564,107.769,107.311,107.547,0.0
2019-09-23 21:00:00,107.547,107.797,106.962,107.064,0.0
2019-09-24 21:00:00,107.064,107.885,107.001,107.771,0.0
2019-09-25 21:00:00,107.771,107.961,107.425,107.831,0.0
2019-09-26 21:00:00,107.831,108.182,107.658,107.922,0.0
2019-09-29 21:00:00,107.922,108.18,107.745,108.082,0.0
2019-09-30 21:00:00,108.082,108.472,107.628,107.761,0.0
2019-10-01 21:00:00,107.761,107.895,107.049,107.181,0.0
2019-10-02 21:00:00,107.181,107.3,106.486,106.915,0.0
2019-10-03 21:00:00,106.915,107.134,106.584,106.922,0.0
2019-10-06 21:00:00,106.922,107.464,106.656,107.266,0.0
2019-10-07 21:00:00,107.266,107.446,106.808,107.086,0.0
2019-10-08 21:00:00,107.086,107.63,106.935,107.479,0.0
2019-10-09 21:00:00,107.479,108.018,107.036,107.98,0.0
2019-10-10 21:00:00,107.98,108.631,107.848,108.435,0.0
2019-10-13 21:00:00,108.435,108.524,108.034,108.401,0.0
2019-10-14 21:00:00,108.401,108.9,108.157,108.862,0.0
2019-10-15 21:00:00,108.862,108.867,108.565,108.756,0.0
2019-10-16 21:00:00,108.756,108.94,108.453,108.66,0.0
2019-10-17 21:00:00,108.66,108.722,108.389,108.42,0.0
2019-10-20 21:00:00,108.42,108.665,108.295,108.617,0.0
2019-10-21 21:00:00,108.617,108.729,108.441,108.484,0.0
2019-10-22 21:00:00,108.484,108.706,108.252,108.695,0.0
2019-10-23 21:00:00,108.695,108.755,108.497,108.617,0.0
2019-10-24 21:00:00,108.617,108.775,108.512,108.665,0.0
2019-10-27 21:00:00,108.665,109.041,108.66,108.95,0.0
2019-10-28 21:00:00,108.95,109.069,108.754,108.889,0.0
2019-10-29 21:00:00,108.889,109.289,108.722,108.849,0.0
2019-10-30 21:00:00,108.849,108.9,107.928,108.03,0.0
2019-10-31 21:00:00,108.03,108.325,107.889,108.193,0.0
2019-11-03 22:00:00,108.193,108.651,108.189,108.575,0.0
2019-11-04 22:00:00,108.575,109.244,108.558,109.156,0.0
2019-11-05 22:00:00,109.156,109.193,108.818,108.977,0.0
2019-11-06 22:00:00,108.977,109.488,108.649,109.289,0.0
2019-11-07 22:00:00,109.289,109.477,109.079,109.256,0.0
2019-11-10 22:00:00,109.256,109.256,108.897,109.055,0.0
2019-11-11 22:00:00,109.055,109.294,108.925,109.013,0.0
2019-11-12 22:00:00,109.013,109.15,108.655,108.821,0.0
2019-11-13 22:00:00,108.821,108.864,108.236,108.425,0.0
2019-11-14 22:00:00,108.425,108.856,108.367,108.795,0.0
2019-11-17 22:00:00,108.795,109.072,108.513,108.677,0.0
2019-11-18 22:00:00,108.677,108.838,108.452,108.541,0.0
2019-11-19 22:00:00,108.541,108.74,108.349,108.618,0.0
2019-11-20 22:00:00,108.618,108.698,108.28,108.628,0.0
2019-11-21 22:00:00,108.628,108.732,108.477,108.645,0.0
2019-11-24 22:00:00,108.645,108.979,108.644,108.919,0.0
2019-11-25 22:00:00,108.919,109.21,108.875,109.048,0.0
2019-11-26 22:00:00,109.048,109.61,109.021,109.554,0.0
2019-11-27 22:00:00,109.554,109.571,109.334,109.519,0.0
2019-11-28 22:00:00,109.519,109.67,109.398,109.501,0.0
2019-12-01 22:00:00,109.501,109.729,108.927,108.982,0.0
2019-12-02 22:00:00,108.982,109.209,108.485,108.633,0.0
2019-12-03 22:00:00,108.633,108.964,108.429,108.864,0.0
2019-12-04 22:00:00,108.864,108.998,108.658,108.759,0.0
2019-12-05 22:00:00,108.759,108.922,108.477,108.581,0.0
2019-12-08 22:00:00,108.581,108.679,108.43,108.556,0.0
2019-12-09 22:00:00,108.556,108.769,108.517,108.721,0.0
2019-12-10 22:00:00,108.721,108.858,108.468,108.557,0.0
2019-12-11 22:00:00,108.557,109.447,108.458,109.302,0.0
2019-12-12 22:00:00,109.302,109.708,108.93,109.364,0.0
2019-12-15 22:00:00,109.364,109.677,109.273,109.539,0.0
2019-12-16 22:00:00,109.539,109.635,109.444,109.474,0.0
2019-12-17 22:00:00,109.474,109.63,109.401,109.554,0.0
2019-12-18 22:00:00,109.554,109.685,109.182,109.371,0.0
2019-12-19 22:00:00,109.371,109.527,109.258,109.445,0.0
2019-12-22 22:00:00,109.445,109.54,109.34,109.401,0.0
2019-12-23 22:00:00,109.401,109.443,109.327,109.408,0.0
2019-12-24 22:00:00,109.408,109.417,109.385,109.385,0.0
2019-12-25 22:00:00,109.385,109.686,109.344,109.638,0.0
2019-12-26 22:00:00,109.638,109.638,109.391,109.425,0.0
2019-12-29 22:00:00,109.425,109.483,108.769,108.875,0.0
2019-12-30 22:00:00,108.875,108.887,108.471,108.664,0.0
2020-01-01 22:00:00,108.664,108.866,108.212,108.566,0.0
2020-01-02 22:00:00,108.566,108.631,107.842,108.099,0.0
2020-01-05 22:00:00,108.099,108.508,107.773,108.371,0.0
2020-01-06 22:00:00,108.371,108.631,108.263,108.458,0.0
2020-01-07 22:00:00,108.458,109.244,107.653,109.134,0.0
2020-01-08 22:00:00,109.134,109.584,109.014,109.518,0.0
2020-01-09 22:00:00,109.518,109.69,109.438,109.476,0.0
2020-01-12 22:00:00,109.476,109.949,109.476,109.945,0.0
2020-01-13 22:00:00,109.945,110.215,109.858,109.988,0.0
2020-01-14 22:00:00,109.988,110.014,109.792,109.899,0.0
2020-01-15 22:00:00,109.899,110.182,109.845,110.153,0.0
2020-01-16 22:00:00,110.153,110.291,110.049,110.166,0.0
2020-01-19 22:00:00,110.166,110.218,110.077,110.185,0.0
2020-01-20 22:00:00,110.185,110.224,109.761,109.866,0.0
2020-01-21 22:00:00,109.866,110.098,109.831,109.839,0.0
2020-01-22 22:00:00,109.839,109.867,109.267,109.491,0.0
2020-01-23 22:00:00,109.491,109.654,109.173,109.173,0.0
2020-01-26 22:00:00,109.28,109.28,108.734,108.892,0.0
2020-01-27 22:00:00,108.892,109.203,108.758,109.148,0.0
2020-01-28 22:00:00,109.148,109.266,108.977,109.013,0.0
2020-01-29 22:00:00,109.013,109.078,108.586,108.957,0.0
2020-01-30 22:00:00,108.957,109.138,108.313,108.371,0.0
2020-02-02 22:00:00,108.356,108.799,108.318,108.695,0.0
2020-02-03 22:00:00,108.695,109.546,108.551,109.525,0.0
2020-02-04 22:00:00,109.525,109.846,109.305,109.825,0.0
2020-02-05 22:00:00,109.825,110.006,109.751,109.991,0.0
2020-02-06 22:00:00,109.991,110.025,109.534,109.767,0.0
2020-02-09 22:00:00,109.761,109.879,109.563,109.773,0.0
2020-02-10 22:00:00,109.773,109.963,109.728,109.787,0.0
2020-02-11 22:00:00,109.787,110.136,109.769,110.092,0.0
2020-02-12 22:00:00,110.092,110.099,109.62,109.821,0.0
2020-02-13 22:00:00,109.821,109.914,109.7,109.778,0.0
2020-02-16 22:00:00,109.772,109.962,109.72,109.879,0.0
2020-02-17 22:00:00,109.879,109.948,109.658,109.874,0.0
2020-02-18 22:00:00,109.874,111.592,109.851,111.371,0.0
2020-02-19 22:00:00,111.371,112.226,111.113,112.095,0.0
2020-02-20 22:00:00,112.095,112.186,111.475,111.612,0.0
2020-02-23 22:00:00,111.558,111.683,110.334,110.72,0.0
2020-02-24 22:00:00,110.72,111.042,109.892,110.208,0.0
2020-02-25 22:00:00,110.208,110.703,110.131,110.429,0.0
2020-02-26 22:00:00,110.429,110.458,109.571,109.595,0.0
2020-02-27 22:00:00,109.595,109.682,107.513,108.035,0.0
2020-03-01 22:00:00,108.035,108.58,107.38,108.331,0.0
2020-03-02 22:00:00,108.331,108.537,106.936,107.125,0.0
2020-03-03 22:00:00,107.125,107.693,106.849,107.535,0.0
2020-03-04 22:00:00,107.535,107.744,105.971,106.159,0.0
2020-03-05 22:00:00,106.159,106.345,104.996,105.387,0.0
2020-03-08 21:00:00,105.387,105.387,101.184,102.361,0.0
2020-03-09 21:00:00,102.361,105.92,102.013,105.645,0.0
2020-03-10 21:00:00,105.645,105.659,104.096,104.556,0.0
2020-03-11 21:00:00,104.556,106.103,103.084,104.636,0.0
2020-03-12 21:00:00,104.636,108.504,104.51,107.992,0.0
2020-03-15 21:00:00,107.992,107.992,105.149,105.902,0.0
2020-03-16 21:00:00,105.902,107.863,105.833,107.69,0.0
2020-03-17 21:00:00,107.69,108.654,106.757,108.094,0.0
2020-03-18 21:00:00,108.094,110.955,107.887,110.714,0.0
2020-03-19 21:00:00,110.714,111.507,109.334,110.911,0.0
2020-03-22 21:00:00,110.911,111.593,109.671,111.248,0.0
2020-03-23 21:00:00,111.248,111.716,110.089,111.224,0.0
2020-03-24 21:00:00,111.224,111.68,110.755,111.207,0.0
2020-03-25 21:00:00,111.207,111.314,109.21,109.587,0.0
2020-03-26 21:00:00,109.587,109.73,107.631,107.631,0.0
2020-03-29 21:00:00,107.631,108.297,107.125,107.777,0.0
2020-03-30 21:00:00,107.777,108.73,107.463,107.546,0.0
2020-03-31 21:00:00,107.546,107.943,106.921,107.169,0.0
2020-04-01 21:00:00,107.169,108.096,107.023,107.916,0.0
2020-04-02 21:00:00,107.916,108.674,107.804,108.557,0.0
2020-04-05 21:00:00,108.557,109.383,108.374,109.221,0.0
2020-04-06 21:00:00,109.221,109.28,108.673,108.749,0.0
2020-04-07 21:00:00,108.749,109.104,108.507,108.836,0.0
2020-04-08 21:00:00,108.836,109.065,108.209,108.507,0.0
2020-04-09 21:00:00,108.507,108.596,108.33,108.406,0.0
2020-04-12 21:00:00,108.406,108.53,107.503,107.775,0.0
2020-04-13 21:00:00,107.775,107.776,106.982,107.215,0.0
2020-04-14 21:00:00,107.215,107.864,106.929,107.466,0.0
2020-04-15 21:00:00,107.466,108.084,107.165,107.922,0.0
2020-04-16 21:00:00,107.922,108.086,107.302,107.468,0.0
2020-04-19 21:00:00,107.468,107.95,107.468,107.625,0.0
2020-04-20 21:00:00,107.625,107.894,107.283,107.791,0.0
2020-04-21 21:00:00,107.791,107.938,107.517,107.751,0.0
2020-04-22 21:00:00,107.751,108.043,107.347,107.587,0.0
2020-04-23 21:00:00,107.587,107.761,107.37,107.522,0.0
2020-04-26 21:00:00,107.522,107.625,106.995,107.282,0.0
2020-04-27 21:00:00,107.282,107.34,106.562,106.869,0.0
2020-04-28 21:00:00,106.869,106.896,106.36,106.679,0.0
2020-04-29 21:00:00,106.679,107.501,106.408,107.163,0.0
2020-04-30 21:00:00,107.163,107.407,106.607,106.908,0.0
2020-05-03 21:00:00,106.908,107.072,106.636,106.701,0.0
2020-05-04 21:00:00,106.701,106.897,106.42,106.549,0.0
2020-05-05 21:00:00,106.549,106.629,105.988,106.111,0.0
2020-05-06 21:00:00,106.111,106.657,105.992,106.287,0.0
2020-05-07 21:00:00,106.287,106.75,106.224,106.667,0.0
2020-05-10 21:00:00,106.667,107.769,106.477,107.669,0.0
2020-05-11 21:00:00,107.669,107.699,107.123,107.131,0.0
2020-05-12 21:00:00,107.131,107.278,106.745,107.031,0.0
2020-05-13 21:00:00,107.031,107.367,106.776,107.256,0.0
2020-05-14 21:00:00,107.256,107.435,106.858,107.086,0.0
2020-05-17 21:00:00,107.086,107.507,107.07,107.325,0.0
2020-05-18 21:00:00,107.325,108.087,107.297,107.71,0.0
2020-05-19 21:00:00,107.71,107.986,107.338,107.525,0.0
2020-05-20 21:00:00,107.525,107.849,107.516,107.605,0.0
2020-05-21 21:00:00,107.605,107.765,107.324,107.593,0.0
2020-05-24 21:00:00,107.593,107.784,107.551,107.706,0.0
2020-05-25 21:00:00,107.706,107.924,107.403,107.531,0.0
2020-05-26 21:00:00,107.531,107.947,107.367,107.738,0.0
2020-05-27 21:00:00,107.738,107.903,107.572,107.645,0.0
2020-05-28 21:00:00,107.645,107.897,107.084,107.851,0.0
2020-05-31 21:00:00,107.851,107.859,107.382,107.587,0.0
2020-06-01 21:00:00,107.587,108.773,107.515,108.682,0.0
2020-06-02 21:00:00,108.682,108.983,108.424,108.905,0.0
2020-06-03 21:00:00,108.905,109.199,108.618,109.12,0.0
2020-06-04 21:00:00,109.12,109.852,109.047,109.593,0.0
2020-06-07 21:00:00,109.593,109.694,108.236,108.43,0.0
2020-06-08 21:00:00,108.43,108.544,107.622,107.759,0.0
2020-06-09 21:00:00,107.759,107.875,106.991,107.126,0.0
2020-06-10 21:00:00,107.126,107.235,106.572,106.867,0.0
2020-06-11 21:00:00,106.867,107.555,106.586,107.388,0.0
2020-06-14 21:00:00,107.388,107.572,107.002,107.335,0.0
2020-06-15 21:00:00,107.335,107.641,107.214,107.321,0.0
2020-06-16 21:00:00,107.321,107.443,106.953,107.006,0.0
2020-06-17 21:00:00,107.006,107.13,106.671,106.976,0.0
2020-06-18 21:00:00,106.976,107.06,106.768,106.871,0.0
2020-06-21 21:00:00,106.871,107.012,106.758,106.905,0.0
2020-06-22 21:00:00,106.905,107.222,106.075,106.523,0.0
2020-06-23 21:00:00,106.523,107.072,106.385,107.043,0.0
2020-06-24 21:00:00,107.043,107.454,106.964,107.195,0.0
2020-06-25 21:00:00,107.195,107.361,106.801,107.22,0.0
2020-06-28 21:00:00,107.22,107.885,107.042,107.578,0.0
2020-06-29 21:00:00,107.578,107.985,107.523,107.931,0.0
2020-06-30 21:00:00,107.931,108.165,107.363,107.473,0.0
2020-07-01 21:00:00,107.473,107.726,107.333,107.499,0.0
2020-07-02 21:00:00,107.499,107.574,107.435,107.508,0.0
2020-07-05 21:00:00,107.508,107.774,107.258,107.337,0.0
2020-07-06 21:00:00,107.337,107.791,107.247,107.52,0.0
2020-07-07 21:00:00,107.52,107.712,107.203,107.259,0.0
2020-07-08 21:00:00,107.259,107.399,107.099,107.202,0.0
2020-07-09 21:00:00,107.202,107.265,106.643,106.918,0.0
2020-07-12 21:00:00,106.918,107.319,106.788,107.294,0.0
2020-07-13 21:00:00,107.294,107.435,107.12,107.236,0.0
2020-07-14 21:00:00,107.236,107.309,106.667,106.935,0.0
2020-07-15 21:00:00,106.935,107.401,106.834,107.269,0.0
2020-07-16 21:00:00,107.269,107.363,106.941,107.029,0.0
2020-07-19 21:00:00,107.029,107.536,107.016,107.266,0.0
2020-07-20 21:00:00,107.266,107.368,106.688,106.798,0.0
2020-07-21 21:00:00,106.798,107.29,106.712,107.156,0.0
2020-07-22 21:00:00,107.156,107.231,106.712,106.863,0.0
2020-07-23 21:00:00,106.863,106.901,105.684,106.139,0.0
2020-07-26 21:00:00,106.139,106.139,105.118,105.373,0.0
2020-07-27 21:00:00,105.373,105.688,104.957,105.093,0.0
2020-07-28 21:00:00,105.093,105.244,104.774,104.922,0.0
2020-07-29 21:00:00,104.922,105.295,104.681,104.728,0.0
2020-07-30 21:00:00,104.728,106.057,104.19,105.875,0.0
2020-08-02 21:00:00,106.057,106.473,105.583,105.953,0.0
2020-08-03 21:00:00,105.953,106.196,105.639,105.718,0.0
2020-08-04 21:00:00,105.718,105.874,105.321,105.599,0.0
2020-08-05 21:00:00,105.599,105.697,105.302,105.548,0.0
2020-08-06 21:00:00,105.548,106.058,105.484,105.925,0.0
2020-08-09 21:00:00,105.925,106.202,105.71,105.963,0.0
2020-08-10 21:00:00,105.963,106.685,105.925,106.491,0.0
2020-08-11 21:00:00,106.491,107.016,106.442,106.918,0.0
2020-08-12 21:00:00,106.918,107.05,106.566,106.931,0.0
2020-08-13 21:00:00,106.931,107.04,106.437,106.437,0.0
2020-08-16 21:00:00,106.437,106.668,105.945,106.003,0.0
2020-08-17 21:00:00,106.003,106.053,105.284,105.408,0.0
2020-08-18 21:00:00,105.408,106.152,105.104,106.114,0.0
2020-08-19 21:00:00,106.114,106.218,105.745,105.798,0.0
2020-08-20 21:00:00,105.798,106.073,105.445,105.803,0.0
2020-08-23 21:00:00,105.803,105.997,105.691,105.977,0.0
2020-08-24 21:00:00,105.977,106.578,105.874,106.392,0.0
2020-08-25 21:00:00,106.392,106.558,105.958,105.988,0.0
2020-08-26 21:00:00,105.988,106.702,105.605,106.568,0.0
2020-08-27 21:00:00,106.568,106.949,105.202,105.354,0.0
2020-08-30 21:00:00,105.354,106.098,105.294,105.907,0.0
2020-08-31 21:00:00,105.907,106.155,105.595,105.953,0.0
2020-09-01 21:00:00,105.953,106.302,105.852,106.185,0.0
2020-09-02 21:00:00,106.185,106.553,106.004,106.19,0.0
2020-09-03 21:00:00,106.19,106.507,106.058,106.238,0.0
2020-09-06 21:00:00,106.238,106.386,106.134,106.273,0.0
2020-09-07 21:00:00,106.273,106.384,105.863,106.031,0.0
2020-09-08 21:00:00,106.031,106.275,105.795,106.183,0.0
2020-09-09 21:00:00,106.183,106.305,105.984,106.128,0.0
2020-09-10 21:00:00,106.128,106.262,106.059,106.16,0.0
2020-09-13 21:00:00,106.16,106.167,105.55,105.724,0.0
2020-09-14 21:00:00,105.724,105.816,105.303,105.443,0.0
2020-09-15 21:00:00,105.443,105.444,104.804,104.947,0.0
2020-09-16 21:00:00,104.947,105.175,104.528,104.741,0.0
2020-09-17 21:00:00,104.741,104.873,104.274,104.574,0.0
2020-09-20 21:00:00,104.574,104.908,104.002,104.65,0.0
2020-09-21 21:00:00,104.65,105.078,104.407,104.93,0.0
2020-09-22 21:00:00,104.93,105.497,104.874,105.409,0.0
2020-09-23 21:00:00,105.409,105.532,105.207,105.414,0.0
2020-09-24 21:00:00,105.414,105.701,105.242,105.584,0.0
2020-09-27 21:00:00,105.584,105.694,105.265,105.499,0.0
2020-09-28 21:00:00,105.499,105.735,105.344,105.658,0.0
2020-09-29 21:00:00,105.658,105.806,105.405,105.461,0.0
2020-09-30 21:00:00,105.461,105.73,105.405,105.525,0.0
2020-10-01 21:00:00,105.525,105.668,104.944,105.353,0.0
2020-10-04 21:00:00,105.353,105.795,105.288,105.76,0.0
2020-10-05 21:00:00,105.76,105.786,105.473,105.635,0.0
2020-10-06 21:00:00,105.635,106.11,105.605,105.986,0.0
2020-10-07 21:00:00,105.986,106.107,105.926,106.027,0.0
2020-10-08 21:00:00,106.027,106.041,105.583,105.623,0.0
2020-10-11 21:00:00,105.623,105.803,105.243,105.336,0.0
2020-10-12 21:00:00,105.336,105.629,105.284,105.472,0.0
2020-10-13 21:00:00,105.472,105.526,105.038,105.169,0.0
2020-10-14 21:00:00,105.169,105.495,105.084,105.441,0.0
2020-10-15 21:00:00,105.441,105.462,105.191,105.406,0.0
2020-10-18 21:00:00,105.406,105.505,105.303,105.444,0.0
2020-10-19 21:00:00,105.444,105.749,105.352,105.495,0.0
2020-10-20 21:00:00,105.495,105.526,104.342,104.592,0.0
2020-10-21 21:00:00,104.592,104.924,104.477,104.864,0.0
2020-10-22 21:00:00,104.864,104.939,104.548,104.735,0.0
2020-10-25 21:00:00,104.735,105.056,104.655,104.836,0.0
2020-10-26 21:00:00,104.836,104.891,104.391,104.415,0.0
2020-10-27 21:00:00,104.415,104.558,104.114,104.325,0.0
2020-10-28 21:00:00,104.325,104.729,104.026,104.606,0.0
2020-10-29 21:00:00,104.606,104.744,104.126,104.66,0.0
2020-11-01 22:00:00,104.66,104.95,104.503,104.75,0.0
2020-11-02 22:00:00,104.75,104.803,104.434,104.485,0.0
2020-11-03 22:00:00,104.485,105.346,104.152,104.521,0.0
2020-11-04 22:00:00,104.521,104.55,103.446,103.494,0.0
2020-11-05 22:00:00,103.494,103.762,103.179,103.365,0.0
2020-11-08 22:00:00,103.352,105.649,103.194,105.371,0.0
2020-11-09 22:00:00,105.371,105.49,104.822,105.307,0.0
2020-11-10 22:00:00,105.307,105.678,105.007,105.425,0.0
2020-11-11 22:00:00,105.425,105.48,105.071,105.135,0.0
2020-11-12 22:00:00,105.135,105.163,104.565,104.629,0.0
2020-11-15 22:00:00,104.629,105.139,104.365,104.58,0.0
2020-11-16 22:00:00,104.58,104.61,104.072,104.199,0.0
2020-11-17 22:00:00,104.199,104.217,103.654,103.84,0.0
2020-11-18 22:00:00,103.84,104.218,103.718,103.743,0.0
2020-11-19 22:00:00,103.743,103.912,103.704,103.854,0.0
2020-11-22 22:00:00,103.705,104.638,103.685,104.538,0.0
2020-11-23 22:00:00,104.538,104.763,104.148,104.441,0.0
2020-11-24 22:00:00,104.441,104.6,104.257,104.461,0.0
2020-11-25 22:00:00,104.461,104.482,104.22,104.265,0.0
2020-11-26 22:00:00,104.265,104.293,103.909,104.062,0.0
2020-11-29 22:00:00,104.062,104.41,103.834,104.314,0.0
2020-11-30 22:00:00,104.314,104.58,104.183,104.322,0.0
2020-12-01 22:00:00,104.322,104.752,104.227,104.416,0.0
2020-12-02 22:00:00,104.416,104.536,103.673,103.839,0.0
2020-12-03 22:00:00,103.839,104.245,103.74,104.187,0.0
2020-12-06 22:00:00,104.187,104.314,103.923,104.056,0.0
2020-12-07 22:00:00,104.056,104.207,103.956,104.16,0.0
2020-12-08 22:00:00,104.16,104.407,104.054,104.239,0.0
2020-12-09 22:00:00,104.239,104.581,104.174,104.254,0.0
2020-12-10 22:00:00,104.254,104.287,103.825,104.054,0.0
2020-12-13 22:00:00,104.054,104.103,103.513,104.049,0.0
2020-12-14 22:00:00,104.049,104.153,103.607,103.677,0.0
2020-12-15 22:00:00,103.677,103.918,103.262,103.469,0.0
2020-12-16 22:00:00,103.469,103.563,102.875,103.102,0.0
2020-12-17 22:00:00,103.102,103.596,103.094,103.306,0.0
2020-12-20 22:00:00,103.306,103.891,103.254,103.328,0.0
2020-12-21 22:00:00,103.328,103.737,103.282,103.643,0.0
2020-12-22 22:00:00,103.643,103.655,103.358,103.561,0.0
2020-12-23 22:00:00,103.561,103.769,103.504,103.657,0.0
2020-12-27 22:00:00,103.657,103.899,103.405,103.814,0.0
2020-12-28 22:00:00,103.814,103.834,103.464,103.581,0.0
2020-12-29 22:00:00,103.581,103.623,102.963,103.188,0.0
2020-12-30 22:00:00,103.188,103.32,102.997,103.276,0.0
2021-01-03 22:00:00,103.276,103.318,102.714,103.131,0.0
2021-01-04 22:00:00,103.131,103.193,102.607,102.741,0.0
2021-01-05 22:00:00,102.741,103.444,102.595,103.039,0.0
2021-01-06 22:00:00,103.039,103.958,102.952,103.8,0.0
2021-01-07 22:00:00,103.8,104.094,103.605,103.959,0.0
2021-01-10 22:00:00,103.959,104.399,103.886,104.256,0.0
2021-01-11 22:00:00,104.256,104.334,103.722,103.755,0.0
2021-01-12 22:00:00,103.755,103.996,103.526,103.896,0.0
2021-01-13 22:00:00,103.896,104.199,103.565,103.804,0.0
2021-01-14 22:00:00,103.804,103.915,103.618,103.875,0.0
2021-01-17 22:00:00,103.875,103.933,103.639,103.691,0.0
2021-01-18 22:00:00,103.691,104.087,103.654,103.903,0.0
2021-01-19 22:00:00,103.903,103.937,103.447,103.541,0.0
2021-01-20 22:00:00,103.541,103.669,103.329,103.504,0.0
2021-01-21 22:00:00,103.504,103.886,103.486,103.772,0.0
2021-01-24 22:00:00,103.772,103.938,103.674,103.757,0.0
2021-01-25 22:00:00,103.757,103.83,103.557,103.621,0.0
2021-01-26 22:00:00,103.621,104.2,103.588,104.135,0.0
2021-01-27 22:00:00,104.135,104.464,104.068,104.225,0.0
2021-01-28 22:00:00,104.225,104.941,104.203,104.941,0.0
2021-01-31 22:00:00,104.941,105.036,104.609,104.936,0.0
2021-02-01 22:00:00,104.936,105.175,104.83,104.976,0.0
2021-02-02 22:00:00,104.976,105.106,104.923,105.03,0.0
2021-02-03 22:00:00,105.03,105.566,104.976,105.54,0.0
2021-02-04 22:00:00,105.54,105.77,105.336,105.395,0.0
2021-02-07 22:00:00,105.403,105.673,105.152,105.223,0.0
2021-02-08 22:00:00,105.223,105.265,104.499,104.583,0.0
2021-02-09 22:00:00,104.583,104.844,104.411,104.595,0.0
2021-02-10 22:00:00,104.595,104.806,104.552,104.751,0.0
2021-02-11 22:00:00,104.751,105.184,104.725,104.943,0.0
2021-02-14 22:00:00,104.943,105.419,104.906,105.378,0.0
2021-02-15 22:00:00,105.378,106.08,105.182,106.043,0.0
2021-02-16 22:00:00,106.043,106.225,105.78,105.872,0.0
2021-02-17 22:00:00,105.872,105.925,105.6,105.709,0.0
2021-02-18 22:00:00,105.709,105.745,105.241,105.442,0.0
2021-02-21 22:00:00,105.442,105.847,104.985,105.071,0.0
2021-02-22 22:00:00,105.071,105.431,104.923,105.251,0.0
2021-02-23 22:00:00,105.251,106.105,105.194,105.885,0.0
2021-02-24 22:00:00,105.885,106.402,105.845,106.214,0.0
2021-02-25 22:00:00,106.214,106.693,105.849,106.558,0.0
2021-02-28 22:00:00,106.558,106.89,106.368,106.762,0.0
2021-03-01 22:00:00,106.762,106.958,106.679,106.689,0.0
2021-03-02 22:00:00,106.689,107.154,106.685,107.002,0.0
2021-03-03 22:00:00,107.002,107.988,106.969,107.977,0.0
2021-03-04 22:00:00,107.977,108.646,107.821,108.365,0.0
2021-03-07 22:00:00,108.365,108.943,108.31,108.88,0.0
2021-03-08 22:00:00,108.88,109.234,108.416,108.487,0.0
2021-03-09 22:00:00,108.487,108.92,108.339,108.383,0.0
2021-03-10 22:00:00,108.383,108.814,108.359,108.504,0.0
2021-03-11 22:00:00,108.504,109.167,108.496,109.167,0.0
2021-03-14 21:00:00,109.167,109.365,108.916,109.126,0.0
2021-03-15 21:00:00,109.126,109.287,108.773,108.998,0.0
2021-03-16 21:00:00,108.998,109.327,108.746,108.839,0.0
2021-03-17 21:00:00,108.839,109.304,108.627,108.89,0.0
2021-03-18 21:00:00,108.89,109.131,108.61,108.886,0.0
2021-03-21 21:00:00,108.886,108.959,108.592,108.846,0.0
2021-03-22 21:00:00,108.846,108.874,108.407,108.588,0.0
2021-03-23 21:00:00,108.588,108.958,108.452,108.738,0.0
2021-03-24 21:00:00,108.738,109.238,108.724,109.192,0.0
2021-03-25 21:00:00,109.192,109.849,109.133,109.588,0.0
2021-03-28 21:00:00,109.673,109.847,109.375,109.8,0.0
2021-03-29 21:00:00,109.8,110.427,109.752,110.359,0.0
2021-03-30 21:00:00,110.359,110.967,110.276,110.722,0.0
2021-03-31 21:00:00,110.722,110.849,110.547,110.619,0.0
2021-04-01 21:00:00,110.619,110.748,110.375,110.692,0.0
2021-04-04 21:00:00,110.692,110.751,109.962,110.172,0.0
2021-04-05 21:00:00,110.172,110.553,109.671,109.755,0.0
2021-04-06 21:00:00,109.755,109.943,109.581,109.858,0.0
2021-04-07 21:00:00,109.858,109.906,109.001,109.268,0.0
2021-04-08 21:00:00,109.268,109.961,109.215,109.96,0.0
2021-04-11 21:00:00,109.96,109.96,109.247,109.385,0.0
2021-04-12 21:00:00,109.385,109.753,109.019,109.064,0.0
2021-04-13 21:00:00,109.064,109.097,108.753,108.922,0.0
2021-04-14 21:00:00,108.922,108.981,108.614,108.771,0.0
2021-04-15 21:00:00,108.771,108.966,108.611,108.966,0.0
2021-04-18 21:00:00,108.966,108.966,108.011,108.17,0.0
2021-04-19 21:00:00,108.17,108.55,107.974,108.105,0.0
2021-04-20 21:00:00,108.105,108.283,107.877,108.1,0.0
2021-04-21 21:00:00,108.1,108.233,107.815,107.973,0.0
2021-04-22 21:00:00,107.973,108.148,107.478,108.148,0.0
2021-04-25 21:00:00,108.148,108.198,107.645,108.091,0.0
2021-04-26 21:00:00,108.091,108.777,108.077,108.708,0.0
2021-04-27 21:00:00,108.708,109.077,108.573,108.601,0.0
2021-04-28 21:00:00,108.601,109.224,108.435,108.929,0.0
2021-04-29 21:00:00,108.929,109.367,108.714,109.346,0.0
2021-05-02 21:00:00,109.346,109.699,108.895,109.089,0.0
2021-05-03 21:00:00,109.089,109.489,109.03,109.321,0.0
2021-05-04 21:00:00,109.321,109.48,109.145,109.205,0.0
2021-05-05 21:00:00,109.205,109.43,109.001,109.089,0.0
2021-05-06 21:00:00,109.089,109.289,108.338,108.603,0.0
2021-05-09 21:00:00,108.603,109.058,108.469,108.791,0.0
2021-05-10 21:00:00,108.791,108.985,108.351,108.622,0.0
2021-05-11 21:00:00,108.622,109.711,108.59,109.66,0.0
2021-05-12 21:00:00,109.66,109.787,109.406,109.462,0.0
2021-05-13 21:00:00,109.462,109.656,109.188,109.335,0.0
2021-05-16 21:00:00,109.335,109.503,109.074,109.224,0.0
2021-05-17 21:00:00,109.224,109.285,108.835,108.897,0.0
2021-05-18 21:00:00,108.897,109.337,108.573,109.234,0.0
2021-05-19 21:00:00,109.234,109.309,108.751,108.771,0.0
2021-05-20 21:00:00,108.771,109.006,108.612,108.956,0.0
2021-05-23 21:00:00,108.956,108.997,108.697,108.749,0.0
2021-05-24 21:00:00,108.749,109.066,108.561,108.774,0.0
2021-05-25 21:00:00,108.774,109.179,108.725,109.146,0.0
2021-05-26 21:00:00,109.146,109.924,109.038,109.798,0.0
2021-05-27 21:00:00,109.798,110.201,109.745,109.838,0.0
2021-05-30 21:00:00,109.838,109.937,109.355,109.581,0.0
2021-05-31 21:00:00,109.581,109.708,109.332,109.485,0.0
2021-06-01 21:00:00,109.485,109.886,109.409,109.556,0.0
2021-06-02 21:00:00,109.556,110.323,109.551,110.292,0.0
2021-06-03 21:00:00,110.292,110.33,109.366,109.514,0.0
2021-06-06 21:00:00,109.514,109.638,109.191,109.255,0.0
2021-06-07 21:00:00,109.255,109.558,109.199,109.498,0.0
2021-06-08 21:00:00,109.498,109.66,109.226,109.631,0.0
2021-06-09 21:00:00,109.631,109.797,109.308,109.337,0.0
2021-06-10 21:00:00,109.337,109.842,109.314,109.682,0.0
2021-06-13 21:00:00,109.682,110.1,109.613,110.065,0.0
2021-06-14 21:00:00,110.065,110.169,109.988,110.083,0.0
2021-06-15 21:00:00,110.083,110.721,109.805,110.708,0.0
2021-06-16 21:00:00,110.708,110.824,110.168,110.203,0.0
2021-06-17 21:00:00,110.203,110.485,109.944,110.485,0.0
2021-06-20 21:00:00,110.485,110.485,109.718,110.294,0.0
2021-06-21 21:00:00,110.294,110.793,110.212,110.637,0.0
2021-06-22 21:00:00,110.637,111.102,110.624,110.954,0.0
2021-06-23 21:00:00,110.954,111.117,110.691,110.866,0.0
2021-06-24 21:00:00,110.866,110.985,110.482,110.795,0.0
2021-06-27 21:00:00,110.482,110.976,110.482,110.631,0.0
2021-06-28 21:00:00,110.631,110.761,110.433,110.534,0.0
2021-06-29 21:00:00,110.534,111.121,110.421,111.105,0.0
2021-06-30 21:00:00,111.105,111.641,111.029,111.521,0.0
2021-07-01 21:00:00,111.521,111.659,110.952,110.952,0.0
2021-07-04 21:00:00,110.952,111.191,110.797,110.961,0.0
2021-07-05 21:00:00,110.961,110.98,110.523,110.636,0.0
2021-07-06 21:00:00,110.636,110.816,110.398,110.657,0.0
2021-07-07 21:00:00,110.657,110.766,109.535,109.673,0.0
2021-07-08 21:00:00,109.673,110.26,109.671,110.143,0.0
2021-07-11 21:00:00,110.143,110.404,109.98,110.368,0.0
2021-07-12 21:00:00,110.368,110.649,110.2,110.631,0.0
2021-07-13 21:00:00,110.631,110.7,109.937,109.95,0.0
2021-07-14 21:00:00,109.95,110.091,109.715,109.851,0.0
2021-07-15 21:00:00,109.851,110.343,109.734,110.075,0.0
2021-07-18 21:00:00,110.075,110.101,109.066,109.464,0.0
2021-07-19 21:00:00,109.464,109.957,109.33,109.864,0.0
2021-07-20 21:00:00,109.864,110.389,109.803,110.293,0.0
2021-07-21 21:00:00,110.293,110.359,110.015,110.156,0.0
2021-07-22 21:00:00,110.156,110.595,110.089,110.547,0.0
2021-07-25 21:00:00,110.547,110.585,110.118,110.383,0.0
2021-07-26 21:00:00,110.383,110.403,109.586,109.788,0.0
2021-07-27 21:00:00,109.788,110.289,109.744,109.917,0.0
2021-07-28 21:00:00,109.917,109.949,109.423,109.48,0.0
2021-07-29 21:00:00,109.48,109.829,109.363,109.691,0.0
2021-08-01 21:00:00,109.691,109.772,109.188,109.313,0.0
2021-08-02 21:00:00,109.313,109.343,108.879,109.053,0.0
2021-08-03 21:00:00,109.053,109.677,108.723,109.486,0.0
2021-08-04 21:00:00,109.486,109.789,109.405,109.776,0.0
2021-08-05 21:00:00,109.776,110.354,109.701,110.239,0.0
2021-08-08 21:00:00,110.239,110.354,110.028,110.278,0.0
2021-08-09 21:00:00,110.278,110.6,110.267,110.569,0.0
2021-08-10 21:00:00,110.569,110.802,110.311,110.429,0.0
2021-08-11 21:00:00,110.429,110.548,110.317,110.403,0.0
2021-08-12 21:00:00,110.403,110.458,109.547,109.61,0.0
2021-08-15 21:00:00,109.61,109.752,109.116,109.223,0.0
2021-08-16 21:00:00,109.223,109.657,109.119,109.6,0.0
2021-08-17 21:00:00,109.6,110.068,109.48,109.772,0.0
2021-08-18 21:00:00,109.772,110.23,109.485,109.764,0.0
2021-08-19 21:00:00,109.764,109.888,109.571,109.798,0.0
2021-08-22 21:00:00,109.798,110.148,109.654,109.699,0.0
2021-08-23 21:00:00,109.699,109.883,109.414,109.655,0.0
2021-08-24 21:00:00,109.655,110.126,109.601,110.018,0.0
2021-08-25 21:00:00,110.018,110.227,109.929,110.088,0.0
2021-08-26 21:00:00,110.088,110.275,109.78,109.842,0.0
2021-08-29 21:00:00,109.842,109.964,109.703,109.919,0.0
2021-08-30 21:00:00,109.919,110.081,109.588,110.015,0.0
2021-08-31 21:00:00,110.015,110.421,109.881,110.024,0.0
2021-09-01 21:00:00,110.024,110.122,109.918,109.936,0.0
2021-09-02 21:00:00,109.936,110.074,109.593,109.712,0.0
2021-09-05 21:00:00,109.712,109.947,109.694,109.856,0.0
2021-09-06 21:00:00,109.856,110.32,109.687,110.286,0.0
2021-09-07 21:00:00,110.286,110.448,110.144,110.263,0.0
2021-09-08 21:00:00,110.263,110.287,109.622,109.727,0.0
2021-09-09 21:00:00,109.727,109.992,109.698,109.917,0.0
2021-09-12 21:00:00,109.917,110.16,109.84,109.994,0.0
2021-09-13 21:00:00,109.994,110.163,109.529,109.694,0.0
2021-09-14 21:00:00,109.694,109.746,109.113,109.374,0.0
2021-09-15 21:00:00,109.374,109.828,109.215,109.736,0.0
2021-09-16 21:00:00,109.736,110.081,109.669,109.98,0.0
2021-09-19 21:00:00,109.98,110.039,109.323,109.411,0.0
2021-09-20 21:00:00,109.411,109.708,109.185,109.227,0.0
2021-09-21 21:00:00,109.227,109.901,109.121,109.791,0.0
2021-09-22 21:00:00,109.791,110.349,109.756,110.326,0.0
2021-09-23 21:00:00,110.326,110.795,110.256,110.735,0.0
2021-09-26 21:00:00,110.735,111.066,110.536,111.005,0.0
2021-09-27 21:00:00,111.005,111.64,110.936,111.498,0.0
2021-09-28 21:00:00,111.498,112.049,111.207,111.964,0.0
2021-09-29 21:00:00,111.964,112.08,111.241,111.283,0.0
2021-09-30 21:00:00,111.283,111.489,110.908,111.07,0.0
2021-10-03 21:00:00,111.07,111.303,110.823,110.926,0.0
2021-10-04 21:00:00,110.926,111.564,110.872,111.467,0.0
2021-10-05 21:00:00,111.467,111.788,111.201,111.413,0.0
2021-10-06 21:00:00,111.413,111.652,111.232,111.626,0.0
2021-10-07 21:00:00,111.626,112.256,111.512,112.244,0.0
2021-10-10 21:00:00,112.244,113.412,112.155,113.32,0.0
2021-10-11 21:00:00,113.32,113.789,113.004,113.607,0.0
2021-10-12 21:00:00,113.607,113.805,113.23,113.252,0.0
2021-10-13 21:00:00,113.252,113.718,113.213,113.68,0.0
2021-10-14 21:00:00,113.68,114.465,113.652,114.261,0.0
2021-10-17 21:00:00,114.261,114.454,114.017,114.325,0.0
2021-10-18 21:00:00,114.325,114.399,113.885,114.374,0.0
2021-10-19 21:00:00,114.374,114.701,114.081,114.309,0.0
2021-10-20 21:00:00,114.309,114.414,113.652,113.988,0.0
2021-10-21 21:00:00,113.988,114.208,113.415,113.507,0.0
2021-10-24 21:00:00,113.507,113.926,113.465,113.716,0.0
2021-10-25 21:00:00,113.716,114.313,113.682,114.154,0.0
2021-10-26 21:00:00,114.154,114.222,113.388,113.83,0.0
2021-10-27 21:00:00,113.83,113.869,113.257,113.573,0.0
2021-10-28 21:00:00,113.573,114.098,113.396,113.987,0.0
2021-10-31 21:00:00,113.987,114.444,113.94,113.998,0.0
2021-11-01 21:00:00,113.998,114.135,113.463,113.961,0.0
2021-11-02 21:00:00,113.961,114.222,113.722,114.006,0.0
2021-11-03 21:00:00,114.006,114.278,113.51,113.761,0.0
2021-11-04 21:00:00,113.761,114.035,113.302,113.406,0.0
2021-11-07 22:00:00,113.406,113.667,113.081,113.231,0.0
2021-11-08 22:00:00,113.231,113.293,112.726,112.869,0.0
2021-11-09 22:00:00,112.869,114.014,112.777,113.909,0.0
2021-11-10 22:00:00,113.909,114.158,113.809,114.06,0.0
2021-11-11 22:00:00,114.06,114.303,113.762,113.762,0.0
2021-11-14 22:00:00,113.762,114.216,113.754,114.126,0.0
2021-11-15 22:00:00,114.126,114.851,114.103,114.822,0.0
2021-11-16 22:00:00,114.822,114.971,113.936,114.105,0.0
2021-11-17 22:00:00,114.105,114.484,113.879,114.261,0.0
2021-11-18 22:00:00,114.261,114.541,113.588,114.002,0.0
2021-11-21 22:00:00,114.002,114.962,113.945,114.879,0.0
2021-11-22 22:00:00,114.879,115.193,114.483,115.145,0.0
2021-11-23 22:00:00,115.145,115.524,114.826,115.429,0.0
2021-11-24 22:00:00,115.429,115.459,115.242,115.365,0.0
2021-11-25 22:00:00,115.365,115.374,113.054,113.378,0.0
2021-11-28 22:00:00,113.378,113.958,112.994,113.533,0.0
2021-11-29 22:00:00,113.533,113.895,112.533,113.16,0.0
2021-11-30 22:00:00,113.16,113.629,112.67,112.778,0.0
2021-12-01 22:00:00,112.778,113.329,112.638,113.185,0.0
2021-12-02 22:00:00,113.185,113.612,112.56,112.785,0.0
2021-12-05 22:00:00,112.785,113.553,112.785,113.476,0.0
2021-12-06 22:00:00,113.476,113.78,113.402,113.572,0.0
2021-12-07 22:00:00,113.572,113.957,113.313,113.68,0.0
2021-12-08 22:00:00,113.68,113.812,113.275,113.496,0.0
2021-12-09 22:00:00,113.496,113.792,113.226,113.387,0.0
2021-12-12 22:00:00,113.387,113.728,113.276,113.578,0.0
2021-12-13 22:00:00,113.578,113.759,113.429,113.729,0.0
2021-12-14 22:00:00,113.729,114.269,113.631,114.056,0.0
2021-12-15 22:00:00,114.056,114.249,113.561,113.651,0.0
2021-12-16 22:00:00,113.651,113.861,113.142,113.722,0.0
2021-12-19 22:00:00,113.722,113.732,113.328,113.621,0.0
2021-12-20 22:00:00,113.621,114.223,113.555,114.085,0.0
2021-12-21 22:00:00,114.085,114.373,113.951,114.101,0.0
2021-12-22 22:00:00,114.101,114.469,114.075,114.398,0.0
2021-12-23 22:00:00,114.398,114.516,114.304,114.378,0.0
2021-12-26 22:00:00,114.378,114.915,114.312,114.877,0.0
2021-12-27 22:00:00,114.877,114.951,114.708,114.822,0.0
2021-12-28 22:00:00,114.822,115.04,114.67,114.961,0.0
2021-12-29 22:00:00,114.961,115.225,114.928,115.055,0.0
2021-12-30 22:00:00,115.055,115.199,115.006,115.09,0.0
2022-01-02 22:00:00,115.09,115.369,114.951,115.332,0.0
2022-01-03 22:00:00,115.332,116.355,115.293,116.144,0.0
2022-01-04 22:00:00,116.144,116.245,115.622,116.12,0.0
2022-01-05 22:00:00,116.12,116.186,115.629,115.828,0.0
2022-01-06 22:00:00,115.828,116.049,115.524,115.541,0.0
2022-01-09 22:00:00,115.541,115.853,115.045,115.203,0.0
2022-01-10 22:00:00,115.203,115.682,115.127,115.295,0.0
2022-01-11 22:00:00,115.295,115.474,114.383,114.637,0.0
2022-01-12 22:00:00,114.637,114.706,114.001,114.19,0.0
2022-01-13 22:00:00,114.19,114.267,113.485,114.185,0.0
2022-01-16 22:00:00,114.185,114.65,114.131,114.63,0.0
2022-01-17 22:00:00,114.63,115.06,114.45,114.607,0.0
2022-01-18 22:00:00,114.607,114.791,114.209,114.327,0.0
2022-01-19 22:00:00,114.327,114.549,113.964,114.099,0.0
2022-01-20 22:00:00,114.099,114.157,113.605,113.605,0.0
2022-01-23 22:00:00,113.605,114.001,113.473,113.952,0.0
2022-01-24 22:00:00,113.952,114.157,113.671,113.868,0.0
2022-01-25 22:00:00,113.868,114.696,113.779,114.664,0.0
2022-01-26 22:00:00,114.664,115.489,114.477,115.362,0.0
2022-01-27 22:00:00,115.362,115.686,115.124,115.257,0.0
2022-01-30 22:00:00,115.257,115.593,114.924,115.121,0.0
2022-01-31 22:00:00,115.121,115.194,114.568,114.688,0.0
2022-02-01 22:00:00,114.688,114.817,114.159,114.46,0.0
2022-02-02 22:00:00,114.46,114.993,114.328,114.974,0.0
2022-02-03 22:00:00,114.974,115.431,114.775,115.221,0.0
2022-02-06 22:00:00,115.221,115.379,114.916,115.104,0.0
2022-02-07 22:00:00,115.104,115.629,115.057,115.545,0.0
2022-02-08 22:00:00,115.545,115.685,115.323,115.533,0.0
2022-02-09 22:00:00,115.533,116.341,115.464,116.007,0.0
2022-02-10 22:00:00,116.007,116.177,115.015,115.015,0.0
2022-02-13 22:00:00,115.015,115.749,115.012,115.545,0.0
2022-02-14 22:00:00,115.545,115.876,115.26,115.612,0.0
2022-02-15 22:00:00,115.612,115.791,115.358,115.52,0.0
2022-02-16 22:00:00,115.52,115.547,114.847,114.935,0.0
2022-02-17 22:00:00,114.935,115.299,114.791,115.299,0.0
2022-02-20 22:00:00,115.299,115.299,114.721,114.742,0.0
2022-02-21 22:00:00,114.742,115.244,114.501,115.086,0.0
2022-02-22 22:00:00,115.086,115.202,114.926,114.993,0.0
2022-02-23 22:00:00,114.993,115.697,114.41,115.538,0.0
2022-02-24 22:00:00,115.538,115.763,115.149,115.534,0.0
2022-02-27 22:00:00,115.534,115.777,114.863,114.999,0.0
2022-02-28 22:00:00,114.999,115.291,114.7,114.915,0.0
2022-03-01 22:00:00,114.915,115.689,114.794,115.523,0.0
2022-03-02 22:00:00,115.523,115.809,115.386,115.463,0.0
2022-03-03 22:00:00,115.463,115.559,114.651,114.651,0.0
2022-03-06 22:00:00,114.651,115.474,114.651,115.32,0.0
2022-03-07 22:00:00,115.32,115.793,115.267,115.672,0.0
2022-03-08 22:00:00,115.672,115.943,115.56,115.861,0.0
2022-03-09 22:00:00,115.861,116.197,115.808,116.136,0.0
2022-03-10 22:00:00,116.136,117.358,116.088,117.288,0.0
2022-03-13 21:00:00,117.288,118.219,117.288,118.187,0.0
2022-03-14 21:00:00,118.187,118.452,117.699,118.295,0.0
2022-03-15 21:00:00,118.295,119.123,118.178,118.735,0.0
2022-03-16 21:00:00,118.735,119.028,118.37,118.597,0.0
2022-03-17 21:00:00,118.597,119.401,118.474,119.401,0.0
2022-03-20 21:00:00,119.159,119.501,119.082,119.474,0.0
2022-03-21 21:00:00,119.474,121.033,119.438,120.794,0.0
2022-03-22 21:00:00,120.794,121.414,120.595,121.156,0.0
2022-03-23 21:00:00,121.156,122.412,120.955,122.367,0.0
2022-03-24 21:00:00,122.367,122.437,121.182,122.076,0.0
2022-03-27 21:00:00,122.076,125.101,122.022,123.889,0.0
2022-03-28 21:00:00,123.889,124.308,121.98,122.882,0.0
2022-03-29 21:00:00,122.882,123.207,121.314,121.832,0.0
2022-03-30 21:00:00,121.832,122.457,121.283,121.707,0.0
2022-03-31 21:00:00,121.707,123.036,121.651,122.515,0.0
2022-04-03 21:00:00,122.515,122.959,122.266,122.796,0.0
2022-04-04 21:00:00,122.796,123.67,122.378,123.602,0.0
2022-04-05 21:00:00,123.602,124.054,123.463,123.796,0.0
2022-04-06 21:00:00,123.796,124.003,123.472,123.938,0.0
2022-04-07 21:00:00,123.938,124.678,123.67,124.678,0.0
2022-04-10 21:00:00,124.678,125.773,124.042,125.373,0.0
2022-04-11 21:00:00,125.373,125.758,124.769,125.37,0.0
2022-04-12 21:00:00,125.37,126.319,125.345,125.618,0.0
2022-04-13 21:00:00,125.618,126.016,125.086,125.878,0.0
2022-04-14 21:00:00,125.878,126.684,125.868,126.464,0.0
2022-04-17 21:00:00,126.464,127.002,126.248,126.991,0.0
2022-04-18 21:00:00,126.991,128.976,126.976,128.895,0.0
2022-04-19 21:00:00,128.895,129.407,127.462,127.89,0.0
2022-04-20 21:00:00,127.89,128.703,127.719,128.377,0.0
2022-04-21 21:00:00,128.377,129.111,127.739,129.111,0.0
2022-04-24 21:00:00,129.111,129.111,127.524,128.135,0.0
2022-04-25 21:00:00,128.135,128.229,127.029,127.223,0.0
2022-04-26 21:00:00,127.223,128.593,126.952,128.426,0.0
2022-04-27 21:00:00,128.426,131.253,128.339,130.858,0.0
2022-04-28 21:00:00,130.858,130.956,129.318,129.848,0.0
2022-05-01 21:00:00,129.318,130.48,129.318,130.154,0.0
2022-05-02 21:00:00,130.154,130.292,129.703,130.139,0.0
2022-05-03 21:00:00,130.139,130.384,128.63,129.087,0.0
2022-05-04 21:00:00,129.087,130.559,128.755,130.158,0.0
2022-05-05 21:00:00,130.158,130.809,130.096,130.539,0.0
2022-05-08 21:00:00,130.539,131.348,130.115,130.296,0.0
2022-05-09 21:00:00,130.296,130.58,129.8,130.445,0.0
2022-05-10 21:00:00,130.445,130.815,129.449,129.977,0.0
2022-05-11 21:00:00,129.977,130.058,127.521,128.33,0.0
2022-05-12 21:00:00,128.33,129.455,128.26,129.241,0.0
2022-05-15 21:00:00,129.241,129.64,128.703,129.149,0.0
2022-05-16 21:00:00,129.149,129.784,128.833,129.403,0.0
2022-05-17 21:00:00,129.403,129.539,128.012,128.229,0.0
2022-05-18 21:00:00,128.229,128.946,127.03,127.795,0.0
2022-05-19 21:00:00,127.795,128.3,127.531,127.918,0.0
2022-05-22 21:00:00,127.918,128.064,127.155,127.896,0.0
2022-05-23 21:00:00,127.896,128.086,126.364,126.822,0.0
2022-05-24 21:00:00,126.822,127.498,126.657,127.336,0.0
2022-05-25 21:00:00,127.336,127.583,126.554,127.102,0.0
2022-05-26 21:00:00,127.102,127.255,126.678,127.255,0.0
2022-05-29 21:00:00,127.255,127.827,126.863,127.55,0.0
2022-05-30 21:00:00,127.55,128.892,127.531,128.659,0.0
2022-05-31 21:00:00,128.659,130.19,128.631,130.118,0.0
2022-06-01 21:00:00,130.118,130.241,129.513,129.842,0.0
2022-06-02 21:00:00,129.842,130.982,129.689,130.844,0.0
2022-06-05 21:00:00,130.844,132.013,130.434,131.878,0.0
2022-06-06 21:00:00,131.878,133.001,131.866,132.595,0.0
2022-06-07 21:00:00,132.595,134.476,132.582,134.256,0.0
2022-06-08 21:00:00,134.256,134.558,133.187,134.357,0.0
2022-06-09 21:00:00,134.357,134.484,133.368,134.425,0.0
2022-06-12 21:00:00,134.425,135.203,133.595,134.418,0.0
2022-06-13 21:00:00,134.418,135.481,133.876,135.472,0.0
2022-06-14 21:00:00,135.472,135.595,133.508,133.84,0.0
2022-06-15 21:00:00,133.84,134.679,131.494,132.2,0.0
2022-06-16 21:00:00,132.2,135.427,132.172,134.95,0.0
2022-06-19 21:00:00,134.95,135.446,134.534,135.092,0.0
2022-06-20 21:00:00,135.092,136.707,134.924,136.643,0.0
2022-06-21 21:00:00,136.643,136.716,135.685,136.246,0.0
2022-06-22 21:00:00,136.246,136.301,134.267,134.949,0.0
2022-06-23 21:00:00,134.949,135.4,134.354,135.4,0.0
2022-06-26 21:00:00,135.4,135.552,134.523,135.457,0.0
2022-06-27 21:00:00,135.457,136.385,135.113,136.143,0.0
2022-06-28 21:00:00,136.143,137.003,135.779,136.593,0.0
2022-06-29 21:00:00,136.593,136.811,135.553,135.714,0.0
2022-06-30 21:00:00,135.714,135.987,134.746,135.235,0.0
2022-07-03 21:00:00,135.235,135.775,134.785,135.696,0.0
2022-07-04 21:00:00,135.696,136.364,135.529,135.885,0.0
2022-07-05 21:00:00,135.885,136.008,134.956,135.942,0.0
2022-07-06 21:00:00,135.942,136.223,135.553,135.997,0.0
2022-07-07 21:00:00,135.997,136.568,135.331,136.082,0.0
2022-07-10 21:00:00,136.082,137.752,135.99,137.434,0.0
2022-07-11 21:00:00,137.434,137.532,136.476,136.872,0.0
2022-07-12 21:00:00,136.872,137.866,136.695,137.419,0.0
2022-07-13 21:00:00,137.419,139.39,137.314,138.964,0.0
2022-07-14 21:00:00,138.964,139.127,138.392,138.502,0.0
2022-07-17 21:00:00,138.502,138.597,137.895,138.144,0.0
2022-07-18 21:00:00,138.144,138.395,137.384,138.189,0.0
2022-07-19 21:00:00,138.189,138.377,137.904,138.26,0.0
2022-07-20 21:00:00,138.26,138.879,137.302,137.343,0.0
2022-07-21 21:00:00,137.343,137.957,135.571,136.075,0.0
2022-07-24 21:00:00,136.075,136.791,135.892,136.664,0.0
2022-07-25 21:00:00,136.664,136.97,136.281,136.91,0.0
2022-07-26 21:00:00,136.91,137.465,136.324,136.564,0.0
2022-07-27 21:00:00,136.564,136.602,134.203,134.267,0.0
2022-07-28 21:00:00,134.267,134.679,132.508,132.508,0.0
2022-07-31 21:00:00,132.508,133.561,131.603,131.608,0.0
2022-08-01 21:00:00,131.608,133.183,130.401,133.174,0.0
2022-08-02 21:00:00,133.174,134.549,132.286,133.856,0.0
2022-08-03 21:00:00,133.856,134.425,132.765,132.935,0.0
2022-08-04 21:00:00,132.935,135.497,132.524,135.045,0.0
2022-08-07 21:00:00,135.045,135.58,134.358,135.014,0.0
2022-08-08 21:00:00,135.014,135.203,134.67,135.129,0.0
2022-08-09 21:00:00,135.129,135.306,132.032,132.894,0.0
2022-08-10 21:00:00,132.894,133.314,131.738,133.021,0.0
2022-08-11 21:00:00,133.021,133.895,132.887,133.504,0.0
2022-08-14 21:00:00,133.504,133.597,132.558,133.313,0.0
2022-08-15 21:00:00,133.313,134.685,132.955,134.23,0.0
2022-08-16 21:00:00,134.23,135.501,133.909,135.057,0.0
2022-08-17 21:00:00,135.057,135.903,134.648,135.89,0.0
2022-08-18 21:00:00,135.89,137.233,135.719,137.233,0.0
2022-08-21 21:00:00,137.233,137.65,136.703,137.473,0.0
2022-08-22 21:00:00,137.473,137.71,135.811,136.767,0.0
2022-08-23 21:00:00,136.767,137.247,136.176,137.141,0.0
2022-08-24 21:00:00,137.141,137.202,136.321,136.505,0.0
2022-08-25 21:00:00,136.505,137.567,136.204,137.532,0.0
2022-08-28 21:00:00,137.532,139.002,137.532,138.711,0.0
2022-08-29 21:00:00,138.711,139.077,138.054,138.791,0.0
2022-08-30 21:00:00,138.791,139.008,138.275,138.959,0.0
2022-08-31 21:00:00,138.959,140.231,138.883,140.215,0.0
2022-09-01 21:00:00,140.215,140.802,139.873,140.21,0.0
2022-09-04 21:00:00,140.21,140.664,140.121,140.612,0.0
2022-09-05 21:00:00,140.612,143.075,140.253,142.797,0.0
2022-09-06 21:00:00,142.797,144.993,142.702,143.75,0.0
2022-09-07 21:00:00,143.75,144.56,143.322,144.12,0.0
2022-09-08 21:00:00,144.12,144.13,141.505,142.604,0.0
2022-09-11 21:00:00,142.604,143.496,142.135,142.835,0.0
2022-09-12 21:00:00,142.835,144.686,141.654,144.565,0.0
2022-09-13 21:00:00,144.565,144.962,142.554,143.147,0.0
2022-09-14 21:00:00,143.147,143.803,142.798,143.508,0.0
2022-09-15 21:00:00,143.508,143.695,142.832,142.92,0.0
2022-09-18 21:00:00,142.92,143.645,142.645,143.207,0.0
2022-09-19 21:00:00,143.207,143.926,142.938,143.736,0.0
2022-09-20 21:00:00,143.736,144.702,143.344,144.081,0.0
2022-09-21 21:00:00,144.081,145.901,140.354,142.349,0.0
2022-09-22 21:00:00,142.349,143.462,141.767,143.331,0.0
2022-09-25 21:00:00,143.462,144.79,143.242,144.762,0.0
2022-09-26 21:00:00,144.762,144.904,144.063,144.81,0.0
2022-09-27 21:00:00,144.81,144.874,143.909,144.141,0.0
2022-09-28 21:00:00,144.141,144.811,144.067,144.435,0.0
2022-09-29 21:00:00,144.435,144.81,144.206,144.741,0.0
2022-10-02 21:00:00,144.741,145.319,144.159,144.548,0.0
2022-10-03 21:00:00,144.548,144.936,143.898,144.14,0.0
2022-10-04 21:00:00,144.14,144.847,143.529,144.674,0.0
2022-10-05 21:00:00,144.674,145.144,144.387,145.138,0.0
2022-10-06 21:00:00,145.138,145.444,144.659,145.363,0.0
2022-10-09 21:00:00,145.363,145.805,145.237,145.729,0.0
2022-10-10 21:00:00,145.729,145.898,145.428,145.858,0.0
2022-10-11 21:00:00,145.858,146.969,145.683,146.908,0.0
2022-10-12 21:00:00,146.908,147.672,146.437,147.113,0.0
2022-10-13 21:00:00,147.113,148.864,147.094,148.736,0.0
2022-10-16 21:00:00,148.736,149.086,148.432,149.04,0.0
2022-10-17 21:00:00,149.04,149.385,148.147,149.255,0.0
2022-10-18 21:00:00,149.255,149.91,149.102,149.901,0.0
2022-10-19 21:00:00,149.901,150.287,149.555,150.141,0.0
2022-10-20 21:00:00,150.141,151.946,146.205,147.688,0.0
2022-10-23 21:00:00,146.205,149.71,145.52,148.92,0.0
2022-10-24 21:00:00,148.92,149.101,147.517,147.931,0.0
2022-10-25 21:00:00,147.931,148.414,146.224,146.396,0.0
2022-10-26 21:00:00,146.396,146.938,145.109,146.289,0.0
2022-10-27 21:00:00,146.289,147.864,145.991,147.481,0.0
2022-10-30 21:00:00,147.481,148.85,147.481,148.722,0.0
2022-10-31 21:00:00,148.722,148.827,146.991,148.246,0.0
2022-11-01 21:00:00,148.246,148.382,145.674,147.913,0.0
2022-11-02 21:00:00,147.913,148.451,147.114,148.269,0.0
2022-11-03 21:00:00,148.269,148.406,146.558,146.647,0.0
2022-11-06 22:00:00,146.647,147.57,146.086,146.625,0.0
2022-11-07 22:00:00,146.625,146.936,145.314,145.673,0.0
2022-11-08 22:00:00,145.673,146.796,145.179,146.408,0.0
2022-11-09 22:00:00,146.408,146.591,140.205,140.985,0.0
2022-11-10 22:00:00,140.985,142.481,138.467,138.779,0.0
2022-11-13 22:00:00,138.779,140.798,138.779,139.906,0.0
2022-11-14 22:00:00,139.906,140.626,137.676,139.282,0.0
2022-11-15 22:00:00,139.282,140.294,138.734,139.522,0.0
2022-11-16 22:00:00,139.522,140.74,138.881,140.21,0.0
2022-11-17 22:00:00,140.21,140.502,139.637,140.368,0.0
2022-11-20 22:00:00,140.368,142.255,140.164,142.118,0.0
2022-11-21 22:00:00,142.118,142.244,141.087,141.222,0.0
2022-11-22 22:00:00,141.222,141.613,139.171,139.599,0.0
2022-11-23 22:00:00,139.599,139.659,138.058,138.597,0.0
2022-11-24 22:00:00,138.597,139.597,138.377,139.597,0.0
2022-11-27 22:00:00,139.166,139.423,137.502,138.933,0.0
2022-11-28 22:00:00,138.933,139.356,137.868,138.714,0.0
2022-11-29 22:00:00,138.714,139.895,137.653,138.066,0.0
2022-11-30 22:00:00,138.066,138.132,135.212,135.323,0.0
2022-12-01 22:00:00,135.323,135.982,133.626,134.301,0.0
2022-12-04 22:00:00,134.301,136.861,134.135,136.755,0.0
2022-12-05 22:00:00,136.755,137.43,135.97,137.037,0.0
2022-12-06 22:00:00,137.037,137.859,136.219,136.597,0.0
2022-12-07 22:00:00,136.597,137.247,136.246,136.663,0.0
2022-12-08 22:00:00,136.663,136.905,135.604,136.587,0.0
2022-12-11 22:00:00,136.587,137.852,136.496,137.682,0.0
2022-12-12 22:00:00,137.682,137.972,134.659,135.576,0.0
2022-12-13 22:00:00,135.576,135.993,134.522,135.471,0.0
2022-12-14 22:00:00,135.471,138.175,135.242,137.782,0.0
2022-12-15 22:00:00,137.782,137.859,136.296,136.643,0.0
2022-12-18 22:00:00,136.643,137.164,135.753,136.912,0.0
2022-12-19 22:00:00,136.912,137.479,130.568,131.732,0.0
2022-12-20 22:00:00,131.732,132.531,131.501,132.485,0.0
2022-12-21 22:00:00,132.485,132.723,131.645,132.342,0.0
2022-12-22 22:00:00,132.342,133.139,132.159,132.907,0.0
2022-12-25 22:00:00,132.907,133.207,132.32,132.877,0.0
2022-12-26 22:00:00,132.877,133.598,132.637,133.494,0.0
2022-12-27 22:00:00,133.494,134.501,133.38,134.467,0.0
2022-12-28 22:00:00,134.467,134.467,132.883,133.022,0.0
2022-12-29 22:00:00,133.022,133.097,130.782,131.121,0.0
2023-01-01 22:00:00,131.121,131.121,130.629,130.678,0.0
2023-01-02 22:00:00,130.678,131.408,129.513,131.012,0.0
2023-01-03 22:00:00,131.012,132.719,129.929,132.632,0.0
2023-01-04 22:00:00,132.632,134.057,131.685,133.413,0.0
2023-01-05 22:00:00,133.413,134.776,131.996,132.092,0.0
2023-01-08 22:00:00,132.092,132.657,131.309,131.885,0.0
2023-01-09 22:00:00,131.885,132.479,131.388,132.272,0.0
2023-01-10 22:00:00,132.272,132.875,132.067,132.465,0.0
2023-01-11 22:00:00,132.465,132.537,128.868,129.296,0.0
2023-01-12 22:00:00,129.296,129.426,127.46,127.46,0.0
2023-01-15 22:00:00,127.46,128.866,127.226,128.584,0.0
2023-01-16 22:00:00,128.584,129.157,127.993,128.149,0.0
2023-01-17 22:00:00,128.149,131.581,127.569,128.898,0.0
2023-01-18 22:00:00,128.898,128.95,127.764,128.425,0.0
2023-01-19 22:00:00,128.425,130.613,128.353,129.585,0.0
2023-01-22 22:00:00,129.585,130.892,129.045,130.671,0.0
2023-01-23 22:00:00,130.671,131.119,129.729,130.173,0.0
2023-01-24 22:00:00,130.173,130.585,129.27,129.589,0.0
2023-01-25 22:00:00,129.589,130.621,129.029,130.221,0.0
2023-01-26 22:00:00,130.221,130.271,129.501,129.851,0.0
2023-01-29 22:00:00,129.851,130.57,129.206,130.444,0.0
2023-01-30 22:00:00,130.444,130.532,129.747,130.098,0.0
2023-01-31 22:00:00,130.098,130.413,128.546,128.974,0.0
2023-02-01 22:00:00,128.974,129.13,128.084,128.697,0.0
2023-02-02 22:00:00,128.697,131.203,128.332,131.188,0.0
2023-02-05 22:00:00,131.188,132.904,131.188,132.651,0.0
2023-02-06 22:00:00,132.651,132.71,130.476,131.074,0.0
2023-02-07 22:00:00,131.074,131.539,130.597,131.428,0.0
2023-02-08 22:00:00,131.428,131.829,130.342,131.574,0.0
2023-02-09 22:00:00,131.574,131.891,129.809,131.418,0.0
2023-02-12 22:00:00,131.418,132.911,131.322,132.402,0.0
2023-02-13 22:00:00,132.402,133.318,131.507,133.121,0.0
2023-02-14 22:00:00,133.121,134.362,132.548,134.163,0.0
2023-02-15 22:00:00,134.163,134.465,133.607,133.947,0.0
2023-02-16 22:00:00,133.947,135.105,133.936,134.154,0.0
2023-02-19 22:00:00,134.154,134.539,133.928,134.263,0.0
2023-02-20 22:00:00,134.263,135.229,134.153,135.01,0.0
2023-02-21 22:00:00,135.01,135.065,134.367,134.916,0.0
2023-02-22 22:00:00,134.916,135.367,134.489,134.706,0.0
2023-02-23 22:00:00,134.706,136.521,134.058,136.49,0.0
2023-02-26 22:00:00,136.49,136.558,135.919,136.231,0.0
2023-02-27 22:00:00,136.231,136.921,135.738,136.215,0.0
2023-02-28 22:00:00,136.215,136.474,135.26,136.187,0.0
2023-03-01 22:00:00,136.187,137.1,136.023,136.774,0.0
2023-03-02 22:00:00,136.774,136.8,135.748,135.827,0.0
2023-03-05 22:00:00,135.827,136.194,135.369,135.923,0.0
2023-03-06 22:00:00,135.923,137.197,135.543,137.163,0.0
2023-03-07 22:00:00,137.163,137.914,136.482,137.358,0.0
2023-03-08 22:00:00,137.358,137.379,135.945,136.15,0.0
2023-03-09 22:00:00,136.15,136.996,134.117,134.117,0.0
2023-03-12 21:00:00,134.117,135.053,132.287,133.199,0.0
2023-03-13 21:00:00,133.199,134.901,133.03,134.218,0.0
2023-03-14 21:00:00,134.218,135.116,132.217,133.416,0.0
2023-03-15 21:00:00,133.416,133.828,131.721,133.739,0.0
2023-03-16 21:00:00,133.739,133.761,131.558,131.831,0.0
2023-03-19 21:00:00,131.831,132.652,130.544,131.323,0.0
2023-03-20 21:00:00,131.323,132.629,131.034,132.503,0.0
2023-03-21 21:00:00,132.503,133.003,131.005,131.416,0.0
2023-03-22 21:00:00,131.416,131.666,130.322,130.87,0.0
2023-03-23 21:00:00,130.87,130.944,129.645,129.645,0.0
2023-03-26 21:00:00,129.645,131.762,129.645,131.561,0.0
2023-03-27 21:00:00,131.561,131.622,130.409,130.896,0.0
2023-03-28 21:00:00,130.896,132.891,130.762,132.861,0.0
2023-03-29 21:00:00,132.861,132.969,132.205,132.709,0.0
2023-03-30 21:00:00,132.709,133.596,132.588,132.788,0.0
2023-04-02 21:00:00,132.788,133.757,132.206,132.462,0.0
2023-04-03 21:00:00,132.462,133.17,131.523,131.712,0.0
2023-04-04 21:00:00,131.712,131.847,130.633,131.314,0.0
2023-04-05 21:00:00,131.314,131.905,130.78,131.783,0.0
2023-04-06 21:00:00,131.783,132.378,131.528,132.189,0.0
2023-04-09 21:00:00,132.189,133.871,131.833,133.599,0.0
2023-04-10 21:00:00,133.599,133.808,132.975,133.689,0.0
2023-04-11 21:00:00,133.689,134.047,132.739,133.135,0.0
2023-04-12 21:00:00,133.135,133.393,132.021,132.576,0.0
2023-04-13 21:00:00,132.576,133.838,132.171,133.801,0.0
2023-04-16 21:00:00,133.801,134.574,133.713,134.486,0.0
2023-04-17 21:00:00,134.486,134.709,133.863,134.117,0.0
2023-04-18 21:00:00,134.117,135.134,133.956,134.723,0.0
2023-04-19 21:00:00,134.723,134.974,134.015,134.241,0.0
2023-04-20 21:00:00,134.241,134.494,133.551,134.128,0.0
2023-04-23 21:00:00,134.128,134.733,133.894,134.243,0.0
2023-04-24 21:00:00,134.243,134.469,133.374,133.717,0.0
2023-04-25 21:00:00,133.717,133.943,133.018,133.666,0.0
2023-04-26 21:00:00,133.666,134.197,133.219,134.006,0.0
2023-04-27 21:00:00,134.006,136.563,133.343,136.563,0.0
2023-04-30 21:00:00,136.563,137.539,136.176,137.478,0.0
2023-05-01 21:00:00,137.478,137.775,136.317,136.547,0.0
2023-05-02 21:00:00,136.547,136.621,134.736,134.746,0.0
2023-05-03 21:00:00,134.746,134.879,133.503,134.289,0.0
2023-05-04 21:00:00,134.289,135.126,133.886,134.857,0.0
2023-05-07 21:00:00,134.857,135.297,134.643,135.132,0.0
2023-05-08 21:00:00,135.132,135.359,134.724,135.241,0.0
2023-05-09 21:00:00,135.241,135.471,134.115,134.359,0.0
2023-05-10 21:00:00,134.359,134.846,133.746,134.56,0.0
2023-05-11 21:00:00,134.56,135.755,134.403,135.746,0.0
2023-05-14 21:00:00,135.746,136.327,135.662,136.115,0.0
2023-05-15 21:00:00,136.115,136.686,135.681,136.378,0.0
2023-05-16 21:00:00,136.378,137.717,136.306,137.685,0.0
2023-05-17 21:00:00,137.685,138.748,137.291,138.711,0.0
2023-05-18 21:00:00,138.711,138.728,137.428,137.895,0.0
2023-05-21 21:00:00,137.428,138.688,137.428,138.601,0.0
2023-05-22 21:00:00,138.601,138.912,138.245,138.587,0.0
2023-05-23 21:00:00,138.587,139.479,138.235,139.472,0.0
2023-05-24 21:00:00,139.472,140.231,138.825,140.058,0.0
2023-05-25 21:00:00,140.058,140.727,139.496,140.727,0.0
2023-05-28 21:00:00,140.629,140.921,140.115,140.449,0.0
2023-05-29 21:00:00,140.449,140.934,139.573,139.797,0.0
2023-05-30 21:00:00,139.797,140.401,139.236,139.34,0.0
2023-05-31 21:00:00,139.34,139.951,138.441,138.801,0.0
2023-06-01 21:00:00,138.801,140.072,138.608,139.969,0.0
2023-06-04 21:00:00,139.969,140.454,139.252,139.584,0.0
2023-06-05 21:00:00,139.584,139.996,139.097,139.633,0.0
2023-06-06 21:00:00,139.633,140.249,139.029,140.163,0.0
2023-06-07 21:00:00,140.163,140.233,138.81,138.93,0.0
2023-06-08 21:00:00,138.93,139.727,138.763,139.375,0.0
2023-06-11 21:00:00,139.375,139.768,139.065,139.604,0.0
2023-06-12 21:00:00,139.604,140.311,139.013,140.219,0.0
2023-06-13 21:00:00,140.219,140.284,139.287,140.1,0.0
2023-06-14 21:00:00,140.1,141.504,139.944,140.283,0.0
2023-06-15 21:00:00,140.283,141.915,139.855,141.871,0.0
2023-06-18 21:00:00,141.871,142.003,141.443,141.977,0.0
2023-06-19 21:00:00,141.977,142.255,141.216,141.45,0.0
2023-06-20 21:00:00,141.45,142.371,141.284,141.881,0.0
2023-06-21 21:00:00,141.881,143.229,141.613,143.116,0.0
2023-06-22 21:00:00,143.116,143.874,142.699,143.743,0.0
2023-06-25 21:00:00,143.743,143.743,142.94,143.505,0.0
2023-06-26 21:00:00,143.505,144.175,143.286,144.075,0.0
2023-06-27 21:00:00,144.075,144.618,143.732,144.494,0.0
2023-06-28 21:00:00,144.494,144.901,144.136,144.766,0.0
2023-06-29 21:00:00,144.766,145.071,144.208,144.303,0.0
2023-07-02 21:00:00,144.303,144.915,143.987,144.676,0.0
2023-07-03 21:00:00,144.676,144.713,144.209,144.47,0.0
2023-07-04 21:00:00,144.47,144.737,144.081,144.653,0.0
2023-07-05 21:00:00,144.653,144.661,143.558,144.067,0.0
2023-07-06 21:00:00,144.067,144.198,142.073,142.102,0.0
2023-07-09 21:00:00,142.104,143.008,141.279,141.313,0.0
2023-07-10 21:00:00,141.313,141.463,140.161,140.353,0.0
2023-07-11 21:00:00,140.353,140.409,138.162,138.502,0.0
2023-07-12 21:00:00,138.502,138.957,137.925,138.052,0.0
2023-07-13 21:00:00,138.052,139.16,137.244,138.799,0.0
2023-07-16 21:00:00,138.799,139.408,138.001,138.71,0.0
2023-07-17 21:00:00,138.71,139.136,137.687,138.834,0.0
2023-07-18 21:00:00,138.834,139.994,138.769,139.683,0.0
2023-07-19 21:00:00,139.683,140.499,139.113,140.073,0.0
2023-07-20 21:00:00,140.073,141.957,139.752,141.957,0.0
2023-07-23 21:00:00,141.957,141.957,140.751,141.481,0.0
2023-07-24 21:00:00,141.481,141.736,140.855,140.907,0.0
2023-07-25 21:00:00,140.907,141.188,139.932,140.238,0.0
2023-07-26 21:00:00,140.238,141.324,138.77,139.493,0.0
2023-07-27 21:00:00,139.493,141.181,138.07,141.166,0.0
2023-07-30 21:00:00,141.166,142.691,140.695,142.274,0.0
2023-07-31 21:00:00,142.274,143.546,142.211,143.335,0.0
2023-08-01 21:00:00,143.335,143.478,142.239,143.315,0.0
2023-08-02 21:00:00,143.315,143.894,142.068,142.533,0.0
2023-08-03 21:00:00,142.533,142.918,141.554,141.755,0.0
2023-08-06 21:00:00,141.554,142.586,141.519,142.478,0.0
2023-08-07 21:00:00,142.478,143.494,142.403,143.383,0.0
2023-08-08 21:00:00,143.383,143.751,143.002,143.727,0.0
2023-08-09 21:00:00,143.727,144.818,143.291,144.759,0.0
2023-08-10 21:00:00,144.759,145.003,144.424,144.962,0.0
2023-08-13 21:00:00,144.962,145.581,144.654,145.556,0.0
2023-08-14 21:00:00,145.556,145.867,145.106,145.575,0.0
2023-08-15 21:00:00,145.575,146.408,145.309,146.348,0.0
2023-08-16 21:00:00,146.348,146.561,145.621,145.835,0.0
2023-08-17 21:00:00,145.835,145.877,144.93,144.93,0.0
2023-08-20 21:00:00,144.93,146.405,144.93,146.222,0.0
2023-08-21 21:00:00,146.222,146.402,145.498,145.895,0.0
2023-08-22 21:00:00,145.895,145.895,144.543,144.846,0.0
2023-08-23 21:00:00,144.846,145.96,144.604,145.833,0.0
2023-08-24 21:00:00,145.833,146.636,145.724,146.454,0.0
2023-08-27 21:00:00,146.454,146.747,146.275,146.542,0.0
2023-08-28 21:00:00,146.542,147.372,145.671,145.878,0.0
2023-08-29 21:00:00,145.878,146.538,145.561,146.246,0.0
2023-08-30 21:00:00,146.246,146.256,145.352,145.541,0.0
2023-08-31 21:00:00,145.541,146.296,144.445,146.24,0.0
2023-09-03 21:00:00,146.24,146.497,146.026,146.474,0.0
2023-09-04 21:00:00,146.474,147.805,146.407,147.723,0.0
2023-09-05 21:00:00,147.723,147.819,147.017,147.661,0.0
2023-09-06 21:00:00,147.661,147.875,147.046,147.301,0.0
2023-09-07 21:00:00,147.301,147.871,146.589,147.825,0.0
2023-09-10 21:00:00,147.825,147.825,145.907,146.587,0.0
2023-09-11 21:00:00,146.587,147.237,146.438,147.081,0.0
2023-09-12 21:00:00,147.081,147.741,147.019,147.461,0.0
2023-09-13 21:00:00,147.461,147.57,147.019,147.48,0.0
2023-09-14 21:00:00,147.48,147.952,147.34,147.866,0.0
2023-09-17 21:00:00,147.848,147.88,147.56,147.606,0.0
2023-09-18 21:00:00,147.606,147.922,147.508,147.854,0.0
2023-09-19 21:00:00,147.854,148.362,147.475,148.343,0.0
2023-09-20 21:00:00,148.343,148.46,147.323,147.587,0.0
2023-09-21 21:00:00,147.587,148.417,147.51,148.38,0.0
2023-09-24 21:00:00,148.38,148.964,148.252,148.888,0.0
2023-09-25 21:00:00,148.888,149.189,148.706,149.064,0.0
2023-09-26 21:00:00,149.064,149.709,148.864,149.635,0.0
2023-09-27 21:00:00,149.635,149.635,149.148,149.308,0.0
2023-09-28 21:00:00,149.308,149.503,148.53,149.358,0.0
2023-10-01 21:00:00,149.358,149.88,149.358,149.854,0.0
2023-10-02 21:00:00,149.854,150.16,147.294,149.025,0.0
2023-10-03 21:00:00,149.025,149.321,148.737,149.125,0.0
2023-10-04 21:00:00,149.125,149.126,148.263,148.515,0.0
2023-10-05 21:00:00,148.515,149.538,148.361,149.305,0.0
2023-10-08 21:00:00,149.305,149.305,148.438,148.503,0.0
2023-10-09 21:00:00,148.503,149.1,148.165,148.712,0.0
2023-10-10 21:00:00,148.712,149.326,148.426,149.166,0.0
2023-10-11 21:00:00,149.166,149.831,148.956,149.807,0.0
2023-10-12 21:00:00,149.807,149.83,149.456,149.561,0.0
2023-10-15 21:00:00,149.561,149.766,149.36,149.51,0.0
2023-10-16 21:00:00,149.51,149.853,148.752,149.814,0.0
2023-10-17 21:00:00,149.814,149.938,149.487,149.928,0.0
2023-10-18 21:00:00,149.928,149.967,149.669,149.793,0.0
2023-10-19 21:00:00,149.793,149.994,149.647,149.841,0.0
2023-10-22 21:00:00,149.649,149.992,149.557,149.713,0.0
2023-10-23 21:00:00,149.713,149.933,149.323,149.914,0.0
2023-10-24 21:00:00,149.914,150.322,149.796,150.229,0.0
2023-10-25 21:00:00,150.229,150.779,149.841,150.397,0.0
2023-10-26 21:00:00,150.397,150.414,149.462,149.653,0.0
2023-10-29 21:00:00,149.653,149.856,148.806,149.083,0.0
2023-10-30 21:00:00,149.083,151.719,149.023,151.692,0.0
2023-10-31 21:00:00,151.692,151.701,150.664,150.952,0.0
2023-11-01 21:00:00,150.952,150.969,149.846,150.469,0.0
2023-11-02 21:00:00,150.469,150.559,149.195,149.195,0.0
2023-11-05 22:00:00,149.195,150.086,149.195,150.073,0.0
2023-11-06 22:00:00,150.073,150.693,149.935,150.366,0.0
2023-11-07 22:00:00,150.366,151.06,150.349,150.976,0.0
2023-11-08 22:00:00,150.976,151.39,150.771,151.351,0.0
2023-11-09 22:00:00,151.351,151.605,151.224,151.522,0.0
2023-11-12 22:00:00,151.522,151.912,151.204,151.722,0.0
2023-11-13 22:00:00,151.722,151.789,150.157,150.377,0.0
2023-11-14 22:00:00,150.377,151.424,150.051,151.383,0.0
2023-11-15 22:00:00,151.383,151.432,150.288,150.728,0.0
2023-11-16 22:00:00,150.728,150.778,149.198,149.601,0.0
2023-11-19 22:00:00,149.198,149.993,148.105,148.385,0.0
2023-11-20 22:00:00,148.385,148.597,147.154,148.394,0.0
2023-11-21 22:00:00,148.394,149.751,148.022,149.54,0.0
2023-11-22 22:00:00,149.54,149.694,148.89,149.558,0.0
2023-11-23 22:00:00,149.558,149.715,149.199,149.199,0.0
2023-11-26 22:00:00,149.45,149.679,148.547,148.692,0.0
2023-11-27 22:00:00,148.692,148.832,147.324,147.487,0.0
2023-11-28 22:00:00,147.487,147.906,146.674,147.245,0.0
2023-11-29 22:00:00,147.245,148.52,146.846,148.198,0.0
2023-11-30 22:00:00,148.198,148.349,146.662,146.662,0.0
2023-12-03 22:00:00,146.806,147.454,146.227,147.21,0.0
2023-12-04 22:00:00,147.21,147.39,146.563,147.155,0.0
2023-12-05 22:00:00,147.155,147.5,146.897,147.311,0.0
2023-12-06 22:00:00,147.311,147.344,141.627,144.133,0.0
2023-12-07 22:00:00,144.133,145.219,142.501,144.954,0.0
2023-12-10 22:00:00,144.954,146.588,144.815,146.169,0.0
2023-12-11 22:00:00,146.169,146.188,144.74,145.45,0.0
2023-12-12 22:00:00,145.45,145.996,142.637,142.887,0.0
2023-12-13 22:00:00,142.887,142.921,140.957,141.894,0.0
2023-12-14 22:00:00,141.894,142.469,141.432,142.174,0.0
2023-12-17 22:00:00,142.174,143.16,142.074,142.795,0.0
2023-12-18 22:00:00,142.795,144.958,142.25,143.837,0.0
2023-12-19 22:00:00,143.837,144.099,143.265,143.573,0.0
2023-12-20 22:00:00,143.573,143.622,142.047,142.121,0.0
2023-12-21 22:00:00,142.121,142.665,141.868,142.46,0.0
2023-12-25 22:00:00,142.46,142.635,142.096,142.401,0.0
2023-12-26 22:00:00,142.401,142.851,141.551,141.829,0.0
2023-12-27 22:00:00,141.829,141.831,140.254,141.416,0.0
2023-12-28 22:00:00,141.416,141.916,140.797,141.022,0.0
2024-01-01 22:00:00,141.022,142.218,140.818,141.986,0.0
2024-01-02 22:00:00,141.986,143.735,141.859,143.294,0.0
2024-01-03 22:00:00,143.294,144.854,142.856,144.634,0.0
2024-01-04 22:00:00,144.634,145.981,143.81,144.634,0.0
2024-01-07 22:00:00,144.634,144.921,143.664,144.234,0.0
2024-01-08 22:00:00,144.234,144.625,143.423,144.479,0.0
2024-01-09 22:00:00,144.479,145.835,144.322,145.758,0.0
2024-01-10 22:00:00,145.758,146.419,144.999,145.289,0.0
2024-01-11 22:00:00,145.289,145.571,144.351,144.921,0.0
2024-01-14 22:00:00,144.921,145.945,144.873,145.745,0.0
2024-01-15 22:00:00,145.745,147.315,145.588,147.185,0.0
2024-01-16 22:00:00,147.185,148.531,147.079,148.16,0.0
2024-01-17 22:00:00,148.16,148.303,147.658,148.162,0.0
2024-01-18 22:00:00,148.162,148.807,147.842,148.161,0.0
2024-01-21 22:00:00,148.161,148.316,147.62,148.112,0.0
2024-01-22 22:00:00,148.112,148.699,146.985,148.354,0.0
2024-01-23 22:00:00,148.354,148.4,146.651,147.51,0.0
2024-01-24 22:00:00,147.51,147.949,147.085,147.662,0.0
2024-01-25 22:00:00,147.662,148.21,147.414,148.159,0.0
2024-01-28 22:00:00,148.156,148.338,147.257,147.51,0.0
2024-01-29 22:00:00,147.51,147.93,147.099,147.606,0.0
2024-01-30 22:00:00,147.606,147.902,146.013,146.945,0.0
2024-01-31 22:00:00,146.945,147.118,145.898,146.423,0.0
2024-02-01 22:00:00,146.423,148.586,146.245,148.383,0.0
2024-02-04 22:00:00,148.383,148.895,148.271,148.68,0.0
2024-02-05 22:00:00,148.68,148.79,147.821,147.943,0.0
2024-02-06 22:00:00,147.943,148.261,147.622,148.182,0.0
2024-02-07 22:00:00,148.182,149.481,147.935,149.318,0.0
2024-02-08 22:00:00,149.318,149.578,149.011,149.285,0.0
2024-02-11 22:00:00,149.285,149.481,148.93,149.348,0.0
2024-02-12 22:00:00,149.348,150.887,149.213,150.796,0.0
2024-02-13 22:00:00,150.796,150.868,150.347,150.596,0.0
2024-02-14 22:00:00,150.596,150.596,149.535,149.925,0.0
2024-02-15 22:00:00,149.925,150.6485,149.8325,150.204,0.0
2024-02-18 22:00:00,150.204,150.279,149.8765,150.136,0.0
2024-02-19 22:00:00,150.136,150.4435,149.6855,150.005,0.0
2024-02-20 22:00:00,150.005,150.3955,149.8545,150.308,0.0
2024-02-21 22:00:00,150.308,150.691,150.019,150.531,0.0
2024-02-22 22:00:00,150.531,150.771,150.2965,150.528,0.0
2024-02-25 22:00:00,150.528,150.84,150.2935,150.7035,0.0
2024-02-26 22:00:00,150.7035,150.729,150.0765,150.5175,0.0
2024-02-27 22:00:00,150.5175,150.846,150.374,150.6935,0.0
2024-02-28 22:00:00,150.6935,150.6965,149.2095,149.9775,0.0
2024-02-29 22:00:00,149.9775,150.7255,149.96,150.1285,0.0
2024-03-03 22:00:00,150.1285,150.571,149.8415,150.53,0.0
2024-03-04 22:00:00,150.53,150.548,149.7055,150.044,0.0
2024-03-05 22:00:00,150.044,150.087,149.0955,149.396,0.0
2024-03-06 22:00:00,149.396,149.3975,147.589,148.0485,0.0
2024-03-07 22:00:00,148.0485,148.12,146.484,147.068,0.0
2024-03-10 21:00:00,147.068,147.164,146.4875,146.9455,0.0
2024-03-11 21:00:00,146.9455,148.1745,146.6225,147.668,0.0
2024-03-12 21:00:00,147.668,148.0475,147.2355,147.7615,0.0
2024-03-13 21:00:00,147.7615,148.3595,147.437,148.327,0.0
2024-03-14 21:00:00,148.327,149.1665,148.0355,149.0645,0.0
2024-03-17 21:00:00,149.0645,149.332,148.9115,149.1495,0.0
2024-03-18 21:00:00,149.1495,150.964,149.013,150.86,0.0
2024-03-19 21:00:00,150.86,151.8185,150.7225,151.259,0.0
2024-03-20 21:00:00,151.259,151.7555,150.266,151.616,0.0
2024-03-21 21:00:00,151.616,151.8645,151.0045,151.445,0.0
2024-03-24 21:00:00,151.0045,151.5455,151.0045,151.416,0.0
2024-03-25 21:00:00,151.416,151.6045,151.2085,151.5625,0.0
2024-03-26 21:00:00,151.5625,151.974,151.0285,151.3275,0.0
2024-03-27 21:00:00,151.3275,151.5475,151.1505,151.3805,0.0
2024-03-28 21:00:00,151.3805,151.5015,151.177,151.342,0.0
2024-03-31 21:00:00,151.342,151.775,151.226,151.648,0.0
2024-04-01 21:00:00,151.648,151.8015,151.465,151.5565,0.0
2024-04-02 21:00:00,151.5565,151.9555,151.4445,151.6955,0.0
2024-04-03 21:00:00,151.6955,151.7715,151.1225,151.343,0.0
2024-04-04 21:00:00,151.343,151.7525,150.8135,151.6235,0.0
2024-04-07 21:00:00,151.7525,151.9445,151.5785,151.847,0.0
2024-04-08 21:00:00,151.847,151.9375,151.572,151.7875,0.0
2024-04-09 21:00:00,151.7875,153.24,151.6825,153.162,0.0
2024-04-10 21:00:00,153.162,153.3195,152.761,153.27,0.0
2024-04-11 21:00:00,153.27,153.3865,152.594,153.2765,0.0
2024-04-14 21:00:00,153.2765,154.4465,152.975,154.2775,0.0
2024-04-15 21:00:00,154.2775,154.787,153.8865,154.718,0.0
2024-04-16 21:00:00,154.718,154.7365,154.161,154.388,0.0
2024-04-17 21:00:00,154.388,154.6815,153.958,154.6455,0.0
2024-04-18 21:00:00,154.6455,154.6755,153.5935,153.5935,0.0
2024-04-21 21:00:00,153.5935,154.8505,153.5935,154.8435,0.0
2024-04-22 21:00:00,154.8435,154.878,154.557,154.8315,0.0
2024-04-23 21:00:00,154.8315,155.375,154.7325,155.3475,0.0
2024-04-24 21:00:00,155.3475,155.7485,155.2035,155.6525,0.0
2024-04-25 21:00:00,155.6525,158.445,154.9705,158.4445,0.0
2024-04-28 21:00:00,158.327,160.215,154.5235,156.343,0.0
2024-04-29 21:00:00,156.343,157.849,156.069,157.806,0.0
2024-04-30 21:00:00,157.806,157.989,153.14,154.552,0.0
2024-05-01 21:00:00,154.552,156.288,153.0595,153.6925,0.0
2024-05-02 21:00:00,153.6925,153.81,151.865,153.0215,0.0
2024-05-05 21:00:00,153.0215,154.0085,152.808,153.916,0.0
2024-05-06 21:00:00,153.916,154.749,153.8625,154.692,0.0
2024-05-07 21:00:00,154.692,155.6835,154.5605,155.549,0.0
2024-05-08 21:00:00,155.549,155.9525,155.1585,155.472,0.0
2024-05-09 21:00:00,155.472,155.906,155.2665,155.906,0.0
2024-05-12 21:00:00,155.906,156.25,155.508,156.217,0.0
2024-05-13 21:00:00,156.217,156.787,156.1425,156.419,0.0
2024-05-14 21:00:00,156.419,156.5635,154.694,154.8815,0.0
2024-05-15 21:00:00,154.8815,155.5355,153.6,155.386,0.0
2024-05-16 21:00:00,155.386,155.9805,155.25,155.669,0.0
2024-05-19 21:00:00,155.669,156.304,155.4985,156.26,0.0
2024-05-20 21:00:00,156.26,156.551,155.846,156.168,0.0
2024-05-21 21:00:00,156.168,156.845,156.1125,156.8,0.0
2024-05-22 21:00:00,156.8,157.197,156.5305,156.919,0.0
2024-05-23 21:00:00,156.919,157.1475,156.824,157.0,0.0
2024-05-26 21:00:00,157.0,157.019,156.667,156.923,0.0
2024-05-27 21:00:00,156.923,157.2015,156.583,157.171,0.0
2024-05-28 21:00:00,157.171,157.7105,156.9005,157.644,0.0
2024-05-29 21:00:00,157.644,157.674,156.3755,156.817,0.0
2024-05-30 21:00:00,156.817,157.367,156.5605,157.3135,0.0
2024-06-02 21:00:00,157.3135,157.476,155.952,156.068,0.0
2024-06-03 21:00:00,156.068,156.4875,154.5375,154.894,0.0
2024-06-04 21:00:00,154.894,156.4855,154.797,156.106,0.0
2024-06-05 21:00:00,156.106,156.4455,155.3565,155.609,0.0
2024-06-06 21:00:00,155.609,157.077,155.1235,156.737,0.0
2024-06-09 21:00:00,156.737,157.197,156.71,157.036,0.0
2024-06-10 21:00:00,157.036,157.4035,156.8065,157.128,0.0
2024-06-11 21:00:00,157.128,157.3735,155.72,156.727,0.0
2024-06-12 21:00:00,156.727,157.3145,156.582,157.039,0.0
2024-06-13 21:00:00,157.039,158.258,156.804,157.388,0.0
2024-06-16 21:00:00,157.388,157.9625,157.1585,157.737,0.0
2024-06-17 21:00:00,157.737,158.231,157.5195,157.866,0.0
2024-06-18 21:00:00,157.866,158.1365,157.6065,158.094,0.0
2024-06-19 21:00:00,158.094,158.9385,157.9235,158.925,0.0
2024-06-20 21:00:00,158.925,159.837,158.6725,159.804,0.0
2024-06-23 21:00:00,159.804,159.9325,158.756,159.633,0.0
2024-06-24 21:00:00,159.633,159.7585,159.1895,159.706,0.0
2024-06-25 21:00:00,159.706,160.8705,159.6115,160.799,0.0
2024-06-26 21:00:00,160.799,160.8255,160.2845,160.763,0.0
2024-06-27 21:00:00,160.763,161.2795,160.265,160.896,0.0
2024-06-30 21:00:00,160.896,161.7305,160.744,161.422,0.0
2024-07-01 21:00:00,161.422,161.7445,161.2695,161.4405,0.0
2024-07-02 21:00:00,161.4405,161.952,160.7725,161.686,0.0
2024-07-03 21:00:00,161.686,161.709,160.9495,161.286,0.0
2024-07-04 21:00:00,161.286,161.3975,160.3405,160.739,0.0
2024-07-07 21:00:00,160.739,161.1195,160.2645,160.846,0.0
2024-07-08 21:00:00,160.846,161.517,160.7325,161.333,0.0
2024-07-09 21:00:00,161.333,161.807,161.2595,161.686,0.0
2024-07-10 21:00:00,161.686,161.76,157.423,158.827,0.0
2024-07-11 21:00:00,158.827,159.448,157.364,157.891,0.0
2024-07-14 21:00:00,157.891,158.4255,157.1735,158.116,0.0
2024-07-15 21:00:00,158.116,158.857,157.9915,158.3925,0.0
2024-07-16 21:00:00,158.3925,158.624,156.0565,156.204,0.0
2024-07-17 21:00:00,156.204,157.4005,155.375,157.376,0.0
2024-07-18 21:00:00,157.376,157.7375,157.0655,157.7375,0.0
2024-07-21 21:00:00,157.7375,157.7375,156.2875,157.04,0.0
2024-07-22 21:00:00,157.04,157.104,155.566,155.587,0.0
2024-07-23 21:00:00,155.587,155.9925,153.1085,153.899,0.0
2024-07-24 21:00:00,153.899,154.3195,151.945,153.931,0.0
2024-07-25 21:00:00,153.931,154.7385,153.0975,153.749,0.0
2024-07-28 21:00:00,153.749,154.3555,153.0165,154.022,0.0
2024-07-29 21:00:00,154.022,155.2185,152.6505,152.782,0.0
2024-07-30 21:00:00,152.782,153.9065,149.6115,149.979,0.0
2024-07-31 21:00:00,149.979,150.8925,148.514,149.38,0.0
2024-08-01 21:00:00,149.38,149.777,146.421,146.5395,0.0
2024-08-04 21:00:00,146.5395,146.597,141.691,144.174,0.0
2024-08-05 21:00:00,144.174,146.3755,143.629,144.349,0.0
2024-08-06 21:00:00,144.349,147.907,144.276,146.683,0.0
2024-08-07 21:00:00,146.683,147.5485,145.4355,147.214,0.0
2024-08-08 21:00:00,147.214,147.82,146.272,146.653,0.0
2024-08-11 21:00:00,146.653,148.2245,146.607,147.208,0.0
2024-08-12 21:00:00,147.208,147.949,146.599,146.834,0.0
2024-08-13 21:00:00,146.834,147.5845,146.0775,147.3335,0.0
2024-08-14 21:00:00,147.3335,149.3945,147.0555,149.282,0.0
2024-08-15 21:00:00,149.282,149.353,147.5715,147.6165,0.0
2024-08-18 21:00:00,147.6165,148.053,145.189,146.602,0.0
2024-08-19 21:00:00,146.602,147.3465,145.199,145.256,0.0
2024-08-20 21:00:00,145.256,146.898,144.4565,145.25,0.0
2024-08-21 21:00:00,145.25,146.528,144.85,146.2835,0.0
2024-08-22 21:00:00,146.2835,146.4835,144.05,144.328,0.0
2024-08-25 21:00:00,144.05,144.654,143.4495,144.525,0.0
2024-08-26 21:00:00,144.525,145.1785,143.9205,143.959,0.0
2024-08-27 21:00:00,143.959,145.0415,143.687,144.6055,0.0
2024-08-28 21:00:00,144.6055,145.5545,144.224,144.983,0.0
2024-08-29 21:00:00,144.983,146.249,144.655,146.203,0.0
2024-09-01 21:00:00,146.203,147.176,145.779,146.9375,0.0
2024-09-02 21:00:00,146.9375,147.211,145.1235,145.475,0.0
2024-09-03 21:00:00,145.475,145.567,143.7125,143.741,0.0
2024-09-04 21:00:00,143.741,144.229,142.851,143.4485,0.0
2024-09-05 21:00:00,143.4485,144.058,141.768,142.298,0.0
2024-09-08 21:00:00,142.298,143.7995,141.961,143.173,0.0
2024-09-09 21:00:00,143.173,143.7075,142.201,142.4435,0.0
2024-09-10 21:00:00,142.4435,142.5435,140.7125,142.36,0.0
2024-09-11 21:00:00,142.36,143.046,141.727,141.822,0.0
2024-09-12 21:00:00,141.822,141.879,140.2845,140.828,0.0
2024-09-15 21:00:00,140.828,140.9335,139.581,140.616,0.0
2024-09-16 21:00:00,140.616,142.4685,140.3225,142.408,0.0
2024-09-17 21:00:00,142.408,142.7155,140.4425,142.2875,0.0
2024-09-18 21:00:00,142.2875,143.947,141.8865,142.628,0.0
2024-09-19 21:00:00,142.628,144.4965,141.741,143.901,0.0
2024-09-22 21:00:00,143.901,144.4615,143.167,143.6175,0.0
2024-09-23 21:00:00,143.6175,144.681,143.1135,143.229,0.0
2024-09-24 21:00:00,143.229,144.844,142.8935,144.757,0.0
2024-09-25 21:00:00,144.757,145.215,144.1115,144.823,0.0
2024-09-26 21:00:00,144.823,146.5035,142.0695,142.2285,0.0
2024-09-29 21:00:00,142.2285,143.9185,141.6465,143.631,0.0
2024-09-30 21:00:00,143.631,144.5315,142.9715,143.563,0.0
2024-10-01 21:00:00,143.563,146.5205,143.4255,146.468,0.0
2024-10-02 21:00:00,146.468,147.245,146.2865,146.934,0.0
2024-10-03 21:00:00,146.934,149.0065,145.92,148.72,0.0
2024-10-06 21:00:00,148.72,149.1305,147.8445,148.1865,0.0
2024-10-07 21:00:00,148.1865,148.38,147.3465,148.1985,0.0
2024-10-08 21:00:00,148.1985,149.3645,148.014,149.3025,0.0
2024-10-09 21:00:00,149.3025,149.591,148.252,148.573,0.0
2024-10-10 21:00:00,148.573,149.2865,148.4045,149.135,0.0
2024-10-13 21:00:00,149.135,149.9815,149.0555,149.764,0.0
2024-10-14 21:00:00,149.764,149.841,148.852,149.2075,0.0
2024-10-15 21:00:00,149.2075,149.8085,148.8605,149.637,0.0
2024-10-16 21:00:00,149.637,150.323,149.2435,150.2125,0.0
2024-10-17 21:00:00,150.2125,150.287,149.3665,149.54,0.0
2024-10-20 21:00:00,149.54,150.8875,149.091,150.84,0.0
2024-10-21 21:00:00,150.84,151.197,150.496,151.0755,0.0
2024-10-22 21:00:00,151.0755,153.1875,151.0325,152.761,0.0
2024-10-23 21:00:00,152.761,152.83,151.554,151.828,0.0
2024-10-24 21:00:00,151.828,152.3805,151.452,152.302,0.0
2024-10-27 21:00:00,152.302,153.883,152.302,153.29,0.0
2024-10-28 21:00:00,153.29,153.868,152.7555,153.3605,0.0
2024-10-29 21:00:00,153.3605,153.497,152.7815,153.4155,0.0
2024-10-30 21:00:00,153.4155,153.6225,151.8365,152.0345,0.0
2024-10-31 21:00:00,152.0345,153.096,151.79,153.002,0.0
2024-11-03 22:00:00,153.002,153.002,151.5365,152.1315,0.0
2024-11-04 22:00:00,152.1315,152.5465,151.3375,151.6255,0.0
2024-11-05 22:00:00,151.6255,154.6995,151.291,154.631,0.0
2024-11-06 22:00:00,154.631,154.712,152.6945,152.943,0.0
2024-11-07 22:00:00,152.943,153.371,152.144,152.636,0.0
2024-11-10 22:00:00,152.144,153.9545,152.144,153.7225,0.0
2024-11-11 22:00:00,153.7225,154.927,153.4095,154.611,0.0
2024-11-12 22:00:00,154.611,155.6245,154.3445,155.474,0.0
2024-11-13 22:00:00,155.474,156.4185,155.351,156.2645,0.0
2024-11-14 22:00:00,156.2645,156.749,153.862,154.3405,0.0
2024-11-17 22:00:00,154.3405,155.358,153.843,154.6645,0.0
2024-11-18 22:00:00,154.6645,154.7995,153.284,154.661,0.0
2024-11-19 22:00:00,154.661,155.888,154.532,155.434,0.0
2024-11-20 22:00:00,155.434,155.444,153.911,154.539,0.0
2024-11-21 22:00:00,154.539,155.0275,153.9695,155.0275,0.0
2024-11-24 22:00:00,154.762,154.762,153.552,154.229,0.0
2024-11-25 22:00:00,154.229,154.4915,152.9895,153.085,0.0
2024-11-26 22:00:00,153.085,153.236,150.4575,151.1,0.0
2024-11-27 22:00:00,151.1,151.953,150.9245,151.545,0.0
2024-11-28 22:00:00,151.545,151.5535,149.47,149.773,0.0
2024-12-01 22:00:00,149.47,150.752,149.08,149.595,0.0
2024-12-02 22:00:00,149.595,150.2375,148.6485,149.61,0.0
2024-12-03 22:00:00,149.61,151.2285,149.5245,150.609,0.0
2024-12-04 22:00:00,150.609,150.777,149.658,150.099,0.0
2024-12-05 22:00:00,150.099,150.7005,149.3645,150.059,0.0
2024-12-08 22:00:00,150.059,151.35,149.6935,151.213,0.0
2024-12-09 22:00:00,151.213,152.184,150.898,151.975,0.0
2024-12-10 22:00:00,151.975,152.8625,151.007,152.469,0.0
2024-12-11 22:00:00,152.469,152.7755,151.804,152.628,0.0
2024-12-12 22:00:00,152.628,153.803,152.457,153.6765,0.0
2024-12-15 22:00:00,153.6765,154.479,153.33,154.154,0.0
2024-12-16 22:00:00,154.154,154.346,153.1625,153.5065,0.0
2024-12-17 22:00:00,153.5065,154.87,153.3365,154.827,0.0
2024-12-18 22:00:00,154.827,157.8095,154.4385,157.4345,0.0
2024-12-19 22:00:00,157.4345,157.927,155.9545,156.4455,0.0
2024-12-22 22:00:00,156.4455,157.27,156.34,157.195,0.0
2024-12-23 22:00:00,157.195,157.396,156.8925,157.236,0.0
2024-12-25 22:00:00,157.236,158.0865,157.0735,157.993,0.0
2024-12-26 22:00:00,157.993,157.993,157.354,157.8355,0.0
2024-12-29 22:00:00,157.8355,158.0765,156.6735,156.849,0.0
2024-12-30 22:00:00,156.849,157.553,156.0235,157.186,0.0
2025-01-01 22:00:00,157.186,157.8535,156.4405,157.544,0.0
2025-01-02 22:00:00,157.544,157.567,156.877,157.315,0.0
2025-01-05 22:00:00,157.315,157.9635,156.2435,157.564,0.0
2025-01-06 22:00:00,157.564,158.426,157.3675,158.039,0.0
2025-01-07 22:00:00,158.039,158.5545,157.9065,158.3285,0.0
2025-01-08 22:00:00,158.3285,158.3995,157.577,158.141,0.0
2025-01-09 22:00:00,158.141,158.882,157.227,157.7025,0.0
2025-01-12 22:00:00,157.7025,157.9695,156.914,157.48,0.0
2025-01-13 22:00:00,157.48,158.199,157.073,157.942,0.0
2025-01-14 22:00:00,157.942,158.0875,155.9415,156.414,0.0
2025-01-15 22:00:00,156.414,156.528,155.102,155.154,0.0
2025-01-16 22:00:00,155.154,156.3755,154.9825,156.3145,0.0
2025-01-19 22:00:00,156.3145,156.5845,155.4155,155.62,0.0
2025-01-20 22:00:00,155.62,156.239,154.7775,155.519,0.0
2025-01-21 22:00:00,155.519,156.7125,155.355,156.482,0.0
2025-01-22 22:00:00,156.482,156.7545,155.7455,156.052,0.0
2025-01-23 22:00:00,156.052,156.579,154.844,155.979,0.0
2025-01-26 22:00:00,155.979,156.249,153.7145,154.521,0.0
2025-01-27 22:00:00,154.521,155.98,154.4885,155.555,0.0
2025-01-28 22:00:00,155.555,155.7915,154.942,155.221,0.0
2025-01-29 22:00:00,155.221,155.2465,153.794,154.253,0.0
2025-01-30 22:00:00,154.253,155.222,153.9185,155.2075,0.0
2025-02-02 22:00:00,155.2075,155.8865,154.01,154.76,0.0
2025-02-03 22:00:00,154.76,155.524,154.175,154.3355,0.0
2025-02-04 22:00:00,154.3355,154.465,152.1155,152.57,0.0
2025-02-05 22:00:00,152.57,152.899,151.2405,151.417,0.0
2025-02-06 22:00:00,151.417,152.426,150.932,151.415,0.0
2025-02-09 22:00:00,151.415,152.5405,151.2165,151.999,0.0
2025-02-10 22:00:00,151.999,152.6105,151.651,152.493,0.0
2025-02-11 22:00:00,152.493,154.8045,152.3825,154.42,0.0
2025-02-12 22:00:00,154.42,154.6715,152.7035,152.789,0.0
2025-02-13 22:00:00,152.789,153.1545,152.0255,152.304,0.0
2025-02-16 22:00:00,152.304,152.39,151.3405,151.5175,0.0
2025-02-17 22:00:00,151.5175,152.2225,151.2355,152.061,0.0
2025-02-18 22:00:00,152.061,152.3145,151.2445,151.473,0.0
2025-02-19 22:00:00,151.473,151.4785,149.3975,149.634,0.0
2025-02-20 22:00:00,149.634,150.7385,148.9245,149.275,0.0
2025-02-23 22:00:00,149.275,149.8765,148.8465,149.698,0.0
2025-02-24 22:00:00,149.698,150.3025,148.5645,149.0365,0.0
2025-02-25 22:00:00,149.0365,149.889,148.6215,149.0995,0.0
2025-02-26 22:00:00,149.0995,150.1655,148.75,149.86,0.0
2025-02-27 22:00:00,149.86,150.9895,149.103,150.628,0.0
2025-03-02 22:00:00,150.628,151.305,149.102,149.501,0.0
2025-03-03 22:00:00,149.501,149.878,148.0965,149.808,0.0
2025-03-04 22:00:00,149.808,150.1855,148.3975,148.916,0.0
2025-03-05 22:00:00,148.916,149.3325,147.3115,148.0115,0.0
2025-03-06 22:00:00,148.0115,148.203,146.9455,148.081,0.0
2025-03-09 21:00:00,148.081,148.081,146.634,147.2705,0.0
2025-03-10 21:00:00,147.2705,148.125,146.5425,147.7805,0.0
2025-03-11 21:00:00,147.7805,149.199,147.6805,148.248,0.0
2025-03-12 21:00:00,148.248,148.3755,147.4155,147.8085,0.0
2025-03-13 21:00:00,147.8085,149.0245,147.75,148.642,0.0
2025-03-16 21:00:00,148.642,149.2855,148.264,149.217,0.0
2025-03-17 21:00:00,149.217,149.938,149.098,149.3055,0.0
2025-03-18 21:00:00,149.3055,150.149,148.608,148.72,0.0
2025-03-19 21:00:00,148.72,148.962,148.1775,148.801,0.0
2025-03-20 21:00:00,148.801,149.666,148.589,149.3155,0.0
2025-03-23 21:00:00,149.3155,150.7585,149.3155,150.662,0.0
2025-03-24 21:00:00,150.662,150.945,149.5505,149.8885,0.0
2025-03-25 21:00:00,149.8885,150.747,149.8425,150.5805,0.0
2025-03-26 21:00:00,150.5805,151.1565,150.062,151.045,0.0
2025-03-27 21:00:00,151.045,151.2125,149.685,149.846,0.0
2025-03-30 21:00:00,149.846,150.2675,148.706,149.975,0.0
2025-03-31 21:00:00,149.975,150.143,148.9765,149.601,0.0
2025-04-01 21:00:00,149.601,150.491,149.1035,149.301,0.0
2025-04-02 21:00:00,149.301,149.3115,145.188,146.0615,0.0
2025-04-03 21:00:00,146.0615,147.4355,144.5525,146.976,0.0
2025-04-06 21:00:00,146.976,148.151,144.821,147.8535,0.0
2025-04-07 21:00:00,147.8535,148.1225,145.9665,146.272,0.0
2025-04-08 21:00:00,146.272,148.285,143.9955,147.786,0.0
2025-04-09 21:00:00,147.786,147.853,144.0105,144.447,0.0
2025-04-10 21:00:00,144.447,144.645,142.053,143.5285,0.0
2025-04-13 21:00:00,143.5285,144.0845,142.233,143.025,0.0
2025-04-14 21:00:00,143.025,143.596,142.5985,143.25,0.0
2025-04-15 21:00:00,143.25,143.283,141.6435,141.894,0.0
2025-04-16 21:00:00,141.894,143.0885,141.6155,142.417,0.0
2025-04-17 21:00:00,142.417,142.5175,142.119,142.174,0.0
2025-04-20 21:00:00,142.174,142.174,140.474,140.84,0.0
2025-04-21 21:00:00,140.84,141.6715,139.8885,141.562,0.0
2025-04-22 21:00:00,141.562,143.576,141.4785,143.459,0.0
2025-04-23 21:00:00,143.459,143.459,142.281,142.636,0.0
2025-04-24 21:00:00,142.636,144.0315,142.582,143.678,0.0
2025-04-27 21:00:00,143.678,143.896,141.9875,142.0145,0.0
2025-04-28 21:00:00,142.0145,142.7615,141.972,142.306,0.0
2025-04-29 21:00:00,142.306,143.1915,142.165,143.0565,0.0
2025-04-30 21:00:00,143.0565,145.736,142.883,145.462,0.0
2025-05-01 21:00:00,145.462,145.9235,143.7315,144.975,0.0
2025-05-04 21:00:00,144.975,144.996,143.5415,143.7015,0.0
2025-05-05 21:00:00,143.7015,144.277,142.356,142.4435,0.0
2025-05-06 21:00:00,142.4435,144.0005,142.417,143.808,0.0
2025-05-07 21:00:00,143.808,146.1785,143.449,145.9185,0.0
2025-05-08 21:00:00,145.9185,146.1905,144.826,145.3735,0.0
2025-05-11 21:00:00,145.3735,148.652,145.3735,148.4535,0.0
2025-05-12 21:00:00,148.4535,148.474,147.3765,147.488,0.0
2025-05-13 21:00:00,147.488,147.672,145.608,146.751,0.0
2025-05-14 21:00:00,146.751,146.7555,145.4155,145.668,0.0
2025-05-15 21:00:00,145.668,146.1015,144.924,145.633,0.0
2025-05-18 21:00:00,145.633,145.633,144.664,144.8405,0.0
2025-05-19 21:00:00,144.8405,145.5155,144.0935,144.5355,0.0
2025-05-20 21:00:00,144.5355,144.618,143.285,143.6715,0.0
2025-05-21 21:00:00,143.6715,144.4065,142.8065,144.013,0.0
2025-05-22 21:00:00,144.013,144.143,142.4235,142.564,0.0
2025-05-25 21:00:00,142.564,143.085,142.23,142.8485,0.0
2025-05-26 21:00:00,142.8485,144.463,142.116,144.322,0.0
2025-05-27 21:00:00,144.322,145.079,143.853,144.8265,0.0
2025-05-28 21:00:00,144.8265,146.2835,143.962,144.226,0.0
2025-05-29 21:00:00,144.226,144.444,143.44,144.0615,0.0
2025-06-01 21:00:00,144.0615,144.0615,142.542,142.706,0.0
2025-06-02 21:00:00,142.706,144.112,142.3825,143.94,0.0
2025-06-03 21:00:00,143.94,144.3965,142.6065,142.767,0.0
2025-06-04 21:00:00,142.767,143.9805,142.5345,143.493,0.0
2025-06-05 21:00:00,143.493,145.0905,143.43,144.854,0.0
2025-06-08 21:00:00,144.854,144.95,143.977,144.58,0.0
2025-06-09 21:00:00,144.58,145.2905,144.4035,144.8615,0.0
2025-06-10 21:00:00,144.8615,145.469,144.3275,144.542,0.0
2025-06-11 21:00:00,144.542,144.568,143.1855,143.473,0.0
2025-06-12 21:00:00,143.473,144.4845,142.795,144.13,0.0
2025-06-15 21:00:00,144.13,144.878,143.6525,144.74,0.0
2025-06-16 21:00:00,144.74,145.3815,144.3975,145.277,0.0
2025-06-17 21:00:00,145.277,145.443,144.3345,145.142,0.0
2025-06-18 21:00:00,145.142,145.7705,144.7405,145.439,0.0
2025-06-19 21:00:00,145.439,146.2185,145.125,146.098,0.0
2025-06-22 21:00:00,146.098,148.0295,146.0125,146.154,0.0
2025-06-23 21:00:00,146.154,146.1875,144.514,144.942,0.0
2025-06-24 21:00:00,144.942,145.951,144.6095,145.212,0.0
2025-06-25 21:00:00,145.212,145.267,143.753,144.413,0.0
2025-06-26 21:00:00,144.413,144.9475,144.1805,144.653,0.0
2025-06-29 21:00:00,144.653,144.765,143.7825,144.07,0.0
2025-06-30 21:00:00,144.07,144.091,142.6835,143.42,0.0
2025-07-01 21:00:00,143.42,144.2465,143.3205,143.648,0.0
2025-07-02 21:00:00,143.648,145.2355,143.447,144.9235,0.0
2025-07-03 21:00:00,144.9235,144.988,144.1845,144.56,0.0
2025-07-06 21:00:00,144.56,146.243,144.2255,146.0535,0.0
2025-07-07 21:00:00,146.0535,146.9775,145.8345,146.5985,0.0
2025-07-08 21:00:00,146.5985,147.1815,146.251,146.333,0.0
2025-07-09 21:00:00,146.333,146.788,145.7565,146.2585,0.0
2025-07-10 21:00:00,146.2585,147.524,146.1335,147.436,0.0
2025-07-13 21:00:00,147.436,147.782,146.852,147.722,0.0
2025-07-14 21:00:00,147.722,149.0195,147.553,148.8785,0.0
2025-07-15 21:00:00,148.8785,149.187,146.914,147.8795,0.0
2025-07-16 21:00:00,147.8795,149.088,147.7285,148.606,0.0
2025-07-17 21:00:00,148.606,148.886,148.1875,148.806,0.0
2025-07-20 21:00:00,148.806,148.806,147.0845,147.374,0.0
2025-07-21 21:00:00,147.374,147.95,146.313,146.627,0.0
2025-07-22 21:00:00,146.627,147.2145,146.1105,146.512,0.0
2025-07-23 21:00:00,146.512,147.027,145.856,147.0155,0.0
2025-07-24 21:00:00,147.0155,147.941,146.8175,147.6745,0.0
2025-07-27 21:00:00,147.6745,148.5795,147.5185,148.531,0.0
2025-07-28 21:00:00,148.531,148.8095,148.1595,148.46,0.0
2025-07-29 21:00:00,148.46,149.5395,147.807,149.493,0.0
2025-07-30 21:00:00,149.493,150.8415,148.589,150.7395,0.0
2025-07-31 21:00:00,150.7395,150.9185,147.2935,147.399,0.0
2025-08-03 21:00:00,147.399,148.0905,146.8675,147.0885,0.0
2025-08-04 21:00:00,147.0885,147.8355,146.6215,147.606,0.0
2025-08-05 21:00:00,147.606,147.886,146.9795,147.343,0.0
2025-08-06 21:00:00,147.343,147.7125,146.692,147.1365,0.0
2025-08-07 21:00:00,147.1365,147.9055,146.725,147.736,0.0
2025-08-10 21:00:00,147.736,148.2535,147.3525,148.1405,0.0
2025-08-11 21:00:00,148.1405,148.521,147.5805,147.839,0.0
2025-08-12 21:00:00,147.839,148.1695,147.0885,147.413,0.0
2025-08-13 21:00:00,147.413,147.966,146.2165,147.776,0.0
2025-08-14 21:00:00,147.776,147.892,146.7395,147.1985,0.0
2025-08-17 21:00:00,147.1985,147.9865,147.084,147.8795,0.0
2025-08-18 21:00:00,147.8795,148.1155,147.4455,147.65,0.0
2025-08-19 21:00:00,147.65,147.818,146.873,147.329,0.0
2025-08-20 21:00:00,147.329,148.407,147.257,148.346,0.0
2025-08-21 21:00:00,148.346,148.778,146.5755,146.948,0.0
2025-08-24 21:00:00,146.948,147.9395,146.8035,147.7975,0.0
2025-08-25 21:00:00,147.7975,147.909,146.99,147.38,0.0
2025-08-26 21:00:00,147.38,148.1855,147.293,147.4045,0.0
2025-08-27 21:00:00,147.4045,147.4915,146.6605,146.911,0.0
2025-08-28 21:00:00,146.911,147.4115,146.7655,147.047,0.0
2025-08-31 21:00:00,147.047,147.3815,146.787,147.1805,0.0
2025-09-01 21:00:00,147.1805,148.945,147.0475,148.3335,0.0
2025-09-02 21:00:00,148.3335,149.1375,147.88,148.111,0.0
2025-09-03 21:00:00,148.111,148.7795,147.7925,148.4905,0.0
2025-09-04 21:00:00,148.4905,148.5555,146.82,147.421,0.0
2025-09-07 21:00:00,147.421,148.5785,147.3415,147.511,0.0
2025-09-08 21:00:00,147.511,147.5465,146.31,147.3975,0.0
2025-09-09 21:00:00,147.3975,147.648,147.1095,147.469,0.0
2025-09-10 21:00:00,147.469,148.197,146.988,147.2085,0.0
2025-09-11 21:00:00,147.2085,148.077,147.122,147.706,0.0
2025-09-14 21:00:00,147.706,147.799,147.233,147.4005,0.0
2025-09-15 21:00:00,147.4005,147.541,146.279,146.488,0.0
2025-09-16 21:00:00,146.488,147.0515,145.4845,146.9945,0.0
2025-09-17 21:00:00,146.9945,148.2685,146.771,147.9745,0.0
2025-09-18 21:00:00,147.9745,148.2845,147.197,147.952,0.0
2025-09-21 21:00:00,147.952,148.378,147.659,147.7195,0.0
2025-09-22 21:00:00,147.7195,147.9295,147.463,147.629,0.0
2025-09-23 21:00:00,147.629,148.917,147.5165,148.902,0.0
2025-09-24 21:00:00,148.902,149.93,148.561,149.8135,0.0
2025-09-25 21:00:00,149.8135,149.9595,149.406,149.522,0.0
2025-09-28 21:00:00,149.522,149.522,148.472,148.6025,0.0
2025-09-29 21:00:00,148.6025,148.8485,147.6525,147.877,0.0
2025-09-30 21:00:00,147.877,148.226,146.5875,147.071,0.0
2025-10-01 21:00:00,147.071,147.5165,146.601,147.2645,0.0
2025-10-02 21:00:00,147.2645,147.8195,147.0945,147.4535,0.0
2025-10-05 21:00:00,147.4535,150.4785,147.4535,150.344,0.0
2025-10-06 21:00:00,150.344,152.046,150.235,151.919,0.0
2025-10-07 21:00:00,151.919,153.001,151.74,152.685,0.0
2025-10-08 21:00:00,152.685,153.234,152.1115,153.0765,0.0
2025-10-09 21:00:00,153.0765,153.275,151.1595,151.181,0.0
2025-10-12 21:00:00,151.181,152.4505,151.181,152.252,0.0
2025-10-13 21:00:00,152.252,152.6145,151.606,151.844,0.0
2025-10-14 21:00:00,151.844,151.876,150.9015,151.061,0.0
2025-10-15 21:00:00,151.061,151.3995,150.2135,150.421,0.0
2025-10-16 21:00:00,150.421,150.6405,149.3775,150.604,0.0
2025-10-19 21:00:00,150.604,151.205,150.2775,150.726,0.0
2025-10-20 21:00:00,150.726,152.1765,150.471,151.9005,0.0
2025-10-21 21:00:00,151.9005,152.0465,151.4905,151.975,0.0
2025-10-22 21:00:00,151.975,152.798,151.8225,152.5625,0.0
2025-10-23 21:00:00,152.5625,153.0645,152.27,152.8525,0.0
2025-10-26 21:00:00,152.8525,153.257,152.5675,152.871,0.0
2025-10-27 21:00:00,152.871,152.892,151.76,152.108,0.0
2025-10-28 21:00:00,152.108,153.0625,151.5405,152.7315,0.0
2025-10-29 21:00:00,152.7315,154.449,152.1645,154.1285,0.0
2025-10-30 21:00:00,154.1285,154.415,153.654,154.003,0.0
2025-11-02 22:00:00,154.003,154.299,153.91,154.248,0.0
2025-11-03 22:00:00,154.248,154.485,153.317,153.6625,0.0
2025-11-04 22:00:00,153.6625,154.357,152.9625,154.1355,0.0
2025-11-05 22:00:00,154.1355,154.142,152.833,153.058,0.0
2025-11-06 22:00:00,153.058,153.597,152.8215,153.423,0.0
2025-11-09 22:00:00,153.423,154.251,153.4035,154.1395,0.0
2025-11-10 22:00:00,154.1395,154.4955,153.668,154.1375,0.0
2025-11-11 22:00:00,154.1375,155.0465,154.0515,154.8145,0.0
2025-11-12 22:00:00,154.8145,155.0185,154.128,154.561,0.0
2025-11-13 22:00:00,154.561,154.7655,153.617,154.5315,0.0
2025-11-16 22:00:00,154.5315,155.3085,154.4175,155.228,0.0
2025-11-17 22:00:00,155.228,155.7345,154.8195,155.502,0.0
2025-11-18 22:00:00,155.502,157.1835,155.214,157.1625,0.0
2025-11-19 22:00:00,157.1625,157.8945,156.885,157.4805,0.0
2025-11-20 22:00:00,157.4805,157.564,156.203,156.4,0.0
2025-11-23 22:00:00,156.4,157.189,156.378,156.8825,0.0
2025-11-24 22:00:00,156.8825,156.9855,155.8045,155.995,0.0
2025-11-25 22:00:00,155.995,156.7375,155.654,156.4695,0.0
2025-11-26 22:00:00,156.4695,156.4845,155.722,156.31,0.0
2025-11-27 22:00:00,156.31,156.584,155.983,156.18,0.0
2025-11-30 22:00:00,156.18,156.18,154.667,155.457,0.0
2025-12-01 22:00:00,155.457,156.182,155.426,155.874,0.0
2025-12-02 22:00:00,155.874,155.9045,155.0125,155.269,0.0
2025-12-03 22:00:00,155.269,155.542,154.51,155.0945,0.0
2025-12-04 22:00:00,155.0945,155.494,154.3445,155.359,0.0
2025-12-07 22:00:00,155.359,155.986,154.902,155.9145,0.0
2025-12-08 22:00:00,155.9145,156.955,155.744,156.88,0.0
2025-12-09 22:00:00,156.88,156.9385,155.7965,155.9975,0.0
2025-12-10 22:00:00,155.9975,156.165,154.9475,155.597,0.0
2025-12-11 22:00:00,155.597,156.129,155.451,155.815,0.0
2025-12-14 22:00:00,155.815,155.9885,154.8385,155.2415,0.0
2025-12-15 22:00:00,155.2415,155.3025,154.397,154.714,0.0
2025-12-16 22:00:00,154.714,155.75,154.5125,155.6635,0.0
2025-12-17 22:00:00,155.6635,155.979,155.282,155.528,0.0
2025-12-18 22:00:00,155.528,157.7815,155.5005,157.759,0.0
2025-12-21 22:00:00,157.759,157.759,156.7055,157.014,0.0
2025-12-22 22:00:00,157.014,157.0765,155.6525,156.2405,0.0
2025-12-23 22:00:00,156.2405,156.285,155.559,155.935,0.0
2025-12-25 22:00:00,155.935,156.7345,155.7555,156.534,0.0
2025-12-28 22:00:00,156.534,156.5785,155.918,156.0825,0.0
2025-12-29 22:00:00,156.0825,156.568,155.745,156.375,0.0
2025-12-30 22:00:00,156.375,156.998,156.3325,156.668,0.0
2026-01-01 22:00:00,156.668,157.003,156.52,156.865,0.0
2026-01-04 22:00:00,156.865,157.299,156.1175,156.38,0.0
2026-01-05 22:00:00,156.38,156.799,156.165,156.635,0.0
2026-01-06 22:00:00,156.635,156.81,156.297,156.758,0.0
2026-01-07 22:00:00,156.758,157.0725,156.4615,156.8645,0.0
2026-01-08 22:00:00,156.8645,158.1885,156.7765,157.901,0.0
2026-01-11 22:00:00,157.901,158.207,157.5185,158.118,0.0
2026-01-12 22:00:00,158.118,159.1935,157.8995,159.1125,0.0
2026-01-13 22:00:00,159.1125,159.456,158.0985,158.441,0.0
2026-01-14 22:00:00,158.441,158.8795,158.229,158.627,0.0
2026-01-15 22:00:00,158.627,158.709,157.822,158.082,0.0
2026-01-18 22:00:00,158.082,158.1665,157.4265,158.102,0.0
2026-01-19 22:00:00,158.102,158.6045,157.4685,158.1495,0.0
2026-01-20 22:00:00,158.1495,158.534,157.749,158.285,0.0
2026-01-21 22:00:00,158.285,158.8945,158.1805,158.4105,0.0
2026-01-22 22:00:00,158.4105,159.228,155.611,155.69,0.0
2026-01-25 22:00:00,155.69,155.69,153.308,154.17,0.0
2026-01-26 22:00:00,154.17,154.8795,152.0955,152.2085,0.0
2026-01-27 22:00:00,152.2085,154.049,152.136,153.3965,0.0
2026-01-28 22:00:00,153.3965,153.538,152.683,153.107,0.0
2026-01-29 22:00:00,153.107,154.7965,152.867,154.7875,0.0
2026-02-01 22:00:00,154.7875,155.787,154.553,155.5965,0.0
2026-02-02 22:00:00,155.5965,156.086,155.2965,155.747,0.0
2026-02-03 22:00:00,155.747,156.9475,155.697,156.8425,0.0
2026-02-04 22:00:00,156.8425,157.338,156.5235,157.0525,0.0
2026-02-05 22:00:00,157.0525,157.2715,156.514,157.2195,0.0
2026-02-08 22:00:00,157.2195,157.6625,155.524,155.867,0.0
2026-02-09 22:00:00,155.867,156.295,154.056,154.39,0.0
2026-02-10 22:00:00,154.39,154.6545,152.554,153.245,0.0
2026-02-11 22:00:00,153.245,153.76,152.272,152.7345,0.0
2026-02-12 22:00:00,152.7345,153.667,152.5965,152.69,0.0
2026-02-15 22:00:00,152.69,153.639,152.637,153.447,0.0
2026-02-16 22:00:00,153.447,153.9245,152.702,153.353,0.0
2026-02-17 22:00:00,153.353,154.8715,153.071,154.8045,0.0
2026-02-18 22:00:00,154.8045,155.3435,154.5415,155.023,0.0
2026-02-19 22:00:00,155.023,155.647,154.7155,155.029,0.0
2026-02-22 22:00:00,155.029,155.0465,153.995,154.643,0.0
2026-02-23 22:00:00,154.643,156.2815,154.526,155.834,0.0
2026-02-24 22:00:00,155.834,156.826,155.3495,156.388,0.0
2026-02-25 22:00:00,156.388,156.4595,155.7045,156.1145,0.0
2026-02-26 22:00:00,156.1145,156.235,155.5395,156.053,0.0
2026-03-01 22:00:00,156.053,157.7545,155.9885,157.3695,0.0
2026-03-02 22:00:00,157.3695,157.97,157.153,157.7265,0.0
2026-03-03 22:00:00,157.7265,157.866,156.854,157.054,0.0
2026-03-04 22:00:00,157.054,157.8515,156.4565,157.587,0.0
2026-03-05 22:00:00,157.587,158.091,157.384,157.783,0.0
2026-03-08 21:00:00,157.783,158.9015,157.634,157.702,0.0
2026-03-09 21:00:00,157.702,158.135,157.2745,158.0545,0.0
2026-03-10 21:00:00,158.0545,158.9805,157.865,158.954,0.0
2026-03-11 21:00:00,158.954,159.432,158.571,159.3475,0.0
2026-03-12 21:00:00,159.3475,159.7605,159.008,159.7605,0.0
2026-03-15 21:00:00,159.7605,159.7605,158.852,159.066,0.0
2026-03-16 21:00:00,159.066,159.498,158.7225,159.019,0.0
2026-03-17 21:00:00,159.019,159.9015,158.57,159.8415,0.0
2026-03-18 21:00:00,159.8415,159.8675,157.511,157.751,0.0
2026-03-19 21:00:00,157.751,159.3875,157.633,159.2285,0.0
2026-03-22 21:00:00,159.2285,159.658,158.022,158.433,0.0
2026-03-23 21:00:00,158.433,159.1925,158.277,158.7025,0.0
2026-03-24 21:00:00,158.7025,159.502,158.575,159.4765,0.0
2026-03-25 21:00:00,159.4765,159.848,159.2865,159.756,0.0
2026-03-26 21:00:00,159.756,160.414,159.456,160.291,0.0
2026-03-29 21:00:00,160.291,160.463,159.3275,159.703,0.0
2026-03-30 21:00:00,159.703,159.974,158.659,158.7105,0.0
2026-03-31 21:00:00,158.7105,159.015,158.274,158.81,0.0
2026-04-01 21:00:00,158.81,159.746,158.5445,159.588,0.0
2026-04-02 21:00:00,159.588,159.843,159.433,159.587,0.0
2026-04-05 21:00:00,159.587,159.8305,159.3065,159.686,0.0
2026-04-06 21:00:00,159.686,160.0305,159.47,159.62,0.0
2026-04-07 21:00:00,159.62,159.758,157.889,158.573,0.0
2026-04-08 21:00:00,158.573,159.298,158.48,158.956,0.0
2026-04-09 21:00:00,158.956,159.3775,158.91,159.298,0.0
2026-04-12 21:00:00,159.298,159.8655,159.293,159.455,0.0
2026-04-13 21:00:00,159.455,159.462,158.603,158.7835,0.0
2026-04-14 21:00:00,158.7835,159.154,158.647,159.018,0.0
2026-04-15 21:00:00,159.018,159.31,158.266,159.171,0.0
2026-04-16 21:00:00,159.171,159.5315,157.59,158.64,0.0
2026-04-19 21:00:00,158.64,159.2035,158.553,158.82,0.0
2026-04-20 21:00:00,158.82,159.641,158.733,159.362,0.0
2026-04-21 21:00:00,159.362,159.576,159.106,159.481,0.0
2026-04-22 21:00:00,159.481,159.847,159.2965,159.68,0.0
2026-04-23 21:00:00,159.68,159.842,159.3115,159.372,0.0
2026-04-26 21:00:00,159.372,159.601,159.0965,159.415,0.0
2026-04-27 21:00:00,159.415,159.789,158.963,159.5965,0.0
2026-04-28 21:00:00,159.5965,160.4765,159.519,160.374,0.0
2026-04-29 21:00:00,160.374,160.726,155.5555,156.5995,0.0
2026-04-30 21:00:00,156.5995,157.3295,155.4905,157.077,0.0
2026-05-03 21:00:00,157.077,157.304,155.7025,157.245,0.0
2026-05-04 21:00:00,157.245,157.921,157.0825,157.8775,0.0
2026-05-05 21:00:00,157.8775,157.936,155.033,156.379,0.0
2026-05-06 21:00:00,156.379,156.958,156.0225,156.927,0.0
2026-05-07 21:00:00,156.927,156.993,156.435,156.685,0.0
2026-05-10 21:00:00,156.685,157.275,156.555,157.1765,0.0
2026-05-11 21:00:00,157.1765,157.767,156.7325,157.628,0.0
2026-05-12 21:00:00,157.628,157.927,157.565,157.862,0.0
2026-05-13 21:00:00,157.862,158.423,157.3105,158.361,0.0
2026-05-14 21:00:00,158.361,158.846,158.29,158.769,0.0
2026-05-17 21:00:00,158.769,159.084,158.56,158.834,0.0
2026-05-18 21:00:00,158.834,159.2525,158.6485,159.091,0.0
2026-05-19 21:00:00,159.091,159.169,158.589,158.917,0.0
2026-05-20 21:00:00,158.917,159.3505,158.813,158.9845,0.0
2026-05-21 21:00:00,158.9845,159.2355,158.921,159.209,0.0
2026-05-24 21:00:00,159.209,159.209,158.759,158.911,0.0
2026-05-25 21:00:00,158.911,159.3825,158.862,159.2985,0.0
2026-05-26 21:00:00,159.2985,159.5795,159.1775,159.519,0.0
2026-05-27 21:00:00,159.519,159.653,159.112,159.244,0.0
2026-05-28 21:00:00,159.244,159.379,159.0985,159.274,0.0
2026-05-31 21:00:00,159.274,159.7665,159.274,159.6595,0.0
2026-06-01 21:00:00,159.6595,159.989,159.591,159.904,0.0
2026-06-02 21:00:00,159.904,160.094,159.371,160.081,0.0
2026-06-03 21:00:00,160.081,160.083,159.5965,160.019,0.0
2026-06-04 21:00:00,160.019,160.344,159.727,160.325,0.0
2026-06-07 21:00:00,160.325,160.394,159.8415,160.179,0.0
2026-06-08 21:00:00,160.179,160.446,160.0535,160.3545,0.0
2026-06-09 21:00:00,160.3545,160.5765,160.2395,160.549,0.0
2026-06-10 21:00:00,160.549,160.597,159.546,159.941,0.0
2026-06-11 21:00:00,159.941,160.379,159.912,160.221,0.0
2026-06-14 21:00:00,160.221,160.398,159.7365,160.3385,0.0
2026-06-15 21:00:00,160.3385,160.4825,160.0505,160.448,0.0
2026-06-16 21:00:00,160.448,160.797,160.1165,160.649,0.0
2026-06-17 21:00:00,160.649,161.8105,160.4775,161.379,0.0
2026-06-18 21:00:00,161.379,161.46,160.987,161.28,0.0
2026-06-21 21:00:00,161.28,161.928,161.077,161.56,0.0
2026-06-22 21:00:00,161.56,161.741,161.2675,161.573,0.0
2026-06-23 21:00:00,161.573,161.844,161.503,161.795,0.0
2026-06-24 21:00:00,161.795,161.9495,161.559,161.787,0.0
2026-06-25 21:00:00,161.787,161.85,161.534,161.748,0.0
2026-06-28 21:00:00,161.748,161.9835,161.72,161.925,0.0
2026-06-29 21:00:00,161.925,162.6715,161.8985,162.569,0.0
2026-06-30 21:00:00,162.569,162.84,162.2965,162.5735,0.0
2026-07-01 21:00:00,162.5735,162.5995,160.628,161.0985,0.0
2026-07-02 21:00:00,161.0985,161.5225,160.484,161.373,0.0
2026-07-05 21:00:00,161.373,162.4275,161.3045,162.0845,0.0
2026-07-06 21:00:00,162.0845,162.184,161.6545,162.101,0.0
2026-07-07 21:00:00,162.101,162.71,162.067,162.5935,0.0
2026-07-08 21:00:00,162.5935,162.6215,162.249,162.375,0.0
2026-07-09 21:00:00,162.375,162.4265,161.2855,161.726,0.0
2026-07-12 21:00:00,161.726,162.4865,161.706,162.445,0.0
2026-07-13 21:00:00,162.445,162.4805,161.618,162.259,0.0
2026-07-14 21:00:00,162.259,162.423,161.896,162.188,0.0
2026-07-15 21:00:00,162.188,162.5475,161.983,162.394,0.0
2026-07-16 21:00:00,162.394,162.5205,162.124,162.42,0.0
2026-07-19 21:00:00,162.42,162.611,162.1985,162.499,0.0
2026-07-20 21:00:00,162.499,163.242,162.4325,163.1705,0.0
2026-07-21 21:00:00,163.1705,163.229,162.668,163.149,0.0
2026-07-22 21:00:00,163.149,163.9895,162.998,163.852,0.0
2026-07-23 21:00:00,163.852,163.939,163.644,163.847,0.0
2026-07-26 21:00:00,163.847,163.847,163.33,163.75,0.0
2026-07-27 21:00:00,163.75,163.952,163.646,163.861,0.0
2026-07-28 21:00:00,163.861,163.907,163.233,163.397,0.0
2026-07-29 21:00:00,163.397,163.742,157.9565,159.534,0.0
2026-07-30 21:00:00,159.534,160.881,157.554,157.554,0.0
2026-08-02 21:00:00,157.554,157.885,155.2285,157.181,0.0
2026-08-03 21:00:00,157.181,157.959,157.181,157.732,0.0
2026-08-04 21:00:00,157.732,157.876,157.307,157.7495,0.0
2026-08-05 21:00:00,157.7495,158.5565,157.5585,158.437,0.0
2026-08-06 21:00:00,158.437,158.5765,156.675,157.796,0.0
2026-08-09 21:00:00,157.796,159.3655,157.692,159.293,0.0
2026-08-10 21:00:00,159.293,159.3905,158.926,159.278,0.0
2026-08-11 21:00:00,159.278,159.548,158.5785,159.421,0.0
2026-08-12 21:00:00,159.421,159.568,159.024,159.4925,0.0
2026-08-13 21:00:00,159.4925,159.5335,158.6035,159.32,0.0
2026-08-16 21:00:00,159.32,159.599,158.8465,159.44,0.0
2026-08-17 21:00:00,159.44,159.7805,159.308,159.6175,0.0
2026-08-18 21:00:00,159.6175,159.644,158.0455,158.1815,0.0
2026-08-19 21:00:00,158.1815,159.184,158.026,159.057,0.0
2026-08-20 21:00:00,159.057,159.135,158.356,158.981,0.0
2026-08-23 21:00:00,158.981,159.284,158.572,159.0965,0.0
2026-08-24 21:00:00,159.0965,159.4925,159.046,159.2,0.0
2026-08-25 21:00:00,159.2,159.4465,158.88,159.305,0.0
2026-08-26 21:00:00,159.305,159.528,159.1155,159.3885,0.0
2026-08-27 21:00:00,159.3885,160.2045,159.297,160.116,0.0
2026-08-30 21:00:00,160.116,160.201,159.474,159.753,0.0
2026-08-31 21:00:00,159.753,160.2745,159.636,160.17,0.0
2026-09-01 21:00:00,160.17,160.394,158.207,158.7285,0.0
2026-09-02 21:00:00,158.7285,158.968,155.2995,155.8095,0.0
2026-09-03 21:00:00,155.8095,156.7585,155.291,156.249,0.0
2026-09-06 21:00:00,156.249,156.2865,154.0605,154.358,0.0
2026-09-07 21:00:00,154.358,154.423,152.888,153.976,0.0
2026-09-08 21:00:00,153.976,154.006,152.9415,153.548,0.0
2026-09-09 21:00:00,153.548,154.6715,153.2845,154.423,0.0
2026-09-10 21:00:00,154.423,154.6185,153.243,153.589,0.0
2026-09-13 21:00:00,153.589,155.001,153.376,154.355,0.0
2026-09-14 21:00:00,154.355,155.24,154.2115,155.097,0.0
2026-09-15 21:00:00,155.097,156.417,154.846,156.262,0.0
2026-09-16 21:00:00,156.262,156.3185,155.3405,155.969,0.0
2026-09-17 21:00:00,155.969,158.0595,155.8745,156.89,0.0
2026-09-20 21:00:00,156.89,157.5315,156.579,157.375,0.0
2026-09-21 21:00:00,157.375,157.778,156.8255,157.402,0.0
2026-09-22 21:00:00,157.402,158.4025,157.3385,158.311,0.0
2026-09-23 21:00:00,158.311,159.037,157.7975,158.846,0.0
2026-09-24 21:00:00,158.846,158.9605,156.939,157.303,0.0
2026-09-27 21:00:00,157.303,157.8585,156.513,157.391,0.0
2026-09-28 21:00:00,157.391,157.7165,156.984,157.3095,0.0
2026-09-29 21:00:00,157.3095,157.5405,156.3785,157.4185,0.0
2026-09-30 21:00:00,157.414,158.2505,157.331,158.238,0.0
