timestamp,open,high,low,close,volume
2025-11-02 00:00:00,110099.81,110236.08,109900.88,110058.05,488.2343015
2025-11-02 04:00:00,110059.35,111010.38,110049.3,110926.68,1394.5868796
2025-11-02 08:00:00,110919.48,111177.42,110376.13,111133.22,1256.09738343
2025-11-02 12:00:00,111133.22,111172.86,110133.75,110144.75,1456.71146615
2025-11-02 16:00:00,110144.02,110355.06,109740.45,110190.66,1211.35222651
2025-11-02 20:00:00,110188.18,110736.78,109494.66,110591.4,826.22116394
2025-11-03 00:00:00,110579.36,110757.15,107990.95,108012.85,2136.61800798
2025-11-03 04:00:00,108010.35,108049.23,107075.5,107481.5,2685.7776632
2025-11-03 08:00:00,107471.5,107911.52,106802.12,107817.52,2049.33213951
2025-11-03 12:00:00,107820.14,108355.86,105528.08,105765.59,3818.81270254
2025-11-03 16:00:00,105766.17,107759.93,105317.97,107080.88,3663.92382346
2025-11-03 20:00:00,107087.72,107168.14,105852.5,106601.07,2171.182037
2025-11-04 00:00:00,106604.07,107291.71,105890.02,107183.46,1724.75381966
2025-11-04 04:00:00,107180.73,107312.14,104234.48,104495.64,3254.06189942
2025-11-04 08:00:00,104492.89,104661.19,103588.21,104574.95,2986.29872196
2025-11-04 12:00:00,104572.5,104788.78,102882.15,103170.03,4547.03492364
2025-11-04 16:00:00,103171.02,103454.49,99957.4,100483.72,9490.95616972
2025-11-04 20:00:00,100483.25,101857.68,98938.49,101507.86,6773.93154567
2025-11-05 00:00:00,101509.59,102281.81,98999.18,102148.13,4298.17192676
2025-11-05 04:00:00,102145.63,102335.71,101545.0,102054.48,1566.94682385
2025-11-05 08:00:00,102043.19,102221.91,101226.62,102084.75,1424.18251056
2025-11-05 12:00:00,102086.55,103795.7,101967.16,103729.14,3600.29957536
2025-11-05 16:00:00,103733.14,104523.75,103109.9,104052.25,3746.9400365
2025-11-05 20:00:00,104041.28,104534.9,103282.65,103893.5,2252.98789355
2025-11-06 00:00:00,103892.92,103938.32,102759.28,103663.0,1587.69347041
2025-11-06 04:00:00,103666.51,104198.52,102960.62,103244.43,1227.37504626
2025-11-06 08:00:00,103230.7,103468.0,102686.52,103244.13,1407.62274011
2025-11-06 12:00:00,103246.88,103603.0,101631.63,102006.86,3837.91259957
2025-11-06 16:00:00,102014.1,102358.77,100311.76,101368.9,4319.17893219
2025-11-06 20:00:00,101363.92,101597.89,100543.25,101328.65,2450.59342869
2025-11-07 00:00:00,101317.15,102301.02,100731.95,101903.62,1778.78966423
2025-11-07 04:00:00,101901.14,102488.58,101567.53,102006.36,1287.99521242
2025-11-07 08:00:00,102001.86,102021.4,99808.95,100407.67,2103.96497186
2025-11-07 12:00:00,100409.16,101225.06,99260.75,100792.42,5836.6299496
2025-11-07 16:00:00,100788.94,103355.06,100515.35,103354.8,5137.37768529
2025-11-07 20:00:00,103356.05,104043.75,102947.85,103299.79,2663.69350441
2025-11-08 00:00:00,103301.67,103351.25,102524.19,102584.81,1611.74297702
2025-11-08 04:00:00,102601.09,102807.3,101933.6,102350.42,998.67688573
2025-11-08 08:00:00,102351.2,102667.42,101760.0,101867.73,983.76840831
2025-11-08 12:00:00,101860.67,102192.75,101491.94,101718.76,1268.18745419
2025-11-08 16:00:00,101725.01,102226.67,101558.75,102002.76,1410.72269818
2025-11-08 20:00:00,102001.64,102502.85,101981.06,102333.42,705.51554349
2025-11-09 00:00:00,102335.67,102356.11,101449.15,101685.83,1142.26920944
2025-11-09 04:00:00,101683.35,102125.69,101671.95,101960.17,1077.26982793
2025-11-09 08:00:00,101962.92,102328.93,101557.14,102269.28,950.26707343
2025-11-09 12:00:00,102267.79,104170.5,102099.87,103779.79,2148.06914142
2025-11-09 16:00:00,103771.29,104813.15,103319.45,104805.25,1961.49923682
2025-11-09 20:00:00,104810.5,105456.98,104095.72,104727.44,1827.50000156
2025-11-10 00:00:00,104715.28,106617.38,104289.19,106031.83,2784.58693022
2025-11-10 04:00:00,106033.68,106511.97,105856.58,106437.12,1100.79468795
2025-11-10 08:00:00,106444.62,106590.28,105870.0,106187.65,1122.88016354
2025-11-10 12:00:00,106188.64,106558.51,104686.02,105070.13,3488.34705025
2025-11-10 16:00:00,105075.14,106060.03,104799.72,105827.77,1790.18956907
2025-11-10 20:00:00,105832.77,106297.58,105317.72,105983.67,1345.31856329
2025-11-11 00:00:00,105986.17,107461.75,105508.06,106460.27,2218.04306435
2025-11-11 04:00:00,106459.77,106505.21,104764.6,104773.79,1334.87435182
2025-11-11 08:00:00,104782.68,105507.68,104773.56,105299.87,674.28643565
2025-11-11 12:00:00,105300.34,105501.09,103209.88,103483.97,2548.33428161
2025-11-11 16:00:00,103483.97,103708.92,102856.32,103144.45,2307.04976693
2025-11-11 20:00:00,103144.45,103224.29,102505.3,103056.46,1653.01876275
2025-11-12 00:00:00,103071.43,103411.47,102715.02,103309.11,1008.45046208
2025-11-12 04:00:00,103311.11,103650.48,103050.92,103128.5,578.20564254
2025-11-12 08:00:00,103138.48,105195.11,103138.45,105014.7,1515.03262881
2025-11-12 12:00:00,105017.95,105315.41,101973.31,102184.3,3143.30081868
2025-11-12 16:00:00,102178.13,102305.38,100820.3,101286.48,2766.61986049
2025-11-12 20:00:00,101286.5,101993.45,101143.44,101670.15,1568.37957926
2025-11-13 00:00:00,101664.18,102593.06,100950.25,102183.49,1903.78720663
2025-11-13 04:00:00,102169.52,104017.0,101699.85,103460.93,1966.82285649
2025-11-13 08:00:00,103461.88,103762.08,102557.59,102935.06,1048.66656315
2025-11-13 12:00:00,102924.83,103442.72,101215.16,101392.03,2907.65113808
2025-11-13 16:00:00,101394.27,101528.88,98146.28,98684.52,7599.13409862
2025-11-13 20:00:00,98659.73,100444.51,97967.5,99687.91,4846.58625654
2025-11-14 00:00:00,99671.4,99840.45,98720.73,99121.72,3010.86002521
2025-11-14 04:00:00,99121.22,99162.91,95977.74,97115.34,5610.45687376
2025-11-14 08:00:00,97115.36,97466.71,95701.7,96153.48,2875.25618114
2025-11-14 12:00:00,96148.98,97249.96,94587.26,96741.19,10535.16289511
2025-11-14 16:00:00,96734.44,97335.21,94796.6,95748.78,5949.300274
2025-11-14 20:00:00,95750.29,95888.53,94105.58,94593.57,6622.57790001
2025-11-15 00:00:00,94575.05,96778.26,94554.47,96387.46,2334.55891527
2025-11-15 04:00:00,96384.63,96567.59,95950.57,96315.64,1256.50604351
2025-11-15 08:00:00,96307.14,96316.97,95626.59,95673.47,1215.54164064
2025-11-15 12:00:00,95672.62,96461.19,95578.01,96268.03,1319.10749669
2025-11-15 16:00:00,96271.78,96354.82,95750.72,95978.71,1400.26096669
2025-11-15 20:00:00,95970.96,95976.59,95106.03,95573.46,1306.19479754
2025-11-16 00:00:00,95574.99,95937.58,94843.75,95812.81,1277.31738841
2025-11-16 04:00:00,95813.06,96147.53,95649.28,96058.28,608.06216618
2025-11-16 08:00:00,96063.27,96573.65,95521.68,95613.62,1005.2597102
2025-11-16 12:00:00,95609.13,95858.5,94362.57,94518.2,1577.72483569
2025-11-16 16:00:00,94527.97,95545.15,93813.83,94018.85,5109.13978758
2025-11-16 20:00:00,94034.82,94729.29,93132.81,94290.27,4406.21964066
2025-11-17 00:00:00,94289.78,95555.59,93822.61,95486.73,2694.22125435
2025-11-17 04:00:00,95490.26,95850.51,94878.84,95651.4,1280.89528525
2025-11-17 08:00:00,95648.9,95977.47,95316.52,95550.84,1685.81989607
2025-11-17 12:00:00,95551.09,95979.7,93594.52,93928.55,4914.787255
2025-11-17 16:00:00,93936.1,94394.8,91596.17,91662.89,7947.51615324
2025-11-17 20:00:00,91662.9,92391.6,91326.84,92211.23,5932.05326206
2025-11-18 00:00:00,92211.48,92358.96,89791.75,90863.2,7229.73739931
2025-11-18 04:00:00,90860.98,90875.48,89258.35,90476.0,4490.26544488
2025-11-18 08:00:00,90480.5,91605.2,90480.47,91504.52,2477.94404285
2025-11-18 12:00:00,91501.92,92998.2,90930.63,92921.17,5691.85750004
2025-11-18 16:00:00,92920.91,93811.28,92582.39,93187.7,4696.00304184
2025-11-18 20:00:00,93192.72,93415.26,92485.72,92996.14,2524.2249515
2025-11-19 00:00:00,92986.14,93001.28,91916.7,92059.63,2898.04193384
2025-11-19 04:00:00,92050.78,92083.35,90059.48,91878.21,4566.65703704
2025-11-19 08:00:00,91882.84,91939.31,91091.24,91414.2,1664.0955565
2025-11-19 12:00:00,91411.59,92383.47,89884.65,89952.35,4684.32506022
2025-11-19 16:00:00,89945.53,90217.26,88625.25,88857.0,7423.15630858
2025-11-19 20:00:00,88853.74,91539.47,88603.78,91502.83,5661.27722562
2025-11-20 00:00:00,91495.94,92731.94,91153.5,92418.6,2846.94194044
2025-11-20 04:00:00,92407.6,93068.65,91651.2,92266.89,2159.88959115
2025-11-20 08:00:00,92267.39,92342.43,91407.52,91890.67,1551.50383945
2025-11-20 12:00:00,91890.17,92448.96,89781.78,89801.94,4914.66093839
2025-11-20 16:00:00,89800.98,89829.05,86047.68,86868.26,13221.14217114
2025-11-20 20:00:00,86845.76,88202.37,86288.63,86596.97,6565.49513162
2025-11-21 00:00:00,86584.22,87438.06,85333.68,85792.76,5122.75024433
2025-11-21 04:00:00,85795.78,86306.2,81635.49,83996.41,7174.55772971
2025-11-21 08:00:00,83986.59,84645.9,81639.86,82262.73,8216.25468728
2025-11-21 12:00:00,82261.35,85445.75,80619.96,82898.4,13701.45574723
2025-11-21 16:00:00,82910.9,85526.97,82300.85,84211.45,10077.98995873
2025-11-21 20:00:00,84199.12,85380.25,83473.98,85128.07,5115.1570177
2025-11-22 00:00:00,85130.06,85599.53,84223.78,84442.42,3363.97056404
2025-11-22 04:00:00,84444.12,84754.76,83825.6,84569.65,1702.40561351
2025-11-22 08:00:00,84571.15,84572.85,83512.98,84087.86,2004.76663524
2025-11-22 12:00:00,84094.6,84736.59,83620.11,84277.91,1696.17688294
2025-11-22 16:00:00,84275.91,84875.23,84220.4,84606.55,1450.10897815
2025-11-22 20:00:00,84608.45,85242.33,84251.42,84732.98,1606.62018692
2025-11-23 00:00:00,84734.97,86326.6,84690.53,86315.95,3337.54312322
2025-11-23 04:00:00,86315.38,86841.86,85420.03,85788.64,2176.23954361
2025-11-23 08:00:00,85784.74,86708.45,85778.87,86329.11,1483.47875792
2025-11-23 12:00:00,86334.0,87234.85,86291.31,87110.05,2426.22638108
2025-11-23 16:00:00,87109.08,87685.36,86536.91,87353.36,3090.80502908
2025-11-23 20:00:00,87368.13,88133.45,86776.35,86849.17,3489.21804664
2025-11-24 00:00:00,86851.7,88058.77,85969.88,87483.4,3584.98170798
2025-11-24 04:00:00,87471.15,87823.16,86475.4,87059.63,2382.41640728
2025-11-24 08:00:00,87056.63,87058.11,85705.21,86271.56,2963.98619113
2025-11-24 12:00:00,86271.31,86727.9,85297.04,86619.94,4060.49976205
2025-11-24 16:00:00,86620.62,88857.5,86620.48,88351.16,5690.24294345
2025-11-24 20:00:00,88352.66,89245.96,88285.5,88322.3,3905.85695978
2025-11-25 00:00:00,88320.5,88320.5,87485.62,87821.79,1884.12676815
2025-11-25 04:00:00,87817.29,88496.73,87389.02,87411.48,1588.58129808
2025-11-25 08:00:00,87413.98,87614.38,86703.39,87377.6,2006.81399174
2025-11-25 12:00:00,87375.6,87772.47,86122.78,86973.7,3822.54146971
2025-11-25 16:00:00,86977.45,88129.05,86191.2,86881.73,3578.03586311
2025-11-25 20:00:00,86881.98,87872.0,86606.82,87374.08,3064.63105691
2025-11-26 00:00:00,87375.1,88215.78,87088.85,87128.67,1938.97246463
2025-11-26 04:00:00,87129.19,87962.96,86918.08,87946.25,1483.68506102
2025-11-26 08:00:00,87939.5,87942.74,86689.43,87119.52,1574.5522005
2025-11-26 12:00:00,87115.51,87673.64,86342.61,86974.64,2727.73172156
2025-11-26 16:00:00,86978.89,90401.44,86974.53,89974.05,6135.3937458
2025-11-26 20:00:00,89962.55,90639.63,89513.71,90516.64,3403.55613171
2025-11-27 00:00:00,90516.13,91888.75,90108.9,91116.28,3930.90414769
2025-11-27 04:00:00,91112.28,91547.26,90910.04,91425.9,1679.38478707
2025-11-27 08:00:00,91426.9,91929.9,91260.74,91403.01,1520.58054178
2025-11-27 12:00:00,91402.76,91453.46,90460.76,90963.62,1978.88358727
2025-11-27 16:00:00,90966.04,91845.09,90887.21,91545.6,1996.07025586
2025-11-27 20:00:00,91544.63,91594.8,91140.83,91327.03,963.84117393
2025-11-28 00:00:00,91342.53,91419.22,90676.0,91223.75,1299.60615778
2025-11-28 04:00:00,91222.25,91712.2,90885.98,90930.23,1231.03329993
2025-11-28 08:00:00,90931.48,91988.0,90930.99,91462.11,1442.91252306
2025-11-28 12:00:00,91449.85,93104.72,91414.05,92381.42,4553.85425985
2025-11-28 16:00:00,92389.92,92401.4,90256.38,91187.54,4246.82868315
2025-11-28 20:00:00,91187.29,91272.5,90746.04,90937.6,1363.38166832
2025-11-29 00:00:00,90937.85,91142.38,90608.19,90720.48,748.51692097
2025-11-29 04:00:00,90720.48,90954.17,90386.17,90601.05,620.52270286
2025-11-29 08:00:00,90603.82,90754.41,90442.0,90713.3,553.81918068
2025-11-29 12:00:00,90714.04,91137.2,90599.93,91112.88,627.13673522
2025-11-29 16:00:00,91114.88,91202.12,90248.5,90698.36,1006.71716885
2025-11-29 20:00:00,90692.18,91090.48,90486.24,90856.92,726.67692268
2025-11-30 00:00:00,90848.57,91082.64,90519.53,90937.51,466.13744226
2025-11-30 04:00:00,90941.51,91057.2,90737.54,91000.93,304.22415666
2025-11-30 08:00:00,91001.18,91661.3,90975.45,91092.2,956.41866465
2025-11-30 12:00:00,91091.97,91969.48,91075.84,91470.25,1116.30924245
2025-11-30 16:00:00,91473.4,91881.02,91200.9,91473.76,965.18965152
2025-11-30 20:00:00,91474.26,91638.29,90370.84,90384.6,1501.21672549
2025-12-01 00:00:00,90378.23,90418.43,86210.31,86372.44,6660.06270422
2025-12-01 04:00:00,86375.44,86587.7,85649.94,86571.2,2410.7064026
2025-12-01 08:00:00,86571.05,86950.3,86171.28,86173.55,1602.80138079
2025-12-01 12:00:00,86174.07,86675.29,83871.2,84704.41,7140.11470119
2025-12-01 16:00:00,84704.44,85566.39,84096.13,85043.59,4867.9362866
2025-12-01 20:00:00,85052.82,86904.66,85046.56,86330.09,4002.34844858
2025-12-02 00:00:00,86329.34,87373.4,86230.52,86999.58,2624.62958222
2025-12-02 04:00:00,87001.42,87300.27,86881.48,87048.08,1169.03997625
2025-12-02 08:00:00,87052.08,87619.61,86409.28,87402.33,1912.25057748
2025-12-02 12:00:00,87403.08,91194.6,87104.51,90893.46,6507.04268559
2025-12-02 16:00:00,90900.46,92327.68,90236.96,91926.72,5570.04260894
2025-12-02 20:00:00,91927.24,92007.5,90778.37,91325.39,3374.29947211
2025-12-03 00:00:00,91323.64,93081.75,91045.45,92684.8,2483.67279597
2025-12-03 04:00:00,92674.67,93968.9,92665.18,93019.08,2642.80220612
2025-12-03 08:00:00,93019.54,93404.13,92717.64,93029.19,1308.76435445
2025-12-03 12:00:00,93023.69,93692.38,91748.04,92380.82,4519.3721783
2025-12-03 16:00:00,92400.07,93508.74,91828.43,93026.0,2948.32933648
2025-12-03 20:00:00,93026.86,94213.1,92852.1,93460.19,3462.26185166
2025-12-04 00:00:00,93459.51,94068.26,92713.62,93546.02,1893.01641975
2025-12-04 04:00:00,93548.52,93592.87,92805.22,93416.21,1149.34777309
2025-12-04 08:00:00,93416.48,93616.31,92773.19,92948.66,859.27857447
2025-12-04 12:00:00,92948.16,93252.76,91849.98,93033.33,2341.89623424
2025-12-04 16:00:00,93021.57,93187.35,90933.13,92009.91,3382.94835181
2025-12-04 20:00:00,92001.47,92716.31,91714.25,92110.04,1300.34950544
2025-12-05 00:00:00,92116.33,92705.36,91991.93,92163.99,962.95033774
2025-12-05 04:00:00,92167.79,92507.5,91842.3,92267.9,975.38961448
2025-12-05 08:00:00,92278.0,92278.0,91014.18,91369.57,1186.328386
2025-12-05 12:00:00,91360.82,91476.55,89907.3,90468.06,4447.14869188
2025-12-05 16:00:00,90465.92,90492.36,88121.56,89686.29,4488.98966608
2025-12-05 20:00:00,89681.6,89760.13,88950.14,89351.17,1416.50525988
2025-12-06 00:00:00,89347.92,89786.97,89086.68,89702.77,857.48948558
2025-12-06 04:00:00,89703.11,89755.5,89483.74,89615.45,670.82284846
2025-12-06 08:00:00,89617.33,89729.36,89239.88,89645.46,581.16151555
2025-12-06 12:00:00,89646.96,90286.68,89524.53,89777.74,1104.40729284
2025-12-06 16:00:00,89775.49,89994.35,89280.47,89433.37,815.09622862
2025-12-06 20:00:00,89436.37,89619.14,88966.0,89259.27,818.09996055
2025-12-07 00:00:00,89257.98,89758.22,89215.79,89734.25,517.27179504
2025-12-07 04:00:00,89739.27,89787.14,89248.31,89385.99,467.83560844
2025-12-07 08:00:00,89389.04,89528.47,89092.33,89197.0,502.83536772
2025-12-07 12:00:00,89191.25,89729.59,87784.33,89573.45,2211.51947497
2025-12-07 16:00:00,89563.01,91760.92,89157.27,91410.09,2133.4455792
2025-12-07 20:00:00,91415.12,91513.63,89019.71,90428.85,2212.94443426
2025-12-08 00:00:00,90419.1,91706.77,89893.55,91096.95,1589.10618056
2025-12-08 04:00:00,91092.63,91879.79,91049.63,91568.17,1049.75503574
2025-12-08 08:00:00,91578.64,92285.14,91506.29,91976.72,1095.90362648
2025-12-08 12:00:00,91975.72,92122.1,89634.45,89989.15,3406.95306808
2025-12-08 16:00:00,89976.95,90527.54,89713.92,90127.79,2553.28601454
2025-12-08 20:00:00,90143.29,91395.03,90143.29,90655.24,2280.89395587
2025-12-09 00:00:00,90653.99,90856.49,89840.58,90431.25,1720.15282535
2025-12-09 04:00:00,90437.47,90542.63,89550.91,90511.04,1436.30837044
2025-12-09 08:00:00,90512.06,90631.14,89963.65,90421.06,747.15916943
2025-12-09 12:00:00,90417.66,92878.22,90054.7,92714.44,3347.89042459
2025-12-09 16:00:00,92724.05,94625.59,92717.81,93811.93,6750.53466944
2025-12-09 20:00:00,93812.32,93840.27,92279.95,92710.05,2455.75569238
2025-12-10 00:00:00,92709.3,92796.48,92001.5,92436.78,1319.0111693
2025-12-10 04:00:00,92435.28,92795.32,92419.4,92794.84,822.56667296
2025-12-10 08:00:00,92795.73,93249.78,91801.37,92136.26,1723.3836017
2025-12-10 12:00:00,92138.49,92228.67,91591.66,92075.16,2264.8795309
2025-12-10 16:00:00,92075.91,93256.5,91706.88,92968.49,4241.78989429
2025-12-10 20:00:00,92978.94,94488.25,91911.76,92028.7,4751.53192086
2025-12-11 00:00:00,92040.41,92101.13,89440.03,89911.33,3031.24487809
2025-12-11 04:00:00,89907.44,90493.44,89739.02,90281.69,1574.99045702
2025-12-11 08:00:00,90282.01,90515.83,90023.98,90268.38,919.36901448
2025-12-11 12:00:00,90274.13,90651.04,89263.35,89906.59,3094.77638601
2025-12-11 16:00:00,89891.56,91547.64,89367.24,90851.82,3289.74442835
2025-12-11 20:00:00,90852.02,93558.29,90816.3,92532.25,4144.63157658
2025-12-12 00:00:00,92538.41,92762.32,91468.02,92315.43,1398.74909769
2025-12-12 04:00:00,92306.18,92722.18,92109.36,92452.69,661.57330444
2025-12-12 08:00:00,92453.24,92635.95,92123.11,92420.03,619.6694675
2025-12-12 12:00:00,92425.02,92674.96,89795.05,89960.21,3499.88388877
2025-12-12 16:00:00,89938.88,90683.19,89512.75,90202.25,3480.14658297
2025-12-12 20:00:00,90216.25,90420.57,89917.53,90283.05,1122.81954816
2025-12-13 00:00:00,90288.8,90471.36,90134.3,90359.97,456.57383026
2025-12-13 04:00:00,90361.74,90427.67,90298.46,90355.11,200.83982049
2025-12-13 08:00:00,90358.18,90646.22,90336.1,90370.7,396.66714404
2025-12-13 12:00:00,90370.31,90499.76,89966.62,90122.98,668.80427653
2025-12-13 16:00:00,90123.23,90297.7,90022.0,90218.08,364.58531485
2025-12-13 20:00:00,90222.35,90299.13,89812.47,90275.11,510.77295927
2025-12-14 00:00:00,90272.63,90493.97,90162.69,90283.63,474.94291888
2025-12-14 04:00:00,90283.88,90343.1,90071.24,90271.4,476.03202042
2025-12-14 08:00:00,90270.87,90289.66,88650.78,89403.35,1393.90639371
2025-12-14 12:00:00,89387.45,89672.96,88896.03,89038.77,1150.33121648
2025-12-14 16:00:00,89036.5,89403.19,88521.6,88643.76,1433.61654986
2025-12-14 20:00:00,88656.29,88824.03,87603.72,88169.9,2595.45854124
2025-12-15 00:00:00,88176.09,90029.64,88078.44,89300.18,2440.60150927
2025-12-15 04:00:00,89303.68,89921.86,89298.2,89759.74,836.13638536
2025-12-15 08:00:00,89759.74,89981.49,89607.22,89661.02,772.09688207
2025-12-15 12:00:00,89661.02,89869.85,86636.89,87065.57,4086.95830307
2025-12-15 16:00:00,87036.07,87215.54,85177.28,86166.03,5092.72553899
2025-12-15 20:00:00,86160.75,86491.08,85545.9,86449.7,3086.03805925
2025-12-16 00:00:00,86453.95,86537.56,85400.19,85889.13,1609.55979626
2025-12-16 04:00:00,85890.58,86618.12,85288.9,86033.58,1185.54491144
2025-12-16 08:00:00,86031.34,87335.37,85954.59,87272.9,1343.90343495
2025-12-16 12:00:00,87273.68,88166.58,86127.65,87979.38,4862.53591539
2025-12-16 16:00:00,87981.27,88067.04,87092.84,87603.28,3188.88379367
2025-12-16 20:00:00,87594.05,87934.26,87365.95,87871.93,1338.79611431
2025-12-17 00:00:00,87857.18,87958.14,87171.88,87219.58,1218.23794902
2025-12-17 04:00:00,87233.88,87402.98,86212.7,87060.5,1520.54142186
2025-12-17 08:00:00,87051.37,87148.85,86269.51,87009.12,1118.16050194
2025-12-17 12:00:00,87006.66,90349.67,86846.89,87239.45,7091.16269544
2025-12-17 16:00:00,87219.41,87766.7,85315.47,86029.58,4927.42367499
2025-12-17 20:00:00,86034.02,86447.28,85667.63,86257.14,2576.7249977
2025-12-18 00:00:00,86256.07,86878.25,85883.32,86616.55,1733.94001211
2025-12-18 04:00:00,86617.55,86893.0,86395.67,86837.4,1164.11599419
2025-12-18 08:00:00,86837.15,87437.73,86714.9,87259.96,927.49465737
2025-12-18 12:00:00,87264.73,89464.46,87113.38,88486.7,5892.9683264
2025-12-18 16:00:00,88480.36,88508.13,84483.68,84484.01,6395.31341104
2025-12-18 20:00:00,84488.03,85828.35,84445.35,85513.13,3012.70785014
2025-12-19 00:00:00,85511.21,87545.03,85118.75,86852.72,2750.09096056
2025-12-19 04:00:00,86871.5,88368.64,86670.97,87929.43,2032.89882985
2025-12-19 08:00:00,87927.1,88361.37,87720.25,88184.54,1245.18008797
2025-12-19 12:00:00,88187.68,89386.96,87502.6,87943.87,4061.83929628
2025-12-19 16:00:00,87940.03,88871.44,86829.58,87825.37,3404.73918484
2025-12-19 20:00:00,87820.82,88398.99,87578.24,88133.46,1800.00401881
2025-12-20 00:00:00,88136.46,88340.68,87968.07,88213.83,618.40164638
2025-12-20 04:00:00,88216.36,88564.48,88123.89,88272.82,487.55120437
2025-12-20 08:00:00,88275.23,88428.16,88101.38,88275.7,454.72465752
2025-12-20 12:00:00,88271.95,88329.13,87822.75,88176.48,740.04682017
2025-12-20 16:00:00,88175.48,88399.8,88099.05,88221.59,489.9794058
2025-12-20 20:00:00,88220.58,88443.8,88150.55,88360.53,663.7534696
2025-12-21 00:00:00,88361.78,88429.65,87883.98,88080.15,724.39563357
2025-12-21 04:00:00,88080.15,88202.83,88054.9,88175.98,347.05612457
2025-12-21 08:00:00,88176.54,89058.86,88153.08,88608.87,893.86197256
2025-12-21 12:00:00,88610.63,88929.22,87614.38,88065.5,1318.55248448
2025-12-21 16:00:00,88063.27,88596.39,87950.35,88487.22,789.29096276
2025-12-21 20:00:00,88484.5,88810.52,88105.28,88656.04,756.25219693
2025-12-22 00:00:00,88661.39,89627.4,87900.69,88775.93,2423.08989872
2025-12-22 04:00:00,88773.43,89188.7,88711.43,89161.74,977.52487381
2025-12-22 08:00:00,89157.88,90078.24,89088.94,89913.48,1846.0174957
2025-12-22 12:00:00,89916.73,90559.1,89181.64,89705.34,4328.12791022
2025-12-22 16:00:00,89712.74,90088.77,87947.17,88033.07,3798.17844321
2025-12-22 20:00:00,88025.69,88792.31,87889.97,88573.74,2244.92529561
2025-12-23 00:00:00,88578.13,88912.61,87775.52,88145.33,1859.09213123
2025-12-23 04:00:00,88138.25,88337.51,87025.79,87530.12,1549.96496081
2025-12-23 08:00:00,87529.14,87849.85,87274.11,87834.69,943.66946847
2025-12-23 12:00:00,87833.85,87924.47,86573.63,87408.25,2864.5346683
2025-12-23 16:00:00,87406.28,88238.73,87131.44,87710.46,2991.27521894
2025-12-23 20:00:00,87708.36,88321.16,87153.36,87442.93,2164.77331556
2025-12-24 00:00:00,87441.43,87786.25,86827.93,87297.78,1416.24915389
2025-12-24 04:00:00,87298.03,87415.65,86752.13,86876.47,1091.37124124
2025-12-24 08:00:00,86875.47,87304.6,86691.22,87163.57,792.74907506
2025-12-24 12:00:00,87165.09,87442.37,86348.1,87002.53,2673.13769953
2025-12-24 16:00:00,87001.63,87629.22,86874.65,87521.42,1991.82475393
2025-12-24 20:00:00,87522.16,88011.13,87486.23,87629.93,1102.42898923
2025-12-25 00:00:00,87633.43,87921.68,87485.76,87809.24,563.97651763
2025-12-25 04:00:00,87810.49,87824.22,87617.73,87800.35,492.56668105
2025-12-25 08:00:00,87799.41,87856.67,87225.72,87478.95,523.94311412
2025-12-25 12:00:00,87480.84,88553.33,87364.36,88312.96,930.26337458
2025-12-25 16:00:00,88322.7,88430.02,87961.01,88105.91,892.79719691
2025-12-25 20:00:00,88107.91,88123.64,86934.98,87199.42,1441.24637576
2025-12-26 00:00:00,87195.62,89366.69,86858.0,88769.38,2950.01603626
2025-12-26 04:00:00,88768.63,89506.17,88303.39,88402.57,1933.86043945
2025-12-26 08:00:00,88404.1,88864.47,88364.95,88496.61,975.96665965
2025-12-26 12:00:00,88495.88,89017.72,86615.53,87089.78,4059.79832906
2025-12-26 16:00:00,87092.79,87538.85,86775.98,87474.79,2495.67894907
2025-12-26 20:00:00,87461.79,87753.48,87287.27,87337.9,1277.02653758
2025-12-27 00:00:00,87338.69,87502.27,87182.04,87482.09,684.54310919
2025-12-27 04:00:00,87486.59,87678.27,87392.74,87505.01,288.17694114
2025-12-27 08:00:00,87506.76,87644.37,87352.72,87453.83,290.46647315
2025-12-27 12:00:00,87459.33,87575.02,87298.83,87539.29,559.21548088
2025-12-27 16:00:00,87543.29,87570.14,87419.3,87553.5,583.46345676
2025-12-27 20:00:00,87553.74,87952.23,87482.94,87845.15,717.94262771
2025-12-28 00:00:00,87845.79,87920.07,87681.86,87713.15,469.12663951
2025-12-28 04:00:00,87706.5,87795.64,87583.57,87695.83,356.52619212
2025-12-28 08:00:00,87697.58,87977.73,87689.75,87845.99,370.30156128
2025-12-28 12:00:00,87848.24,88043.48,87762.78,87810.81,573.91225547
2025-12-28 16:00:00,87810.81,87898.32,87460.3,87491.59,706.47633862
2025-12-28 20:00:00,87493.87,88005.35,87404.96,87903.4,911.83252122
2025-12-29 00:00:00,87909.8,90082.48,87769.63,90035.55,3796.68368122
2025-12-29 04:00:00,90034.14,90332.98,89425.7,89524.8,2336.73368702
2025-12-29 08:00:00,89529.58,89751.1,87502.66,87503.96,2632.78388151
2025-12-29 12:00:00,87501.96,88124.89,86734.0,87609.57,4463.76655131
2025-12-29 16:00:00,87606.6,87924.27,87233.83,87274.41,2175.29941326
2025-12-29 20:00:00,87272.91,87505.6,86984.13,87148.22,1950.85326205
2025-12-30 00:00:00,87144.97,87331.35,86745.52,87279.17,1676.22870167
2025-12-30 04:00:00,87283.92,87513.65,87063.62,87400.83,841.35108777
2025-12-30 08:00:00,87404.08,88123.43,87398.64,87809.27,1535.48131565
2025-12-30 12:00:00,87814.52,89085.14,87740.7,88954.2,4369.24058185
2025-12-30 16:00:00,88958.5,89348.86,87912.28,88171.29,3251.41733574
2025-12-30 20:00:00,88169.54,88517.91,87825.26,88428.35,1505.59774035
2025-12-31 00:00:00,88427.84,88739.56,88110.1,88376.9,1197.54906983
2025-12-31 04:00:00,88379.18,88553.8,88261.58,88536.25,562.22749144
2025-12-31 08:00:00,88535.74,88968.4,88321.51,88936.57,925.70924287
2025-12-31 12:00:00,88937.12,89122.35,87715.62,87866.5,3058.62431797
2025-12-31 16:00:00,87870.83,87972.02,87336.7,87454.83,3466.21579143
2025-12-31 20:00:00,87451.83,87786.07,87141.79,87553.51,2172.61271883
2026-01-01 00:00:00,87554.04,87980.48,87536.8,87740.43,1142.46775801
2026-01-01 04:00:00,87741.98,87750.58,87411.44,87509.42,1828.53033732
2026-01-01 08:00:00,87509.42,87925.5,87506.74,87918.61,760.30753034
2026-01-01 12:00:00,87920.61,88035.25,87740.49,87958.68,1067.54433095
2026-01-01 16:00:00,87960.44,88422.31,87802.54,88302.97,995.83658054
2026-01-01 20:00:00,88303.23,88826.57,88170.91,88768.53,1061.02204318
2026-01-02 00:00:00,88774.5,89041.22,88309.35,88866.03,1533.15030176
2026-01-02 04:00:00,88866.31,88995.33,88493.73,88776.41,943.39257714
2026-01-02 08:00:00,88782.68,89851.16,88722.17,89432.02,2739.07518521
2026-01-02 12:00:00,89427.27,90078.85,88416.05,89353.83,4481.3186825
2026-01-02 16:00:00,89353.36,90927.31,89146.34,89865.98,6617.74254224
2026-01-02 20:00:00,89867.73,90374.18,89590.94,89962.5,1659.21672706
2026-01-03 00:00:00,89959.25,90375.58,89935.13,90296.17,856.05520864
2026-01-03 04:00:00,90298.7,90449.75,89297.28,89556.99,967.11593238
2026-01-03 08:00:00,89555.76,89947.8,89399.24,89709.55,860.88097356
2026-01-03 12:00:00,89707.55,90192.48,89616.03,89926.17,840.80338697
2026-01-03 16:00:00,89926.23,90163.6,89868.0,90067.88,746.57767083
2026-01-03 20:00:00,90067.16,90682.35,89979.25,90593.28,1098.21736147
2026-01-04 00:00:00,90592.78,91542.25,90592.75,91192.6,1731.86133758
2026-01-04 04:00:00,91192.35,91748.75,91140.63,91484.01,1037.85110511
2026-01-04 08:00:00,91484.01,91570.8,91131.93,91259.5,753.13394789
2026-01-04 12:00:00,91257.3,91370.4,90992.0,91282.26,801.95291231
2026-01-04 16:00:00,91283.03,91403.03,90818.85,91099.88,913.21213129
2026-01-04 20:00:00,91101.4,91531.86,91084.82,91489.5,1015.67886682
2026-01-05 00:00:00,91489.26,93316.47,91467.95,92817.05,3486.34434275
2026-01-05 04:00:00,92814.05,92896.11,92091.92,92456.81,1265.13135417
2026-01-05 08:00:00,92456.06,93086.22,92260.5,93057.88,1501.34229665
2026-01-05 12:00:00,93058.65,93967.95,92310.48,93917.15,4791.44980435
2026-01-05 16:00:00,93917.92,94479.5,93218.24,94262.28,5389.31379931
2026-01-05 20:00:00,94261.06,94766.54,93779.2,93842.24,2816.22590795
2026-01-06 00:00:00,93842.24,94131.07,93488.3,93721.57,1457.89959064
2026-01-06 04:00:00,93722.6,93955.78,93087.03,93189.26,1086.83708165
2026-01-06 08:00:00,93189.29,93848.98,93117.81,93788.53,1157.16532383
2026-01-06 12:00:00,93788.78,94391.86,93281.32,93590.16,3743.94489237
2026-01-06 16:00:00,93587.41,93716.73,91204.73,92038.9,5351.05194463
2026-01-06 20:00:00,92031.88,93767.88,92030.68,93694.45,3359.1143756
2026-01-07 00:00:00,93684.2,93685.13,92171.5,92734.7,1890.49515331
2026-01-07 04:00:00,92735.71,92845.1,92430.43,92794.6,875.67051079
2026-01-07 08:00:00,92797.37,92882.35,91532.91,92045.22,1563.81077114
2026-01-07 12:00:00,92035.78,92225.22,90971.11,91284.43,3975.00669189
2026-01-07 16:00:00,91279.95,91732.6,90579.79,91101.72,4353.84352047
2026-01-07 20:00:00,91104.68,91402.0,90688.33,91291.51,1709.54448002
2026-01-08 00:00:00,91292.76,91600.93,90529.19,90723.38,1464.68889169
2026-01-08 04:00:00,90721.88,91087.2,89548.3,90441.55,1959.11671569
2026-01-08 08:00:00,90442.93,90664.7,89694.6,90124.65,1637.93911877
2026-01-08 12:00:00,90122.9,90771.39,89226.0,90717.35,3739.65175455
2026-01-08 16:00:00,90717.98,91404.42,90236.79,90863.69,3892.44005186
2026-01-08 20:00:00,90862.69,91424.2,90498.82,91037.53,2886.38504424
2026-01-09 00:00:00,91042.53,91563.15,90775.84,91135.72,1673.81771592
2026-01-09 04:00:00,91135.48,91151.35,90652.83,90660.88,1362.18783293
2026-01-09 08:00:00,90660.05,90762.22,89615.5,90364.22,1548.27486845
2026-01-09 12:00:00,90362.22,91956.11,89774.9,91095.7,4160.39930105
2026-01-09 16:00:00,91101.58,91721.09,90099.06,90246.2,4328.99583815
2026-01-09 20:00:00,90245.95,90624.96,90037.85,90541.16,1270.93659778
2026-01-10 00:00:00,90538.36,90673.18,90422.97,90534.88,581.19617556
2026-01-10 04:00:00,90540.12,90579.75,90314.58,90570.32,343.34616962
2026-01-10 08:00:00,90572.59,90729.46,90517.42,90630.96,504.5347822
2026-01-10 12:00:00,90630.71,90693.01,90450.39,90567.89,308.09762298
2026-01-10 16:00:00,90567.14,90648.88,90423.54,90535.16,385.72939018
2026-01-10 20:00:00,90534.16,90559.52,90304.63,90416.94,464.2755687
2026-01-11 00:00:00,90418.39,90646.5,90365.53,90642.96,358.17795213
2026-01-11 04:00:00,90639.96,90759.53,90499.06,90615.54,336.40197335
2026-01-11 08:00:00,90613.29,90712.64,90518.76,90642.11,293.05340476
2026-01-11 12:00:00,90649.72,91082.19,90587.68,90772.34,985.17795032
2026-01-11 16:00:00,90772.59,91178.61,90563.95,90591.73,676.08972974
2026-01-11 20:00:00,90583.23,90926.36,90131.0,90894.45,1254.27859779
2026-01-12 00:00:00,90899.65,92413.83,90592.56,91702.35,3186.14212952
2026-01-12 04:00:00,91702.85,92176.07,91284.38,91301.67,1165.45031473
2026-01-12 08:00:00,91299.65,91519.69,90261.42,90523.92,2066.16782774
2026-01-12 12:00:00,90525.7,91588.95,90023.67,91582.53,2986.31315873
2026-01-12 16:00:00,91577.86,92248.52,90961.29,91789.66,4375.99201084
2026-01-12 20:00:00,91791.33,91975.08,90867.92,91202.5,1726.78366591
2026-01-13 00:00:00,91202.52,91457.92,90948.09,91318.58,1070.69185939
2026-01-13 04:00:00,91318.33,92181.98,91262.95,91856.9,1364.12217113
2026-01-13 08:00:00,91856.63,92595.87,91846.57,91907.15,1623.5178135
2026-01-13 12:00:00,91909.48,93396.52,91686.79,93394.85,5873.11276608
2026-01-13 16:00:00,93393.61,94197.47,93034.47,94187.39,7837.03915833
2026-01-13 20:00:00,94189.99,96412.53,93996.8,95341.83,8864.2341412
2026-01-14 00:00:00,95342.45,95651.06,95065.65,95647.11,3127.365951
2026-01-14 04:00:00,95646.29,95725.65,94492.41,95166.37,2850.26940083
2026-01-14 08:00:00,95166.38,95269.67,94636.17,94740.88,2001.17501182
2026-01-14 12:00:00,94738.63,97064.2,94627.28,96748.2,9020.06470534
2026-01-14 16:00:00,96752.23,97801.7,96232.47,97235.56,10147.57878718
2026-01-14 20:00:00,97234.92,97913.08,96756.68,96908.87,4720.33935855
2026-01-15 00:00:00,96906.11,96962.75,95719.05,95926.73,2235.92798845
2026-01-15 04:00:00,95921.98,96715.59,95895.64,96584.86,1528.18731164
2026-01-15 08:00:00,96586.93,97153.13,96278.68,96552.71,1639.00075386
2026-01-15 12:00:00,96551.45,97102.15,95398.35,96697.11,4838.15935471
2026-01-15 16:00:00,96684.72,97033.46,95140.28,95468.63,4274.58199784
2026-01-15 20:00:00,95468.43,95823.45,95084.05,95558.26,2558.37870905
2026-01-16 00:00:00,95563.93,95802.67,95289.53,95303.14,1190.03539231
2026-01-16 04:00:00,95301.39,95760.99,95100.38,95613.38,1061.0895623
2026-01-16 08:00:00,95612.91,95795.42,95209.13,95376.25,913.0916859
2026-01-16 12:00:00,95374.75,95767.92,94234.86,94532.22,3105.24360731
2026-01-16 16:00:00,94528.99,95177.67,94451.92,94954.84,1965.68122637
2026-01-16 20:00:00,94952.59,95569.1,94622.48,95503.23,2492.39770549
2026-01-17 00:00:00,95511.32,95536.94,95169.47,95327.1,642.48784331
2026-01-17 04:00:00,95327.35,95335.0,95018.43,95055.77,345.15786472
2026-01-17 08:00:00,95056.02,95272.63,94990.15,95270.56,284.29110059
2026-01-17 12:00:00,95268.49,95629.25,95163.28,95535.34,572.42865241
2026-01-17 16:00:00,95538.34,95539.61,95190.08,95256.49,585.08000308
2026-01-17 20:00:00,95256.24,95371.88,95004.91,95105.97,574.87312306
2026-01-18 00:00:00,95101.22,95196.75,94830.53,95152.5,661.59279322
2026-01-18 04:00:00,95152.75,95213.47,94998.03,94999.63,342.28713609
2026-01-18 08:00:00,94999.16,95249.73,94989.9,95120.45,285.39388786
2026-01-18 12:00:00,95121.22,95318.25,94872.61,95083.38,623.63816723
2026-01-18 16:00:00,95081.13,95487.75,95045.25,95344.48,763.20497636
2026-01-18 20:00:00,95341.75,95491.13,93572.85,93638.28,2308.72196254
2026-01-19 00:00:00,93631.2,93637.7,91904.58,92666.35,3649.39246699
2026-01-19 04:00:00,92661.61,92807.75,92343.6,92795.4,1230.60889791
2026-01-19 08:00:00,92796.92,93328.6,92658.44,93149.95,1016.32179592
2026-01-19 12:00:00,93149.7,93176.7,92671.45,93022.16,1088.19400696
2026-01-19 16:00:00,93022.66,93378.75,92883.22,93060.35,1014.98698479
2026-01-19 20:00:00,93061.1,93297.57,92101.31,92565.54,1817.57962279
2026-01-20 00:00:00,92562.29,92815.48,92204.78,92381.22,1135.84755301
2026-01-20 04:00:00,92376.72,92414.29,90705.78,91102.88,2661.05025354
2026-01-20 08:00:00,91101.4,91367.87,90608.98,91153.64,1198.32417671
2026-01-20 12:00:00,91155.63,91297.21,89791.53,90615.75,4165.28482142
2026-01-20 16:00:00,90609.0,90907.28,89193.3,89626.38,5265.46290221
2026-01-20 20:00:00,89622.62,89744.46,87807.48,88341.88,5312.50141863
2026-01-21 00:00:00,88336.13,89517.3,88166.2,89358.67,2018.65061266
2026-01-21 04:00:00,89358.94,90046.18,88998.65,89146.47,2461.38662405
2026-01-21 08:00:00,89141.21,89429.59,88641.38,88739.45,1508.58682266
2026-01-21 12:00:00,88736.43,90519.23,88153.17,90238.12,5315.29931043
2026-01-21 16:00:00,90239.11,90419.4,87212.25,90301.4,8487.07948696
2026-01-21 20:00:00,90294.4,90341.07,89303.21,89401.65,3244.40414464
2026-01-22 00:00:00,89395.4,90296.01,89395.4,89835.98,1238.04411555
2026-01-22 04:00:00,89836.63,90148.1,89738.35,89765.55,915.12245094
2026-01-22 08:00:00,89766.3,90081.75,89706.28,89872.31,1037.29004233
2026-01-22 12:00:00,89872.81,90266.78,88445.79,88934.85,3688.91462391
2026-01-22 16:00:00,88932.19,89862.18,88603.73,89712.4,3331.87793066
2026-01-22 20:00:00,89711.8,89887.5,89072.96,89490.43,1561.99856389
2026-01-23 00:00:00,89489.93,89905.14,89383.57,89854.46,911.99689009
2026-01-23 04:00:00,89856.23,89997.48,89328.25,89466.62,1238.20230322
2026-01-23 08:00:00,89457.89,89531.72,88786.45,89117.77,1315.43214878
2026-01-23 12:00:00,89115.27,89777.45,88492.39,89668.56,2780.3448191
2026-01-23 16:00:00,89665.81,91143.38,89402.16,89899.73,4885.41161162
2026-01-23 20:00:00,89901.71,90077.68,89126.58,89520.23,1817.7592798
2026-01-24 00:00:00,89522.99,89840.75,89334.44,89682.01,659.01045009
2026-01-24 04:00:00,89683.51,89762.2,89469.18,89520.2,470.70099828
2026-01-24 08:00:00,89519.54,89585.15,89485.95,89493.95,408.76487527
2026-01-24 12:00:00,89496.7,89498.2,89086.68,89171.93,676.67162184
2026-01-24 16:00:00,89174.2,89352.08,89062.25,89218.58,738.97010136
2026-01-24 20:00:00,89220.08,89380.41,89102.38,89108.19,491.28873851
2026-01-25 00:00:00,89111.19,89207.13,88737.01,88856.03,686.44314223
2026-01-25 04:00:00,88855.28,88980.45,88538.43,88554.34,753.78559904
2026-01-25 08:00:00,88554.61,88658.92,87652.07,88465.75,1527.69984214
2026-01-25 12:00:00,88462.28,88871.39,88287.91,88362.48,1016.09186444
2026-01-25 16:00:00,88357.98,88362.52,86124.75,86414.64,4331.68062792
2026-01-25 20:00:00,86416.14,86931.34,86013.03,86588.56,3465.16955308
2026-01-26 00:00:00,86587.81,87868.53,86441.05,87180.26,2321.47067146
2026-01-26 04:00:00,87185.76,87999.64,87148.32,87930.78,1766.57708483
2026-01-26 08:00:00,87934.03,88306.91,87530.59,87784.52,1016.01602136
2026-01-26 12:00:00,87790.05,88796.84,87264.25,87586.86,3951.17595015
2026-01-26 16:00:00,87590.38,88490.1,86968.94,87952.7,3024.8187584
2026-01-26 20:00:00,87950.96,88611.6,87486.51,88298.85,2170.02797071
2026-01-27 00:00:00,88304.35,88828.45,88162.95,88716.58,1350.16427052
2026-01-27 04:00:00,88720.55,88936.78,88214.67,88257.03,1076.70082052
2026-01-27 08:00:00,88257.53,88330.95,87669.33,87908.63,804.82384594
2026-01-27 12:00:00,87904.05,88364.77,87482.54,87962.33,2211.39333057
2026-01-27 16:00:00,87959.86,88753.32,87238.8,88327.71,3213.07221721
2026-01-27 20:00:00,88325.46,89470.35,88299.98,89154.52,2763.21231617
2026-01-28 00:00:00,89159.52,89402.35,88897.1,89027.42,909.05540848
2026-01-28 04:00:00,89025.45,89300.4,88746.07,89042.9,906.57639544
2026-01-28 08:00:00,89038.65,90049.36,88778.39,89986.51,1595.52263641
2026-01-28 12:00:00,89981.54,90388.25,88804.5,89391.16,2977.82821199
2026-01-28 16:00:00,89395.1,90488.28,88913.9,89297.14,2870.25717589
2026-01-28 20:00:00,89296.89,89793.5,88753.58,89196.5,2095.37874236
2026-01-29 00:00:00,89198.28,89242.47,87592.32,87934.02,2844.47614708
2026-01-29 04:00:00,87935.77,88311.12,87787.37,88228.38,1016.20847526
2026-01-29 08:00:00,88230.51,88369.3,87636.68,87723.52,1540.02067576
2026-01-29 12:00:00,87723.29,88052.21,84260.75,84818.97,6707.89121162
2026-01-29 16:00:00,84817.2,85509.13,83238.63,83864.23,9283.28684051
2026-01-29 20:00:00,83862.22,84631.79,83678.8,84556.08,3133.3814605
2026-01-30 00:00:00,84550.82,84638.35,81066.96,82585.85,6395.45837576
2026-01-30 04:00:00,82588.19,83236.55,81977.77,82728.13,3759.24753069
2026-01-30 08:00:00,82717.78,83211.03,82070.63,83054.23,2029.658034
2026-01-30 12:00:00,83055.73,83713.81,82302.08,82804.11,4036.63418391
2026-01-30 16:00:00,82800.86,84526.53,81791.88,84132.9,6396.64663228
2026-01-30 20:00:00,84136.4,84384.72,83433.46,84149.17,3636.80700564
2026-01-31 00:00:00,84149.67,84159.68,83703.45,83919.25,1264.58583251
2026-01-31 04:00:00,83918.25,84033.6,83288.15,83429.49,1277.8712965
2026-01-31 08:00:00,83431.99,83508.96,82473.28,82917.08,1941.0314794
2026-01-31 12:00:00,82913.61,83051.4,80745.39,81215.05,3728.66214809
2026-01-31 16:00:00,81212.48,82085.61,75632.54,77686.61,13520.30058557
2026-01-31 20:00:00,77683.2,79169.65,77010.8,78683.35,5588.43618779
2026-02-01 00:00:00,78688.1,79369.55,78244.25,78823.07,2979.40394267
2026-02-01 04:00:00,78821.82,79069.52,77927.43,78303.17,2455.43415481
2026-02-01 08:00:00,78306.19,79185.39,78109.2,78712.85,2033.54680435
2026-02-01 12:00:00,78717.1,78726.85,76744.18,77551.91,4201.495002
2026-02-01 16:00:00,77555.76,78412.23,76937.32,77127.45,3131.94799745
2026-02-01 20:00:00,77122.7,77729.7,75676.4,76919.18,6711.24772351
2026-02-02 00:00:00,76926.35,78115.81,74669.48,76267.18,9258.78233703
2026-02-02 04:00:00,76271.95,76906.57,74890.02,76598.52,5394.81371193
2026-02-02 08:00:00,76600.27,77926.81,76571.25,77718.0,2660.88712274
2026-02-02 12:00:00,77724.02,79335.0,77549.42,78863.04,7676.49872739
2026-02-02 16:00:00,78859.17,79294.92,78258.67,78316.05,7349.14327282
2026-02-02 20:00:00,78313.31,78949.08,77879.12,78714.51,2612.6326598
2026-02-03 00:00:00,78712.01,79160.49,77606.48,78722.48,3471.10209944
2026-02-03 04:00:00,78717.55,78957.49,77904.17,78741.93,1855.38541032
2026-02-03 08:00:00,78747.46,79039.29,77903.63,78040.25,1942.00018904
2026-02-03 12:00:00,78044.5,78408.02,77021.82,78104.75,4265.96662353
2026-02-03 16:00:00,78099.15,78102.65,72914.05,74907.45,14541.0777378
2026-02-03 20:00:00,74898.73,76915.2,74545.62,75714.87,6236.2055429
2026-02-04 00:00:00,75710.37,76923.44,75413.46,76665.56,3465.68160004
2026-02-04 04:00:00,76668.83,76779.05,76066.61,76449.88,1957.76486739
2026-02-04 08:00:00,76454.88,76541.25,75602.78,75980.36,2492.44775913
2026-02-04 12:00:00,75987.92,76202.5,73713.22,74043.66,6937.1790895
2026-02-04 16:00:00,74041.34,74154.41,72120.38,73822.94,12711.15458259
2026-02-04 20:00:00,73818.92,74032.08,71813.93,73073.15,6992.36547713
2026-02-05 00:00:00,73068.98,73237.19,71075.81,71164.76,6572.93905078
2026-02-05 04:00:00,71154.82,71533.84,70065.0,70642.42,7309.52322517
2026-02-05 08:00:00,70647.8,71889.89,69870.61,70260.63,4675.74836787
2026-02-05 12:00:00,70261.38,70792.53,66595.68,67430.02,19084.44727486
2026-02-05 16:00:00,67434.23,68596.01,65111.68,65167.16,18985.03048644
2026-02-05 20:00:00,65169.16,65607.54,62257.21,62858.53,22145.55030904
2026-02-06 00:00:00,62857.82,65977.78,60203.63,64130.37,17683.97066983
2026-02-06 04:00:00,64129.33,66768.19,63922.98,64788.26,7102.26414619
2026-02-06 08:00:00,64805.46,66709.16,64464.22,66585.01,5547.38044907
2026-02-06 12:00:00,66581.03,69165.85,66070.18,68626.65,13280.11783038
2026-02-06 16:00:00,68624.58,71484.04,68437.47,70708.3,16737.34003711
2026-02-06 20:00:00,70698.71,71724.47,69827.41,70561.27,7251.46696703
2026-02-07 00:00:00,70552.62,70917.2,69703.96,70907.33,4167.54940748
2026-02-07 04:00:00,70902.49,71667.31,67330.49,68095.65,5568.79018236
2026-02-07 08:00:00,68086.03,68792.4,67599.31,67954.55,3304.46265768
2026-02-07 12:00:00,67943.88,69940.65,67888.35,69109.61,4364.27920785
2026-02-07 16:00:00,69114.61,69854.81,68553.57,69345.12,2521.17933528
2026-02-07 20:00:00,69343.37,69701.21,68769.19,69276.88,1672.52648005
2026-02-08 00:00:00,69278.48,69670.64,68875.56,69089.89,1405.34597123
2026-02-08 04:00:00,69084.92,69679.03,68954.68,69677.02,1160.2871188
2026-02-08 08:00:00,69673.27,71175.45,69496.66,70957.49,2847.10110937
2026-02-08 12:00:00,70966.29,71529.75,70674.93,71150.36,2897.90403892
2026-02-08 16:00:00,71149.48,71502.5,70234.05,71399.82,2254.49716141
2026-02-08 20:00:00,71402.43,72240.57,69983.26,70315.33,4070.20084203
2026-02-09 00:00:00,70306.21,71402.86,70051.95,71298.23,3036.86357087
2026-02-09 04:00:00,71277.24,71325.48,70286.25,70385.66,1987.99249375
2026-02-09 08:00:00,70382.93,70572.47,68382.95,68882.38,4166.29381669
2026-02-09 12:00:00,68890.65,69841.58,68263.13,69558.44,6449.03084816
2026-02-09 16:00:00,69547.79,71052.61,69077.48,70936.76,6023.51255366
2026-02-09 20:00:00,70936.92,71106.21,69808.02,70114.05,3827.71422198
2026-02-10 00:00:00,70121.72,70497.15,69175.35,69482.63,2402.83860236
2026-02-10 04:00:00,69475.38,69879.21,68670.39,68883.56,2006.2163107
2026-02-10 08:00:00,68888.61,69366.08,68430.76,68492.76,2247.13985113
2026-02-10 12:00:00,68494.65,69554.17,67888.52,69270.76,6125.03921421
2026-02-10 16:00:00,69273.29,69990.82,68607.3,69058.18,4638.77281081
2026-02-10 20:00:00,69056.46,69124.75,68324.55,68824.29,2718.29105894
2026-02-11 00:00:00,68824.24,69267.15,67995.83,68161.56,2300.46369513
2026-02-11 04:00:00,68163.81,68300.92,66543.48,67015.8,3582.89960177
2026-02-11 08:00:00,67016.83,67105.12,66374.05,67047.81,2271.31011141
2026-02-11 12:00:00,67046.71,68790.25,65742.91,66515.43,8989.61396719
2026-02-11 16:00:00,66512.88,67841.99,65859.97,67568.85,5707.83327172
2026-02-11 20:00:00,67568.67,68323.8,66774.4,67071.06,3753.65801725
2026-02-12 00:00:00,67067.58,68022.81,67034.24,67558.93,2201.36373453
2026-02-12 04:00:00,67557.91,67653.23,66644.69,67194.17,2300.32925571
2026-02-12 08:00:00,67192.77,68271.0,66864.28,68072.92,1867.23188456
2026-02-12 12:00:00,68065.88,68389.55,67007.5,67113.25,4097.1516577
2026-02-12 16:00:00,67119.57,67219.17,65107.17,65765.63,8509.69952003
2026-02-12 20:00:00,65770.45,66458.73,65190.72,66245.7,3613.09432726
2026-02-13 00:00:00,66243.87,66780.6,65853.38,66536.73,1969.64126371
2026-02-13 04:00:00,66537.1,66655.1,65997.08,66185.98,1969.172446
2026-02-13 08:00:00,66187.25,67198.51,66171.73,67147.05,2035.67458866
2026-02-13 12:00:00,67145.38,69296.58,66855.48,68674.83,7149.22129098
2026-02-13 16:00:00,68676.08,69456.65,68528.39,68929.52,4361.58908736
2026-02-13 20:00:00,68925.42,69056.45,68661.8,68833.25,2294.14961905
2026-02-14 00:00:00,68833.52,69121.19,68753.79,68956.89,1038.50083606
2026-02-14 04:00:00,68957.39,69315.33,68713.08,69194.27,736.1289562
2026-02-14 08:00:00,69193.3,70543.63,69190.33,70486.04,1810.86931323
2026-02-14 12:00:00,70485.54,70511.6,69206.74,69777.02,4283.58030482
2026-02-14 16:00:00,69776.07,69902.7,69274.23,69846.41,1512.9789032
2026-02-14 20:00:00,69857.3,70230.13,69657.23,69797.09,1495.70352901
2026-02-15 00:00:00,69799.69,69972.16,69239.83,69945.08,1380.82179015
2026-02-15 04:00:00,69944.58,70908.22,69876.03,70808.08,1912.3399185
2026-02-15 08:00:00,70812.42,70961.46,70173.98,70273.27,1145.35474249
2026-02-15 12:00:00,70273.27,70391.3,68767.75,69083.42,2562.24099333
2026-02-15 16:00:00,69083.4,69085.65,68058.7,68268.67,2609.70549907
2026-02-15 20:00:00,68269.17,69059.24,68116.08,68811.0,1839.96815186
2026-02-16 00:00:00,68808.0,69035.0,68143.11,68410.13,1267.26596912
2026-02-16 04:00:00,68411.8,68873.22,68220.05,68567.71,977.44618067
2026-02-16 08:00:00,68569.21,69053.2,68340.5,68802.98,1532.99454083
2026-02-16 12:00:00,68805.23,70112.8,67286.63,67525.77,4958.23952515
2026-02-16 16:00:00,67530.61,68233.83,67505.91,67906.53,2237.30077629
2026-02-16 20:00:00,67903.03,68976.79,67818.98,68886.53,1807.8971627
2026-02-17 00:00:00,68890.89,69232.38,68377.45,68468.66,2067.13409595
2026-02-17 04:00:00,68467.19,68682.81,67893.5,68386.48,1145.96838739
2026-02-17 08:00:00,68386.13,68468.79,67680.16,67836.85,1396.82255638
2026-02-17 12:00:00,67835.85,68349.91,66605.25,67383.38,5334.37053934
2026-02-17 16:00:00,67383.68,68230.33,66878.0,67783.43,4803.36488566
2026-02-17 20:00:00,67785.28,67916.23,67379.94,67497.27,1616.96478342
2026-02-18 00:00:00,67495.27,67690.38,66880.35,67617.1,1479.52966393
2026-02-18 04:00:00,67620.88,68204.19,67489.41,68107.33,1165.50807647
2026-02-18 08:00:00,68108.83,68461.69,67086.72,67361.25,1863.53068092
2026-02-18 12:00:00,67362.52,68344.98,66706.35,67690.9,4486.86173661
2026-02-18 16:00:00,67690.47,67702.67,65857.02,66169.16,5333.8405546
2026-02-18 20:00:00,66172.45,66539.71,66098.08,66456.12,3351.44903904
2026-02-19 00:00:00,66454.37,66989.08,66337.36,66974.57,1477.31550119
2026-02-19 04:00:00,66975.85,67316.86,66684.68,67199.99,1442.11792525
2026-02-19 08:00:00,67198.24,67198.39,66471.35,66491.86,1257.99047519
2026-02-19 12:00:00,66491.11,66746.06,65631.93,66400.92,5156.73456153
2026-02-19 16:00:00,66396.17,67201.64,65893.3,67048.65,4470.78579273
2026-02-19 20:00:00,67049.9,67181.74,66652.59,66997.45,1949.71285517
2026-02-20 00:00:00,66992.7,67480.72,66945.56,67359.86,1583.91528301
2026-02-20 04:00:00,67363.77,68010.35,67102.88,67822.32,1851.82787928
2026-02-20 08:00:00,67824.07,68312.29,67264.75,67311.52,2181.99491013
2026-02-20 12:00:00,67319.99,68068.69,66455.06,67596.37,7091.91829357
2026-02-20 16:00:00,67595.67,68008.25,66966.11,67643.22,6471.79148513
2026-02-20 20:00:00,67641.47,68226.49,67528.33,68011.16,2166.45774434
2026-02-21 00:00:00,68012.66,68094.92,67542.73,67669.9,1145.39341164
2026-02-21 04:00:00,67667.42,67926.52,67595.23,67857.3,505.44155365
2026-02-21 08:00:00,67858.8,68299.02,67820.6,68090.69,906.51539751
2026-02-21 12:00:00,68092.19,68696.91,67924.1,68620.94,1344.35220003
2026-02-21 16:00:00,68612.57,68648.9,68100.5,68544.71,1959.67127378
2026-02-21 20:00:00,68544.46,68600.98,67894.8,67974.35,1211.64255748
2026-02-22 00:00:00,67977.37,68209.45,67802.62,68033.62,1105.47055021
2026-02-22 04:00:00,68033.0,68171.68,67875.82,68007.53,686.55648599
2026-02-22 08:00:00,68007.03,68237.5,67916.76,68207.3,497.34742961
2026-02-22 12:00:00,68208.55,68223.98,67296.86,67678.98,2282.23513444
2026-02-22 16:00:00,67679.23,67701.73,67180.2,67416.56,1150.75346419
2026-02-22 20:00:00,67417.31,67743.05,67341.94,67638.02,1159.79590788
2026-02-23 00:00:00,67638.03,67677.93,64305.73,64952.28,7692.70065619
2026-02-23 04:00:00,64954.53,66022.18,64694.48,65972.13,2766.78115252
2026-02-23 08:00:00,65969.38,66604.17,65584.75,66223.73,2324.38210375
2026-02-23 12:00:00,66226.99,66527.54,65532.75,65668.61,5243.21406563
2026-02-23 16:00:00,65667.48,65736.33,64106.36,64298.98,7024.62290497
2026-02-23 20:00:00,64299.55,65017.77,63891.25,64652.47,4422.35405231
2026-02-24 00:00:00,64654.97,65009.33,63313.4,63586.9,4634.37957714
2026-02-24 04:00:00,63590.88,63624.93,62709.6,63191.26,3688.78205823
2026-02-24 08:00:00,63190.75,63440.85,62946.84,63239.3,2016.99411115
2026-02-24 12:00:00,63240.29,64047.32,62530.43,63999.55,6046.55407056
2026-02-24 16:00:00,63998.33,64757.72,63717.08,64459.32,4989.91934801
2026-02-24 20:00:00,64459.32,64608.34,63856.71,64081.31,2836.57390297
2026-02-25 00:00:00,64081.33,66328.14,63936.14,65407.6,5105.96623017
2026-02-25 04:00:00,65407.85,65670.22,64775.74,65046.94,2218.41582017
2026-02-25 08:00:00,65047.44,65697.73,64973.63,65437.78,2158.63653556
2026-02-25 12:00:00,65435.6,67602.07,65339.13,67427.63,7553.41415438
2026-02-25 16:00:00,67432.78,69578.22,67428.02,69069.02,10747.43814511
2026-02-25 20:00:00,69071.63,70057.25,67627.17,68011.07,5441.88845474
2026-02-26 00:00:00,68006.07,68725.77,67753.94,68235.85,3058.66924335
2026-02-26 04:00:00,68229.04,68876.07,67850.96,67858.41,1968.43225332
2026-02-26 08:00:00,67860.16,68735.86,67819.21,68063.12,2132.76663411
2026-02-26 12:00:00,68067.38,68317.35,66784.02,67405.55,5397.27074964
2026-02-26 16:00:00,67408.43,67914.08,66526.23,67613.72,6081.36605434
2026-02-26 20:00:00,67611.47,67849.67,67160.83,67499.5,2396.58286895
2026-02-27 00:00:00,67502.18,67752.1,66886.19,67624.61,2296.8666614
2026-02-27 04:00:00,67622.61,68233.09,67479.3,67704.68,2214.10350452
2026-02-27 08:00:00,67696.93,68160.37,65990.97,66142.43,3850.45475282
2026-02-27 12:00:00,66140.27,66369.88,65685.07,66125.3,5323.20407367
2026-02-27 16:00:00,66119.18,66145.4,65131.23,65407.43,4347.81514169
2026-02-27 20:00:00,65408.18,65970.34,64950.72,65885.41,2578.56907177
2026-02-28 00:00:00,65884.91,66030.27,65737.9,65808.41,1104.58131605
2026-02-28 04:00:00,65809.16,65835.89,63046.65,63840.3,4956.02169402
2026-02-28 08:00:00,63839.08,64312.7,63393.1,63856.0,4085.04488777
2026-02-28 12:00:00,63861.21,65386.4,63850.16,64864.12,4579.19032501
2026-02-28 16:00:00,64863.12,66670.9,64699.12,66379.64,4274.46761776
2026-02-28 20:00:00,66380.89,67760.44,66222.25,66993.86,4635.66169984
2026-03-01 00:00:00,66993.31,68210.85,66085.61,67526.5,4281.7334408
2026-03-01 04:00:00,67536.0,67628.21,66806.0,67149.66,2031.9505838
2026-03-01 08:00:00,67153.16,67305.44,66240.67,66483.46,1789.82017157
2026-03-01 12:00:00,66482.21,67393.67,66159.43,66856.75,2756.28290391
2026-03-01 16:00:00,66868.94,67132.17,65743.66,65976.19,3642.63950397
2026-03-01 20:00:00,65975.16,66490.79,65046.2,65772.2,4695.95329772
2026-03-02 00:00:00,65780.47,67072.77,65763.31,66827.22,3411.90531185
2026-03-02 04:00:00,66827.73,67008.49,65561.65,66020.23,2616.51646695
2026-03-02 08:00:00,66022.5,66731.67,65674.17,66365.88,2595.69617446
2026-03-02 12:00:00,66366.13,69624.77,65271.33,69136.04,9955.72272823
2026-03-02 16:00:00,69142.31,70120.19,68589.81,68974.92,9718.95177307
2026-03-02 20:00:00,68974.82,69549.05,68602.02,68829.1,5118.3012467
2026-03-03 00:00:00,68831.95,69259.47,68237.45,68377.8,2105.68916481
2026-03-03 04:00:00,68379.28,68567.63,67810.25,68176.98,2417.15883673
2026-03-03 08:00:00,68177.16,68307.35,66356.94,67023.76,3826.10216368
2026-03-03 12:00:00,67023.76,67953.01,66154.13,67728.52,5415.46534633
2026-03-03 16:00:00,67733.28,68996.99,67499.79,68443.16,7844.07454446
2026-03-03 20:00:00,68447.12,68858.47,67832.46,68340.17,3234.69069233
2026-03-04 00:00:00,68340.17,68915.35,67407.72,67740.81,3343.81115253
2026-03-04 04:00:00,67735.25,69652.05,67471.32,69508.8,3328.38407268
2026-03-04 08:00:00,69505.03,71901.92,69140.59,71116.47,6824.49261098
2026-03-04 12:00:00,71116.47,73508.25,70597.02,73418.68,9654.34541543
2026-03-04 16:00:00,73421.81,74070.77,72568.05,73658.16,9507.9757059
2026-03-04 20:00:00,73657.36,73752.26,72333.41,72681.77,5584.63952818
2026-03-05 00:00:00,72689.77,73305.18,72356.76,72510.26,2790.84943604
2026-03-05 04:00:00,72506.77,73094.67,71790.19,72064.6,2779.23502159
2026-03-05 08:00:00,72070.62,73581.44,71777.65,72925.18,3363.76052146
2026-03-05 12:00:00,72930.83,73084.52,71178.2,71659.67,5758.11620877
2026-03-05 16:00:00,71665.57,71666.8,70639.53,70927.7,5960.97073208
2026-03-05 20:00:00,70917.89,71566.69,70781.46,70881.5,2614.61073014
2026-03-06 00:00:00,70887.5,71410.7,70392.17,71085.15,2196.90971171
2026-03-06 04:00:00,71085.35,71182.39,70140.23,71065.41,2340.99159084
2026-03-06 08:00:00,71065.19,71072.72,70197.86,70225.37,1634.13263835
2026-03-06 12:00:00,70220.49,70333.83,68165.96,68503.82,7936.30458519
2026-03-06 16:00:00,68501.91,68792.78,67740.79,68119.3,3706.39115837
2026-03-06 20:00:00,68119.05,68429.97,67765.18,68112.31,2519.08226845
2026-03-07 00:00:00,68106.91,68564.57,68058.06,68105.89,1147.92269349
2026-03-07 04:00:00,68099.42,68141.95,67437.83,67844.91,1383.85377138
2026-03-07 08:00:00,67844.16,68236.36,67724.66,68016.35,854.83223106
2026-03-07 12:00:00,68016.35,68082.77,67618.77,67882.21,1016.01183209
2026-03-07 16:00:00,67880.21,67943.43,66937.86,67089.3,1579.01186635
2026-03-07 20:00:00,67086.55,67479.69,67079.73,67259.93,1174.10167313
2026-03-08 00:00:00,67260.18,67480.25,66827.7,67003.52,1226.84652884
2026-03-08 04:00:00,67003.21,67449.8,66552.32,67321.14,1158.90708909
2026-03-08 08:00:00,67318.66,68190.64,67165.14,67518.41,1397.68405635
2026-03-08 12:00:00,67518.41,67642.51,66821.66,67207.76,1735.10977083
2026-03-08 16:00:00,67203.76,67461.86,66745.86,67326.04,1776.21825416
2026-03-08 20:00:00,67324.31,67515.4,65626.43,65979.32,5135.10698809
2026-03-09 00:00:00,65976.07,67669.54,65834.38,67207.09,3255.72664489
2026-03-09 04:00:00,67207.34,68057.03,66894.8,67536.26,2395.2478888
2026-03-09 08:00:00,67544.94,68449.79,67340.57,67758.41,2180.83655241
2026-03-09 12:00:00,67759.66,69495.48,67751.66,68895.84,6940.66244528
2026-03-09 16:00:00,68894.04,69545.25,68249.18,69015.03,5299.73732382
2026-03-09 20:00:00,69011.86,69169.6,68394.85,68446.77,2489.86111517
2026-03-10 00:00:00,68446.54,70592.55,68400.4,69443.83,3167.7034121
2026-03-10 04:00:00,69443.88,70541.02,69443.13,70419.38,1972.29756298
2026-03-10 08:00:00,70424.89,71310.16,70398.5,70617.42,2871.99767333
2026-03-10 12:00:00,70614.34,71792.52,69281.45,71367.23,6726.24301318
2026-03-10 16:00:00,71364.73,71730.61,69741.77,70056.42,5936.35527237
2026-03-10 20:00:00,70055.57,70431.39,69462.86,69959.56,3329.38810801
2026-03-11 00:00:00,69960.31,70180.49,69508.52,69564.15,1694.85023031
2026-03-11 04:00:00,69565.38,70271.63,69436.75,69663.66,1363.84098587
2026-03-11 08:00:00,69665.21,69795.12,69166.91,69188.59,1272.39435385
2026-03-11 12:00:00,69185.39,71098.82,68985.58,70250.65,6434.88760715
2026-03-11 16:00:00,70249.73,71344.05,70181.93,70672.8,5128.02221179
2026-03-11 20:00:00,70673.01,70903.49,70146.64,70208.1,2591.67890556
2026-03-12 00:00:00,70208.86,70367.83,69235.0,69445.57,1906.78894861
2026-03-12 04:00:00,69449.7,69858.77,69201.3,69837.05,1267.57521922
2026-03-12 08:00:00,69832.8,70808.74,69593.47,70447.54,2135.15740451
2026-03-12 12:00:00,70444.41,70677.58,69374.0,70357.21,5923.00067246
2026-03-12 16:00:00,70360.46,70580.37,69792.5,70463.23,4182.18296146
2026-03-12 20:00:00,70467.23,70745.08,70027.67,70525.09,2477.7516907
2026-03-13 00:00:00,70528.08,72013.48,70399.0,71407.43,3538.55971976
2026-03-13 04:00:00,71405.69,71670.64,71185.99,71627.13,1712.39673457
2026-03-13 08:00:00,71624.63,72590.33,71387.13,72234.85,2999.44433414
2026-03-13 12:00:00,72233.35,73934.2,71753.67,71852.41,7555.41085215
2026-03-13 16:00:00,71855.16,72257.63,70839.81,71168.94,5252.53150851
2026-03-13 20:00:00,71178.19,71483.32,70528.25,70936.08,2098.24907787
2026-03-14 00:00:00,70934.86,71169.03,70489.03,71077.23,1369.02417369
2026-03-14 04:00:00,71080.95,71304.5,70294.98,70611.85,1500.73805117
2026-03-14 08:00:00,70607.59,70791.33,70401.25,70754.28,716.61844528
2026-03-14 12:00:00,70755.03,70954.57,70511.08,70601.53,932.67665639
2026-03-14 16:00:00,70601.05,70747.94,70511.93,70706.97,560.72960483
2026-03-14 20:00:00,70709.25,71252.22,70656.0,71217.91,950.30892435
2026-03-15 00:00:00,71214.9,71625.26,70871.78,71356.52,1570.12103119
2026-03-15 04:00:00,71357.3,71796.25,71340.56,71453.17,1051.16043777
2026-03-15 08:00:00,71455.94,71958.64,71455.94,71847.6,1000.0448769
2026-03-15 12:00:00,71848.35,71848.35,71257.43,71480.85,1269.00241468
2026-03-15 16:00:00,71480.61,72000.88,71331.1,71562.07,1275.90076894
2026-03-15 20:00:00,71559.82,73210.95,71440.58,72823.68,4160.07650814
2026-03-16 00:00:00,72832.18,74297.34,72285.56,73574.52,3890.94912442
2026-03-16 04:00:00,73575.77,74435.75,73392.02,73456.73,3207.8311391
2026-03-16 08:00:00,73458.07,73840.13,72888.12,73552.47,2464.98873548
2026-03-16 12:00:00,73547.19,74511.63,72999.91,73281.25,5512.11288157
2026-03-16 16:00:00,73277.52,74412.25,73165.06,73968.26,3745.48611667
2026-03-16 20:00:00,73970.6,74909.5,73856.31,74880.29,3397.62823195
2026-03-17 00:00:00,74875.04,76008.43,74271.6,74461.02,4676.06466964
2026-03-17 04:00:00,74470.64,74678.1,73787.45,74247.52,1879.78985819
2026-03-17 08:00:00,74253.55,74455.27,73549.81,74035.38,2282.06727372
2026-03-17 12:00:00,74035.63,74917.28,73420.5,73936.99,5201.19859889
2026-03-17 16:00:00,73938.99,74814.86,73881.77,74535.55,3797.136863
2026-03-17 20:00:00,74532.15,74808.61,73887.77,73919.0,1840.23227045
2026-03-18 00:00:00,73920.28,74680.08,73554.35,74469.54,1499.84210383
2026-03-18 04:00:00,74473.34,74504.22,73709.53,73895.23,1007.40475647
2026-03-18 08:00:00,73895.25,74295.44,72828.01,72959.11,1939.36660802
2026-03-18 12:00:00,72958.86,72987.43,70875.64,71477.89,5739.15391416
2026-03-18 16:00:00,71476.67,72002.76,70931.4,71067.01,3791.81061037
2026-03-18 20:00:00,71063.01,71433.14,70488.71,71253.23,2456.55850604
2026-03-19 00:00:00,71248.48,71616.98,70898.13,71218.15,1191.16559795
2026-03-19 04:00:00,71217.42,71217.42,69497.2,70196.18,2526.3974814
2026-03-19 08:00:00,70196.03,70559.06,69908.58,69940.25,1419.15031577
2026-03-19 12:00:00,69943.75,70155.78,68771.2,69409.54,5058.19000998
2026-03-19 16:00:00,69409.75,70602.33,69117.93,70267.48,3318.59087641
2026-03-19 20:00:00,70269.86,70700.75,69729.56,69922.8,1905.78564808
2026-03-20 00:00:00,69920.45,70803.26,69842.73,70725.02,1663.98915558
2026-03-20 04:00:00,70725.38,70958.49,70206.7,70855.36,1173.85768615
2026-03-20 08:00:00,70857.11,71365.05,70213.82,70479.35,1987.73845325
2026-03-20 12:00:00,70479.1,70676.97,69479.75,69862.16,3995.26422462
2026-03-20 16:00:00,69860.94,70189.0,69390.25,70176.35,2337.01875215
2026-03-20 20:00:00,70174.35,70920.3,69750.99,70512.9,2189.51262268
2026-03-21 00:00:00,70515.4,70818.32,70437.5,70664.43,603.34811438
2026-03-21 04:00:00,70663.85,70869.1,70620.44,70709.25,563.97134594
2026-03-21 08:00:00,70709.02,70746.14,70480.36,70637.34,912.1195496
2026-03-21 12:00:00,70637.84,71080.41,70445.72,70625.33,799.86405357
2026-03-21 16:00:00,70624.33,70640.75,70185.63,70383.61,964.32742642
2026-03-21 20:00:00,70382.39,70498.27,68533.11,68911.43,2000.22295296
2026-03-22 00:00:00,68905.18,69579.63,68240.04,69339.08,2157.9040451
2026-03-22 04:00:00,69338.33,69519.14,68892.46,68912.18,844.2247447
2026-03-22 08:00:00,68908.18,68977.1,68118.4,68215.7,1068.64284148
2026-03-22 12:00:00,68218.45,68999.63,68190.88,68843.06,1179.28174589
2026-03-22 16:00:00,68846.31,68879.43,68145.1,68196.35,1215.38644431
2026-03-22 20:00:00,68201.1,68497.8,67348.04,67859.76,3496.88449993
2026-03-23 00:00:00,67863.76,68577.01,67440.55,68071.11,2050.26036411
2026-03-23 04:00:00,68073.11,68895.17,67502.68,68306.0,2157.13694552
2026-03-23 08:00:00,68327.05,71490.12,67908.97,70107.05,4833.4509579
2026-03-23 12:00:00,70117.73,71817.9,69671.31,70118.7,6210.01401231
2026-03-23 16:00:00,70121.1,71225.13,70118.04,70672.55,2550.82664734
2026-03-23 20:00:00,70667.89,70989.88,70394.44,70888.86,1483.25570913
2026-03-24 00:00:00,70886.86,71081.6,70261.75,70522.59,1400.50123583
2026-03-24 04:00:00,70523.34,71385.0,70103.11,71275.65,1497.0331261
2026-03-24 08:00:00,71279.15,71350.08,70840.85,71135.32,1317.73062227
2026-03-24 12:00:00,71139.32,71167.27,69488.26,69854.73,3870.6282272
2026-03-24 16:00:00,69850.83,69984.98,68898.5,69337.23,3547.25570044
2026-03-24 20:00:00,69338.5,70803.59,69264.45,70533.02,2549.73347425
2026-03-25 00:00:00,70532.52,71012.38,70377.02,70697.9,1417.92094277
2026-03-25 04:00:00,70696.42,71317.63,70676.4,70904.45,1350.27316671
2026-03-25 08:00:00,70906.97,71742.57,70817.44,71481.19,2335.88407306
2026-03-25 12:00:00,71479.47,71684.18,70641.94,70848.51,3343.07365746
2026-03-25 16:00:00,70841.15,71533.68,70725.06,70865.87,2499.28376177
2026-03-25 20:00:00,70867.87,71527.58,70700.0,71306.03,1453.55317901
2026-03-26 00:00:00,71304.68,71410.13,70654.19,70873.77,1354.32129746
2026-03-26 04:00:00,70874.11,70882.05,69766.73,70058.93,1942.79491236
2026-03-26 08:00:00,70054.93,70107.27,69167.67,69248.01,1720.22364978
2026-03-26 12:00:00,69250.51,69838.74,68640.78,69049.71,4393.1404987
2026-03-26 16:00:00,69050.38,69130.93,68114.79,68492.4,3678.15487167
2026-03-26 20:00:00,68490.37,69418.41,68399.11,68787.61,2398.44862973
2026-03-27 00:00:00,68785.86,69133.69,68493.74,68733.33,1251.72492932
2026-03-27 04:00:00,68733.58,68914.71,68264.7,68483.36,2038.29428882
2026-03-27 08:00:00,68490.0,68586.83,66214.25,66676.52,4008.03982548
2026-03-27 12:00:00,66676.02,66739.61,65679.75,66073.88,7491.80106368
2026-03-27 16:00:00,66072.43,66247.96,65513.36,65994.06,5140.80325081
2026-03-27 20:00:00,65997.86,66386.43,65773.75,66378.91,1939.90127433
2026-03-28 00:00:00,66366.43,66474.78,65891.15,66189.4,1405.0053235
2026-03-28 04:00:00,66191.4,66523.97,66075.9,66516.48,735.2908451
2026-03-28 08:00:00,66517.72,66526.93,66091.22,66287.56,771.41548337
2026-03-28 12:00:00,66288.0,67253.61,66201.16,66977.53,1878.86842412
2026-03-28 16:00:00,66978.79,67058.5,66659.36,66869.82,976.63950802
2026-03-28 20:00:00,66867.85,66966.3,66230.94,66331.71,1326.48596628
2026-03-29 00:00:00,66331.74,67083.57,66239.5,66863.05,1221.2349571
2026-03-29 04:00:00,66863.8,66889.01,66517.39,66624.54,650.05968284
2026-03-29 08:00:00,66623.54,66936.1,66376.45,66769.47,883.70249729
2026-03-29 12:00:00,66770.97,66822.58,66286.09,66482.12,1110.69806746
2026-03-29 16:00:00,66481.12,66623.82,66105.61,66308.49,1160.58033686
2026-03-29 20:00:00,66306.49,66749.75,64961.17,65969.06,3709.7951004
2026-03-30 00:00:00,65971.34,67409.26,65753.29,67119.75,4020.31661731
2026-03-30 04:00:00,67122.25,67753.86,67114.83,67577.52,2507.85953932
2026-03-30 08:00:00,67575.3,67944.61,67313.75,67623.32,2649.87903564
2026-03-30 12:00:00,67623.72,68121.01,67044.48,67580.26,4176.47092434
2026-03-30 16:00:00,67584.0,67593.65,66190.89,66499.73,3566.27819298
2026-03-30 20:00:00,66489.76,66944.76,66369.48,66740.8,1415.79960749
2026-03-31 00:00:00,66744.27,68347.3,66491.82,67652.08,2390.05529359
2026-03-31 04:00:00,67654.08,67811.4,67051.35,67306.7,2158.61751901
2026-03-31 08:00:00,67307.7,67441.52,65934.71,66635.5,2890.83555107
2026-03-31 12:00:00,66635.75,67707.82,66381.59,66675.8,4551.30665524
2026-03-31 16:00:00,66678.3,68524.27,66672.2,67789.33,4776.07322444
2026-03-31 20:00:00,67782.68,68350.98,67773.68,68226.39,1903.48759826
2026-04-01 00:00:00,68225.88,68303.4,67544.2,68113.07,2082.45930699
2026-04-01 04:00:00,68117.32,69273.75,67968.4,68658.02,2361.44674589
2026-04-01 08:00:00,68660.04,68819.79,68366.66,68687.48,1275.85826003
2026-04-01 12:00:00,68689.72,68942.13,67904.43,68900.46,3937.23664814
2026-04-01 16:00:00,68900.11,69170.27,67931.73,68160.38,3289.95765213
2026-04-01 20:00:00,68149.8,68520.93,67953.74,68089.96,1854.92898764
2026-04-02 00:00:00,68092.46,68638.43,66494.0,66565.15,3732.55507833
2026-04-02 04:00:00,66568.8,66919.16,66209.69,66909.86,1488.81947679
2026-04-02 08:00:00,66909.62,66909.62,66129.35,66209.23,1200.4138465
2026-04-02 12:00:00,66199.0,67091.65,65692.29,66831.88,3506.60369735
2026-04-02 16:00:00,66836.63,67421.81,66579.52,66967.02,2408.54866781
2026-04-02 20:00:00,66970.39,67093.85,66720.27,66886.07,1226.13564044
2026-04-03 00:00:00,66892.95,66984.25,66274.88,66573.94,1434.56517068
2026-04-03 04:00:00,66573.94,67242.73,66416.03,67030.8,939.28731907
2026-04-03 08:00:00,67031.3,67279.1,66675.79,67010.31,641.10102736
2026-04-03 12:00:00,67012.81,67363.18,66508.15,66817.58,1605.26846321
2026-04-03 16:00:00,66817.91,67056.03,66752.57,66869.57,1549.98221275
2026-04-03 20:00:00,66869.07,66964.08,66816.03,66942.75,806.64440414
2026-04-04 00:00:00,66939.97,66947.53,66800.68,66829.54,440.94608053
2026-04-04 04:00:00,66825.29,67034.95,66772.16,67007.3,760.74333298
2026-04-04 08:00:00,67007.79,67212.03,66899.02,67131.45,530.71088366
2026-04-04 12:00:00,67136.73,67524.8,67020.73,67369.85,872.77612641
2026-04-04 16:00:00,67371.37,67531.3,67256.59,67280.75,740.74704134
2026-04-04 20:00:00,67281.27,67461.64,67178.33,67293.88,776.45650893
2026-04-05 00:00:00,67295.38,67298.01,66948.98,67127.64,544.0985204
2026-04-05 04:00:00,67128.39,67176.0,66606.52,66804.12,558.60325897
2026-04-05 08:00:00,66800.64,67125.87,66797.92,66975.81,555.41382633
2026-04-05 12:00:00,66974.81,67818.23,66669.68,67282.57,1184.84916756
2026-04-05 16:00:00,67288.58,67532.85,67155.43,67338.88,857.73351883
2026-04-05 20:00:00,67339.13,69111.15,67316.91,68994.43,2536.75933106
2026-04-06 00:00:00,68996.2,69563.75,68752.74,69093.98,1956.3040757
2026-04-06 04:00:00,69096.51,69326.17,68784.79,69092.55,922.72262917
2026-04-06 08:00:00,69093.99,70261.56,69064.89,69600.04,2250.64453707
2026-04-06 12:00:00,69605.35,69968.9,69154.62,69959.22,3671.20197582
2026-04-06 16:00:00,69964.33,70381.05,69266.26,69722.0,4373.65019379
2026-04-06 20:00:00,69729.44,69981.27,68321.0,68849.0,2363.14437434
2026-04-07 00:00:00,68848.73,69121.62,68275.01,68766.04,1743.70642019
2026-04-07 04:00:00,68766.8,68967.73,68429.7,68615.32,866.33814
2026-04-07 08:00:00,68615.85,69250.86,68060.12,68335.68,1657.77438485
2026-04-07 12:00:00,68339.63,68624.11,67718.73,68150.08,2564.69000933
2026-04-07 16:00:00,68150.85,69076.36,68068.98,69002.86,2353.17192798
2026-04-07 20:00:00,69001.36,72758.24,69000.11,71913.05,7080.36745027
2026-04-08 00:00:00,71906.55,72105.18,71226.57,71283.68,2208.74750673
2026-04-08 04:00:00,71283.42,71934.07,71276.25,71632.5,1297.41233288
2026-04-08 08:00:00,71633.51,71964.41,71406.99,71679.55,1150.64896988
2026-04-08 12:00:00,71682.23,72854.85,70690.66,71295.62,5268.83473038
2026-04-08 16:00:00,71292.13,71960.07,71005.66,71319.4,4188.44750965
2026-04-08 20:00:00,71314.85,71748.9,70904.73,71091.25,1522.25672334
2026-04-09 00:00:00,71078.05,71189.88,70461.96,70986.37,1162.14977482
2026-04-09 04:00:00,70990.39,71113.7,70695.59,70976.49,652.80760549
2026-04-09 08:00:00,70977.57,71569.73,70877.84,71145.27,1139.3232698
2026-04-09 12:00:00,71148.27,72350.4,70515.27,72131.1,4065.4131789
2026-04-09 16:00:00,72139.7,72555.1,71735.68,72107.47,4970.18248144
2026-04-09 20:00:00,72111.74,73139.33,71569.02,71795.63,3039.26556499
2026-04-10 00:00:00,71794.63,72390.1,71586.94,71868.9,1486.55956054
2026-04-10 04:00:00,71872.4,72269.16,71425.45,71481.72,919.80347408
2026-04-10 08:00:00,71482.48,72265.55,71427.14,72137.43,1231.80209334
2026-04-10 12:00:00,72136.52,73315.6,71904.0,72458.82,5105.43835286
2026-04-10 16:00:00,72466.85,73291.85,72407.02,73272.28,4258.43602207
2026-04-10 20:00:00,73265.53,73474.31,72776.35,72975.67,2138.7536225
2026-04-11 00:00:00,72974.92,73128.07,72690.04,72887.41,682.84061575
2026-04-11 04:00:00,72887.68,72977.43,72643.45,72764.33,664.39594871
2026-04-11 08:00:00,72767.89,72941.58,72655.29,72928.38,508.91258622
2026-04-11 12:00:00,72926.21,73003.87,72555.79,72886.4,1087.95973329
2026-04-11 16:00:00,72890.15,73813.74,72846.53,73702.41,1257.6154973
2026-04-11 20:00:00,73700.74,73715.57,72936.41,73064.9,1014.710592
2026-04-12 00:00:00,73058.9,73153.79,71320.64,71616.44,1865.27258954
2026-04-12 04:00:00,71614.69,71804.52,71442.2,71708.4,536.35995487
2026-04-12 08:00:00,71708.17,71806.27,71376.75,71484.38,469.55249979
2026-04-12 12:00:00,71484.04,71518.79,70619.37,70904.77,1705.59710846
2026-04-12 16:00:00,70905.19,71245.79,70837.88,71112.51,845.6377557
2026-04-12 20:00:00,71111.01,71466.57,70508.6,70740.61,2081.52159096
2026-04-13 00:00:00,70739.86,71266.08,70615.83,70986.16,1073.55798876
2026-04-13 04:00:00,70982.72,71138.66,70676.08,70824.83,840.99244819
2026-04-13 08:00:00,70825.35,70993.1,70572.83,70935.52,799.45379471
2026-04-13 12:00:00,70935.28,72502.78,70766.81,71893.8,8248.47962252
2026-04-13 16:00:00,71890.75,73515.32,71710.53,73362.75,7820.69291158
2026-04-13 20:00:00,73364.17,74928.52,73047.16,74427.93,6127.88562826
2026-04-14 00:00:00,74443.3,74595.08,74004.41,74465.62,2210.33258603
2026-04-14 04:00:00,74462.37,74949.3,74186.48,74568.45,1554.68579146
2026-04-14 08:00:00,74578.88,74936.43,74330.48,74401.07,1548.56067535
2026-04-14 12:00:00,74392.82,76096.62,74293.26,75351.88,12412.89202228
2026-04-14 16:00:00,75348.98,75732.05,73864.83,74274.23,9958.14337085
2026-04-14 20:00:00,74275.5,74472.42,73846.33,74164.36,2495.29327319
2026-04-15 00:00:00,74163.12,74803.53,74139.49,74360.06,1460.12614476
2026-04-15 04:00:00,74361.81,74457.99,73532.77,73759.29,1212.73798271
2026-04-15 08:00:00,73759.31,74269.21,73700.43,74214.68,1236.49782726
2026-04-15 12:00:00,74218.63,74526.17,73603.27,73851.09,2736.7961887
2026-04-15 16:00:00,73844.09,75297.69,73772.56,75020.49,3233.2070022
2026-04-15 20:00:00,75026.05,75439.15,74531.98,74819.35,2045.50136071
2026-04-16 00:00:00,74822.77,75276.69,74467.46,74897.17,1371.35157397
2026-04-16 04:00:00,74895.17,75179.69,74648.38,74714.56,995.74518843
2026-04-16 08:00:00,74712.81,74910.81,74281.88,74582.06,1416.52846192
2026-04-16 12:00:00,74583.83,75024.31,73304.4,74717.47,4389.72768721
2026-04-16 16:00:00,74718.48,75422.86,73917.44,75367.38,3206.85212733
2026-04-16 20:00:00,75370.73,75525.73,74815.5,75161.5,1494.9824078
2026-04-17 00:00:00,75159.75,75162.16,74555.75,74628.82,873.88947473
2026-04-17 04:00:00,74629.07,75103.53,74567.35,75074.01,821.07226446
2026-04-17 08:00:00,75077.53,76375.25,75006.53,75600.62,2736.27363213
2026-04-17 12:00:00,75605.42,78115.3,75548.0,77823.87,11352.40189192
2026-04-17 16:00:00,77823.94,78360.35,77037.83,77437.54,4849.99481346
2026-04-17 20:00:00,77445.3,77650.99,76914.88,77097.6,1837.71412954
2026-04-18 00:00:00,77100.35,77435.06,76993.33,77024.79,911.4084751
2026-04-18 04:00:00,77021.29,77285.94,76914.52,77008.68,658.0606173
2026-04-18 08:00:00,77006.71,77054.87,75789.46,76061.49,1496.44414949
2026-04-18 12:00:00,76067.24,76392.49,75817.07,76184.36,1083.79699014
2026-04-18 16:00:00,76184.61,76237.65,75461.7,75677.43,1410.61959656
2026-04-18 20:00:00,75676.45,75913.51,75623.98,75722.16,853.28724431
2026-04-19 00:00:00,75720.2,75867.38,75389.68,75538.8,781.54672027
2026-04-19 04:00:00,75542.82,75801.46,74916.72,75283.88,995.5797174
2026-04-19 08:00:00,75282.4,75652.61,74958.61,75621.76,790.34296118
2026-04-19 12:00:00,75630.76,76260.86,75433.87,75869.58,1622.02908376
2026-04-19 16:00:00,75869.33,75885.0,74625.19,74990.31,1784.56517851
2026-04-19 20:00:00,74984.88,74985.93,73790.39,73818.44,2362.02110583
2026-04-20 00:00:00,73824.47,74764.47,73711.71,74660.25,1418.56686183
2026-04-20 04:00:00,74659.5,75589.7,74128.78,74846.02,1423.54661215
2026-04-20 08:00:00,74852.43,75423.79,74643.86,75218.49,1641.63493348
2026-04-20 12:00:00,75215.57,75805.37,74737.8,75745.1,3298.19220333
2026-04-20 16:00:00,75751.09,76507.76,75318.75,76326.45,3585.62278562
2026-04-20 20:00:00,76326.75,76601.5,75642.03,75856.29,1649.91623049
2026-04-21 00:00:00,75856.04,76271.0,75510.23,75737.67,1034.67558615
2026-04-21 04:00:00,75739.92,76323.89,75631.5,76119.4,963.72679188
2026-04-21 08:00:00,76117.15,77004.49,76095.53,76474.21,1931.69368161
2026-04-21 12:00:00,76478.35,76615.69,75437.48,75840.71,3253.99774234
2026-04-21 16:00:00,75844.42,76194.42,74824.41,75023.54,2829.31293288
2026-04-21 20:00:00,75025.42,76436.38,74989.11,76343.62,1770.80172461
2026-04-22 00:00:00,76345.26,77735.97,76148.1,77545.54,2417.85287023
2026-04-22 04:00:00,77544.29,78441.9,77371.13,78013.58,2621.82159805
2026-04-22 08:00:00,78018.58,78412.44,77953.55,78311.57,1568.77575506
2026-04-22 12:00:00,78313.32,79440.75,78133.65,79315.08,5455.948003
2026-04-22 16:00:00,79319.33,79498.43,78658.43,78875.35,3333.37584995
2026-04-22 20:00:00,78872.93,78939.66,78181.75,78204.38,1659.28000435
2026-04-23 00:00:00,78203.63,78596.19,77504.55,77761.02,1739.28376458
2026-04-23 04:00:00,77753.1,78362.68,77698.61,78061.84,1159.44043248
2026-04-23 08:00:00,78072.46,78193.3,77204.2,77740.62,1476.22048901
2026-04-23 12:00:00,77731.25,78707.33,77421.56,78414.43,3530.35235159
2026-04-23 16:00:00,78413.66,78549.7,76993.32,77749.07,3661.35574775
2026-04-23 20:00:00,77751.55,78363.7,77674.76,78284.48,1172.40629387
2026-04-24 00:00:00,78286.36,78591.52,77596.13,77765.75,1362.04920318
2026-04-24 04:00:00,77759.5,78080.47,77484.85,77673.32,917.3583836
2026-04-24 08:00:00,77679.06,78402.02,77442.75,78261.56,1616.98452805
2026-04-24 12:00:00,78264.31,78491.15,77603.91,78071.97,4087.67728946
2026-04-24 16:00:00,78070.01,78087.31,77382.11,77648.16,1968.13206957
2026-04-24 20:00:00,77648.48,77786.1,77285.15,77458.7,1255.14445197
2026-04-25 00:00:00,77453.7,77733.33,77330.35,77686.43,501.9644899
2026-04-25 04:00:00,77692.68,77716.67,77469.26,77523.34,485.99656114
2026-04-25 08:00:00,77515.6,77895.16,77505.96,77697.19,616.16920836
2026-04-25 12:00:00,77697.53,77767.5,77337.72,77351.77,739.60328565
2026-04-25 16:00:00,77352.79,77472.69,77160.13,77337.27,1083.14746126
2026-04-25 20:00:00,77337.02,77658.23,77323.34,77638.05,609.202472
2026-04-26 00:00:00,77638.05,77653.36,77343.3,77408.33,439.39857639
2026-04-26 04:00:00,77404.08,78208.26,77392.42,78116.1,952.75891651
2026-04-26 08:00:00,78116.86,78222.52,77939.35,78110.98,578.04547546
2026-04-26 12:00:00,78110.48,78183.06,77769.39,78067.93,813.82157587
2026-04-26 16:00:00,78068.68,78524.46,77866.23,78258.1,1689.09937201
2026-04-26 20:00:00,78261.1,78960.2,77876.62,78670.41,1908.27174762
2026-04-27 00:00:00,78672.16,79498.8,78422.46,79123.01,2394.0574861
2026-04-27 04:00:00,79122.01,79172.51,77496.77,77630.9,2274.41044935
2026-04-27 08:00:00,77627.42,77981.96,77573.41,77850.42,994.77596484
2026-04-27 12:00:00,77852.17,78277.02,76571.83,76792.25,4012.08842809
2026-04-27 16:00:00,76791.5,76926.8,76470.98,76877.68,2941.6967873
2026-04-27 20:00:00,76885.0,77451.7,76765.13,77379.78,1165.94695534
2026-04-28 00:00:00,77381.3,77482.97,76675.64,76821.16,1486.89128299
2026-04-28 04:00:00,76818.16,77155.37,76430.1,76876.96,1140.46922038
2026-04-28 08:00:00,76877.71,76999.97,76132.02,76219.65,1490.48699513
2026-04-28 12:00:00,76224.16,76419.21,75661.13,76060.1,2680.6978775
2026-04-28 16:00:00,76057.1,76395.22,75884.92,76331.91,2065.49654705
2026-04-28 20:00:00,76331.82,76495.73,76201.15,76342.22,1306.56674139
2026-04-29 00:00:00,76341.72,77121.26,76187.62,76996.42,1486.549812
2026-04-29 04:00:00,77001.42,77448.22,76885.14,77050.11,1323.6615908
2026-04-29 08:00:00,77048.14,77902.46,76966.9,77594.48,1810.57856323
2026-04-29 12:00:00,77592.73,77602.96,75696.55,75896.87,3548.82571058
2026-04-29 16:00:00,75890.38,76232.46,74931.0,75538.13,4224.06001156
2026-04-29 20:00:00,75545.52,76067.33,75478.52,75757.55,1514.08126373
2026-04-30 00:00:00,75759.39,76443.91,75481.87,75922.16,1470.6336179
2026-04-30 04:00:00,75918.19,76145.6,75297.75,76131.01,1216.58165349
2026-04-30 08:00:00,76139.03,76324.0,75861.87,76044.58,1036.6994255
2026-04-30 12:00:00,76039.85,76652.51,76018.27,76450.07,2236.21243893
2026-04-30 16:00:00,76449.55,76495.54,76089.1,76394.52,1700.7343058
2026-04-30 20:00:00,76386.82,76542.69,76175.33,76318.7,1249.62419084
2026-05-01 00:00:00,76315.67,77423.15,76292.8,77099.64,1582.03042707
2026-05-01 04:00:00,77100.63,77177.24,76855.49,77112.63,936.73980037
2026-05-01 08:00:00,77111.66,77591.0,77031.84,77452.3,1035.40770696
2026-05-01 12:00:00,77450.81,78931.54,77395.28,78446.4,5167.06019926
2026-05-01 16:00:00,78443.93,78684.78,78119.63,78363.74,2321.83053757
2026-05-01 20:00:00,78369.18,78426.98,77744.1,78227.09,1644.00079431
2026-05-02 00:00:00,78226.09,78512.44,78162.83,78406.61,681.35740598
2026-05-02 04:00:00,78410.11,78437.87,78022.32,78206.05,531.97777991
2026-05-02 08:00:00,78205.08,78385.82,78089.37,78131.98,505.2683863
2026-05-02 12:00:00,78132.74,78479.37,78100.02,78477.53,575.85462942
2026-05-02 16:00:00,78477.86,78579.22,78303.05,78471.72,649.16678517
2026-05-02 20:00:00,78476.58,79161.75,78410.97,78665.33,1211.25269957
2026-05-03 00:00:00,78674.08,78750.94,78097.36,78185.26,761.30877025
2026-05-03 04:00:00,78182.25,78444.24,78070.93,78350.43,380.97280822
2026-05-03 08:00:00,78349.18,78835.88,78339.89,78646.32,511.77348771
2026-05-03 12:00:00,78650.08,78876.58,78573.66,78646.31,895.72279193
2026-05-03 16:00:00,78648.61,78864.73,78554.17,78748.69,557.24169667
2026-05-03 20:00:00,78748.94,79421.4,78482.16,78559.32,1735.82816013
2026-05-04 00:00:00,78554.82,80436.88,78249.6,80300.69,3768.73006565
2026-05-04 04:00:00,80302.94,80605.55,79475.37,79682.18,1767.91631847
2026-05-04 08:00:00,79679.19,79904.45,78196.55,78778.91,2718.65852775
2026-05-04 12:00:00,78778.91,80539.48,78485.75,80016.08,5215.9723201
2026-05-04 16:00:00,80023.08,80761.18,79611.94,80039.65,3131.51124993
2026-05-04 20:00:00,80039.1,80387.71,79734.66,79840.77,1437.91537356
2026-05-05 00:00:00,79840.29,81085.02,79792.88,80870.05,1640.62953131
2026-05-05 04:00:00,80867.3,81310.47,80706.76,80842.98,1833.63639777
2026-05-05 08:00:00,80837.04,81092.93,80505.08,81001.92,1368.93637433
2026-05-05 12:00:00,81004.89,81723.8,80919.57,81526.14,3833.67172765
2026-05-05 16:00:00,81531.44,81671.02,81041.56,81594.74,2489.64921359
2026-05-05 20:00:00,81594.23,81771.1,80772.88,80891.13,2298.09037676
2026-05-06 00:00:00,80889.96,81743.2,80704.69,81561.22,1431.42802769
2026-05-06 04:00:00,81562.97,81625.06,81033.52,81348.77,836.96279004
2026-05-06 08:00:00,81346.58,82814.03,81315.7,82500.71,3587.14948167
2026-05-06 12:00:00,82498.49,82520.0,81116.55,81686.04,3233.59680863
2026-05-06 16:00:00,81685.55,81873.28,81180.6,81452.22,2043.24553939
2026-05-06 20:00:00,81449.72,81690.33,80987.25,81425.27,1362.82700045
2026-05-07 00:00:00,81420.53,81466.3,80813.48,80824.8,1269.41738841
2026-05-07 04:00:00,80825.55,81693.04,80717.69,81506.63,863.56407298
2026-05-07 08:00:00,81509.88,81575.95,80564.65,80851.31,1028.58675124
2026-05-07 12:00:00,80846.06,81178.11,79668.87,79871.37,3992.30246596
2026-05-07 16:00:00,79871.38,80269.08,79476.5,80111.31,2197.57172436
2026-05-07 20:00:00,80128.3,80360.65,79543.02,80002.22,1242.63217852
2026-05-08 00:00:00,80007.22,80122.89,79267.62,79564.7,977.96899338
2026-05-08 04:00:00,79579.35,79738.48,79321.04,79664.92,894.63273283
2026-05-08 08:00:00,79659.75,80315.5,79647.92,80221.5,1275.17165962
2026-05-08 12:00:00,80223.16,80486.3,79522.94,80123.63,1587.62546981
2026-05-08 16:00:00,80123.77,80282.55,79713.28,80148.9,1499.94765526
2026-05-08 20:00:00,80154.4,80405.75,80072.78,80188.68,1066.45831648
2026-05-09 00:00:00,80192.18,80540.94,80121.63,80382.17,521.50573311
2026-05-09 04:00:00,80386.2,80658.49,80125.73,80218.64,481.17450054
2026-05-09 08:00:00,80217.89,80427.18,80166.38,80323.3,781.08121142
2026-05-09 12:00:00,80323.05,80583.33,80218.88,80511.94,618.08930409
2026-05-09 16:00:00,80511.64,81053.63,80473.35,80928.33,861.34062767
2026-05-09 20:00:00,80927.75,80928.01,80604.08,80656.27,429.40732531
2026-05-10 00:00:00,80656.02,80858.21,80552.98,80750.08,458.96359477
2026-05-10 04:00:00,80752.08,80818.02,80623.35,80719.21,280.40361815
2026-05-10 08:00:00,80716.46,80948.06,80669.73,80798.0,654.2926174
2026-05-10 12:00:00,80794.55,81422.44,80764.08,81397.28,1194.50233062
2026-05-10 16:00:00,81402.28,81552.27,81123.9,81406.33,1611.56233683
2026-05-10 20:00:00,81410.11,82444.4,80270.22,82179.7,2912.73860114
2026-05-11 00:00:00,82180.97,82353.27,80498.65,80707.18,1794.13280662
2026-05-11 04:00:00,80706.93,81019.85,80614.11,80715.0,768.44116848
2026-05-11 08:00:00,80715.52,81177.47,80591.59,81170.21,955.20199615
2026-05-11 12:00:00,81171.25,81423.58,80417.05,81409.08,2218.04899893
2026-05-11 16:00:00,81413.61,82115.39,81318.01,81941.38,4035.98774755
2026-05-11 20:00:00,81945.72,82064.9,81576.87,81719.64,1262.19681751
2026-05-12 00:00:00,81720.42,81759.1,80700.9,81026.82,1061.68778579
2026-05-12 04:00:00,81030.32,81278.83,80790.27,80842.99,828.87404157
2026-05-12 08:00:00,80845.28,80943.05,80471.94,80757.16,1153.89428683
2026-05-12 12:00:00,80754.18,80977.67,80149.38,80311.5,2749.52507242
2026-05-12 16:00:00,80309.48,80846.38,79819.98,80812.63,2106.27745176
2026-05-12 20:00:00,80811.91,80867.77,80414.45,80481.26,904.56021417
2026-05-13 00:00:00,80483.03,81267.33,80389.24,81223.07,843.79327255
2026-05-13 04:00:00,81229.57,81251.87,80861.3,80995.93,445.17218069
2026-05-13 08:00:00,80996.38,81285.98,80470.17,80473.24,847.1733417
2026-05-13 12:00:00,80468.49,80561.6,78759.59,78787.04,3809.15467421
2026-05-13 16:00:00,78788.01,79775.74,78709.97,79611.08,4866.84594927
2026-05-13 20:00:00,79610.16,79729.48,79189.43,79288.09,1018.95508196
2026-05-14 00:00:00,79289.34,79656.68,78886.76,79010.52,1116.67286532
2026-05-14 04:00:00,79011.1,79953.95,78945.93,79718.38,947.95352469
2026-05-14 08:00:00,79716.91,79899.58,79193.9,79222.58,732.88771069
2026-05-14 12:00:00,79215.48,81323.3,79197.64,81294.98,5730.17551365
2026-05-14 16:00:00,81332.5,82033.66,81080.55,81426.04,9255.24280714
2026-05-14 20:00:00,81427.5,81606.95,81032.52,81070.87,1741.46444058
2026-05-15 00:00:00,81070.54,81641.38,80727.55,81054.02,1107.28973006
2026-05-15 04:00:00,81048.79,81078.75,80289.77,80805.82,1045.13142993
2026-05-15 08:00:00,80806.07,80812.11,80352.74,80607.06,706.09196785
2026-05-15 12:00:00,80607.49,80623.8,78598.25,79122.0,4596.92559471
2026-05-15 16:00:00,79121.62,79523.46,79016.38,79096.74,1961.71545205
2026-05-15 20:00:00,79095.36,79178.07,78857.72,79061.25,922.17201909
2026-05-16 00:00:00,79063.27,79181.51,78965.13,79032.3,906.67748824
2026-05-16 04:00:00,79032.0,79086.17,78020.43,78338.95,1196.97961792
2026-05-16 08:00:00,78337.98,78488.19,77611.34,78047.47,1125.09624082
2026-05-16 12:00:00,78046.0,78305.27,77807.0,78198.31,913.9242007
2026-05-16 16:00:00,78198.55,78324.65,78093.58,78230.88,659.12056726
2026-05-16 20:00:00,78231.13,78282.83,78094.07,78112.81,448.57084911
2026-05-17 00:00:00,78116.84,78203.12,77696.49,77990.88,652.66124922
2026-05-17 04:00:00,77987.66,78289.73,77974.42,78150.6,345.51289402
2026-05-17 08:00:00,78153.8,78586.52,78000.22,78388.48,512.28016372
2026-05-17 12:00:00,78388.98,78516.42,77820.81,78018.2,530.73879876
2026-05-17 16:00:00,78018.23,78430.7,77818.55,78382.43,645.45278504
2026-05-17 20:00:00,78376.66,78444.25,76673.71,77414.15,1898.98755338
2026-05-18 00:00:00,77410.67,77435.68,76656.41,76881.12,1487.19360663
2026-05-18 04:00:00,76881.39,77043.74,76537.69,77034.24,853.4566785
2026-05-18 08:00:00,77034.75,77363.53,76630.41,77255.43,1291.97309482
2026-05-18 12:00:00,77250.68,77760.7,76010.95,76356.63,5493.02477814
2026-05-18 16:00:00,76353.23,76952.35,76102.1,76862.96,2882.04677491
2026-05-18 20:00:00,76872.16,77201.65,76752.11,76966.12,1220.18369349
2026-05-19 00:00:00,76967.59,77370.82,76427.67,76740.2,2182.27225207
2026-05-19 04:00:00,76740.95,77243.15,76603.98,77191.11,703.18138567
2026-05-19 08:00:00,77192.11,77261.52,76581.14,76663.48,764.06469897
2026-05-19 12:00:00,76660.75,77004.84,76092.18,76460.68,2670.99878568
2026-05-19 16:00:00,76468.57,77020.52,76349.18,76770.08,1649.22665859
2026-05-19 20:00:00,76777.97,77002.93,76605.5,76788.44,855.61155061
2026-05-20 00:00:00,76786.94,76868.89,76471.03,76672.85,1207.60879581
2026-05-20 04:00:00,76674.61,77414.63,76634.08,77225.72,1444.72391432
2026-05-20 08:00:00,77222.12,77604.79,77151.93,77332.72,1086.34135485
2026-05-20 12:00:00,77331.56,77797.91,76835.23,77409.99,2958.29628599
2026-05-20 16:00:00,77406.58,77672.65,76965.99,77630.2,2033.01882995
2026-05-20 20:00:00,77632.2,77722.87,77178.85,77513.97,1201.20269577
2026-05-21 00:00:00,77510.08,78127.0,77478.41,78034.51,1246.2329815
2026-05-21 04:00:00,78041.49,78129.29,77468.38,77834.29,1468.86766157
2026-05-21 08:00:00,77839.32,78144.04,77088.33,77145.54,1149.99738836
2026-05-21 12:00:00,77146.83,77343.02,76665.62,77200.2,2011.45969234
2026-05-21 16:00:00,77201.7,78042.96,76949.43,77631.56,2771.21421178
2026-05-21 20:00:00,77637.75,77761.02,77478.77,77542.83,719.35895405
2026-05-22 00:00:00,77560.48,77758.05,77271.09,77721.64,862.73659133
2026-05-22 04:00:00,77722.09,77844.23,77217.32,77346.19,797.77281089
2026-05-22 08:00:00,77346.06,77478.57,77111.33,77363.2,984.22078358
2026-05-22 12:00:00,77364.27,77517.55,76504.98,76727.64,1997.28538919
2026-05-22 16:00:00,76724.16,77028.59,75588.95,75793.81,2486.68936121
2026-05-22 20:00:00,75798.06,76027.75,75300.68,75474.36,1676.10989204
2026-05-23 00:00:00,75475.15,75606.93,75149.1,75575.1,1066.40590013
2026-05-23 04:00:00,75578.6,75597.03,74156.43,74542.63,1586.5608445
2026-05-23 08:00:00,74546.63,74809.41,74284.2,74751.05,1083.22709682
2026-05-23 12:00:00,74746.55,75646.08,74606.1,75462.88,1817.93753983
2026-05-23 16:00:00,75466.46,75949.12,75318.32,75928.17,1618.18518254
2026-05-23 20:00:00,75929.85,77340.93,75899.87,76693.27,2841.67764202
2026-05-24 00:00:00,76697.94,76951.45,76581.88,76680.15,824.76009656
2026-05-24 04:00:00,76682.26,76993.73,76589.18,76743.36,820.84645718
2026-05-24 08:00:00,76744.35,77466.13,76669.68,77254.8,1059.35196803
2026-05-24 12:00:00,77254.57,77265.46,76144.14,76324.38,1240.07555169
2026-05-24 16:00:00,76324.39,76736.34,76320.86,76721.59,758.03041553
2026-05-24 20:00:00,76721.22,77168.17,76054.58,77019.19,1741.150874
2026-05-25 00:00:00,77022.64,77436.34,76859.21,76983.08,1110.31746801
2026-05-25 04:00:00,76982.16,77601.36,76948.37,77349.85,875.62774505
2026-05-25 08:00:00,77355.2,77667.27,77229.73,77324.43,800.47129205
2026-05-25 12:00:00,77324.46,77858.82,77238.38,77586.89,1231.19197795
2026-05-25 16:00:00,77586.89,77769.97,77314.09,77408.91,918.7209806
2026-05-25 20:00:00,77407.94,77466.5,76994.93,77287.72,958.17200623
2026-05-26 00:00:00,77293.49,77312.68,76423.5,76611.91,1275.63254342
2026-05-26 04:00:00,76616.82,77004.09,76550.49,76675.75,834.37374594
2026-05-26 08:00:00,76673.23,77573.8,76524.78,77134.27,1518.21621243
2026-05-26 12:00:00,77134.02,78032.13,76197.15,76448.32,4874.8740316
2026-05-26 16:00:00,76445.42,76642.52,75678.48,75958.91,4014.10106561
2026-05-26 20:00:00,75963.4,76100.12,75586.43,75858.01,1448.8075365
2026-05-27 00:00:00,75858.69,76028.02,75509.04,75580.28,1248.21117574
2026-05-27 04:00:00,75580.28,75891.43,75218.66,75885.72,865.77154521
2026-05-27 08:00:00,75880.62,75984.23,75628.16,75681.29,783.21130358
2026-05-27 12:00:00,75681.57,76072.59,74664.09,75229.64,3189.87771966
2026-05-27 16:00:00,75228.9,75301.22,74541.02,74955.06,2218.16445428
2026-05-27 20:00:00,74958.04,75320.05,74148.53,74368.39,2118.34399438
2026-05-28 00:00:00,74355.3,74491.8,72978.5,73158.63,2608.73470611
2026-05-28 04:00:00,73158.06,73396.73,72646.47,73379.98,2386.18735591
2026-05-28 08:00:00,73384.78,73514.6,73096.55,73403.02,1123.82493432
2026-05-28 12:00:00,73404.16,73474.8,72479.78,72822.93,4688.32345501
2026-05-28 16:00:00,72818.77,73662.79,72635.57,73330.02,2905.63535174
2026-05-28 20:00:00,73333.5,73863.25,73156.48,73537.86,1363.80736439
2026-05-29 00:00:00,73539.37,73788.6,73100.66,73219.49,1062.34648962
2026-05-29 04:00:00,73219.27,73852.96,73123.61,73441.59,1339.81465001
2026-05-29 08:00:00,73449.83,73820.17,73259.02,73397.38,1412.71922695
2026-05-29 12:00:00,73395.2,74114.23,72402.13,73719.73,4232.88730031
2026-05-29 16:00:00,73728.08,74251.61,73107.01,73434.55,3838.64182312
2026-05-29 20:00:00,73432.5,73765.69,73248.69,73396.19,1382.49747596
2026-05-30 00:00:00,73399.69,73725.95,73339.92,73451.22,1184.28660823
2026-05-30 04:00:00,73452.06,73639.73,73140.8,73481.27,961.8816779
2026-05-30 08:00:00,73480.3,73614.22,73428.11,73533.77,856.39565867
2026-05-30 12:00:00,73533.0,74019.22,73517.8,73850.18,1103.77818818
2026-05-30 16:00:00,73851.12,74059.55,73736.35,73938.02,898.2282518
2026-05-30 20:00:00,73939.52,73984.9,73712.77,73802.13,837.00080229
2026-05-31 00:00:00,73813.12,74198.89,73783.62,74080.17,822.96082964
2026-05-31 04:00:00,74076.42,74153.87,73766.04,73796.44,482.47132497
2026-05-31 08:00:00,73800.27,73953.65,73652.63,73871.64,621.63905448
2026-05-31 12:00:00,73875.48,73947.75,73416.51,73579.33,954.75750881
2026-05-31 16:00:00,73577.32,73670.91,73319.47,73489.41,1008.32096791
2026-05-31 20:00:00,73490.59,74123.93,73426.41,73611.04,1324.76526859
2026-06-01 00:00:00,73610.77,74013.25,73164.92,73698.83,1216.00953395
2026-06-01 04:00:00,73697.55,73774.54,72634.5,72739.33,1068.38140267
2026-06-01 08:00:00,72741.09,73037.55,72219.22,72408.83,1699.55735708
2026-06-01 12:00:00,72416.34,72547.16,70976.05,71030.46,7032.63140887
2026-06-01 16:00:00,71029.95,71718.58,70596.41,71517.37,3932.093532
2026-06-01 20:00:00,71516.02,71626.76,70762.7,71336.2,2181.51953893
2026-06-02 00:00:00,71333.6,71336.7,70030.77,70869.92,2110.59527624
2026-06-02 04:00:00,70871.78,70961.65,69659.12,70043.59,2744.10045733
2026-06-02 08:00:00,70041.05,70097.57,69246.83,69380.49,2484.35294318
2026-06-02 12:00:00,69380.04,69465.67,66988.16,67212.77,9143.66146796
2026-06-02 16:00:00,67214.77,68046.0,66343.26,67235.12,6127.39176146
2026-06-02 20:00:00,67239.8,67830.41,66114.95,66673.66,4756.70054981
2026-06-03 00:00:00,66681.04,67109.58,65370.88,65772.41,4227.73261724
2026-06-03 04:00:00,65769.69,67428.37,65749.37,67145.5,3118.24647618
2026-06-03 08:00:00,67137.41,67388.35,66567.08,66985.25,2151.48401346
2026-06-03 12:00:00,66988.75,67159.71,65987.33,65989.81,5426.68993437
2026-06-03 16:00:00,65994.59,66274.34,65164.89,65372.45,5021.22317489
2026-06-03 20:00:00,65360.26,65769.89,63996.3,64050.61,5787.9019821
2026-06-04 00:00:00,64043.43,64451.08,61296.59,64284.69,10246.03855817
2026-06-04 04:00:00,64286.19,64687.84,63428.42,63525.45,4528.61905783
2026-06-04 08:00:00,63535.42,63826.27,62120.24,62478.41,6337.83402221
2026-06-04 12:00:00,62478.97,64437.66,62312.75,63825.64,8268.06694777
2026-06-04 16:00:00,63824.67,64084.0,62883.34,63554.91,7698.41726218
2026-06-04 20:00:00,63548.6,63857.34,63056.61,63818.46,5258.38818701
2026-06-05 00:00:00,63814.78,63919.18,62280.85,62664.38,3488.63444718
2026-06-05 04:00:00,62675.3,63628.06,61087.74,63046.62,6994.73631279
2026-06-05 08:00:00,63049.58,63199.17,61915.45,61915.57,3765.98664863
2026-06-05 12:00:00,61911.85,62403.17,60044.57,60425.27,11720.79979753
2026-06-05 16:00:00,60415.63,61538.66,59110.9,60305.43,13002.91531131
2026-06-05 20:00:00,60296.88,61993.41,59937.47,61061.76,7722.24086161
2026-06-06 00:00:00,61063.98,61527.24,60523.66,60688.37,2185.50883768
2026-06-06 04:00:00,60688.89,61256.67,59498.77,60997.27,4038.09306065
2026-06-06 08:00:00,60993.3,61493.14,60208.96,60794.6,2140.05079986
2026-06-06 12:00:00,60795.89,61172.54,60390.44,60769.11,2115.75641246
2026-06-06 16:00:00,60767.86,60956.49,60391.59,60594.33,2032.37127839
2026-06-06 20:00:00,60592.54,60996.6,60399.75,60882.71,1653.8350965
2026-06-07 00:00:00,60877.08,61771.88,60738.1,61702.13,2141.65529268
2026-06-07 04:00:00,61698.88,62416.75,61482.77,62400.07,2146.57819738
2026-06-07 08:00:00,62401.02,62956.83,62261.41,62626.43,2130.79651541
2026-06-07 12:00:00,62631.98,62645.02,61580.66,62090.54,2633.94295614
2026-06-07 16:00:00,62095.71,62324.62,61169.31,61322.38,2510.01193687
2026-06-07 20:00:00,61322.93,64387.53,61209.71,63334.01,4468.98902802
2026-06-08 00:00:00,63332.3,63860.87,62711.63,63115.55,2739.69007496
2026-06-08 04:00:00,63119.32,63333.98,62400.91,63257.35,1934.86781693
2026-06-08 08:00:00,63266.27,63850.63,62972.4,63462.57,2574.48418236
2026-06-08 12:00:00,63465.76,64218.53,62686.94,63767.61,5671.13622198
2026-06-08 16:00:00,63772.4,64038.52,63272.75,63374.73,2909.90823121
2026-06-08 20:00:00,63378.92,63855.0,62984.3,63086.54,2255.00003786
2026-06-09 00:00:00,63086.49,63180.83,62413.68,62871.8,1936.84580827
2026-06-09 04:00:00,62869.24,63507.95,62746.05,63187.47,1398.77949321
2026-06-09 08:00:00,63191.42,63200.79,62485.35,62696.77,1985.41273332
2026-06-09 12:00:00,62691.98,62885.25,61012.16,61103.92,6257.72235034
2026-06-09 16:00:00,61105.07,62081.22,60748.85,62072.88,4962.12636343
2026-06-09 20:00:00,62075.46,62248.84,61532.95,61707.91,2796.36524294
2026-06-10 00:00:00,61708.34,61952.6,61214.13,61521.0,1568.33434254
2026-06-10 04:00:00,61521.49,61768.82,61049.44,61654.72,1253.91103843
2026-06-10 08:00:00,61662.29,61705.23,60732.43,61005.17,2139.23798799
2026-06-10 12:00:00,61010.19,62824.14,60928.59,62606.98,4762.71981854
2026-06-10 16:00:00,62607.98,62618.53,61557.97,61913.06,3420.97948463
2026-06-10 20:00:00,61905.21,61911.95,61063.96,61479.84,2224.76060026
2026-06-11 00:00:00,61482.14,62795.05,61480.37,62638.51,1980.84483869
2026-06-11 04:00:00,62636.09,62948.18,62496.62,62673.19,1123.50255774
2026-06-11 08:00:00,62671.84,63224.35,62670.42,63070.4,1669.46202838
2026-06-11 12:00:00,63071.15,63212.06,62460.98,62700.06,3965.83986568
2026-06-11 16:00:00,62704.06,63879.18,62293.75,63567.34,4099.89218364
2026-06-11 20:00:00,63567.09,63655.83,63263.18,63574.23,1894.37802839
2026-06-12 00:00:00,63575.34,63740.16,63244.7,63450.38,1168.47962913
2026-06-12 04:00:00,63453.38,63796.14,62771.56,63027.17,1233.76669275
2026-06-12 08:00:00,63031.2,63904.11,63028.19,63706.44,1556.76535369
2026-06-12 12:00:00,63704.69,64349.49,62994.13,63565.99,4157.44819436
2026-06-12 16:00:00,63561.22,64084.68,63480.93,63565.13,2621.36921757
2026-06-12 20:00:00,63566.48,63674.53,63359.25,63527.67,2255.18803872
2026-06-13 00:00:00,63541.95,63806.6,63407.37,63480.07,948.60592815
2026-06-13 04:00:00,63480.65,63837.58,63451.18,63796.68,758.83351285
2026-06-13 08:00:00,63802.86,63924.07,63688.08,63921.07,691.8550935
2026-06-13 12:00:00,63919.07,64300.72,63873.83,64254.65,1172.76887444
2026-06-13 16:00:00,64258.38,64288.46,63874.65,64199.07,1826.12990841
2026-06-13 20:00:00,64202.37,64729.54,64134.69,64408.75,1600.94333303
2026-06-14 00:00:00,64307.57,64664.47,64253.82,64492.1,835.01763238
2026-06-14 04:00:00,64491.1,64513.39,64180.2,64380.65,725.56333287
2026-06-14 08:00:00,64380.4,64609.69,64273.65,64500.59,623.41949349
2026-06-14 12:00:00,64501.68,64515.13,63821.81,63978.26,1181.35741994
2026-06-14 16:00:00,63978.39,64159.42,63629.21,63753.55,835.6061022
2026-06-14 20:00:00,63754.36,65748.29,63738.45,65697.3,3681.34106305
2026-06-15 00:00:00,65696.88,65949.97,65303.85,65882.01,1888.76608306
2026-06-15 04:00:00,65881.61,65966.82,65570.88,65622.93,1021.65952335
2026-06-15 08:00:00,65624.65,66336.2,65459.56,66190.28,2042.1055251
2026-06-15 12:00:00,66189.19,67253.64,66062.45,67249.6,4217.61222357
2026-06-15 16:00:00,67249.57,67254.67,66326.64,66574.8,3122.66700558
2026-06-15 20:00:00,66581.85,66653.64,66057.52,66279.79,1349.84526488
2026-06-16 00:00:00,66279.29,66420.42,65605.24,66110.16,1365.51260271
2026-06-16 04:00:00,66111.29,66526.23,65759.12,66340.96,1082.88617087
2026-06-16 08:00:00,66339.93,66946.23,66311.4,66438.35,1246.62633284
2026-06-16 12:00:00,66442.5,66767.28,65295.21,65808.28,3386.62285626
2026-06-16 16:00:00,65809.75,66288.17,65494.09,65612.57,2704.39782968
2026-06-16 20:00:00,65610.6,65872.67,65521.13,65609.5,1155.99041104
2026-06-17 00:00:00,65609.52,66070.07,65419.34,65781.84,1014.74946293
2026-06-17 04:00:00,65787.63,65976.43,65161.17,65460.41,1000.14975164
2026-06-17 08:00:00,65461.65,65496.15,64488.37,64732.84,1663.80692698
2026-06-17 12:00:00,64733.22,65772.57,64516.54,65670.33,2350.46895423
2026-06-17 16:00:00,65672.57,66356.17,63966.77,64225.56,5354.91475379
2026-06-17 20:00:00,64225.88,64454.88,63841.71,64437.78,1749.37500195
2026-06-18 00:00:00,64429.79,64734.41,64183.58,64201.38,1020.32654836
2026-06-18 04:00:00,64200.66,64442.7,63616.26,64437.76,1565.12047575
2026-06-18 08:00:00,64437.27,64576.81,63817.06,63908.62,1151.82727263
2026-06-18 12:00:00,63908.62,64376.45,62225.83,62293.6,4106.45174559
2026-06-18 16:00:00,62288.27,62934.1,62176.44,62870.61,3356.24364269
2026-06-18 20:00:00,62878.01,63198.76,62678.64,62884.13,1595.50412599
2026-06-19 00:00:00,62885.16,63051.24,62321.5,62707.02,1589.51180608
2026-06-19 04:00:00,62705.02,62858.25,62352.3,62563.67,948.23989472
2026-06-19 08:00:00,62565.23,62714.1,62254.21,62572.88,1019.27526257
2026-06-19 12:00:00,62575.88,63366.27,62280.25,63155.65,1841.01212637
2026-06-19 16:00:00,63157.14,63334.46,62817.7,62976.84,1184.74928306
2026-06-19 20:00:00,62977.32,63604.34,62909.0,63496.23,917.38123293
2026-06-20 00:00:00,63486.18,63725.62,63270.85,63422.13,1035.30609419
2026-06-20 04:00:00,63422.78,63850.49,63351.78,63606.11,782.33540465
2026-06-20 08:00:00,63606.45,63744.72,63342.59,63633.44,709.35927282
2026-06-20 12:00:00,63634.47,64336.21,63145.72,64098.83,1722.21026733
2026-06-20 16:00:00,64101.31,64120.02,63688.98,63883.25,962.52838818
2026-06-20 20:00:00,63883.95,64292.28,63800.48,64251.45,814.09684713
2026-06-21 00:00:00,64252.27,64408.89,64143.06,64362.05,976.49509117
2026-06-21 04:00:00,64364.18,64525.75,64108.15,64129.3,415.13098856
2026-06-21 08:00:00,64130.12,64407.27,63828.5,64101.9,790.95629824
2026-06-21 12:00:00,64106.94,64286.03,63895.38,64160.89,744.41641922
2026-06-21 16:00:00,64158.87,64233.04,63886.36,64142.5,1016.63458644
2026-06-21 20:00:00,64143.63,64203.56,63207.86,63249.45,2323.14091924
2026-06-22 00:00:00,63250.2,64751.55,63250.2,63903.94,2138.44153481
2026-06-22 04:00:00,63905.33,64324.46,63800.24,64142.85,836.71196314
2026-06-22 08:00:00,64145.6,64712.17,63983.75,64600.95,1087.04397761
2026-06-22 12:00:00,64600.72,65564.66,64524.06,64772.4,4090.18002356
2026-06-22 16:00:00,64784.96,64804.09,64220.62,64425.86,2623.73731952
2026-06-22 20:00:00,64427.75,64615.2,63751.6,63968.54,1592.24035325
2026-06-23 00:00:00,63968.04,64217.2,63776.83,64005.96,951.06611374
2026-06-23 04:00:00,64005.97,64033.59,62519.19,62823.19,1767.39855261
2026-06-23 08:00:00,62828.58,62885.61,61828.1,62456.62,2415.60526951
2026-06-23 12:00:00,62456.63,62790.5,61893.45,62417.55,2897.47402755
2026-06-23 16:00:00,62420.37,62764.53,62043.16,62336.26,2406.36232304
2026-06-23 20:00:00,62342.63,62735.75,62320.92,62668.65,1049.06990408
2026-06-24 00:00:00,62672.9,63059.34,62404.59,62678.72,1243.09119236
2026-06-24 04:00:00,62678.75,63009.96,62469.87,62586.9,957.03959907
2026-06-24 08:00:00,62588.36,63165.26,62256.56,62860.8,1245.7811603
2026-06-24 12:00:00,62858.65,62959.72,60199.99,60211.71,7179.25288457
2026-06-24 16:00:00,60212.32,60615.9,59062.8,59897.27,9614.18698106
2026-06-24 20:00:00,59896.25,61202.69,59790.81,61017.73,3699.35423077
2026-06-25 00:00:00,61014.72,61094.41,60626.88,60815.86,1374.77303358
2026-06-25 04:00:00,60818.15,61896.48,60719.1,61843.53,1823.57314866
2026-06-25 08:00:00,61845.11,61852.84,61002.17,61213.92,1350.10206262
2026-06-25 12:00:00,61214.95,61678.59,58051.07,59493.41,10919.0081779
2026-06-25 16:00:00,59503.51,59993.74,59065.37,59239.14,4998.79840994
2026-06-25 20:00:00,59256.47,60187.12,59242.94,59736.75,2537.29653504
2026-06-26 00:00:00,59741.17,60060.58,58272.57,59972.34,3517.68174021
2026-06-26 04:00:00,59972.04,60686.33,59646.65,60460.18,2843.07444903
2026-06-26 08:00:00,60466.09,60501.43,59176.1,59351.59,1970.61352019
2026-06-26 12:00:00,59351.7,60440.58,58428.29,60260.52,6995.55191565
2026-06-26 16:00:00,60261.58,60515.35,59495.52,59682.07,4034.89850117
2026-06-26 20:00:00,59698.71,60052.03,59513.99,60032.28,1783.83733039
2026-06-27 00:00:00,60037.77,60345.13,59813.51,60241.42,1635.53026122
2026-06-27 04:00:00,60239.29,60502.33,60044.99,60473.04,769.09660206
2026-06-27 08:00:00,60472.79,60476.22,60121.64,60289.52,581.84257089
2026-06-27 12:00:00,60290.2,60868.8,60185.35,60762.25,1143.33431594
2026-06-27 16:00:00,60765.7,60772.67,59996.17,60101.67,1248.87595923
2026-06-27 20:00:00,60101.57,60403.58,59781.25,59957.85,998.78905939
2026-06-28 00:00:00,59956.85,60263.02,59915.18,60130.95,674.17084077
2026-06-28 04:00:00,60135.23,60189.76,59685.14,60149.93,542.00895343
2026-06-28 08:00:00,60149.19,60473.18,60005.86,60272.01,521.58470127
2026-06-28 12:00:00,60272.54,60381.58,59756.73,59822.05,787.65982372
2026-06-28 16:00:00,59825.58,59875.6,59201.24,59411.42,1413.64834147
2026-06-28 20:00:00,59408.69,59837.8,58836.92,59503.2,2545.68410541
2026-06-29 00:00:00,59504.55,60147.82,58820.11,59967.96,1770.62188636
2026-06-29 04:00:00,59970.99,60259.65,59312.98,59954.0,981.53629328
2026-06-29 08:00:00,59953.0,60244.22,59669.5,59894.12,1222.97032886
2026-06-29 12:00:00,59891.1,60716.21,58913.53,59736.38,6934.66743799
2026-06-29 16:00:00,59738.19,60601.29,59501.9,60355.96,3416.0176913
2026-06-29 20:00:00,60354.71,60515.73,60126.94,60180.47,1274.39398417
2026-06-30 00:00:00,60180.32,60205.61,59519.37,59546.88,1212.5383456
2026-06-30 04:00:00,59542.59,59642.33,59284.93,59456.47,1225.46381402
2026-06-30 08:00:00,59452.38,59477.24,59047.37,59111.95,1590.85847525
2026-06-30 12:00:00,59108.2,59195.73,58105.12,58297.03,6326.92604935
2026-06-30 16:00:00,58302.2,58769.95,58182.87,58751.57,3467.72803003
2026-06-30 20:00:00,58745.02,58811.35,58442.03,58553.75,1490.59402545
2026-07-01 00:00:00,58541.87,59250.56,57748.8,59130.08,3167.24399434
2026-07-01 04:00:00,59129.83,59396.09,58472.81,58711.41,1428.14629216
2026-07-01 08:00:00,58703.85,59040.67,58440.71,58563.81,1299.25216976
2026-07-01 12:00:00,58566.33,60486.34,58273.23,60106.64,5240.35542062
2026-07-01 16:00:00,60111.09,60308.92,59738.21,59985.72,2555.12648204
2026-07-01 20:00:00,59987.39,61299.21,59826.3,59982.83,3363.14646666
2026-07-02 00:00:00,59983.02,61072.72,59543.62,61013.72,2034.96018221
2026-07-02 04:00:00,61010.94,61010.94,60049.52,60084.79,1403.9842571
2026-07-02 08:00:00,60088.38,61372.78,60070.5,61310.83,2631.41751405
2026-07-02 12:00:00,61301.57,62159.45,61102.44,61566.25,5029.3521159
2026-07-02 16:00:00,61570.91,61905.27,61102.17,61435.13,2688.49102756
2026-07-02 20:00:00,61442.21,61612.41,61292.41,61508.13,1869.26921623
2026-07-03 00:00:00,61505.95,61681.82,61193.41,61380.8,1165.29581291
2026-07-03 04:00:00,61381.8,61816.11,61286.05,61703.67,964.30527045
2026-07-03 08:00:00,61702.92,62049.26,61466.77,61977.37,910.1411107
2026-07-03 12:00:00,61974.71,62379.72,61658.88,61889.74,2532.75684366
2026-07-03 16:00:00,61893.66,62285.45,61877.38,62184.73,1174.17979
2026-07-03 20:00:00,62186.35,62931.64,62159.8,62559.37,2171.73600571
2026-07-04 00:00:00,62553.67,62906.6,62378.01,62599.33,1164.94609062
2026-07-04 04:00:00,62598.07,62715.16,62305.39,62544.13,584.33477202
2026-07-04 08:00:00,62544.57,62632.15,62382.6,62456.19,298.10321843
2026-07-04 12:00:00,62455.86,63036.66,62448.03,62897.05,1175.809717
2026-07-04 16:00:00,62894.84,63431.05,62746.78,63261.34,1839.53246435
2026-07-04 20:00:00,63259.34,63419.62,62902.04,63105.61,880.7955201
2026-07-05 00:00:00,63106.38,63107.01,62563.85,62731.21,784.20524402
2026-07-05 04:00:00,62731.71,63015.93,62622.02,62986.53,649.86026262
2026-07-05 08:00:00,62985.19,63069.7,62404.34,62615.21,524.00613715
2026-07-05 12:00:00,62617.1,62912.7,62528.18,62702.27,582.51219721
2026-07-05 16:00:00,62705.02,62844.0,62562.34,62735.81,1017.10953152
2026-07-05 20:00:00,62735.47,63957.23,62574.92,63603.38,2230.97819393
2026-07-06 00:00:00,63609.88,63875.38,63097.58,63256.9,1214.68270625
2026-07-06 04:00:00,63253.97,63352.16,62841.68,63043.74,947.73899908
2026-07-06 08:00:00,63044.99,63192.79,62455.78,62461.78,1247.42502229
2026-07-06 12:00:00,62451.56,63525.3,61281.86,63519.65,6256.6826145
2026-07-06 16:00:00,63509.93,63941.5,63363.51,63710.24,3888.24231015
2026-07-06 20:00:00,63710.65,64681.54,63555.04,64018.01,2251.5968501
2026-07-07 00:00:00,64018.27,64279.28,63125.86,63156.21,1622.53315204
2026-07-07 04:00:00,63153.21,63410.79,62759.51,63051.15,1270.29547782
2026-07-07 08:00:00,63053.04,63413.22,62952.05,63358.04,1478.5433982
2026-07-07 12:00:00,63355.04,64067.06,62616.58,63895.87,4477.50857097
2026-07-07 16:00:00,63895.55,64214.71,63352.01,63784.36,2454.27969043
2026-07-07 20:00:00,63784.58,63868.37,63188.47,63321.14,1654.22973024
2026-07-08 00:00:00,63331.08,63726.28,62485.79,62726.55,1455.8846893
2026-07-08 04:00:00,62729.0,62867.89,62437.21,62848.0,1073.62740997
2026-07-08 08:00:00,62846.5,62899.69,61696.97,62260.19,2028.77436536
2026-07-08 12:00:00,62262.95,62378.73,61484.91,61650.82,2967.70552527
2026-07-08 16:00:00,61653.0,62350.13,61638.98,62233.12,1893.67124999
2026-07-08 20:00:00,62236.47,62311.35,61925.31,62250.16,1201.21262739
2026-07-09 00:00:00,62249.13,62609.05,61660.83,61936.74,1323.67893627
2026-07-09 04:00:00,61941.13,63232.8,61922.25,62967.79,1353.00027449
2026-07-09 08:00:00,62967.53,63047.94,62567.49,62736.15,1136.93162211
2026-07-09 12:00:00,62736.17,63211.6,62423.56,62822.73,2552.39576749
2026-07-09 16:00:00,62819.5,63471.94,62521.23,63200.58,2032.38389107
2026-07-09 20:00:00,63208.4,63383.82,63028.59,63191.29,817.86753121
2026-07-10 00:00:00,63188.8,64014.55,62890.14,63910.72,1664.38382822
2026-07-10 04:00:00,63913.17,64166.42,63773.2,63953.51,785.37160847
2026-07-10 08:00:00,63956.66,64459.6,63950.05,64392.38,1341.26527955
2026-07-10 12:00:00,64393.17,64671.13,63749.35,63988.98,3808.47122467
2026-07-10 16:00:00,63996.93,64181.36,63699.07,63889.38,1663.66356714
2026-07-10 20:00:00,63890.13,64176.31,63627.63,64132.79,1397.0216337
2026-07-11 00:00:00,64132.11,64274.55,63952.71,64127.01,585.53412009
2026-07-11 04:00:00,64126.28,64241.44,64054.82,64122.98,454.91694554
2026-07-11 08:00:00,64126.23,64270.79,64098.31,64158.31,508.40556087
2026-07-11 12:00:00,64159.56,64472.1,63859.41,64139.8,993.47562633
2026-07-11 16:00:00,64139.57,64362.26,64054.32,64253.7,546.42734628
2026-07-11 20:00:00,64252.93,64421.22,63785.39,63787.89,726.18418472
2026-07-12 00:00:00,63786.41,64187.84,63673.9,64186.18,855.94672701
2026-07-12 04:00:00,64186.27,64212.43,63603.23,63856.87,679.06626358
2026-07-12 08:00:00,63855.82,64067.17,63734.04,63979.58,648.59092074
2026-07-12 12:00:00,63980.58,64255.87,63934.91,64143.42,457.25213988
2026-07-12 16:00:00,64143.8,64234.23,63984.3,64201.92,411.11642386
2026-07-12 20:00:00,64200.5,64222.35,63639.8,63749.05,693.42791043
2026-07-13 00:00:00,63749.41,64391.13,62705.66,62770.97,1957.42186539
2026-07-13 04:00:00,62769.25,63016.58,62466.29,62947.25,1159.95143803
2026-07-13 08:00:00,62949.29,63237.32,62810.58,62847.04,1330.76903832
2026-07-13 12:00:00,62849.57,62931.96,62047.23,62554.95,3791.87696902
2026-07-13 16:00:00,62557.44,62568.64,61760.99,62219.43,3470.63241261
2026-07-13 20:00:00,62219.9,62286.46,61821.29,62277.56,1697.56456052
2026-07-14 00:00:00,62278.79,62615.71,62216.06,62520.71,1059.5620383
2026-07-14 04:00:00,62520.22,62822.28,62451.83,62496.27,699.4867734
2026-07-14 08:00:00,62496.02,62875.86,62439.44,62797.23,942.12351489
2026-07-14 12:00:00,62797.98,64931.27,62738.69,64713.44,4942.3691712
2026-07-14 16:00:00,64722.25,64872.68,64262.55,64550.55,2639.39164014
2026-07-14 20:00:00,64554.28,65081.83,64402.79,65006.89,2175.51057692
2026-07-15 00:00:00,65016.54,65035.55,64457.64,64763.04,982.35498974
2026-07-15 04:00:00,64762.06,65252.66,64464.98,64528.44,1174.92883992
2026-07-15 08:00:00,64528.94,64891.29,64528.94,64706.87,508.07013454
2026-07-15 12:00:00,64709.4,65559.59,64573.57,65391.72,3153.7486821
2026-07-15 16:00:00,65392.15,65432.39,64726.15,64956.85,2213.03250968
2026-07-15 20:00:00,64957.18,65037.09,64669.86,64733.22,1185.70079097
2026-07-16 00:00:00,64730.07,64824.36,64367.45,64585.5,884.73125563
2026-07-16 04:00:00,64585.5,64965.53,64058.01,64201.32,1185.2739284
2026-07-16 08:00:00,64200.26,64326.43,63858.21,64224.97,1174.83359551
2026-07-16 12:00:00,64224.72,64858.26,63831.27,64671.44,2237.81166574
2026-07-16 16:00:00,64675.05,64682.61,63961.17,64233.27,1510.69070096
2026-07-16 20:00:00,64232.98,64245.63,63708.07,63798.03,1421.77318268
2026-07-17 00:00:00,63796.46,64025.44,63348.02,63532.86,2060.69097844
2026-07-17 04:00:00,63532.86,63541.18,62684.12,62793.33,2147.94569086
2026-07-17 08:00:00,62797.08,63323.59,62630.48,63261.61,1467.8892423
2026-07-17 12:00:00,63261.99,63475.97,62491.84,63422.48,3111.11303456
2026-07-17 16:00:00,63423.73,64364.5,63281.58,64133.89,3386.00776694
2026-07-17 20:00:00,64130.31,64200.14,63863.47,63915.25,914.44284739
2026-07-18 00:00:00,63915.99,64006.13,63864.31,63993.6,944.53265756
2026-07-18 04:00:00,63993.12,64001.88,63906.02,63982.81,429.23436776
2026-07-18 08:00:00,63984.56,64060.94,63915.17,64032.12,256.85770971
2026-07-18 12:00:00,64034.62,64227.73,63943.44,64094.7,627.95943699
2026-07-18 16:00:00,64092.72,64642.56,64063.08,64538.85,1338.07996009
2026-07-18 20:00:00,64541.66,64842.92,64491.87,64814.35,923.01632956
2026-07-19 00:00:00,64812.16,64941.38,64607.29,64686.2,602.52677357
2026-07-19 04:00:00,64686.23,64783.77,64594.6,64691.34,343.21958026
2026-07-19 08:00:00,64692.49,64718.17,64419.29,64446.35,534.57303753
2026-07-19 12:00:00,64444.13,64630.67,64263.01,64557.59,783.59285571
2026-07-19 16:00:00,64559.85,64725.03,64268.29,64429.99,568.32355646
2026-07-19 20:00:00,64430.52,64870.38,64323.55,64701.37,921.24611914
2026-07-20 00:00:00,64706.15,65072.83,64394.42,64836.57,1921.44697649
2026-07-20 04:00:00,64834.9,64841.82,63727.2,64235.56,1697.66861534
2026-07-20 08:00:00,64234.84,65026.69,63842.42,64962.24,1628.78884853
2026-07-20 12:00:00,64961.24,65652.53,64042.95,65564.02,3491.9360942
2026-07-20 16:00:00,65568.02,65770.16,65016.18,65120.47,3092.02051093
2026-07-20 20:00:00,65121.63,65419.29,65034.56,65230.84,1097.04168124
2026-07-21 00:00:00,65232.84,65632.4,65134.49,65547.5,935.91218183
2026-07-21 04:00:00,65546.6,66218.75,65457.46,66166.7,1338.50015687
2026-07-21 08:00:00,66162.75,66403.68,66108.03,66324.61,1401.8086846
2026-07-21 12:00:00,66324.36,66934.32,66246.92,66667.63,3464.34705083
2026-07-21 16:00:00,66664.66,66749.92,66064.49,66436.45,2283.88540661
2026-07-21 20:00:00,66433.61,66554.69,66190.09,66534.14,1371.2019441
2026-07-22 00:00:00,66538.42,66717.88,66151.88,66183.28,885.16499917
2026-07-22 04:00:00,66180.7,66396.53,65676.75,65812.71,1297.1844472
2026-07-22 08:00:00,65817.98,66121.93,65813.82,65982.29,1273.9769904
2026-07-22 12:00:00,65982.31,66190.55,65509.24,66030.43,2088.85541876
2026-07-22 16:00:00,66027.08,66373.47,65677.41,65909.92,2393.1811217
2026-07-22 20:00:00,65903.73,66118.24,65772.46,66090.4,999.33014949
2026-07-23 00:00:00,66093.72,66292.25,65560.31,65635.67,1007.77558653
2026-07-23 04:00:00,65635.69,65795.06,65326.97,65414.58,805.58875418
2026-07-23 08:00:00,65416.6,65764.73,65395.2,65535.04,622.57110249
2026-07-23 12:00:00,65533.29,65566.87,64692.05,64932.63,3596.2773717
2026-07-23 16:00:00,64933.92,64933.92,64609.62,64814.44,2792.29509898
2026-07-23 20:00:00,64809.99,65199.98,64791.55,65071.95,1604.22659948
2026-07-24 00:00:00,65074.78,65433.79,64727.71,65429.76,1044.16331167
2026-07-24 04:00:00,65429.51,65785.77,65217.25,65476.99,1074.01828355
2026-07-24 08:00:00,65475.73,65482.93,64825.05,65046.54,888.9093368
2026-07-24 12:00:00,65041.21,65100.16,63689.12,64053.68,4902.79300658
2026-07-24 16:00:00,64049.98,64253.74,63834.01,64190.37,2028.57911609
2026-07-24 20:00:00,64193.03,64245.17,64092.63,64111.18,753.36542664
2026-07-25 00:00:00,64110.52,64138.07,63965.67,64043.97,428.39164645
2026-07-25 04:00:00,64043.71,64162.17,63924.25,63974.77,437.785289
2026-07-25 08:00:00,63972.27,64073.11,63765.1,64025.23,465.28016658
2026-07-25 12:00:00,64027.23,64240.36,64003.08,64145.8,519.08303663
2026-07-25 16:00:00,64147.07,64406.5,64085.69,64352.55,614.64432037
2026-07-25 20:00:00,64354.38,64391.93,64222.17,64330.6,674.80670456
2026-07-26 00:00:00,64329.62,64539.13,64312.4,64511.37,440.14593403
2026-07-26 04:00:00,64513.06,64556.6,64257.84,64332.05,371.13134064
2026-07-26 08:00:00,64333.63,64535.98,64309.37,64474.97,283.38330498
2026-07-26 12:00:00,64474.96,64792.0,64381.89,64736.57,601.36220788
2026-07-26 16:00:00,64737.07,64892.83,64632.98,64664.53,797.24785387
2026-07-26 20:00:00,64664.53,65537.74,64599.21,65364.39,1466.35651994
2026-07-27 00:00:00,65366.14,65388.68,64869.13,65251.11,824.06221807
2026-07-27 04:00:00,65250.78,65714.3,65175.99,65190.14,860.0308284
2026-07-27 08:00:00,65190.26,65390.73,65063.41,65072.95,741.29080594
2026-07-27 12:00:00,65070.67,65672.07,64366.17,64506.79,3213.31567097
2026-07-27 16:00:00,64507.51,65049.79,64472.19,64938.48,1383.40990225
2026-07-27 20:00:00,64941.25,65012.15,63560.74,63714.81,1813.38539033
2026-07-28 00:00:00,63715.32,63782.4,63016.79,63298.7,1426.94085983
2026-07-28 04:00:00,63299.32,63609.01,63174.4,63458.88,752.51934131
2026-07-28 08:00:00,63457.9,63549.79,63244.83,63422.32,831.18688971
2026-07-28 12:00:00,63418.69,63974.24,62685.93,63882.38,2895.4041629
2026-07-28 16:00:00,63881.13,64057.9,63458.43,63841.68,2003.5332269
2026-07-28 20:00:00,63845.1,64007.74,63503.02,63875.06,1195.70665076
2026-07-29 00:00:00,63871.06,64130.59,63593.95,63685.38,1178.26809979
2026-07-29 04:00:00,63688.63,64516.8,63532.69,64508.12,1339.25927741
2026-07-29 08:00:00,64514.3,64682.02,64222.41,64456.57,1187.5818225
2026-07-29 12:00:00,64454.8,64666.41,63818.61,63900.15,2841.40191289
2026-07-29 16:00:00,63900.44,64602.62,63464.0,63534.87,3097.59712764
2026-07-29 20:00:00,63544.06,64071.68,63220.38,63919.38,1683.91689183
2026-07-30 00:00:00,63921.85,64348.35,63541.22,64103.45,1680.70546634
2026-07-30 04:00:00,64104.23,64119.12,63849.57,63944.69,702.40041462
2026-07-30 08:00:00,63945.85,64820.87,63913.53,64729.99,1736.18585575
2026-07-30 12:00:00,64731.5,65120.79,64557.67,64681.09,3381.48047501
2026-07-30 16:00:00,64681.12,64945.93,64644.49,64759.33,2212.75804316
2026-07-30 20:00:00,64764.63,65040.73,64624.77,64742.67,1273.25343066
2026-07-31 00:00:00,64742.42,65369.86,64133.9,64321.25,2088.79392287
2026-07-31 04:00:00,64318.21,64453.45,63827.35,63902.61,1019.12919174
2026-07-31 08:00:00,63901.11,63965.3,63568.34,63757.45,962.73144702
2026-07-31 12:00:00,63759.97,63784.58,62382.49,62660.08,5149.54686979
2026-07-31 16:00:00,62661.1,63253.5,62640.35,62926.24,2064.41500419
2026-07-31 20:00:00,62932.09,63018.98,62802.36,62841.22,1360.26585108
2026-08-01 00:00:00,62847.11,63062.67,62844.56,62959.83,483.58235069
2026-08-01 04:00:00,62959.9,63096.25,62946.07,63008.27,514.15782267
2026-08-01 08:00:00,63008.28,63107.39,62945.42,63033.61,659.53019631
2026-08-01 12:00:00,63034.36,63082.82,62960.75,62962.2,600.20208732
2026-08-01 16:00:00,62962.48,62983.64,62225.03,62488.07,1403.99828457
2026-08-01 20:00:00,62486.85,62822.24,62443.6,62774.76,613.7590673
2026-08-02 00:00:00,62777.26,63511.75,62764.12,63418.61,1173.1041923
2026-08-02 04:00:00,63418.61,63595.15,63370.58,63454.54,611.76245137
2026-08-02 08:00:00,63454.96,63481.69,62944.04,62983.16,601.54177506
2026-08-02 12:00:00,62983.01,63184.47,62957.95,63067.38,808.50931897
2026-08-02 16:00:00,63068.13,63558.36,63022.78,63404.62,958.90384906
2026-08-02 20:00:00,63404.62,63745.05,63293.26,63525.12,912.65056071
2026-08-03 00:00:00,63525.37,63545.38,62728.69,62809.92,837.31964034
2026-08-03 04:00:00,62804.47,62938.6,62496.41,62554.83,801.36911573
2026-08-03 08:00:00,62555.88,62805.44,62238.66,62505.09,1046.46396585
2026-08-03 12:00:00,62510.01,63939.43,62385.44,63643.01,3573.66528071
2026-08-03 16:00:00,63650.18,64048.13,63617.7,63835.71,2502.81877831
2026-08-03 20:00:00,63835.81,63986.33,63354.47,63482.81,1483.47633598
2026-08-04 00:00:00,63483.55,63926.62,63281.83,63755.67,994.40193069
2026-08-04 04:00:00,63755.03,64205.11,63462.69,63644.9,961.84021503
2026-08-04 08:00:00,63643.09,63904.21,63410.0,63876.8,786.92827163
2026-08-04 12:00:00,63876.81,64200.11,63565.21,64089.21,2414.22113443
2026-08-04 16:00:00,64089.14,64380.8,63861.44,64204.73,2596.80210652
2026-08-04 20:00:00,64208.85,64508.54,63971.7,64067.67,1364.56637329
2026-08-05 00:00:00,64067.67,64473.84,63913.96,64146.93,1273.53630197
2026-08-05 04:00:00,64143.12,64489.08,63962.39,64127.4,629.55273141
2026-08-05 08:00:00,64129.63,64237.63,63978.95,64034.0,583.95099138
2026-08-05 12:00:00,64034.27,64720.7,63839.95,64348.85,3319.94383725
2026-08-05 16:00:00,64349.85,64905.29,64349.85,64809.49,2655.29669158
2026-08-05 20:00:00,64812.01,64995.81,64543.11,64617.61,1506.57027515
2026-08-06 00:00:00,64619.13,64675.56,64399.77,64485.64,681.78031819
2026-08-06 04:00:00,64488.04,64953.64,64457.57,64770.88,797.99607504
2026-08-06 08:00:00,64772.38,64949.38,64460.86,64570.42,845.55853288
2026-08-06 12:00:00,64570.35,64944.3,64118.08,64591.55,2458.83232444
2026-08-06 16:00:00,64590.98,64796.94,64328.52,64414.78,1399.12715297
2026-08-06 20:00:00,64414.83,64498.42,64155.54,64278.76,797.75231055
2026-08-07 00:00:00,64284.98,64504.03,64195.3,64249.92,708.42190663
2026-08-07 04:00:00,64249.62,64425.03,64116.76,64280.81,440.56708062
2026-08-07 08:00:00,64279.55,65178.83,64262.92,64992.28,1602.92816291
2026-08-07 12:00:00,64993.03,65358.54,64756.19,64877.72,3500.99789757
2026-08-07 16:00:00,64882.12,65044.74,64491.87,64930.94,2449.16172918
2026-08-07 20:00:00,64929.6,65075.05,64826.6,64900.62,1163.2837364
2026-08-08 00:00:00,64900.39,65040.17,64809.53,65004.12,840.58668204
2026-08-08 04:00:00,65003.37,65039.27,64925.13,64939.3,329.64740978
2026-08-08 08:00:00,64939.05,65027.51,64927.9,64939.97,386.81728801
2026-08-08 12:00:00,64940.73,65157.68,64897.51,65054.45,576.94674937
2026-08-08 16:00:00,65054.21,65119.37,64987.47,65047.89,731.78600943
2026-08-08 20:00:00,65047.64,65057.99,64904.27,64923.14,687.20943948
2026-08-09 00:00:00,64925.41,64974.62,64697.33,64754.69,644.56805929
2026-08-09 04:00:00,64754.69,64829.26,64738.65,64796.5,576.13866112
2026-08-09 08:00:00,64796.5,64971.51,64761.47,64918.76,469.3397111
2026-08-09 12:00:00,64919.49,65258.47,64889.91,65194.56,814.60633904
2026-08-09 16:00:00,65195.56,65230.38,65146.5,65154.79,580.14671749
2026-08-09 20:00:00,65153.29,65444.3,64812.06,64873.24,1328.47503436
2026-08-10 00:00:00,64872.49,65352.26,64794.45,64942.92,1086.5603146
2026-08-10 04:00:00,64941.67,65333.36,64893.6,65170.97,741.61522766
2026-08-10 08:00:00,65173.0,65297.43,64928.88,65090.92,825.97899425
2026-08-10 12:00:00,65090.97,65203.31,64162.89,64255.28,2883.35565189
2026-08-10 16:00:00,64254.52,64316.13,63764.43,63995.86,2549.72384252
2026-08-10 20:00:00,63994.81,64162.1,63878.07,63935.29,1265.89541737
2026-08-11 00:00:00,63933.78,64135.99,63845.21,64096.26,699.45610015
2026-08-11 04:00:00,64099.01,64109.97,63812.49,64020.0,560.13274705
2026-08-11 08:00:00,64019.76,64365.29,64001.3,64350.66,749.50106569
2026-08-11 12:00:00,64351.89,64460.75,63411.13,63574.38,2770.88778812
2026-08-11 16:00:00,63568.97,63621.37,63183.28,63496.51,2783.27324278
2026-08-11 20:00:00,63497.02,63731.99,63493.45,63561.17,1260.75135866
2026-08-12 00:00:00,63559.14,63865.44,63497.45,63793.94,931.89187093
2026-08-12 04:00:00,63793.19,63853.24,63569.41,63787.19,974.2210766
2026-08-12 08:00:00,63787.46,64208.55,63722.44,64197.7,1331.15201114
2026-08-12 12:00:00,64198.23,64444.28,63277.13,63397.36,3383.23800249
2026-08-12 16:00:00,63393.96,63528.42,63263.97,63371.75,1758.35806119
2026-08-12 20:00:00,63368.26,63603.97,63321.27,63432.51,1172.01091825
2026-08-13 00:00:00,63431.89,63663.56,63333.75,63601.24,1024.36854356
2026-08-13 04:00:00,63602.01,63961.22,63546.1,63822.41,901.88397466
2026-08-13 08:00:00,63822.68,63867.89,63306.48,63438.48,813.2158951
2026-08-13 12:00:00,63437.23,63951.15,63381.65,63381.68,1797.61430916
2026-08-13 16:00:00,63378.07,63525.14,62806.65,63359.2,2921.69020206
2026-08-13 20:00:00,63359.39,63610.98,63321.91,63442.92,1057.50700731
2026-08-14 00:00:00,63443.68,63578.32,63261.73,63272.3,671.98976949
2026-08-14 04:00:00,63271.97,63430.0,62874.93,62876.85,821.10045175
2026-08-14 08:00:00,62877.87,62948.67,62648.47,62824.24,1205.26110841
2026-08-14 12:00:00,62824.51,63029.08,62489.55,62934.35,2413.88155763
2026-08-14 16:00:00,62931.65,63199.68,62775.26,62912.64,2092.7626977
2026-08-14 20:00:00,62913.72,63018.75,62750.38,62998.89,1369.88158685
2026-08-15 00:00:00,62998.64,63139.48,62949.55,63010.39,381.79638233
2026-08-15 04:00:00,63010.42,63110.79,62990.39,63027.11,308.93861697
2026-08-15 08:00:00,63026.86,63042.4,62873.34,62976.28,298.15735651
2026-08-15 12:00:00,62978.45,63073.92,62908.89,63052.19,383.88340614
2026-08-15 16:00:00,63052.69,63077.63,62999.22,63077.31,336.45964689
2026-08-15 20:00:00,63076.33,63125.94,63027.86,63048.0,304.86476594
2026-08-16 00:00:00,63046.25,63110.78,62966.04,63078.57,315.41781695
2026-08-16 04:00:00,63079.85,63107.5,62991.52,63011.82,223.50769005
2026-08-16 08:00:00,63011.07,63025.46,62914.53,62957.43,257.30496034
2026-08-16 12:00:00,62957.2,63096.13,62946.25,63095.63,358.10775258
2026-08-16 16:00:00,63095.13,63339.56,63058.58,63069.21,882.06119274
2026-08-16 20:00:00,63068.84,63096.63,62669.76,62852.11,1078.23574798
2026-08-17 00:00:00,62850.11,63476.95,62706.58,63388.74,1630.03661812
2026-08-17 04:00:00,63390.34,63671.47,63390.34,63481.94,1121.72071282
2026-08-17 08:00:00,63483.72,63736.47,63244.65,63585.31,1060.7413448
2026-08-17 12:00:00,63584.93,64188.67,63391.77,64158.76,2383.17881637
2026-08-17 16:00:00,64159.2,64586.9,63938.08,64279.21,3007.76487424
2026-08-17 20:00:00,64277.97,64543.82,64230.6,64498.66,1398.35030403
2026-08-18 00:00:00,64501.0,64529.28,63996.82,64140.72,1186.3769433
2026-08-18 04:00:00,64138.12,64409.75,64043.67,64158.28,782.57602272
2026-08-18 08:00:00,64158.28,64357.85,64047.27,64304.29,663.21576587
2026-08-18 12:00:00,64304.31,65023.8,64005.02,64824.1,3354.73720866
2026-08-18 16:00:00,64825.25,64867.88,64625.18,64628.91,1465.55480663
2026-08-18 20:00:00,64630.94,64768.25,64539.78,64704.91,849.51168498
2026-08-19 00:00:00,64705.91,64719.19,64254.42,64304.37,750.3757871
2026-08-19 04:00:00,64303.62,64382.92,64137.91,64265.3,710.51027045
2026-08-19 08:00:00,64264.8,64503.33,64215.64,64478.95,614.60910481
2026-08-19 12:00:00,64480.47,69686.97,64440.93,68553.35,12566.38045382
2026-08-19 16:00:00,68544.69,68971.8,67810.1,68415.56,7436.66659671
2026-08-19 20:00:00,68426.73,70036.66,68381.05,69314.2,6801.41435937
2026-08-20 00:00:00,69310.76,69879.78,68875.53,69156.37,3188.39401257
2026-08-20 04:00:00,69155.59,69947.54,69120.56,69788.65,2487.60874907
2026-08-20 08:00:00,69788.82,72434.3,69743.0,71889.06,5410.83448898
2026-08-20 12:00:00,71889.3,72805.37,71089.8,72448.38,8212.66406
2026-08-20 16:00:00,72445.45,72960.46,72188.66,72655.47,4502.58618422
2026-08-20 20:00:00,72666.48,73390.61,72486.46,73011.67,3335.82371845
2026-08-21 00:00:00,73014.77,75754.05,73013.2,74492.73,5727.5798465
2026-08-21 04:00:00,74505.4,76858.77,74505.4,76293.77,4366.35651482
2026-08-21 08:00:00,76301.85,79518.02,76247.52,76718.52,8818.11214367
2026-08-21 12:00:00,76718.76,77862.9,76207.71,77204.11,7723.45315231
2026-08-21 16:00:00,77196.35,77715.46,76616.55,77016.18,4979.36661017
2026-08-21 20:00:00,77025.86,78754.23,76846.19,78335.96,3817.33578723
2026-08-22 00:00:00,78339.63,78828.62,77654.71,78417.65,2827.4672497
2026-08-22 04:00:00,78418.76,78821.87,76396.1,77301.46,3428.66805141
2026-08-22 08:00:00,77306.97,77444.74,76541.36,77133.86,1276.0597557
2026-08-22 12:00:00,77134.33,77387.0,76884.69,76988.02,1354.91874973
2026-08-22 16:00:00,76988.39,77563.29,76961.09,77436.45,1233.14341577
2026-08-22 20:00:00,77437.96,77483.09,76790.25,77088.42,1272.10475134
2026-08-23 00:00:00,77089.44,77421.26,76855.27,76942.11,866.84628182
2026-08-23 04:00:00,76940.89,77040.0,75556.35,75977.23,2438.28576052
2026-08-23 08:00:00,75980.1,77375.27,75938.8,77295.24,1301.59448009
2026-08-23 12:00:00,77298.01,77765.52,76806.0,77143.82,1781.85595537
2026-08-23 16:00:00,77146.82,77476.61,77112.25,77336.56,833.46483169
2026-08-23 20:00:00,77337.33,78054.79,77199.94,77734.33,2412.89058489
2026-08-24 00:00:00,77736.06,77747.36,76879.22,76942.7,1497.4822143
2026-08-24 04:00:00,76944.24,77795.48,76674.46,77309.56,1756.47674439
2026-08-24 08:00:00,77312.02,78591.8,76835.15,78438.98,2422.39767256
2026-08-24 12:00:00,78442.81,79993.99,77838.11,79090.35,7403.15254588
2026-08-24 16:00:00,79099.98,79868.34,78459.24,78749.52,3975.21677918
2026-08-24 20:00:00,78755.25,79045.58,78555.05,78986.44,1222.72514337
2026-08-25 00:00:00,78984.21,81255.09,78722.06,80474.21,4152.04301287
2026-08-25 04:00:00,80469.26,80899.48,79334.95,79688.91,2832.08670197
2026-08-25 08:00:00,79706.36,80235.57,78858.89,79111.0,1945.71301204
2026-08-25 12:00:00,79113.98,79541.77,78109.8,79519.31,4570.80398212
2026-08-25 16:00:00,79514.58,79574.38,78726.06,78930.72,2676.72349871
2026-08-25 20:00:00,78931.33,78990.92,77846.5,78526.03,2242.7684907
2026-08-26 00:00:00,78528.4,79236.27,78309.38,79086.27,1191.95676098
2026-08-26 04:00:00,79084.91,79190.69,78640.2,78919.99,716.80838971
2026-08-26 08:00:00,78920.77,79105.62,78241.67,78471.28,1108.7836581
2026-08-26 12:00:00,78474.53,78696.24,77620.93,78006.18,3197.7221967
2026-08-26 16:00:00,78004.83,78642.46,77855.41,78467.74,2739.61095556
2026-08-26 20:00:00,78470.89,79167.65,78206.32,79021.36,1962.38631809
2026-08-27 00:00:00,79022.63,79023.61,78567.65,78816.71,1227.9606244
2026-08-27 04:00:00,78818.23,79090.82,78586.61,79070.73,823.00628561
2026-08-27 08:00:00,79073.48,80516.2,79029.66,79473.45,2687.38704773
2026-08-27 12:00:00,79473.2,80803.04,78902.23,80315.57,5713.81212272
2026-08-27 16:00:00,80311.36,80834.3,79751.68,79900.32,3994.25953184
2026-08-27 20:00:00,79912.38,80439.93,79884.01,80269.05,1915.12153235
2026-08-28 00:00:00,80269.06,81473.87,79738.23,79819.19,4165.0486178
2026-08-28 04:00:00,79817.08,79996.83,79558.52,79678.68,1090.30724864
2026-08-28 08:00:00,79680.38,79847.84,79019.49,79602.62,1459.94726862
2026-08-28 12:00:00,79604.12,79849.42,78312.88,78330.24,6066.04603602
2026-08-28 16:00:00,78331.71,78401.99,76858.15,77561.08,6881.86942587
2026-08-28 20:00:00,77556.11,77840.0,77262.0,77837.79,1419.439504
2026-08-29 00:00:00,77838.29,77950.6,77495.23,77502.53,918.76999908
2026-08-29 04:00:00,77504.89,77715.43,77362.36,77627.68,696.05806806
2026-08-29 08:00:00,77625.86,77752.54,77477.96,77580.2,640.28605692
2026-08-29 12:00:00,77580.23,78150.53,77506.45,77858.15,894.30434262
2026-08-29 16:00:00,77858.15,78332.52,77857.9,78183.41,944.91055319
2026-08-29 20:00:00,78183.66,78292.87,78050.3,78235.44,633.42803068
2026-08-30 00:00:00,78233.18,78323.48,77983.2,78141.41,627.97400343
2026-08-30 04:00:00,78141.41,78304.05,77991.85,78115.22,346.54060339
2026-08-30 08:00:00,78119.06,78232.3,77952.08,78160.44,542.5558891
2026-08-30 12:00:00,78161.86,78966.21,78161.83,78819.45,1676.39971232
2026-08-30 16:00:00,78819.46,79391.16,78715.11,78856.01,1505.28362314
2026-08-30 20:00:00,78858.16,78924.84,77005.95,77683.11,2696.27707454
2026-08-31 00:00:00,77673.96,78172.2,77348.34,77755.28,1841.92584014
2026-08-31 04:00:00,77756.28,78310.69,77455.66,78201.76,2096.87302697
2026-08-31 08:00:00,78202.99,78808.86,77990.44,78308.18,1851.58546766
2026-08-31 12:00:00,78306.46,78756.39,77691.91,78576.26,3816.58634066
2026-08-31 16:00:00,78578.26,79269.39,78485.01,78906.76,2974.5961576
2026-08-31 20:00:00,78913.75,79176.05,78401.29,78579.75,1141.04158277
2026-09-01 00:00:00,78580.98,78892.5,78184.01,78674.8,1268.78205935
2026-09-01 04:00:00,78674.55,79209.88,78499.48,78626.83,1475.71810896
2026-09-01 08:00:00,78627.36,78650.63,77749.78,78082.33,1495.09220927
2026-09-01 12:00:00,78082.08,78413.44,77490.65,77908.48,3596.21470621
2026-09-01 16:00:00,77907.8,77964.76,76402.49,77289.75,4116.9805637
2026-09-01 20:00:00,77292.4,77608.17,76893.87,77415.55,1524.70027319
2026-09-02 00:00:00,77420.56,77766.87,76694.35,77532.93,1583.79531115
2026-09-02 04:00:00,77535.06,77758.85,77267.32,77466.93,899.09708217
2026-09-02 08:00:00,77468.18,77540.38,76251.41,76813.68,1787.41250891
2026-09-02 12:00:00,76808.67,77483.73,76601.8,77279.36,2232.20217418
2026-09-02 16:00:00,77279.39,77571.66,76953.23,77334.16,1728.5959978
2026-09-02 20:00:00,77343.78,77521.59,77017.39,77333.82,1078.10856536
2026-09-03 00:00:00,77330.47,77901.32,76966.21,77697.89,1445.47091812
2026-09-03 04:00:00,77700.14,78152.94,77098.49,77654.49,1272.71232223
2026-09-03 08:00:00,77659.08,78051.03,77468.95,77936.39,956.98803175
2026-09-03 12:00:00,77934.86,81399.15,77878.08,81371.38,7224.08121879
2026-09-03 16:00:00,81377.5,81805.97,80623.86,81755.13,5339.75009559
2026-09-03 20:00:00,81770.34,82292.93,80905.05,81267.02,2985.09180596
2026-09-04 00:00:00,81266.27,81433.12,80683.18,80856.02,1419.80485106
2026-09-04 04:00:00,80853.88,81283.52,80579.33,80657.53,1368.34233134
2026-09-04 08:00:00,80659.76,81422.66,80514.27,81239.71,1730.64194877
2026-09-04 12:00:00,81239.71,81373.73,78655.83,79442.83,6675.51958981
2026-09-04 16:00:00,79439.28,79893.02,79396.52,79819.78,1450.23092568
2026-09-04 20:00:00,79820.8,79899.11,79571.06,79693.78,1020.85876274
2026-09-05 00:00:00,79697.3,79760.37,79522.0,79618.79,560.74374638
2026-09-05 04:00:00,79622.04,79789.36,79485.12,79743.94,530.52507486
2026-09-05 08:00:00,79743.94,79752.7,79595.9,79641.27,344.8879469
2026-09-05 12:00:00,79641.3,79843.75,79576.02,79828.13,920.85990962
2026-09-05 16:00:00,79828.13,80225.1,79738.83,79776.53,1075.25150668
2026-09-05 20:00:00,79778.28,79968.79,79718.27,79851.85,721.18812945
2026-09-06 00:00:00,79847.67,80134.82,79847.17,80051.99,528.34866245
2026-09-06 04:00:00,80053.75,80130.67,79618.0,79836.48,782.48452828
2026-09-06 08:00:00,79833.54,80043.88,79780.24,79943.63,483.07753035
2026-09-06 12:00:00,79943.13,80033.8,79279.77,79737.87,1312.62536217
2026-09-06 16:00:00,79731.09,79994.46,79605.0,79848.38,500.42820643
2026-09-06 20:00:00,79849.75,80575.21,79659.81,80360.6,1284.46149853
2026-09-07 00:00:00,80365.63,80467.55,79580.73,79612.61,1528.70676225
2026-09-07 04:00:00,79615.02,79932.75,79046.4,79415.04,1242.44433686
2026-09-07 08:00:00,79417.78,79566.6,79299.86,79436.59,649.54671379
2026-09-07 12:00:00,79438.34,79661.6,78725.7,78843.48,1948.4819648
2026-09-07 16:00:00,78840.61,79429.17,78813.05,79377.46,994.06890954
2026-09-07 20:00:00,79377.63,79408.08,78803.95,79112.67,826.81679087
2026-09-08 00:00:00,79113.2,79499.99,78745.72,78909.91,1029.10965867
2026-09-08 04:00:00,78904.24,78933.9,78184.9,78478.13,1320.00446044
2026-09-08 08:00:00,78476.01,78997.17,78289.21,78430.96,987.26412056
2026-09-08 12:00:00,78431.21,78918.23,77628.75,78914.63,3121.5054
2026-09-08 16:00:00,78915.61,78988.98,78289.69,78451.02,1785.06372138
2026-09-08 20:00:00,78449.28,78674.19,78408.44,78462.68,1100.71874541
2026-09-09 00:00:00,78463.47,78934.67,78461.33,78639.73,749.80156492
2026-09-09 04:00:00,78643.23,79399.17,78643.21,79282.7,1021.28624955
2026-09-09 08:00:00,79283.95,79765.87,78751.14,79328.23,1342.22479735
2026-09-09 12:00:00,79325.7,79678.65,78060.13,78599.81,3754.73457215
2026-09-09 16:00:00,78591.97,78934.41,78159.47,78238.76,1680.79659649
2026-09-09 20:00:00,78238.68,78350.05,77775.25,78312.81,1356.30431109
2026-09-10 00:00:00,78311.81,78538.83,77951.07,78323.91,1073.31466592
2026-09-10 04:00:00,78322.88,78551.11,77913.78,78114.58,845.02454659
2026-09-10 08:00:00,78116.33,78227.43,77702.31,77846.0,946.28352095
2026-09-10 12:00:00,77844.3,77953.95,76685.14,77264.46,7267.35468032
2026-09-10 16:00:00,77264.63,77542.93,76799.71,77163.29,2309.88524672
2026-09-10 20:00:00,77161.26,77353.26,76475.22,76563.83,1587.62882736
2026-09-11 00:00:00,76558.29,77003.67,76544.32,76880.22,1181.60960437
2026-09-11 04:00:00,76883.82,77416.77,76876.93,77232.14,986.63097472
2026-09-11 08:00:00,77229.39,77501.88,76748.85,77028.26,1119.9298982
2026-09-11 12:00:00,77025.99,79867.34,76028.26,77668.49,7719.2940102
2026-09-11 16:00:00,77664.16,78001.26,76844.73,77259.74,2752.20861657
2026-09-11 20:00:00,77265.08,77478.27,76950.05,77201.73,1315.16042667
2026-09-12 00:00:00,77203.98,77361.44,77182.54,77251.26,552.83327192
2026-09-12 04:00:00,77253.76,77334.88,77143.86,77247.5,527.27581184
2026-09-12 08:00:00,77250.25,77372.37,77237.84,77329.71,436.14365538
2026-09-12 12:00:00,77329.71,77459.11,77202.43,77336.82,1355.43398686
2026-09-12 16:00:00,77336.85,77372.3,77034.64,77097.48,831.63380993
2026-09-12 20:00:00,77099.54,77274.21,77099.54,77256.49,540.10742838
2026-09-13 00:00:00,77256.32,77307.99,77127.14,77163.46,740.45648953
2026-09-13 04:00:00,77162.71,77286.77,77028.44,77092.08,357.73316955
2026-09-13 08:00:00,77088.16,77142.36,76467.7,76765.48,1428.71981175
2026-09-13 12:00:00,76769.59,77245.45,76544.81,77126.94,881.74806715
2026-09-13 16:00:00,77129.19,77406.44,77128.3,77266.41,511.55559755
2026-09-13 20:00:00,77268.2,77429.21,76612.77,76810.44,1093.2984831
2026-09-14 00:00:00,76821.31,77844.57,76374.61,77573.37,1781.34730371
2026-09-14 04:00:00,77575.82,77864.92,77350.99,77850.48,1301.26388751
2026-09-14 08:00:00,77849.73,78326.81,77558.22,77736.55,1734.79699889
2026-09-14 12:00:00,77735.94,78674.45,77431.57,78556.1,3599.31635201
2026-09-14 16:00:00,78554.62,79321.27,78400.97,78984.27,3498.71089772
2026-09-14 20:00:00,78988.42,79583.38,78116.04,78183.53,2792.62089834
2026-09-15 00:00:00,78178.8,78244.36,77629.77,77659.18,1296.53860591
2026-09-15 04:00:00,77657.35,77722.42,76847.02,76893.97,1434.82875526
2026-09-15 08:00:00,76896.11,77192.26,76669.28,76911.93,2386.40772899
2026-09-15 12:00:00,76912.03,77109.86,75564.86,76483.07,5441.66848458
2026-09-15 16:00:00,76485.61,77314.66,74924.09,76149.83,5557.25169535
2026-09-15 20:00:00,76151.59,76214.05,75112.73,75612.14,2279.56934041
2026-09-16 00:00:00,75614.14,76079.76,75429.36,75795.05,1274.49628306
2026-09-16 04:00:00,75799.05,76057.98,75644.86,75739.22,1216.39326637
2026-09-16 08:00:00,75732.67,76270.87,75325.11,76209.55,1343.2096889
2026-09-16 12:00:00,76215.3,76268.26,75392.47,75759.81,2537.06631707
2026-09-16 16:00:00,75761.07,76518.3,74959.43,76034.46,4770.45965325
2026-09-16 20:00:00,76025.58,76379.25,75613.16,76168.92,1289.37487988
2026-09-17 00:00:00,76173.2,76734.84,76015.78,76390.33,1394.29220412
2026-09-17 04:00:00,76388.58,76627.44,76130.83,76410.89,823.39995797
2026-09-17 08:00:00,76415.63,76715.69,76119.5,76422.05,956.81375313
2026-09-17 12:00:00,76417.73,77123.23,75955.59,76722.96,3395.47583515
2026-09-17 16:00:00,76723.4,76918.35,76418.02,76545.13,1615.3313421
2026-09-17 20:00:00,76542.27,76687.49,76206.88,76362.62,1072.25582887
2026-09-18 00:00:00,76362.59,77529.15,76234.84,77306.68,1987.74665997
2026-09-18 04:00:00,77308.67,77782.69,77135.95,77738.43,1779.43418422
2026-09-18 08:00:00,77742.22,78415.85,77597.82,78003.05,1886.72980868
2026-09-18 12:00:00,78006.52,81121.32,77909.3,80695.13,8147.82493236
2026-09-18 16:00:00,80698.5,81371.28,80544.51,81186.22,5146.1071454
2026-09-18 20:00:00,81191.97,81350.67,80837.58,80875.23,1970.09479247
2026-09-19 00:00:00,80871.48,81708.61,80815.58,81099.75,1748.07173481
2026-09-19 04:00:00,81102.5,81219.48,80893.79,81071.3,743.54473328
2026-09-19 08:00:00,81079.83,81500.65,81041.59,81283.21,803.13685293
2026-09-19 12:00:00,81285.97,81916.54,81151.82,81618.56,1236.83394983
2026-09-19 16:00:00,81623.04,81884.84,81289.04,81337.76,1086.11392947
2026-09-19 20:00:00,81337.69,81408.83,80875.66,81230.64,1054.75339876
2026-09-20 00:00:00,81232.74,81301.87,80095.02,80462.1,1346.20135398
2026-09-20 04:00:00,80463.61,80610.94,80191.22,80286.01,661.35124714
2026-09-20 08:00:00,80288.54,80548.55,80142.22,80448.11,687.21111058
2026-09-20 12:00:00,80446.92,80948.64,80299.39,80885.7,1015.57836249
2026-09-20 16:00:00,80889.22,81472.72,80787.01,81166.2,1486.6992212
2026-09-20 20:00:00,81168.45,81317.15,80581.46,81164.82,1333.36932131
2026-09-21 00:00:00,81164.99,82079.18,80843.7,81413.37,2200.02136801
2026-09-21 04:00:00,81410.62,81861.65,81212.91,81701.48,1098.66655197
2026-09-21 08:00:00,81704.49,85311.35,81702.38,84856.12,6682.92007452
2026-09-21 12:00:00,84859.69,86338.88,84753.5,85925.75,5956.05750354
2026-09-21 16:00:00,85925.76,86884.92,85601.68,86488.89,4331.39478211
2026-09-21 20:00:00,86493.91,87400.46,86274.64,86595.57,3755.90394359
2026-09-22 00:00:00,86596.12,86609.65,85287.54,85673.27,2339.89913951
2026-09-22 04:00:00,85670.03,85718.26,85088.82,85332.09,1487.63054044
2026-09-22 08:00:00,85340.65,86359.43,85319.0,85975.32,1904.76463207
2026-09-22 12:00:00,85975.6,86722.83,85455.22,86417.47,4237.25816679
2026-09-22 16:00:00,86417.16,86660.12,86016.08,86204.83,3856.53737232
2026-09-22 20:00:00,86207.73,86502.91,85994.28,86197.53,1549.82169685
2026-09-23 00:00:00,86193.7,86950.52,86125.42,86703.5,1351.06370737
2026-09-23 04:00:00,86702.37,87277.5,85985.31,86120.76,1706.75705701
2026-09-23 08:00:00,86132.56,86268.82,85432.96,85638.96,1698.69763155
2026-09-23 12:00:00,85639.49,85922.09,83838.53,83995.09,5098.12161842
2026-09-23 16:00:00,83990.27,84558.63,83497.25,84498.25,3207.18519693
2026-09-23 20:00:00,84502.89,84645.67,84192.75,84381.11,1231.91350976
2026-09-24 00:00:00,84378.42,84474.1,83724.55,83919.51,1685.92859685
2026-09-24 04:00:00,83919.01,84584.9,83750.96,84507.81,1240.817824
2026-09-24 08:00:00,84507.78,84603.2,82819.83,83457.77,2927.66904296
2026-09-24 12:00:00,83457.58,84908.65,83307.11,84387.77,3510.22973939
2026-09-24 16:00:00,84391.04,84896.66,83853.71,84386.87,2615.54910999
2026-09-24 20:00:00,84375.15,84477.3,83933.22,84375.87,1090.91874696
2026-09-25 00:00:00,84375.88,84857.58,84034.94,84203.89,1949.35864648
2026-09-25 04:00:00,84207.39,84325.81,83728.02,84015.86,1371.64218724
2026-09-25 08:00:00,84018.87,85226.94,84007.48,84572.86,1989.14378325
2026-09-25 12:00:00,84571.86,84690.49,83155.31,83783.27,5077.07513717
2026-09-25 16:00:00,83784.4,84115.5,83604.79,84003.06,1797.14113118
2026-09-25 20:00:00,84002.22,84184.11,83614.46,84086.04,924.12986499
2026-09-26 00:00:00,84086.05,84127.23,83775.37,83928.6,634.23075259
2026-09-26 04:00:00,83928.86,84116.45,83836.83,84099.24,497.14494761
2026-09-26 08:00:00,84098.99,84312.26,83938.54,84153.68,491.40485092
2026-09-26 12:00:00,84154.1,84184.62,83828.7,84137.61,880.59036806
2026-09-26 16:00:00,84137.64,84148.88,83950.1,83999.87,508.17391853
2026-09-26 20:00:00,84001.14,84448.06,83809.29,84411.6,797.82820359
2026-09-27 00:00:00,84416.37,84541.49,84224.52,84363.84,575.71396627
2026-09-27 04:00:00,84362.88,84768.77,84267.43,84763.78,514.77723707
2026-09-27 08:00:00,84763.53,85086.07,84565.43,84861.08,932.62236073
2026-09-27 12:00:00,84861.61,85129.01,84333.34,84436.28,1323.15538702
2026-09-27 16:00:00,84441.89,84819.2,84296.54,84708.11,1035.51474381
2026-09-27 20:00:00,84708.36,84790.19,84118.59,84456.89,1074.70727555
2026-09-28 00:00:00,84453.42,85001.21,83208.45,83343.73,2359.60855304
2026-09-28 04:00:00,83344.01,83550.08,82695.35,82969.04,2170.19147337
2026-09-28 08:00:00,82966.43,83160.27,82593.35,83085.7,2034.48420856
2026-09-28 12:00:00,83085.42,83823.81,82531.43,83364.27,3011.15894771
2026-09-28 16:00:00,83361.67,84367.69,83100.75,83370.36,2752.78394228
2026-09-28 20:00:00,83369.46,83638.61,83074.1,83476.27,1042.23013852
2026-09-29 00:00:00,83479.89,83595.36,82753.99,83053.16,1351.47412468
2026-09-29 04:00:00,83054.33,84180.13,82951.08,83976.04,1122.29525225
2026-09-29 08:00:00,83978.74,84499.44,83762.07,84352.03,1173.29373222
2026-09-29 12:00:00,84351.27,84576.86,82905.16,83071.82,2749.37583425
2026-09-29 16:00:00,83072.95,83690.16,82892.95,83594.1,1605.41349797
2026-09-29 20:00:00,83589.55,83839.69,83356.52,83655.31,1019.2720581
2026-09-30 00:00:00,83655.92,83719.0,83155.23,83298.25,787.74153756
2026-09-30 04:00:00,83291.59,83507.1,82942.94,83283.42,832.88099577
2026-09-30 08:00:00,83282.29,83966.93,83002.69,83902.7,1431.94174092
2026-09-30 12:00:00,83904.95,85600.93,83317.89,84083.92,5989.73624722
2026-09-30 16:00:00,84086.97,84440.13,83446.73,83552.58,2431.11442326
2026-09-30 20:00:00,83559.83,83808.88,83474.09,83572.61,1607.36743254
2026-10-01 00:00:00,83574.11,83736.07,83366.46,83713.23,1678.81677996
2026-10-01 04:00:00,83714.99,83889.63,83676.15,83782.77,191.18249412
