timestamp,open,high,low,close,volume
2026-07-16 17:00:00,29181.2,29184.4,29126.8,29130.6,19308.0
2026-07-16 17:15:00,29131.0,29185.2,29117.4,29176.0,17770.0
2026-07-16 17:30:00,29175.9,29187.0,29073.6,29086.6,19268.0
2026-07-16 17:45:00,29086.4,29111.0,29061.5,29086.0,16685.0
2026-07-16 18:00:00,29086.2,29120.4,29066.2,29075.4,21617.0
2026-07-16 18:15:00,29075.2,29146.7,29060.0,29112.0,21824.0
2026-07-16 18:30:00,29111.7,29111.8,29040.6,29080.6,20335.0
2026-07-16 18:45:00,29080.2,29095.4,29042.8,29053.0,16387.0
2026-07-16 19:00:00,29053.0,29084.6,29018.7,29025.4,19053.0
2026-07-16 19:15:00,29025.2,29028.2,28962.0,28990.4,18033.0
2026-07-16 19:30:00,28990.2,29012.2,28961.0,28964.2,20864.0
2026-07-16 19:45:00,28964.6,29077.8,28921.5,29059.7,24849.0
2026-07-16 20:00:00,29059.2,29073.5,29008.6,29010.2,10248.0
2026-07-16 20:15:00,29010.2,29042.4,29004.6,29023.0,4568.0
2026-07-16 20:30:00,29023.2,29032.3,29006.4,29016.2,3228.0
2026-07-16 20:45:00,29016.0,29022.2,29010.2,29018.0,2573.0
2026-07-16 22:00:00,29052.8,29061.8,29021.6,29027.7,2290.0
2026-07-16 22:15:00,29027.8,29029.5,28979.0,28981.6,1969.0
2026-07-16 22:30:00,28981.9,29001.3,28974.2,28991.0,1797.0
2026-07-16 22:45:00,28992.2,28993.5,28958.4,28977.8,2891.0
2026-07-16 23:00:00,28977.6,28987.2,28950.4,28973.5,2859.0
2026-07-16 23:15:00,28974.4,28976.2,28918.5,28934.8,2919.0
2026-07-16 23:30:00,28934.2,28971.2,28903.2,28951.3,3644.0
2026-07-16 23:45:00,28951.4,28961.5,28925.3,28938.9,7017.0
2026-07-17 00:00:00,28938.6,28966.7,28874.4,28885.0,13737.0
2026-07-17 00:15:00,28885.0,28918.9,28854.3,28860.8,14211.0
2026-07-17 00:30:00,28860.6,28872.6,28838.0,28867.7,10506.0
2026-07-17 00:45:00,28867.5,28924.8,28860.6,28899.6,11620.0
2026-07-17 01:00:00,28900.0,28948.2,28867.0,28872.4,11729.0
2026-07-17 01:15:00,28872.5,28888.6,28853.8,28882.5,9514.0
2026-07-17 01:30:00,28883.6,28886.2,28807.2,28816.4,12434.0
2026-07-17 01:45:00,28816.6,28833.0,28788.3,28814.0,11537.0
2026-07-17 02:00:00,28813.7,28828.9,28792.0,28800.5,9629.0
2026-07-17 02:15:00,28800.2,28803.8,28760.0,28771.2,7467.0
2026-07-17 02:30:00,28771.2,28781.0,28746.5,28776.7,7855.0
2026-07-17 02:45:00,28776.8,28780.8,28745.2,28767.7,7329.0
2026-07-17 03:00:00,28767.5,28803.0,28758.3,28797.2,7542.0
2026-07-17 03:15:00,28797.3,28868.2,28796.8,28857.5,7175.0
2026-07-17 03:30:00,28857.4,28859.4,28786.0,28798.4,8778.0
2026-07-17 03:45:00,28798.5,28802.4,28753.2,28754.0,7265.0
2026-07-17 04:00:00,28753.5,28754.9,28685.8,28692.4,9227.0
2026-07-17 04:15:00,28692.6,28701.7,28645.8,28651.3,8323.0
2026-07-17 04:30:00,28651.0,28666.0,28617.0,28652.5,10677.0
2026-07-17 04:45:00,28652.4,28683.4,28647.9,28647.9,9820.0
2026-07-17 05:00:00,28649.6,28662.3,28630.0,28645.2,12133.0
2026-07-17 05:15:00,28645.4,28665.0,28626.2,28633.3,10729.0
2026-07-17 05:30:00,28633.4,28653.9,28569.4,28601.5,12988.0
2026-07-17 05:45:00,28601.2,28616.0,28576.0,28598.2,11651.0
2026-07-17 06:00:00,28598.0,28616.0,28565.7,28600.2,11693.0
2026-07-17 06:15:00,28598.9,28667.0,28589.5,28658.0,9179.0
2026-07-17 06:30:00,28657.8,28667.0,28605.0,28617.3,8927.0
2026-07-17 06:45:00,28617.2,28617.2,28574.9,28585.8,7635.0
2026-07-17 07:00:00,28585.9,28610.0,28563.7,28594.2,13201.0
2026-07-17 07:15:00,28594.8,28606.8,28556.4,28589.8,10050.0
2026-07-17 07:30:00,28589.9,28601.6,28544.8,28558.0,9132.0
2026-07-17 07:45:00,28557.6,28564.0,28525.9,28528.8,9289.0
2026-07-17 08:00:00,28528.7,28577.0,28510.2,28520.0,15513.0
2026-07-17 08:15:00,28520.0,28521.8,28420.5,28451.4,16308.0
2026-07-17 08:30:00,28451.3,28459.3,28398.9,28428.0,11468.0
2026-07-17 08:45:00,28428.5,28502.4,28424.2,28471.4,10859.0
2026-07-17 09:00:00,28471.5,28518.4,28461.2,28515.0,10636.0
2026-07-17 09:15:00,28514.9,28532.8,28472.5,28532.5,9656.0
2026-07-17 09:30:00,28532.6,28558.0,28504.2,28527.9,9081.0
2026-07-17 09:45:00,28527.8,28569.7,28526.8,28553.4,9740.0
2026-07-17 10:00:00,28553.0,28614.2,28535.8,28610.0,11339.0
2026-07-17 10:15:00,28610.0,28629.6,28567.0,28615.9,10199.0
2026-07-17 10:30:00,28616.0,28668.2,28606.4,28643.0,8887.0
2026-07-17 10:45:00,28643.2,28657.2,28619.7,28626.4,8027.0
2026-07-17 11:00:00,28625.9,28650.3,28592.5,28600.8,10264.0
2026-07-17 11:15:00,28601.5,28610.2,28571.5,28604.7,8854.0
2026-07-17 11:30:00,28604.8,28607.8,28561.3,28571.4,9222.0
2026-07-17 11:45:00,28571.3,28603.3,28560.4,28582.7,8872.0
2026-07-17 12:00:00,28581.7,28587.8,28518.2,28526.4,10563.0
2026-07-17 12:15:00,28526.3,28538.8,28504.3,28518.2,9996.0
2026-07-17 12:30:00,28517.4,28525.3,28493.8,28517.2,10464.0
2026-07-17 12:45:00,28517.0,28533.0,28488.2,28507.5,10437.0
2026-07-17 13:00:00,28507.6,28508.0,28462.0,28464.6,13707.0
2026-07-17 13:15:00,28464.6,28489.0,28423.4,28450.8,16009.0
2026-07-17 13:30:00,28450.0,28526.8,28250.8,28262.4,45072.0
2026-07-17 13:45:00,28262.0,28523.0,28254.2,28517.3,39715.0
2026-07-17 14:00:00,28517.4,28704.9,28508.7,28646.0,39619.0
2026-07-17 14:15:00,28646.0,28729.4,28622.2,28674.2,37304.0
2026-07-17 14:30:00,28674.2,28738.0,28603.2,28667.5,35523.0
2026-07-17 14:45:00,28667.4,28700.0,28563.6,28569.0,33543.0
2026-07-17 15:00:00,28569.2,28597.6,28519.4,28549.2,32624.0
2026-07-17 15:15:00,28549.6,28601.4,28515.2,28596.2,30795.0
2026-07-17 15:30:00,28595.9,28685.8,28561.6,28641.0,31044.0
2026-07-17 15:45:00,28641.0,28790.8,28624.0,28775.8,27592.0
2026-07-17 16:00:00,28777.0,28797.8,28688.4,28782.0,30170.0
2026-07-17 16:15:00,28782.0,28798.6,28702.8,28756.8,26922.0
2026-07-17 16:30:00,28756.6,28814.2,28728.9,28813.7,23243.0
2026-07-17 16:45:00,28813.6,28870.6,28803.6,28816.6,21622.0
2026-07-17 17:00:00,28817.4,28888.4,28809.2,28837.6,20612.0
2026-07-17 17:15:00,28837.2,28885.0,28821.8,28877.8,20489.0
2026-07-17 17:30:00,28878.2,28884.6,28786.2,28792.4,20903.0
2026-07-17 17:45:00,28792.6,28810.7,28726.2,28738.4,19889.0
2026-07-17 18:00:00,28738.6,28777.8,28699.0,28705.2,21390.0
2026-07-17 18:15:00,28705.4,28712.8,28664.8,28694.6,23271.0
2026-07-17 18:30:00,28694.6,28733.4,28639.2,28650.9,21069.0
2026-07-17 18:45:00,28650.8,28728.0,28639.7,28703.8,20496.0
2026-07-17 19:00:00,28704.0,28711.8,28600.7,28602.2,20530.0
2026-07-17 19:15:00,28601.8,28646.4,28561.2,28637.4,22553.0
2026-07-17 19:30:00,28638.2,28686.2,28596.4,28637.6,25253.0
2026-07-17 19:45:00,28637.6,28696.0,28598.7,28606.8,27735.0
2026-07-17 20:00:00,28606.6,28609.9,28555.2,28581.0,12492.0
2026-07-17 20:15:00,28580.9,28596.7,28575.7,28591.7,4664.0
2026-07-17 20:30:00,28591.8,28611.2,28591.8,28609.4,3551.0
2026-07-17 20:45:00,28609.6,28621.8,28596.6,28614.8,2801.0
2026-07-19 22:00:00,28651.2,28654.8,28552.9,28558.2,6030.0
2026-07-19 22:15:00,28558.5,28657.4,28557.8,28607.6,4145.0
2026-07-19 22:30:00,28607.4,28692.5,28600.5,28681.9,4086.0
2026-07-19 22:45:00,28681.8,28690.9,28653.0,28657.0,2460.0
2026-07-19 23:00:00,28657.7,28678.8,28628.7,28655.0,4072.0
2026-07-19 23:15:00,28655.4,28666.8,28624.8,28646.6,3534.0
2026-07-19 23:30:00,28647.0,28708.9,28635.5,28708.0,3711.0
2026-07-19 23:45:00,28708.4,28719.4,28658.6,28711.6,10020.0
2026-07-20 00:00:00,28711.7,28798.2,28648.3,28781.6,15301.0
2026-07-20 00:15:00,28781.3,28805.7,28769.2,28777.0,13598.0
2026-07-20 00:30:00,28776.7,28780.8,28717.5,28729.0,13604.0
2026-07-20 00:45:00,28729.2,28743.7,28694.4,28700.8,14017.0
2026-07-20 01:00:00,28701.4,28760.6,28689.8,28694.7,18094.0
2026-07-20 01:15:00,28694.6,28726.6,28654.7,28658.2,17944.0
2026-07-20 01:30:00,28657.5,28676.7,28619.2,28639.7,18062.0
2026-07-20 01:45:00,28639.8,28662.8,28605.8,28638.8,15101.0
2026-07-20 02:00:00,28639.2,28730.4,28638.3,28681.0,14931.0
2026-07-20 02:15:00,28680.9,28690.0,28635.5,28652.7,13443.0
2026-07-20 02:30:00,28652.5,28758.2,28651.0,28742.0,14206.0
2026-07-20 02:45:00,28741.8,28782.0,28726.2,28729.0,12203.0
2026-07-20 03:00:00,28728.9,28755.6,28698.7,28727.2,12069.0
2026-07-20 03:15:00,28727.0,28755.5,28705.3,28719.8,12041.0
2026-07-20 03:30:00,28720.0,28746.2,28693.0,28741.4,11789.0
2026-07-20 03:45:00,28741.8,28780.0,28723.8,28739.8,9994.0
2026-07-20 04:00:00,28740.0,28761.0,28706.2,28709.6,9279.0
2026-07-20 04:15:00,28710.0,28745.4,28686.6,28741.9,10493.0
2026-07-20 04:30:00,28741.8,28782.8,28731.0,28776.2,9888.0
2026-07-20 04:45:00,28776.2,28784.6,28735.2,28739.2,8132.0
2026-07-20 05:00:00,28739.0,28745.0,28654.4,28704.4,11572.0
2026-07-20 05:15:00,28704.3,28705.0,28669.2,28674.3,12646.0
2026-07-20 05:30:00,28674.4,28680.6,28651.7,28655.0,11431.0
2026-07-20 05:45:00,28655.4,28674.2,28631.3,28649.2,10700.0
2026-07-20 06:00:00,28649.4,28665.6,28624.4,28627.2,11658.0
2026-07-20 06:15:00,28627.0,28657.6,28611.0,28628.2,10292.0
2026-07-20 06:30:00,28627.2,28655.6,28608.3,28646.4,9676.0
2026-07-20 06:45:00,28646.3,28652.9,28621.4,28647.4,7651.0
2026-07-20 07:00:00,28649.3,28676.7,28647.4,28663.8,10976.0
2026-07-20 07:15:00,28663.9,28728.0,28640.5,28722.0,10582.0
2026-07-20 07:30:00,28721.8,28768.0,28719.7,28748.0,13019.0
2026-07-20 07:45:00,28748.0,28764.9,28722.0,28751.7,9266.0
2026-07-20 08:00:00,28752.2,28776.6,28732.0,28769.3,11172.0
2026-07-20 08:15:00,28769.2,28782.0,28737.8,28744.4,8469.0
2026-07-20 08:30:00,28744.0,28748.8,28703.0,28706.6,8183.0
2026-07-20 08:45:00,28706.4,28732.0,28703.2,28723.4,7341.0
2026-07-20 09:00:00,28723.2,28731.4,28697.6,28719.6,7798.0
2026-07-20 09:15:00,28719.4,28758.5,28719.2,28747.4,6560.0
2026-07-20 09:30:00,28747.3,28784.0,28740.2,28784.0,6541.0
2026-07-20 09:45:00,28783.8,28840.5,28782.3,28794.5,6784.0
2026-07-20 10:00:00,28795.2,28799.6,28770.0,28775.0,6567.0
2026-07-20 10:15:00,28775.0,28804.4,28763.6,28798.4,6376.0
2026-07-20 10:30:00,28798.5,28817.6,28789.6,28810.0,6638.0
2026-07-20 10:45:00,28809.7,28822.0,28804.0,28812.4,6600.0
2026-07-20 11:00:00,28813.2,28866.8,28805.9,28854.8,8511.0
2026-07-20 11:15:00,28854.7,28861.0,28830.6,28840.5,6452.0
2026-07-20 11:30:00,28840.4,28951.2,28838.2,28930.5,17930.0
2026-07-20 11:45:00,28931.2,28940.0,28891.0,28915.4,9615.0
2026-07-20 12:00:00,28915.2,28918.4,28824.5,28846.2,16270.0
2026-07-20 12:15:00,28846.0,28878.8,28833.5,28877.2,8770.0
2026-07-20 12:30:00,28877.3,28888.6,28843.5,28848.3,8797.0
2026-07-20 12:45:00,28848.2,28886.2,28846.2,28866.6,9372.0
2026-07-20 13:00:00,28866.8,28900.2,28860.4,28866.0,10496.0
2026-07-20 13:15:00,28866.4,28901.6,28863.8,28886.6,10443.0
2026-07-20 13:30:00,28886.4,29023.9,28869.5,29020.6,35596.0
2026-07-20 13:45:00,29020.6,29034.7,28822.6,28839.0,33660.0
2026-07-20 14:00:00,28838.9,28890.2,28780.8,28815.6,35859.0
2026-07-20 14:15:00,28815.2,28874.0,28750.2,28872.8,32826.0
2026-07-20 14:30:00,28873.2,28892.2,28795.0,28807.2,31138.0
2026-07-20 14:45:00,28807.2,28846.4,28716.8,28734.0,31009.0
2026-07-20 15:00:00,28734.0,28831.6,28715.8,28787.0,30290.0
2026-07-20 15:15:00,28787.0,28866.0,28771.6,28858.0,25840.0
2026-07-20 15:30:00,28858.2,28876.3,28828.6,28870.2,22666.0
2026-07-20 15:45:00,28870.0,28907.7,28817.2,28893.6,20498.0
2026-07-20 16:00:00,28893.4,28960.9,28871.6,28949.2,16380.0
2026-07-20 16:15:00,28949.0,28955.0,28912.4,28926.6,14769.0
2026-07-20 16:30:00,28927.2,28943.2,28810.7,28846.8,18749.0
2026-07-20 16:45:00,28847.0,28894.2,28798.6,28825.7,20048.0
2026-07-20 17:00:00,28825.8,28841.6,28764.2,28769.0,18272.0
2026-07-20 17:15:00,28768.9,28818.2,28753.0,28800.0,15842.0
2026-07-20 17:30:00,28800.6,28814.9,28743.2,28752.6,15563.0
2026-07-20 17:45:00,28753.0,28824.8,28750.8,28799.0,15178.0
2026-07-20 18:00:00,28799.8,28844.2,28799.2,28835.6,14291.0
2026-07-20 18:15:00,28835.4,28852.2,28774.4,28790.2,15641.0
2026-07-20 18:30:00,28790.8,28791.6,28701.9,28702.6,17146.0
2026-07-20 18:45:00,28702.7,28743.6,28698.3,28713.0,16981.0
2026-07-20 19:00:00,28714.0,28738.4,28650.4,28650.6,18149.0
2026-07-20 19:15:00,28650.6,28711.4,28638.9,28697.3,19995.0
2026-07-20 19:30:00,28698.2,28736.2,28677.2,28709.6,19739.0
2026-07-20 19:45:00,28709.4,28722.0,28610.5,28627.4,22027.0
2026-07-20 20:00:00,28627.4,28673.6,28610.3,28615.6,8680.0
2026-07-20 20:15:00,28615.6,28617.0,28593.2,28601.0,3938.0
2026-07-20 20:30:00,28601.4,28623.6,28600.2,28613.2,2598.0
2026-07-20 20:45:00,28615.0,28627.2,28610.4,28627.2,2522.0
2026-07-20 22:00:00,28612.3,28620.6,28548.2,28563.0,2958.0
2026-07-20 22:15:00,28563.2,28572.6,28553.5,28562.0,2310.0
2026-07-20 22:30:00,28562.4,28575.9,28544.0,28566.6,2258.0
2026-07-20 22:45:00,28566.7,28575.5,28549.3,28559.2,1602.0
2026-07-20 23:00:00,28559.0,28620.4,28554.7,28610.7,3013.0
2026-07-20 23:15:00,28610.8,28664.0,28608.0,28661.6,3273.0
2026-07-20 23:30:00,28661.5,28666.4,28648.0,28654.2,2253.0
2026-07-20 23:45:00,28653.0,28671.2,28600.7,28621.4,8351.0
2026-07-21 00:00:00,28621.2,28621.2,28549.2,28579.2,17474.0
2026-07-21 00:15:00,28579.2,28676.7,28552.2,28659.7,16628.0
2026-07-21 00:30:00,28659.8,28721.8,28656.0,28708.7,13277.0
2026-07-21 00:45:00,28708.6,28739.4,28697.8,28700.2,11431.0
2026-07-21 01:00:00,28700.2,28753.4,28679.5,28746.0,13171.0
2026-07-21 01:15:00,28746.7,28754.6,28715.0,28733.4,12213.0
2026-07-21 01:30:00,28733.2,28763.4,28709.2,28717.3,12022.0
2026-07-21 01:45:00,28717.2,28753.0,28712.2,28726.2,11549.0
2026-07-21 02:00:00,28726.3,28780.2,28720.3,28727.6,11307.0
2026-07-21 02:15:00,28727.9,28762.6,28702.0,28736.0,9794.0
2026-07-21 02:30:00,28736.4,28798.0,28735.8,28791.3,8272.0
2026-07-21 02:45:00,28791.4,28798.8,28770.0,28796.9,7056.0
2026-07-21 03:00:00,28797.0,28824.0,28794.4,28817.5,5477.0
2026-07-21 03:15:00,28816.9,28839.7,28814.0,28838.2,4707.0
2026-07-21 03:30:00,28838.0,28891.4,28834.8,28876.2,6253.0
2026-07-21 03:45:00,28876.0,28920.2,28875.6,28914.5,6057.0
2026-07-21 04:00:00,28914.6,28931.4,28900.9,28909.4,5879.0
2026-07-21 04:15:00,28909.2,28919.4,28898.0,28907.6,4897.0
2026-07-21 04:30:00,28907.4,28918.0,28899.8,28906.8,4728.0
2026-07-21 04:45:00,28906.9,28919.0,28891.0,28897.8,4627.0
2026-07-21 05:00:00,28899.3,28903.4,28876.3,28877.5,5857.0
2026-07-21 05:15:00,28878.0,28913.0,28859.4,28908.6,7884.0
2026-07-21 05:30:00,28908.8,28936.0,28882.0,28929.5,7042.0
2026-07-21 05:45:00,28929.2,28947.0,28913.4,28940.8,6541.0
2026-07-21 06:00:00,28940.4,28983.3,28938.2,28975.0,6698.0
2026-07-21 06:15:00,28974.9,28983.8,28951.0,28954.5,6662.0
2026-07-21 06:30:00,28955.2,28996.8,28954.4,28996.4,6612.0
2026-07-21 06:45:00,28996.5,28997.8,28973.0,28989.2,4045.0
2026-07-21 07:00:00,28990.6,29002.8,28960.2,28973.6,7816.0
2026-07-21 07:15:00,28973.0,28973.6,28934.8,28946.3,6806.0
2026-07-21 07:30:00,28946.2,28969.0,28930.3,28954.3,6172.0
2026-07-21 07:45:00,28954.4,28963.2,28934.3,28960.4,5102.0
2026-07-21 08:00:00,28959.8,28996.0,28947.2,28994.3,8328.0
2026-07-21 08:15:00,28994.2,29011.0,28983.3,29011.0,5552.0
2026-07-21 08:30:00,29011.0,29018.5,28998.3,29010.2,4801.0
2026-07-21 08:45:00,29009.9,29017.0,28992.0,29009.8,4168.0
2026-07-21 09:00:00,29009.6,29023.6,29005.2,29013.7,4823.0
2026-07-21 09:15:00,29014.7,29038.0,29007.0,29009.0,4828.0
2026-07-21 09:30:00,29008.8,29021.8,28993.8,29007.5,4416.0
2026-07-21 09:45:00,29007.4,29027.4,28995.7,28997.0,4286.0
2026-07-21 10:00:00,28997.0,29040.5,28997.0,29013.8,7041.0
2026-07-21 10:15:00,29013.7,29029.4,29007.6,29016.7,4948.0
2026-07-21 10:30:00,29016.5,29045.6,29007.3,29013.9,4556.0
2026-07-21 10:45:00,29013.8,29028.2,28998.2,29009.0,4215.0
2026-07-21 11:00:00,29009.4,29026.2,28975.9,29000.0,6683.0
2026-07-21 11:15:00,29000.2,29001.8,28963.6,28970.7,5383.0
2026-07-21 11:30:00,28970.8,29015.4,28969.0,29009.0,6108.0
2026-07-21 11:45:00,29008.7,29024.6,28987.5,28995.6,5251.0
2026-07-21 12:00:00,28995.5,29037.0,28988.3,29020.4,7474.0
2026-07-21 12:15:00,29020.6,29020.8,28976.0,28976.0,8873.0
2026-07-21 12:30:00,28976.6,28985.2,28954.2,28977.2,9276.0
2026-07-21 12:45:00,28977.0,29029.6,28976.6,29014.8,9240.0
2026-07-21 13:00:00,29015.0,29026.0,28999.2,29004.8,8455.0
2026-07-21 13:15:00,29005.2,29067.0,28998.8,29064.7,9466.0
2026-07-21 13:30:00,29065.0,29088.4,28972.2,28987.4,39891.0
2026-07-21 13:45:00,28987.0,29020.2,28935.4,28995.0,37407.0
2026-07-21 14:00:00,28995.6,29031.0,28906.6,28972.7,34664.0
2026-07-21 14:15:00,28972.4,29060.6,28910.0,29049.0,31414.0
2026-07-21 14:30:00,29049.4,29077.8,29005.2,29067.6,24746.0
2026-07-21 14:45:00,29067.0,29098.3,29052.8,29080.0,24886.0
2026-07-21 15:00:00,29080.2,29139.8,29024.2,29134.0,21994.0
2026-07-21 15:15:00,29134.6,29162.2,29114.6,29149.8,15236.0
2026-07-21 15:30:00,29149.7,29150.7,29100.6,29103.4,12987.0
2026-07-21 15:45:00,29103.2,29143.4,29099.8,29101.8,13417.0
2026-07-21 16:00:00,29101.9,29167.2,29097.0,29144.7,13339.0
2026-07-21 16:15:00,29144.5,29179.4,29143.4,29154.7,11939.0
2026-07-21 16:30:00,29155.0,29177.2,29145.9,29160.9,9817.0
2026-07-21 16:45:00,29161.0,29194.7,29153.8,29173.9,9586.0
2026-07-21 17:00:00,29174.0,29197.8,29173.2,29177.2,10226.0
2026-07-21 17:15:00,29177.2,29187.2,29165.5,29175.2,9640.0
2026-07-21 17:30:00,29175.8,29193.8,29170.0,29183.4,10348.0
2026-07-21 17:45:00,29183.6,29205.0,29175.2,29183.9,9244.0
2026-07-21 18:00:00,29184.0,29204.0,29179.9,29180.2,9798.0
2026-07-21 18:15:00,29180.8,29186.9,29161.9,29167.6,8564.0
2026-07-21 18:30:00,29167.7,29191.3,29153.0,29189.9,9513.0
2026-07-21 18:45:00,29190.4,29198.0,29159.2,29170.4,8747.0
2026-07-21 19:00:00,29170.7,29178.2,29147.0,29151.6,10443.0
2026-07-21 19:15:00,29151.7,29162.7,29133.2,29135.9,9987.0
2026-07-21 19:30:00,29135.8,29182.7,29133.4,29180.4,11272.0
2026-07-21 19:45:00,29180.3,29192.8,29142.8,29154.4,15394.0
2026-07-21 20:00:00,29154.6,29159.0,29128.3,29148.9,6413.0
2026-07-21 20:15:00,29148.8,29148.8,29126.0,29135.2,2595.0
2026-07-21 20:30:00,29135.2,29144.7,29132.5,29135.2,2000.0
2026-07-21 20:45:00,29135.4,29137.0,29121.7,29127.7,1915.0
2026-07-21 22:00:00,29142.0,29145.3,29123.0,29139.8,2954.0
2026-07-21 22:15:00,29139.9,29144.3,29107.9,29113.0,2485.0
2026-07-21 22:30:00,29112.8,29125.2,29100.4,29112.3,1979.0
2026-07-21 22:45:00,29112.2,29118.0,29095.0,29116.6,2716.0
2026-07-21 23:00:00,29115.7,29128.5,29103.9,29125.2,2236.0
2026-07-21 23:15:00,29125.0,29146.2,29115.0,29138.4,2513.0
2026-07-21 23:30:00,29138.3,29146.4,29113.8,29122.4,2347.0
2026-07-21 23:45:00,29122.3,29145.6,29112.5,29139.8,6471.0
2026-07-22 00:00:00,29139.4,29179.0,29129.2,29170.8,12880.0
2026-07-22 00:15:00,29170.7,29172.8,29133.5,29141.8,12184.0
2026-07-22 00:30:00,29141.9,29147.8,29114.7,29126.2,11501.0
2026-07-22 00:45:00,29126.4,29135.0,29102.0,29130.8,10304.0
2026-07-22 01:00:00,29131.0,29136.7,29076.7,29098.9,11434.0
2026-07-22 01:15:00,29099.6,29113.6,29082.0,29088.8,9126.0
2026-07-22 01:30:00,29088.9,29103.8,29074.2,29097.0,11327.0
2026-07-22 01:45:00,29097.4,29148.5,29093.2,29119.2,7722.0
2026-07-22 02:00:00,29119.3,29126.6,29081.0,29104.0,9113.0
2026-07-22 02:15:00,29103.9,29126.6,29093.2,29118.7,8497.0
2026-07-22 02:30:00,29118.5,29119.8,29086.0,29095.5,8852.0
2026-07-22 02:45:00,29095.4,29106.4,29071.2,29081.8,6911.0
2026-07-22 03:00:00,29081.4,29087.0,29053.0,29056.4,7367.0
2026-07-22 03:15:00,29056.7,29104.2,29054.4,29104.2,7475.0
2026-07-22 03:30:00,29104.2,29109.8,29060.2,29065.7,8723.0
2026-07-22 03:45:00,29065.8,29084.3,29033.0,29041.6,7561.0
2026-07-22 04:00:00,29041.8,29067.0,29030.6,29056.2,6624.0
2026-07-22 04:15:00,29056.0,29081.0,29055.2,29076.0,5125.0
2026-07-22 04:30:00,29075.6,29076.0,29051.5,29059.3,5681.0
2026-07-22 04:45:00,29059.7,29064.6,29036.5,29063.9,6020.0
2026-07-22 05:00:00,29064.0,29067.8,29022.3,29029.4,9214.0
2026-07-22 05:15:00,29029.3,29038.2,29008.2,29008.2,11368.0
2026-07-22 05:30:00,29008.4,29027.0,28988.6,28990.0,11521.0
2026-07-22 05:45:00,28990.2,29020.0,28983.2,29015.3,8948.0
2026-07-22 06:00:00,29015.2,29015.5,28969.0,28975.5,9824.0
2026-07-22 06:15:00,28975.4,28975.4,28902.4,28921.8,8820.0
2026-07-22 06:30:00,28921.4,28957.8,28910.4,28944.6,6809.0
2026-07-22 06:45:00,28944.6,28945.2,28905.3,28935.0,6004.0
2026-07-22 07:00:00,28934.5,28944.7,28893.6,28940.0,9535.0
2026-07-22 07:15:00,28940.0,28966.2,28926.9,28961.0,7275.0
2026-07-22 07:30:00,28961.0,28966.3,28868.5,28907.3,9803.0
2026-07-22 07:45:00,28907.2,28919.0,28883.0,28898.6,8033.0
2026-07-22 08:00:00,28900.4,28949.4,28883.0,28909.9,11036.0
2026-07-22 08:15:00,28909.8,28947.0,28904.2,28944.3,9095.0
2026-07-22 08:30:00,28944.0,28958.7,28923.0,28928.9,7020.0
2026-07-22 08:45:00,28929.0,28960.0,28928.4,28952.7,6464.0
2026-07-22 09:00:00,28952.5,28992.0,28949.3,28974.5,6773.0
2026-07-22 09:15:00,28973.9,28989.2,28967.2,28968.0,6246.0
2026-07-22 09:30:00,28968.0,28968.7,28939.3,28958.6,7011.0
2026-07-22 09:45:00,28958.9,28970.4,28932.2,28969.9,6568.0
2026-07-22 10:00:00,28970.0,29001.2,28962.5,28963.0,6153.0
2026-07-22 10:15:00,28963.4,29010.6,28956.0,29004.0,8047.0
2026-07-22 10:30:00,29004.7,29012.0,28977.2,28977.6,7497.0
2026-07-22 10:45:00,28977.7,29015.7,28976.2,28997.0,5821.0
2026-07-22 11:00:00,28996.7,29007.3,28965.0,28966.4,8118.0
2026-07-22 11:15:00,28966.3,28977.8,28941.5,28944.8,6364.0
2026-07-22 11:30:00,28944.9,28956.4,28860.5,28885.0,9730.0
2026-07-22 11:45:00,28885.2,28921.7,28878.2,28897.0,8853.0
2026-07-22 12:00:00,28897.2,28914.0,28868.5,28887.5,8299.0
2026-07-22 12:15:00,28888.2,28890.2,28837.8,28869.0,7895.0
2026-07-22 12:30:00,28870.0,28910.5,28870.0,28898.5,9759.0
2026-07-22 12:45:00,28898.6,28899.4,28803.4,28859.6,10978.0
2026-07-22 13:00:00,28859.0,28905.4,28859.0,28899.2,9026.0
2026-07-22 13:15:00,28899.2,28941.0,28896.8,28932.0,10157.0
2026-07-22 13:30:00,28932.6,29028.2,28932.6,29021.2,36662.0
2026-07-22 13:45:00,29020.4,29119.4,28995.2,29119.0,28767.0
2026-07-22 14:00:00,29118.4,29125.9,29059.8,29078.2,26065.0
2026-07-22 14:15:00,29078.2,29115.6,29038.6,29062.0,29631.0
2026-07-22 14:30:00,29061.4,29102.6,29015.4,29027.8,27688.0
2026-07-22 14:45:00,29027.7,29087.2,29016.7,29083.2,24898.0
2026-07-22 15:00:00,29083.2,29156.0,29083.0,29148.6,18336.0
2026-07-22 15:15:00,29148.7,29184.7,29134.4,29167.0,16973.0
2026-07-22 15:30:00,29166.4,29177.6,29117.0,29131.0,16323.0
2026-07-22 15:45:00,29131.6,29175.2,29131.6,29172.2,14755.0
2026-07-22 16:00:00,29172.4,29175.7,29155.2,29170.8,12197.0
2026-07-22 16:15:00,29170.9,29177.3,29142.5,29153.6,12710.0
2026-07-22 16:30:00,29153.4,29170.7,29126.2,29132.9,11949.0
2026-07-22 16:45:00,29133.0,29163.9,29119.0,29153.2,12270.0
2026-07-22 17:00:00,29153.2,29173.3,29145.5,29156.4,10435.0
2026-07-22 17:15:00,29156.6,29165.2,29141.4,29151.8,11691.0
2026-07-22 17:30:00,29152.0,29166.2,29127.2,29140.2,11215.0
2026-07-22 17:45:00,29140.4,29144.7,29080.7,29090.4,12669.0
2026-07-22 18:00:00,29090.6,29117.2,29070.7,29070.7,13467.0
2026-07-22 18:15:00,29070.6,29100.3,29068.7,29085.8,12053.0
2026-07-22 18:30:00,29085.7,29086.6,29054.2,29074.9,10835.0
2026-07-22 18:45:00,29074.8,29108.2,29071.2,29094.8,9893.0
2026-07-22 19:00:00,29095.4,29107.2,29064.7,29074.0,11969.0
2026-07-22 19:15:00,29073.9,29112.0,29066.9,29105.7,11538.0
2026-07-22 19:30:00,29105.8,29106.6,29045.0,29064.4,13399.0
2026-07-22 19:45:00,29064.6,29097.4,29014.8,29015.6,16235.0
2026-07-22 20:00:00,29016.6,29106.7,28976.4,29105.9,15180.0
2026-07-22 20:15:00,29106.3,29115.8,29060.6,29074.0,6387.0
2026-07-22 20:30:00,29073.9,29081.2,29040.0,29041.0,4656.0
2026-07-22 20:45:00,29041.0,29068.8,29031.6,29032.4,4060.0
2026-07-22 22:00:00,28965.0,28972.3,28917.5,28941.2,3986.0
2026-07-22 22:15:00,28941.7,28962.6,28927.2,28938.6,3667.0
2026-07-22 22:30:00,28938.6,28944.8,28897.8,28901.8,3835.0
2026-07-22 22:45:00,28902.7,28941.0,28896.0,28928.2,2978.0
2026-07-22 23:00:00,28929.4,28937.0,28882.9,28920.2,3972.0
2026-07-22 23:15:00,28920.0,28922.6,28892.2,28914.6,2358.0
2026-07-22 23:30:00,28914.4,28954.8,28914.4,28953.0,3079.0
2026-07-22 23:45:00,28953.0,28999.6,28946.9,28999.4,6332.0
2026-07-23 00:00:00,28999.3,29029.2,28989.2,29023.7,12323.0
2026-07-23 00:15:00,29023.8,29112.6,29013.7,29083.3,11240.0
2026-07-23 00:30:00,29083.4,29105.6,29075.3,29090.6,10935.0
2026-07-23 00:45:00,29090.7,29138.2,29085.5,29112.0,8872.0
2026-07-23 01:00:00,29112.0,29127.6,29093.2,29125.6,10774.0
2026-07-23 01:15:00,29125.4,29129.7,29088.5,29097.5,10448.0
2026-07-23 01:30:00,29097.4,29116.3,29037.0,29038.5,16063.0
2026-07-23 01:45:00,29038.7,29073.7,29032.2,29033.0,13803.0
2026-07-23 02:00:00,29032.9,29056.8,29004.4,29005.2,12642.0
2026-07-23 02:15:00,29005.0,29011.5,28948.7,28960.5,11087.0
2026-07-23 02:30:00,28960.6,28982.0,28915.3,28925.4,10789.0
2026-07-23 02:45:00,28925.3,28953.0,28919.3,28947.9,8628.0
2026-07-23 03:00:00,28947.8,28953.3,28887.0,28909.9,9164.0
2026-07-23 03:15:00,28910.0,28940.4,28897.0,28940.2,8977.0
2026-07-23 03:30:00,28940.2,28973.3,28928.8,28973.0,11821.0
2026-07-23 03:45:00,28973.2,28984.6,28960.0,28968.0,7299.0
2026-07-23 04:00:00,28968.7,28991.6,28924.2,28991.6,8465.0
2026-07-23 04:15:00,28991.8,29018.8,28968.5,29007.3,7864.0
2026-07-23 04:30:00,29007.4,29022.0,28994.6,28997.8,7966.0
2026-07-23 04:45:00,28998.0,29013.7,28968.8,28980.8,7680.0
2026-07-23 05:00:00,28980.7,28985.0,28957.0,28973.9,10321.0
2026-07-23 05:15:00,28973.8,29027.0,28955.3,29027.0,9549.0
2026-07-23 05:30:00,29027.0,29039.7,28992.2,29004.6,10366.0
2026-07-23 05:45:00,29004.4,29005.6,28935.2,28943.4,9808.0
2026-07-23 06:00:00,28943.8,28972.8,28933.9,28955.0,11083.0
2026-07-23 06:15:00,28954.7,28967.4,28935.8,28964.7,9672.0
2026-07-23 06:30:00,28965.0,28969.4,28938.0,28938.6,7920.0
2026-07-23 06:45:00,28938.8,28976.0,28932.4,28940.2,6500.0
2026-07-23 07:00:00,28940.3,28943.5,28810.6,28851.8,15146.0
2026-07-23 07:15:00,28852.0,28895.0,28848.8,28872.8,12225.0
2026-07-23 07:30:00,28873.0,28876.3,28794.0,28797.0,11192.0
2026-07-23 07:45:00,28797.0,28845.0,28778.6,28843.7,12204.0
2026-07-23 08:00:00,28843.8,28898.6,28815.3,28891.6,11980.0
2026-07-23 08:15:00,28891.8,28917.5,28874.4,28906.3,10310.0
2026-07-23 08:30:00,28906.2,28918.0,28887.6,28894.4,8784.0
2026-07-23 08:45:00,28894.3,28967.4,28891.0,28959.5,8465.0
2026-07-23 09:00:00,28960.0,28993.9,28936.4,28937.5,10191.0
2026-07-23 09:15:00,28937.7,28959.0,28934.0,28947.5,6770.0
2026-07-23 09:30:00,28947.2,28947.5,28924.0,28931.8,7559.0
2026-07-23 09:45:00,28931.7,28943.0,28901.8,28911.8,7908.0
2026-07-23 10:00:00,28911.2,28923.8,28895.0,28899.2,7767.0
2026-07-23 10:15:00,28899.0,28919.9,28893.4,28909.4,8363.0
2026-07-23 10:30:00,28909.3,28978.7,28902.7,28957.5,9091.0
2026-07-23 10:45:00,28957.4,28965.0,28950.9,28958.4,6950.0
2026-07-23 11:00:00,28959.0,28963.9,28890.6,28913.5,10462.0
2026-07-23 11:15:00,28913.4,28928.4,28849.0,28850.6,9925.0
2026-07-23 11:30:00,28850.8,28858.8,28770.2,28781.8,13732.0
2026-07-23 11:45:00,28781.9,28838.9,28770.0,28821.0,12102.0
2026-07-23 12:00:00,28821.2,28823.6,28771.9,28772.8,11157.0
2026-07-23 12:15:00,28772.5,28794.2,28711.6,28722.4,15635.0
2026-07-23 12:30:00,28716.4,28731.2,28626.0,28645.2,16816.0
2026-07-23 12:45:00,28645.9,28661.4,28611.4,28643.4,17696.0
2026-07-23 13:00:00,28643.2,28660.8,28572.4,28583.4,18689.0
2026-07-23 13:15:00,28583.2,28587.8,28555.0,28575.5,16979.0
2026-07-23 13:30:00,28574.6,28739.3,28513.6,28712.8,41972.0
2026-07-23 13:45:00,28712.7,28724.6,28552.6,28564.8,40509.0
2026-07-23 14:00:00,28564.7,28657.4,28535.0,28560.7,41411.0
2026-07-23 14:15:00,28560.6,28636.6,28543.5,28588.8,38518.0
2026-07-23 14:30:00,28588.2,28629.4,28481.8,28501.4,37799.0
2026-07-23 14:45:00,28501.2,28527.0,28433.9,28453.2,34195.0
2026-07-23 15:00:00,28453.2,28461.4,28339.4,28350.2,27714.0
2026-07-23 15:15:00,28350.0,28425.6,28304.8,28323.0,29347.0
2026-07-23 15:30:00,28323.8,28407.6,28289.2,28350.8,29605.0
2026-07-23 15:45:00,28350.0,28446.2,28335.2,28444.7,25427.0
2026-07-23 16:00:00,28444.6,28500.2,28430.0,28486.0,23211.0
2026-07-23 16:15:00,28486.2,28571.6,28465.9,28563.6,19370.0
2026-07-23 16:30:00,28563.4,28594.8,28539.2,28544.2,19759.0
2026-07-23 16:45:00,28543.6,28543.6,28466.2,28497.7,22560.0
2026-07-23 17:00:00,28497.6,28519.0,28444.8,28498.8,24621.0
2026-07-23 17:15:00,28497.0,28532.9,28471.0,28509.0,21458.0
2026-07-23 17:30:00,28508.9,28513.6,28427.2,28451.0,24485.0
2026-07-23 17:45:00,28451.0,28485.8,28422.0,28424.0,21851.0
2026-07-23 18:00:00,28424.0,28438.7,28399.0,28416.0,19303.0
2026-07-23 18:15:00,28416.6,28440.8,28401.7,28431.6,16914.0
2026-07-23 18:30:00,28431.0,28459.2,28401.8,28411.8,15800.0
2026-07-23 18:45:00,28411.7,28440.2,28387.2,28411.7,14282.0
2026-07-23 19:00:00,28411.5,28428.2,28362.7,28367.0,13626.0
2026-07-23 19:15:00,28367.2,28456.3,28365.8,28444.6,15666.0
2026-07-23 19:30:00,28445.8,28457.0,28363.6,28363.8,18999.0
2026-07-23 19:45:00,28363.7,28497.6,28347.5,28478.6,23826.0
2026-07-23 20:00:00,28479.2,28610.7,28476.8,28591.4,12911.0
2026-07-23 20:15:00,28590.6,28641.6,28583.4,28633.6,8103.0
2026-07-23 20:30:00,28633.4,28645.6,28592.6,28600.4,5806.0
2026-07-23 20:45:00,28600.1,28608.6,28589.6,28607.6,4266.0
2026-07-23 22:00:00,28555.1,28558.2,28498.0,28507.2,4285.0
2026-07-23 22:15:00,28506.9,28541.4,28489.5,28528.5,3858.0
2026-07-23 22:30:00,28528.6,28557.0,28528.2,28549.5,2873.0
2026-07-23 22:45:00,28549.4,28597.2,28548.6,28595.5,2831.0
2026-07-23 23:00:00,28595.4,28599.2,28554.4,28563.0,2893.0
2026-07-23 23:15:00,28562.9,28572.5,28553.9,28565.0,2243.0
2026-07-23 23:30:00,28563.2,28566.5,28526.0,28551.7,3734.0
2026-07-23 23:45:00,28552.6,28574.9,28523.8,28544.6,10748.0
2026-07-24 00:00:00,28546.0,28589.6,28484.5,28507.6,17796.0
2026-07-24 00:15:00,28507.8,28548.4,28481.2,28509.4,16542.0
2026-07-24 00:30:00,28510.1,28541.5,28486.8,28521.0,13487.0
2026-07-24 00:45:00,28520.9,28544.8,28491.7,28536.1,14103.0
2026-07-24 01:00:00,28536.2,28566.6,28521.6,28528.2,15989.0
2026-07-24 01:15:00,28528.2,28558.5,28506.6,28521.2,14487.0
2026-07-24 01:30:00,28521.6,28549.9,28510.6,28529.1,17492.0
2026-07-24 01:45:00,28529.2,28538.4,28476.4,28478.5,13355.0
2026-07-24 02:00:00,28478.6,28497.1,28459.1,28482.9,13622.0
2026-07-24 02:15:00,28483.0,28489.7,28451.6,28459.8,11970.0
2026-07-24 02:30:00,28459.9,28463.9,28413.0,28413.4,10866.0
2026-07-24 02:45:00,28412.7,28418.0,28381.4,28384.6,10303.0
2026-07-24 03:00:00,28384.0,28411.2,28383.2,28403.8,9787.0
2026-07-24 03:15:00,28403.6,28426.0,28386.6,28409.9,10836.0
2026-07-24 03:30:00,28410.2,28420.8,28365.2,28369.5,13146.0
2026-07-24 03:45:00,28369.6,28384.6,28346.4,28350.6,9617.0
2026-07-24 04:00:00,28350.8,28380.4,28332.2,28351.0,9475.0
2026-07-24 04:15:00,28350.9,28421.5,28347.1,28416.2,8871.0
2026-07-24 04:30:00,28416.0,28422.8,28377.0,28393.4,9604.0
2026-07-24 04:45:00,28393.4,28436.4,28384.6,28430.2,8857.0
2026-07-24 05:00:00,28431.9,28465.2,28413.0,28457.6,12086.0
2026-07-24 05:15:00,28457.5,28466.5,28436.1,28447.4,12061.0
2026-07-24 05:30:00,28447.6,28459.7,28431.6,28455.9,11213.0
2026-07-24 05:45:00,28455.7,28472.2,28409.1,28410.7,9376.0
2026-07-24 06:00:00,28410.9,28414.4,28368.5,28374.9,9471.0
2026-07-24 06:15:00,28375.2,28441.0,28373.7,28400.7,9467.0
2026-07-24 06:30:00,28400.8,28426.2,28370.2,28372.4,8366.0
2026-07-24 06:45:00,28372.2,28412.2,28346.6,28408.4,8210.0
2026-07-24 07:00:00,28408.5,28502.8,28404.8,28501.2,12645.0
2026-07-24 07:15:00,28501.5,28528.5,28489.2,28518.2,9843.0
2026-07-24 07:30:00,28518.2,28523.4,28475.5,28491.2,9190.0
2026-07-24 07:45:00,28491.2,28498.4,28477.7,28480.4,7386.0
2026-07-24 08:00:00,28480.9,28484.5,28422.2,28439.1,11773.0
2026-07-24 08:15:00,28439.0,28487.8,28436.6,28487.4,10789.0
2026-07-24 08:30:00,28487.2,28514.2,28479.1,28494.9,8962.0
2026-07-24 08:45:00,28494.2,28499.2,28474.2,28486.2,8289.0
2026-07-24 09:00:00,28486.4,28546.9,28476.8,28507.4,10750.0
2026-07-24 09:15:00,28507.2,28541.6,28497.2,28538.0,8423.0
2026-07-24 09:30:00,28538.2,28566.7,28528.5,28561.1,7396.0
2026-07-24 09:45:00,28561.0,28569.2,28545.7,28564.8,5954.0
2026-07-24 10:00:00,28565.0,28570.6,28524.2,28528.6,6365.0
2026-07-24 10:15:00,28528.2,28544.0,28519.2,28532.9,5721.0
2026-07-24 10:30:00,28532.7,28550.5,28502.6,28512.2,7014.0
2026-07-24 10:45:00,28512.2,28521.9,28498.4,28504.2,6961.0
2026-07-24 11:00:00,28504.4,28531.8,28496.8,28521.6,9410.0
2026-07-24 11:15:00,28521.7,28528.5,28501.9,28507.5,7228.0
2026-07-24 11:30:00,28507.4,28514.0,28481.6,28481.7,9145.0
2026-07-24 11:45:00,28481.6,28563.8,28467.2,28544.2,10971.0
2026-07-24 12:00:00,28543.5,28560.4,28490.5,28555.0,13117.0
2026-07-24 12:15:00,28554.9,28559.7,28518.2,28551.6,10336.0
2026-07-24 12:30:00,28551.4,28553.6,28489.4,28493.8,10287.0
2026-07-24 12:45:00,28494.2,28500.4,28453.4,28457.0,9204.0
2026-07-24 13:00:00,28456.8,28467.4,28436.8,28456.8,10729.0
2026-07-24 13:15:00,28455.4,28480.6,28403.2,28405.4,12681.0
2026-07-24 13:30:00,28404.7,28487.0,28323.8,28350.1,40945.0
2026-07-24 13:45:00,28350.6,28374.2,28179.2,28189.2,38438.0
2026-07-24 14:00:00,28188.4,28316.4,28171.6,28286.4,38529.0
2026-07-24 14:15:00,28286.2,28297.2,28165.0,28256.4,36703.0
2026-07-24 14:30:00,28257.2,28260.4,28128.2,28152.6,34832.0
2026-07-24 14:45:00,28153.2,28325.9,28119.6,28314.0,31399.0
2026-07-24 15:00:00,28314.8,28374.7,28220.0,28358.8,34767.0
2026-07-24 15:15:00,28359.0,28421.6,28322.5,28365.4,35204.0
2026-07-24 15:30:00,28365.6,28442.5,28349.8,28370.8,29193.0
2026-07-24 15:45:00,28371.4,28448.1,28356.8,28441.6,23910.0
2026-07-24 16:00:00,28442.2,28495.8,28414.9,28439.0,19836.0
2026-07-24 16:15:00,28439.2,28458.2,28418.0,28430.9,17524.0
2026-07-24 16:30:00,28430.8,28434.1,28360.4,28364.8,20096.0
2026-07-24 16:45:00,28364.2,28376.1,28326.0,28359.8,21057.0
2026-07-24 17:00:00,28360.4,28367.4,28292.4,28324.0,21743.0
2026-07-24 17:15:00,28323.9,28386.9,28306.2,28379.4,18143.0
2026-07-24 17:30:00,28380.0,28409.2,28328.2,28329.2,16503.0
2026-07-24 17:45:00,28329.4,28366.4,28317.1,28331.4,16049.0
2026-07-24 18:00:00,28331.4,28351.1,28285.8,28293.4,15137.0
2026-07-24 18:15:00,28293.8,28295.0,28198.4,28202.4,16957.0
2026-07-24 18:30:00,28202.4,28211.4,28124.2,28141.0,20562.0
2026-07-24 18:45:00,28140.9,28192.8,28134.6,28166.8,19677.0
2026-07-24 19:00:00,28166.4,28193.4,28085.0,28086.6,21305.0
2026-07-24 19:15:00,28086.8,28131.2,28078.1,28118.6,21331.0
2026-07-24 19:30:00,28119.2,28168.2,28104.2,28139.8,23138.0
2026-07-24 19:45:00,28139.4,28159.0,28089.8,28148.5,21557.0
2026-07-24 20:00:00,28148.1,28168.4,28125.4,28156.4,9736.0
2026-07-24 20:15:00,28156.6,28194.2,28156.6,28169.6,5516.0
2026-07-24 20:30:00,28169.7,28172.7,28150.4,28170.2,4404.0
2026-07-24 20:45:00,28170.6,28178.4,28154.5,28170.0,3279.0
2026-07-26 22:00:00,28511.2,28516.2,28444.6,28478.5,6898.0
2026-07-26 22:15:00,28478.6,28512.4,28461.4,28488.1,4872.0
2026-07-26 22:30:00,28488.0,28506.0,28484.2,28492.0,3540.0
2026-07-26 22:45:00,28491.9,28500.2,28469.4,28475.0,2638.0
2026-07-26 23:00:00,28475.6,28503.4,28463.5,28495.6,3631.0
2026-07-26 23:15:00,28498.1,28502.1,28476.0,28482.9,2422.0
2026-07-26 23:30:00,28482.4,28534.4,28475.8,28519.2,2981.0
2026-07-26 23:45:00,28519.1,28596.2,28503.0,28593.6,10031.0
2026-07-27 00:00:00,28593.5,28598.0,28481.9,28527.2,18079.0
2026-07-27 00:15:00,28527.6,28528.5,28447.5,28482.5,17939.0
2026-07-27 00:30:00,28482.6,28521.2,28462.9,28464.0,15219.0
2026-07-27 00:45:00,28464.1,28520.5,28460.6,28463.2,15623.0
2026-07-27 01:00:00,28463.2,28499.2,28431.5,28438.2,17193.0
2026-07-27 01:15:00,28438.2,28446.6,28391.6,28403.6,15772.0
2026-07-27 01:30:00,28404.0,28486.5,28400.7,28454.5,19839.0
2026-07-27 01:45:00,28454.4,28479.4,28437.1,28479.2,17364.0
2026-07-27 02:00:00,28479.1,28492.6,28452.2,28474.4,15682.0
2026-07-27 02:15:00,28474.2,28517.5,28470.7,28504.1,13184.0
2026-07-27 02:30:00,28503.4,28520.8,28471.2,28512.6,11964.0
2026-07-27 02:45:00,28512.5,28523.2,28476.4,28479.4,9675.0
2026-07-27 03:00:00,28479.2,28509.4,28470.2,28508.4,10042.0
2026-07-27 03:15:00,28508.6,28515.6,28483.2,28483.7,9008.0
2026-07-27 03:30:00,28484.4,28501.6,28464.6,28484.0,11845.0
2026-07-27 03:45:00,28483.6,28492.2,28458.2,28478.6,10610.0
2026-07-27 04:00:00,28479.5,28489.9,28462.7,28485.8,10894.0
2026-07-27 04:15:00,28485.7,28512.0,28472.4,28485.2,10461.0
2026-07-27 04:30:00,28485.2,28519.0,28474.6,28513.2,8699.0
2026-07-27 04:45:00,28513.1,28528.1,28503.2,28509.5,7939.0
2026-07-27 05:00:00,28509.4,28539.5,28503.0,28534.7,9426.0
2026-07-27 05:15:00,28534.6,28548.8,28529.7,28544.5,7659.0
2026-07-27 05:30:00,28544.4,28569.2,28539.2,28552.1,8406.0
2026-07-27 05:45:00,28552.0,28569.2,28547.2,28560.0,7949.0
2026-07-27 06:00:00,28560.2,28593.2,28559.7,28582.4,8907.0
2026-07-27 06:15:00,28582.5,28587.7,28558.9,28562.8,7077.0
2026-07-27 06:30:00,28563.0,28580.2,28559.6,28561.6,6766.0
2026-07-27 06:45:00,28561.7,28567.6,28545.6,28558.5,6022.0
2026-07-27 07:00:00,28558.6,28593.8,28553.7,28592.8,10673.0
2026-07-27 07:15:00,28592.7,28596.8,28567.2,28570.2,8343.0
2026-07-27 07:30:00,28570.0,28571.6,28537.2,28561.5,7253.0
2026-07-27 07:45:00,28561.4,28566.8,28526.7,28526.7,8856.0
2026-07-27 08:00:00,28526.9,28565.8,28524.2,28558.9,12527.0
2026-07-27 08:15:00,28558.8,28589.2,28542.5,28585.4,9438.0
2026-07-27 08:30:00,28585.6,28609.0,28568.2,28601.2,8287.0
2026-07-27 08:45:00,28601.0,28613.8,28589.6,28601.6,7041.0
2026-07-27 09:00:00,28601.4,28602.8,28585.4,28590.4,6263.0
2026-07-27 09:15:00,28590.5,28603.5,28588.2,28590.8,5862.0
2026-07-27 09:30:00,28591.0,28612.8,28583.6,28611.8,5946.0
2026-07-27 09:45:00,28611.7,28627.7,28607.9,28609.8,5270.0
2026-07-27 10:00:00,28609.7,28618.6,28592.0,28603.6,6048.0
2026-07-27 10:15:00,28603.7,28613.0,28596.0,28603.2,5428.0
2026-07-27 10:30:00,28603.4,28615.9,28598.4,28611.4,4236.0
2026-07-27 10:45:00,28611.4,28623.2,28605.0,28606.5,4288.0
2026-07-27 11:00:00,28606.4,28609.4,28573.8,28576.8,7103.0
2026-07-27 11:15:00,28577.0,28585.4,28514.4,28517.4,7087.0
2026-07-27 11:30:00,28518.1,28550.2,28511.2,28532.4,9950.0
2026-07-27 11:45:00,28532.4,28542.0,28524.2,28538.0,7031.0
2026-07-27 12:00:00,28537.8,28562.6,28499.0,28501.5,10683.0
2026-07-27 12:15:00,28501.6,28518.0,28494.2,28514.7,8497.0
2026-07-27 12:30:00,28514.8,28536.4,28498.0,28535.2,9115.0
2026-07-27 12:45:00,28534.8,28556.9,28530.7,28555.8,9144.0
2026-07-27 13:00:00,28555.8,28565.0,28513.0,28527.8,13042.0
2026-07-27 13:15:00,28527.4,28540.4,28453.4,28455.4,12215.0
2026-07-27 13:30:00,28456.2,28480.7,28293.0,28320.2,41780.0
2026-07-27 13:45:00,28320.2,28368.6,28206.4,28212.4,39258.0
2026-07-27 14:00:00,28213.9,28237.0,28096.0,28116.5,38724.0
2026-07-27 14:15:00,28117.6,28163.4,27941.2,27951.0,36895.0
2026-07-27 14:30:00,27951.2,27969.4,27804.2,27823.8,40609.0
2026-07-27 14:45:00,27824.2,28045.2,27823.2,28035.4,37678.0
2026-07-27 15:00:00,28035.5,28063.2,27987.4,27990.0,34920.0
2026-07-27 15:15:00,27990.2,28016.0,27912.2,27937.5,34905.0
2026-07-27 15:30:00,27938.6,27950.2,27846.0,27907.2,31244.0
2026-07-27 15:45:00,27907.4,27941.4,27863.6,27930.6,29898.0
2026-07-27 16:00:00,27930.4,28022.3,27925.6,27946.2,27310.0
2026-07-27 16:15:00,27946.3,28072.1,27912.6,28022.5,30490.0
2026-07-27 16:30:00,28022.2,28064.3,27981.2,28001.6,28911.0
2026-07-27 16:45:00,28001.6,28024.2,27895.6,27914.6,26271.0
2026-07-27 17:00:00,27915.0,27923.8,27862.2,27902.8,21676.0
2026-07-27 17:15:00,27903.0,27911.1,27855.1,27866.4,21582.0
2026-07-27 17:30:00,27866.5,27932.6,27865.4,27903.6,21833.0
2026-07-27 17:45:00,27904.2,27977.2,27881.8,27975.8,20809.0
2026-07-27 18:00:00,27975.6,27991.8,27956.8,27971.3,19378.0
2026-07-27 18:15:00,27971.2,27976.2,27920.8,27956.2,20258.0
2026-07-27 18:30:00,27955.8,27961.2,27893.8,27956.4,18723.0
2026-07-27 18:45:00,27957.1,28065.0,27943.6,28062.4,20902.0
2026-07-27 19:00:00,28062.8,28109.2,28042.6,28078.2,18783.0
2026-07-27 19:15:00,28077.6,28121.8,28072.4,28120.6,13553.0
2026-07-27 19:30:00,28121.0,28131.6,28049.2,28053.6,15873.0
2026-07-27 19:45:00,28053.6,28082.0,28032.6,28069.8,21122.0
2026-07-27 20:00:00,28070.0,28096.2,28046.2,28067.8,7643.0
2026-07-27 20:15:00,28067.8,28071.5,28051.0,28071.4,3326.0
2026-07-27 20:30:00,28071.2,28107.9,28067.8,28084.8,3769.0
2026-07-27 20:45:00,28084.8,28086.8,28063.5,28075.6,2901.0
2026-07-27 22:00:00,28088.8,28091.3,28031.7,28034.1,3311.0
2026-07-27 22:15:00,28033.9,28043.3,28002.4,28004.6,3344.0
2026-07-27 22:30:00,28004.4,28032.2,28000.6,28008.7,2799.0
2026-07-27 22:45:00,28010.0,28024.6,28001.2,28008.6,1988.0
2026-07-27 23:00:00,28008.4,28027.2,27981.6,28005.6,3701.0
2026-07-27 23:15:00,28004.4,28039.1,27993.9,28037.2,2764.0
2026-07-27 23:30:00,28036.1,28036.8,28005.9,28007.8,2346.0
2026-07-27 23:45:00,28008.7,28054.4,27996.9,28039.2,11680.0
2026-07-28 00:00:00,28041.2,28070.4,27970.6,27987.2,20673.0
2026-07-28 00:15:00,27987.0,28008.6,27944.8,27980.1,19329.0
2026-07-28 00:30:00,27980.2,28015.2,27936.2,27996.6,19866.0
2026-07-28 00:45:00,27996.4,27996.8,27931.3,27947.2,16093.0
2026-07-28 01:00:00,27947.4,27954.0,27845.0,27868.7,18486.0
2026-07-28 01:15:00,27868.6,27954.1,27862.4,27935.3,15946.0
2026-07-28 01:30:00,27935.2,27973.2,27922.7,27955.4,17348.0
2026-07-28 01:45:00,27955.3,27970.2,27883.9,27896.8,16476.0
2026-07-28 02:00:00,27896.6,27899.8,27859.6,27871.6,15239.0
2026-07-28 02:15:00,27871.3,27905.9,27849.1,27863.4,15668.0
2026-07-28 02:30:00,27863.6,27864.7,27827.4,27847.0,13797.0
2026-07-28 02:45:00,27847.2,27883.2,27831.7,27868.4,13503.0
2026-07-28 03:00:00,27868.4,27873.8,27808.4,27844.1,11577.0
2026-07-28 03:15:00,27843.9,27922.6,27839.4,27862.4,13543.0
2026-07-28 03:30:00,27862.3,27939.1,27827.4,27932.6,17887.0
2026-07-28 03:45:00,27932.6,27946.6,27902.6,27924.4,16034.0
2026-07-28 04:00:00,27924.4,27924.8,27854.4,27861.1,13323.0
2026-07-28 04:15:00,27860.9,27892.9,27846.4,27849.0,11008.0
2026-07-28 04:30:00,27849.2,27859.1,27836.6,27851.1,10753.0
2026-07-28 04:45:00,27850.9,27878.9,27827.4,27831.8,11177.0
2026-07-28 05:00:00,27831.9,27858.8,27818.6,27822.7,14582.0
2026-07-28 05:15:00,27822.8,27832.1,27790.6,27795.3,11022.0
2026-07-28 05:30:00,27795.4,27799.6,27752.4,27773.4,12504.0
2026-07-28 05:45:00,27773.3,27799.9,27747.2,27756.7,10924.0
2026-07-28 06:00:00,27756.8,27777.3,27715.4,27720.9,12697.0
2026-07-28 06:15:00,27721.3,27782.6,27721.0,27778.2,12861.0
2026-07-28 06:30:00,27777.8,27812.0,27768.4,27794.2,11724.0
2026-07-28 06:45:00,27794.3,27834.3,27778.3,27822.2,8390.0
2026-07-28 07:00:00,27822.3,27855.8,27810.4,27848.3,13830.0
2026-07-28 07:15:00,27848.0,27864.1,27814.2,27819.4,11273.0
2026-07-28 07:30:00,27819.2,27837.6,27803.4,27815.7,10288.0
2026-07-28 07:45:00,27815.4,27829.6,27784.4,27809.1,11746.0
2026-07-28 08:00:00,27809.2,27824.0,27756.4,27765.1,15967.0
2026-07-28 08:15:00,27764.7,27883.1,27759.8,27878.1,16711.0
2026-07-28 08:30:00,27878.2,27922.6,27850.6,27913.3,12624.0
2026-07-28 08:45:00,27913.4,27927.4,27862.8,27869.4,10071.0
2026-07-28 09:00:00,27869.3,27890.6,27858.0,27865.1,10273.0
2026-07-28 09:15:00,27865.4,27891.9,27861.1,27889.3,8840.0
2026-07-28 09:30:00,27888.9,27889.2,27843.2,27848.4,8426.0
2026-07-28 09:45:00,27848.3,27857.2,27817.8,27832.6,7219.0
2026-07-28 10:00:00,27832.4,27841.4,27823.2,27828.2,8615.0
2026-07-28 10:15:00,27828.1,27845.4,27809.0,27843.7,8415.0
2026-07-28 10:30:00,27843.8,27855.8,27781.1,27808.2,11595.0
2026-07-28 10:45:00,27808.1,27827.1,27802.2,27818.9,9325.0
2026-07-28 11:00:00,27819.1,27828.2,27740.8,27745.4,14767.0
2026-07-28 11:15:00,27745.6,27833.6,27744.7,27759.6,14900.0
2026-07-28 11:30:00,27758.9,27803.6,27724.9,27738.9,13653.0
2026-07-28 11:45:00,27738.8,27849.7,27736.4,27839.0,12608.0
2026-07-28 12:00:00,27838.9,27877.4,27825.6,27839.6,13776.0
2026-07-28 12:15:00,27839.7,27894.2,27824.7,27885.6,12668.0
2026-07-28 12:30:00,27885.6,27903.4,27832.4,27885.4,14674.0
2026-07-28 12:45:00,27885.6,27908.4,27854.6,27869.7,12316.0
2026-07-28 13:00:00,27869.6,27903.0,27850.0,27877.2,13691.0
2026-07-28 13:15:00,27877.0,27904.2,27814.0,27826.6,15351.0
2026-07-28 13:30:00,27825.4,27868.3,27604.2,27625.6,43566.0
2026-07-28 13:45:00,27625.4,27673.6,27519.1,27539.7,42770.0
2026-07-28 14:00:00,27539.8,27668.4,27484.4,27506.4,41838.0
2026-07-28 14:15:00,27506.0,27592.8,27479.8,27581.4,40544.0
2026-07-28 14:30:00,27581.6,27668.4,27545.4,27647.0,37609.0
2026-07-28 14:45:00,27647.0,27765.4,27620.9,27678.2,31414.0
2026-07-28 15:00:00,27678.9,27758.6,27643.6,27729.8,34810.0
2026-07-28 15:15:00,27729.2,27885.6,27713.0,27840.4,32760.0
2026-07-28 15:30:00,27842.0,27910.6,27825.4,27907.4,24886.0
2026-07-28 15:45:00,27907.8,27938.3,27887.2,27924.0,21664.0
2026-07-28 16:00:00,27923.8,27946.5,27875.4,27885.4,20043.0
2026-07-28 16:15:00,27885.5,27923.5,27863.3,27873.2,17849.0
2026-07-28 16:30:00,27873.6,27921.4,27832.4,27910.4,20086.0
2026-07-28 16:45:00,27910.2,27957.5,27870.8,27935.0,19631.0
2026-07-28 17:00:00,27935.2,27944.2,27847.0,27865.9,19735.0
2026-07-28 17:15:00,27866.8,27923.0,27851.5,27876.4,20140.0
2026-07-28 17:30:00,27876.6,27922.2,27829.3,27834.9,17107.0
2026-07-28 17:45:00,27834.8,27865.8,27805.0,27853.8,17183.0
2026-07-28 18:00:00,27853.6,27880.0,27795.6,27797.8,18165.0
2026-07-28 18:15:00,27797.7,27828.0,27793.2,27807.0,16546.0
2026-07-28 18:30:00,27807.2,27843.4,27801.0,27818.4,17974.0
2026-07-28 18:45:00,27818.2,27859.4,27809.6,27853.2,15574.0
2026-07-28 19:00:00,27853.4,27901.8,27852.7,27867.2,15481.0
2026-07-28 19:15:00,27867.0,27901.2,27845.8,27897.8,14517.0
2026-07-28 19:30:00,27899.0,27903.7,27822.2,27834.8,16823.0
2026-07-28 19:45:00,27834.4,27867.9,27791.9,27800.2,20665.0
2026-07-28 20:00:00,27799.8,27847.4,27765.2,27799.4,11419.0
2026-07-28 20:15:00,27799.8,27871.4,27791.3,27858.0,6715.0
2026-07-28 20:30:00,27857.8,27864.3,27817.4,27829.0,5585.0
2026-07-28 20:45:00,27828.5,27843.0,27816.0,27838.4,3917.0
2026-07-28 22:00:00,27854.2,27894.3,27843.0,27852.6,3297.0
2026-07-28 22:15:00,27852.7,27859.0,27787.2,27820.2,4313.0
2026-07-28 22:30:00,27818.4,27822.8,27737.0,27742.4,4970.0
2026-07-28 22:45:00,27742.5,27744.2,27637.7,27638.0,7445.0
2026-07-28 23:00:00,27637.9,27737.8,27613.2,27722.2,8080.0
2026-07-28 23:15:00,27722.2,27771.2,27690.6,27769.8,6212.0
2026-07-28 23:30:00,27769.5,27904.6,27765.2,27893.9,5505.0
2026-07-28 23:45:00,27893.3,27984.8,27871.2,27983.7,12979.0
2026-07-29 00:00:00,27983.2,28057.3,27957.8,28020.9,16534.0
2026-07-29 00:15:00,28021.0,28041.3,27932.8,27955.3,15895.0
2026-07-29 00:30:00,27954.7,27961.0,27898.6,27949.6,14870.0
2026-07-29 00:45:00,27948.5,27964.7,27881.4,27890.8,13916.0
2026-07-29 01:00:00,27891.2,27921.4,27792.6,27801.5,18527.0
2026-07-29 01:15:00,27801.6,27880.0,27777.6,27853.4,16749.0
2026-07-29 01:30:00,27852.8,27862.0,27759.2,27759.2,19405.0
2026-07-29 01:45:00,27759.2,27772.6,27664.6,27666.2,16433.0
2026-07-29 02:00:00,27666.9,27749.0,27651.2,27724.6,20210.0
2026-07-29 02:15:00,27724.4,27776.4,27676.7,27775.7,16105.0
2026-07-29 02:30:00,27776.0,27792.2,27739.2,27767.2,14129.0
2026-07-29 02:45:00,27766.6,27770.5,27704.0,27720.2,11376.0
2026-07-29 03:00:00,27720.0,27762.4,27668.9,27710.2,15400.0
2026-07-29 03:15:00,27710.2,27720.6,27656.2,27658.0,11444.0
2026-07-29 03:30:00,27657.9,27673.3,27623.0,27653.6,12141.0
2026-07-29 03:45:00,27653.0,27666.5,27582.8,27597.6,9544.0
2026-07-29 04:00:00,27598.4,27603.2,27557.5,27572.2,13507.0
2026-07-29 04:15:00,27572.4,27593.2,27528.8,27564.0,16420.0
2026-07-29 04:30:00,27564.2,27600.0,27528.4,27531.0,16650.0
2026-07-29 04:45:00,27531.2,27639.4,27521.4,27637.2,16106.0
2026-07-29 05:00:00,27642.9,27714.8,27616.0,27713.4,16586.0
2026-07-29 05:15:00,27713.5,27714.0,27653.2,27696.4,14102.0
2026-07-29 05:30:00,27696.6,27734.0,27666.7,27708.8,14521.0
2026-07-29 05:45:00,27708.9,27722.7,27670.8,27675.2,12569.0
2026-07-29 06:00:00,27674.8,27679.2,27617.4,27645.2,13066.0
2026-07-29 06:15:00,27645.0,27691.9,27635.6,27690.8,10735.0
2026-07-29 06:30:00,27690.4,27793.7,27689.6,27789.2,9369.0
2026-07-29 06:45:00,27788.8,27822.2,27775.2,27809.9,6367.0
2026-07-29 07:00:00,27809.8,27826.4,27778.2,27803.2,10654.0
2026-07-29 07:15:00,27803.2,27832.7,27786.2,27827.2,8598.0
2026-07-29 07:30:00,27827.7,27842.2,27801.2,27801.8,6535.0
2026-07-29 07:45:00,27802.2,27804.2,27772.0,27787.3,7669.0
2026-07-29 08:00:00,27787.4,27804.7,27738.0,27741.0,11835.0
2026-07-29 08:15:00,27741.0,27765.2,27700.5,27721.8,10369.0
2026-07-29 08:30:00,27721.4,27809.6,27710.7,27804.2,9304.0
2026-07-29 08:45:00,27804.0,27819.2,27776.3,27783.9,7709.0
2026-07-29 09:00:00,27783.8,27858.8,27781.2,27857.7,8549.0
2026-07-29 09:15:00,27858.0,27866.0,27831.8,27857.5,7951.0
2026-07-29 09:30:00,27857.0,27892.6,27837.7,27880.6,8078.0
2026-07-29 09:45:00,27880.6,27940.5,27879.6,27899.4,8715.0
2026-07-29 10:00:00,27899.2,27925.0,27884.8,27890.2,8910.0
2026-07-29 10:15:00,27890.2,27904.4,27866.5,27897.2,7621.0
2026-07-29 10:30:00,27897.0,27903.7,27835.5,27847.8,8584.0
2026-07-29 10:45:00,27848.0,27850.8,27811.9,27829.6,8537.0
2026-07-29 11:00:00,27829.8,27884.3,27814.7,27872.0,10301.0
2026-07-29 11:15:00,27872.0,27903.4,27863.9,27880.2,8219.0
2026-07-29 11:30:00,27880.5,27889.0,27841.2,27846.3,8301.0
2026-07-29 11:45:00,27846.2,27884.2,27836.5,27883.0,9033.0
2026-07-29 12:00:00,27882.4,27887.3,27815.2,27821.0,9802.0
2026-07-29 12:15:00,27821.2,27828.2,27733.5,27748.0,19249.0
2026-07-29 12:30:00,27747.4,27799.0,27725.5,27791.8,11696.0
2026-07-29 12:45:00,27792.4,27811.0,27783.8,27788.4,10036.0
2026-07-29 13:00:00,27788.8,27797.7,27751.0,27753.6,12923.0
2026-07-29 13:15:00,27753.9,27820.0,27736.6,27795.8,13442.0
2026-07-29 13:30:00,27795.9,27876.4,27717.5,27797.2,44253.0
2026-07-29 13:45:00,27797.3,27828.0,27548.4,27614.6,40862.0
2026-07-29 14:00:00,27614.8,27706.6,27516.6,27528.6,40689.0
2026-07-29 14:15:00,27529.0,27575.8,27419.4,27453.0,39421.0
2026-07-29 14:30:00,27453.0,27532.6,27391.0,27418.2,37130.0
2026-07-29 14:45:00,27417.7,27495.2,27398.2,27480.4,35702.0
2026-07-29 15:00:00,27480.5,27536.6,27445.8,27457.6,34155.0
2026-07-29 15:15:00,27458.3,27504.2,27427.5,27435.2,32226.0
2026-07-29 15:30:00,27436.2,27476.0,27399.2,27414.6,28026.0
2026-07-29 15:45:00,27414.0,27446.4,27345.0,27397.8,26867.0
2026-07-29 16:00:00,27397.9,27420.4,27299.8,27300.4,24104.0
2026-07-29 16:15:00,27300.6,27436.7,27289.6,27431.6,24216.0
2026-07-29 16:30:00,27431.7,27466.2,27368.5,27386.6,22364.0
2026-07-29 16:45:00,27387.2,27486.6,27372.8,27486.4,24311.0
2026-07-29 17:00:00,27486.5,27620.2,27478.8,27618.8,23947.0
2026-07-29 17:15:00,27619.0,27632.2,27534.0,27534.0,24085.0
2026-07-29 17:30:00,27533.8,27578.0,27512.6,27563.0,23387.0
2026-07-29 17:45:00,27563.2,27613.6,27538.8,27604.7,17988.0
2026-07-29 18:00:00,27607.8,27773.8,27607.8,27684.8,37594.0
2026-07-29 18:15:00,27685.4,27729.0,27613.9,27662.6,31439.0
2026-07-29 18:30:00,27662.6,27873.4,27595.2,27860.9,37851.0
2026-07-29 18:45:00,27860.0,27982.4,27846.6,27943.0,35463.0
2026-07-29 19:00:00,27943.7,27985.0,27725.3,27791.7,37992.0
2026-07-29 19:15:00,27791.3,27824.0,27527.2,27596.9,38582.0
2026-07-29 19:30:00,27596.6,27628.9,27344.8,27359.4,41074.0
2026-07-29 19:45:00,27359.3,27395.6,27203.2,27222.9,39979.0
2026-07-29 20:00:00,27223.3,27248.0,27093.2,27185.4,22635.0
2026-07-29 20:15:00,27185.1,27224.2,27095.3,27128.2,12745.0
2026-07-29 20:30:00,27128.4,27217.1,27093.2,27198.2,8424.0
2026-07-29 20:45:00,27198.4,27206.8,27152.9,27160.6,5869.0
2026-07-29 22:00:00,27179.8,27374.1,27177.4,27321.7,8778.0
2026-07-29 22:15:00,27321.8,27369.0,27283.1,27320.4,7449.0
2026-07-29 22:30:00,27320.6,27351.2,27298.8,27343.9,4966.0
2026-07-29 22:45:00,27345.0,27364.1,27307.4,27335.6,4381.0
2026-07-29 23:00:00,27336.4,27409.4,27332.6,27364.3,5184.0
2026-07-29 23:15:00,27364.2,27426.2,27355.6,27419.3,4534.0
2026-07-29 23:30:00,27419.0,27444.6,27387.2,27408.4,5637.0
2026-07-29 23:45:00,27408.3,27441.6,27381.9,27407.6,15113.0
2026-07-30 00:00:00,27407.9,27492.8,27358.6,27465.1,25053.0
2026-07-30 00:15:00,27465.2,27488.6,27436.4,27479.4,24720.0
2026-07-30 00:30:00,27480.6,27496.1,27374.9,27392.3,20437.0
2026-07-30 00:45:00,27392.0,27435.1,27376.4,27432.4,21427.0
2026-07-30 01:00:00,27432.3,27545.8,27420.6,27455.6,22316.0
2026-07-30 01:15:00,27455.4,27533.4,27449.8,27524.8,22528.0
2026-07-30 01:30:00,27524.7,27579.3,27521.2,27562.8,18295.0
2026-07-30 01:45:00,27563.0,27582.2,27533.8,27536.6,17097.0
2026-07-30 02:00:00,27536.7,27573.4,27515.8,27522.2,18918.0
2026-07-30 02:15:00,27521.7,27537.3,27489.6,27498.1,16555.0
2026-07-30 02:30:00,27498.2,27499.0,27445.4,27495.1,14986.0
2026-07-30 02:45:00,27495.6,27515.4,27425.2,27427.2,15789.0
2026-07-30 03:00:00,27427.0,27462.4,27371.8,27384.2,15349.0
2026-07-30 03:15:00,27384.3,27409.7,27357.4,27401.3,15726.0
2026-07-30 03:30:00,27401.6,27443.4,27366.4,27418.2,19812.0
2026-07-30 03:45:00,27417.8,27448.6,27403.8,27416.6,16014.0
2026-07-30 04:00:00,27417.6,27430.2,27366.9,27371.3,14239.0
2026-07-30 04:15:00,27371.4,27427.4,27346.3,27420.4,14925.0
2026-07-30 04:30:00,27419.6,27429.2,27347.2,27356.4,14886.0
2026-07-30 04:45:00,27356.6,27397.6,27321.0,27332.6,14507.0
2026-07-30 05:00:00,27333.3,27343.6,27307.2,27343.1,17440.0
2026-07-30 05:15:00,27343.2,27385.2,27338.6,27364.3,18600.0
2026-07-30 05:30:00,27364.4,27412.4,27350.9,27407.2,19018.0
2026-07-30 05:45:00,27406.8,27432.1,27350.3,27373.6,15153.0
2026-07-30 06:00:00,27372.8,27392.1,27345.2,27354.3,17011.0
2026-07-30 06:15:00,27354.2,27384.1,27332.9,27367.6,12628.0
2026-07-30 06:30:00,27367.4,27371.0,27320.0,27321.8,9879.0
2026-07-30 06:45:00,27321.2,27349.6,27301.9,27320.4,9561.0
2026-07-30 07:00:00,27320.6,27407.1,27301.3,27364.0,19587.0
2026-07-30 07:15:00,27363.4,27368.7,27281.4,27295.2,15546.0
2026-07-30 07:30:00,27295.0,27333.8,27237.8,27318.3,13913.0
2026-07-30 07:45:00,27317.9,27329.2,27276.2,27280.4,11334.0
2026-07-30 08:00:00,27279.4,27341.8,27223.9,27323.2,16434.0
2026-07-30 08:15:00,27323.1,27408.2,27309.8,27393.6,14251.0
2026-07-30 08:30:00,27394.0,27412.7,27374.4,27380.4,12587.0
2026-07-30 08:45:00,27380.4,27396.3,27346.8,27370.8,9930.0
2026-07-30 09:00:00,27371.7,27441.2,27356.6,27420.4,11091.0
2026-07-30 09:15:00,27420.6,27460.6,27411.0,27439.6,10913.0
2026-07-30 09:30:00,27439.4,27471.4,27424.3,27429.8,9094.0
2026-07-30 09:45:00,27429.9,27441.4,27398.8,27402.2,8224.0
2026-07-30 10:00:00,27402.1,27449.6,27374.2,27428.8,10481.0
2026-07-30 10:15:00,27428.7,27513.0,27426.4,27503.2,10431.0
2026-07-30 10:30:00,27502.2,27532.2,27492.7,27517.2,11088.0
2026-07-30 10:45:00,27516.8,27533.4,27496.8,27503.8,9372.0
2026-07-30 11:00:00,27503.4,27572.2,27498.7,27551.4,11845.0
2026-07-30 11:15:00,27551.6,27608.1,27546.8,27600.6,9839.0
2026-07-30 11:30:00,27600.7,27612.4,27559.6,27587.2,11191.0
2026-07-30 11:45:00,27587.3,27630.8,27586.6,27610.4,10722.0
2026-07-30 12:00:00,27610.4,27650.7,27581.9,27646.9,13106.0
2026-07-30 12:15:00,27648.1,27651.4,27600.4,27624.4,12400.0
2026-07-30 12:30:00,27624.4,27691.1,27601.2,27662.6,18942.0
2026-07-30 12:45:00,27662.4,27705.8,27648.6,27691.8,17044.0
2026-07-30 13:00:00,27692.6,27762.0,27678.9,27725.4,18586.0
2026-07-30 13:15:00,27726.0,27768.6,27717.4,27760.9,17623.0
2026-07-30 13:30:00,27760.8,27882.0,27699.4,27863.2,46709.0
2026-07-30 13:45:00,27861.9,28040.9,27859.4,28036.6,41338.0
2026-07-30 14:00:00,28036.0,28069.0,27953.2,27993.6,41231.0
2026-07-30 14:15:00,27993.6,28125.0,27966.1,28112.0,36019.0
2026-07-30 14:30:00,28112.2,28130.6,28046.2,28061.6,32545.0
2026-07-30 14:45:00,28061.4,28081.4,27908.7,27956.6,35711.0
2026-07-30 15:00:00,27957.9,28022.2,27898.2,27910.0,38943.0
2026-07-30 15:15:00,27910.0,27985.0,27882.4,27895.7,36802.0
2026-07-30 15:30:00,27895.8,27994.4,27887.0,27975.6,33034.0
2026-07-30 15:45:00,27975.8,28020.0,27938.1,27967.6,26652.0
2026-07-30 16:00:00,27968.0,28078.4,27948.0,28075.0,24550.0
2026-07-30 16:15:00,28074.4,28081.2,28029.4,28033.0,20452.0
2026-07-30 16:30:00,28033.2,28038.8,27944.2,27957.4,22475.0
2026-07-30 16:45:00,27957.8,28025.0,27954.8,28015.2,18550.0
2026-07-30 17:00:00,28015.6,28072.2,28014.8,28047.4,17659.0
2026-07-30 17:15:00,28047.6,28095.8,28044.6,28058.0,16056.0
2026-07-30 17:30:00,28058.1,28086.3,28028.0,28076.6,18211.0
2026-07-30 17:45:00,28077.3,28096.0,28054.6,28066.2,15091.0
2026-07-30 18:00:00,28066.6,28093.6,28056.4,28089.4,14594.0
2026-07-30 18:15:00,28089.1,28092.6,28050.9,28071.4,13306.0
2026-07-30 18:30:00,28071.6,28087.6,28037.1,28056.0,13818.0
2026-07-30 18:45:00,28056.1,28078.2,28043.6,28069.8,12490.0
2026-07-30 19:00:00,28069.6,28183.6,28069.1,28163.6,16098.0
2026-07-30 19:15:00,28163.4,28186.2,28130.8,28132.6,14091.0
2026-07-30 19:30:00,28132.6,28146.0,28108.4,28121.6,15666.0
2026-07-30 19:45:00,28121.2,28151.2,28091.4,28119.0,23408.0
2026-07-30 20:00:00,28118.2,28249.4,28095.0,28213.6,14776.0
2026-07-30 20:15:00,28212.7,28258.2,28212.1,28253.8,7832.0
2026-07-30 20:30:00,28257.6,28292.6,28201.4,28249.7,11091.0
2026-07-30 20:45:00,28249.6,28252.2,28214.8,28221.0,6130.0
2026-07-30 22:00:00,28233.8,28300.2,28223.6,28271.6,5514.0
2026-07-30 22:15:00,28271.6,28293.4,28237.5,28240.4,4884.0
2026-07-30 22:30:00,28240.2,28292.4,28219.2,28290.5,4544.0
2026-07-30 22:45:00,28290.4,28296.6,28278.0,28281.2,3047.0
2026-07-30 23:00:00,28280.6,28311.8,28264.9,28271.9,4034.0
2026-07-30 23:15:00,28271.7,28279.0,28250.9,28265.4,3006.0
2026-07-30 23:30:00,28265.8,28304.4,28249.2,28292.6,4093.0
2026-07-30 23:45:00,28293.2,28332.6,28278.8,28310.1,8113.0
2026-07-31 00:00:00,28309.7,28363.0,28284.9,28354.6,14103.0
2026-07-31 00:15:00,28354.5,28375.0,28334.9,28369.4,13022.0
2026-07-31 00:30:00,28369.0,28396.6,28367.9,28386.4,11203.0
2026-07-31 00:45:00,28386.2,28411.8,28356.2,28409.4,10475.0
2026-07-31 01:00:00,28409.5,28456.6,28409.5,28447.5,10241.0
2026-07-31 01:15:00,28447.6,28459.0,28430.4,28437.2,8614.0
2026-07-31 01:30:00,28436.7,28445.5,28376.6,28384.4,14016.0
2026-07-31 01:45:00,28384.5,28387.0,28342.8,28364.0,13907.0
2026-07-31 02:00:00,28364.1,28386.4,28320.6,28324.6,12054.0
2026-07-31 02:15:00,28325.9,28326.0,28288.6,28310.0,10689.0
2026-07-31 02:30:00,28309.7,28319.2,28276.9,28307.1,10114.0
2026-07-31 02:45:00,28307.5,28324.9,28285.2,28319.5,9354.0
2026-07-31 03:00:00,28319.4,28322.8,28284.9,28305.2,11365.0
2026-07-31 03:15:00,28305.2,28363.6,28304.4,28351.4,10269.0
2026-07-31 03:30:00,28351.9,28365.4,28339.6,28349.5,12408.0
2026-07-31 03:45:00,28349.6,28357.8,28315.2,28345.4,11157.0
2026-07-31 04:00:00,28345.7,28354.2,28310.2,28349.6,9779.0
2026-07-31 04:15:00,28350.0,28398.6,28340.1,28398.0,8004.0
2026-07-31 04:30:00,28398.2,28439.8,28394.8,28437.7,6793.0
2026-07-31 04:45:00,28437.8,28443.6,28422.8,28436.7,5906.0
2026-07-31 05:00:00,28436.6,28456.8,28425.6,28444.7,6957.0
2026-07-31 05:15:00,28444.8,28467.4,28439.2,28460.4,6035.0
2026-07-31 05:30:00,28460.2,28472.8,28427.8,28438.5,9451.0
2026-07-31 05:45:00,28438.6,28477.6,28436.0,28473.2,6522.0
2026-07-31 06:00:00,28473.4,28498.4,28463.7,28494.2,6817.0
2026-07-31 06:15:00,28494.2,28498.2,28467.8,28477.4,6523.0
2026-07-31 06:30:00,28476.4,28479.8,28344.8,28371.4,11812.0
2026-07-31 06:45:00,28372.6,28396.4,28337.6,28373.2,9270.0
2026-07-31 07:00:00,28373.1,28430.2,28342.7,28422.7,13215.0
2026-07-31 07:15:00,28422.6,28461.0,28394.0,28433.9,10832.0
2026-07-31 07:30:00,28433.7,28461.0,28422.2,28453.2,10205.0
2026-07-31 07:45:00,28453.4,28471.1,28429.9,28460.9,8731.0
2026-07-31 08:00:00,28461.2,28477.6,28411.4,28464.8,14611.0
2026-07-31 08:15:00,28464.8,28496.1,28451.7,28485.2,11816.0
2026-07-31 08:30:00,28484.9,28497.6,28448.8,28455.1,9855.0
2026-07-31 08:45:00,28455.2,28494.0,28450.4,28489.7,9712.0
2026-07-31 09:00:00,28489.6,28527.6,28485.1,28515.9,10597.0
2026-07-31 09:15:00,28515.8,28518.1,28472.0,28476.4,8490.0
2026-07-31 09:30:00,28472.7,28478.6,28420.9,28440.0,9252.0
2026-07-31 09:45:00,28440.1,28456.5,28416.8,28418.2,8723.0
2026-07-31 10:00:00,28418.4,28452.0,28406.8,28442.7,8785.0
2026-07-31 10:15:00,28442.6,28466.5,28433.5,28459.8,6720.0
2026-07-31 10:30:00,28459.1,28469.8,28449.2,28465.4,7281.0
2026-07-31 10:45:00,28465.5,28476.9,28439.2,28451.6,7313.0
2026-07-31 11:00:00,28452.2,28512.9,28450.6,28483.0,11105.0
2026-07-31 11:15:00,28482.8,28486.6,28436.0,28441.8,12486.0
2026-07-31 11:30:00,28442.5,28447.4,28409.8,28425.8,11382.0
2026-07-31 11:45:00,28426.0,28447.2,28419.2,28440.7,10100.0
2026-07-31 12:00:00,28440.8,28442.6,28364.6,28367.6,11913.0
2026-07-31 12:15:00,28367.0,28392.8,28336.9,28384.8,11377.0
2026-07-31 12:30:00,28385.0,28389.9,28319.4,28339.8,14511.0
2026-07-31 12:45:00,28339.4,28377.6,28325.1,28355.4,11778.0
2026-07-31 13:00:00,28355.2,28417.6,28344.0,28416.8,12553.0
2026-07-31 13:15:00,28416.8,28470.6,28416.2,28465.0,14758.0
2026-07-31 13:30:00,28464.2,28612.4,28303.6,28306.4,45074.0
2026-07-31 13:45:00,28306.5,28359.7,28183.0,28245.5,46969.0
2026-07-31 14:00:00,28245.2,28278.2,27988.2,28024.8,46481.0
2026-07-31 14:15:00,28024.7,28145.2,27966.8,28137.4,44132.0
2026-07-31 14:30:00,28137.2,28182.4,28099.0,28156.2,38539.0
2026-07-31 14:45:00,28155.8,28233.0,28124.2,28195.2,35518.0
2026-07-31 15:00:00,28195.2,28229.4,28101.9,28156.8,36217.0
2026-07-31 15:15:00,28157.2,28225.7,28009.4,28037.6,36850.0
2026-07-31 15:30:00,28038.1,28147.4,28003.0,28102.2,35841.0
2026-07-31 15:45:00,28102.6,28181.9,28052.6,28160.4,30984.0
2026-07-31 16:00:00,28160.9,28197.7,28131.0,28190.0,25894.0
2026-07-31 16:15:00,28190.0,28253.4,28145.4,28253.2,23331.0
2026-07-31 16:30:00,28253.4,28278.4,28203.2,28211.0,21037.0
2026-07-31 16:45:00,28211.4,28279.7,28198.0,28256.6,19459.0
2026-07-31 17:00:00,28256.0,28300.4,28249.4,28292.2,16762.0
2026-07-31 17:15:00,28292.4,28366.8,28285.2,28351.2,15918.0
2026-07-31 17:30:00,28351.8,28392.2,28332.6,28345.2,17558.0
2026-07-31 17:45:00,28345.4,28365.0,28305.6,28318.2,17996.0
2026-07-31 18:00:00,28318.0,28349.0,28284.9,28292.8,19086.0
2026-07-31 18:15:00,28292.0,28335.2,28287.2,28311.7,16208.0
2026-07-31 18:30:00,28311.8,28337.2,28305.2,28321.6,12873.0
2026-07-31 18:45:00,28322.0,28351.2,28305.2,28322.4,13717.0
2026-07-31 19:00:00,28322.0,28347.4,28294.2,28321.8,15601.0
2026-07-31 19:15:00,28321.6,28386.5,28315.2,28364.2,16206.0
2026-07-31 19:30:00,28363.6,28371.9,28323.1,28365.6,16933.0
2026-07-31 19:45:00,28365.9,28412.4,28268.7,28291.4,25393.0
2026-07-31 20:00:00,28291.2,28322.0,28229.2,28282.4,14032.0
2026-07-31 20:15:00,28282.2,28283.8,28250.6,28260.2,5852.0
2026-07-31 20:30:00,28260.1,28283.9,28244.8,28270.0,4386.0
2026-07-31 20:45:00,28269.4,28275.2,28183.7,28191.8,6673.0
2026-08-02 22:00:00,28486.5,28529.8,28470.4,28511.8,7098.0
2026-08-02 22:15:00,28512.2,28520.8,28470.4,28501.8,6189.0
2026-08-02 22:30:00,28501.8,28512.5,28483.9,28488.6,3378.0
2026-08-02 22:45:00,28487.2,28493.1,28449.2,28458.2,3413.0
2026-08-02 23:00:00,28458.1,28479.4,28433.9,28445.6,4135.0
2026-08-02 23:15:00,28445.8,28483.0,28442.4,28473.2,3167.0
2026-08-02 23:30:00,28475.2,28497.4,28463.1,28493.6,3205.0
2026-08-02 23:45:00,28493.4,28525.5,28460.6,28501.2,9318.0
2026-08-03 00:00:00,28501.0,28503.0,28443.2,28498.6,16247.0
2026-08-03 00:15:00,28498.4,28518.8,28425.8,28443.8,15061.0
2026-08-03 00:30:00,28443.4,28499.4,28430.8,28471.2,13928.0
2026-08-03 00:45:00,28471.4,28514.6,28460.6,28510.4,12971.0
2026-08-03 01:00:00,28511.0,28523.2,28473.2,28480.7,12611.0
2026-08-03 01:15:00,28480.6,28503.5,28452.9,28496.6,10768.0
2026-08-03 01:30:00,28496.5,28518.2,28467.2,28518.2,10824.0
2026-08-03 01:45:00,28518.2,28538.2,28507.0,28532.6,8144.0
2026-08-03 02:00:00,28534.2,28556.8,28519.8,28551.2,8224.0
2026-08-03 02:15:00,28551.6,28569.2,28523.0,28528.2,6865.0
2026-08-03 02:30:00,28528.0,28558.0,28523.2,28533.7,7052.0
2026-08-03 02:45:00,28533.4,28554.6,28528.2,28549.7,5027.0
2026-08-03 03:00:00,28550.0,28564.2,28546.2,28552.9,4653.0
2026-08-03 03:15:00,28552.5,28564.6,28530.4,28535.2,5022.0
2026-08-03 03:30:00,28535.2,28562.6,28529.5,28560.8,6786.0
2026-08-03 03:45:00,28560.7,28586.4,28553.7,28558.8,5185.0
2026-08-03 04:00:00,28558.7,28561.4,28541.2,28550.0,5503.0
2026-08-03 04:15:00,28550.4,28577.0,28549.2,28571.4,4065.0
2026-08-03 04:30:00,28571.2,28574.4,28555.6,28563.2,3960.0
2026-08-03 04:45:00,28563.4,28576.6,28537.0,28540.0,4308.0
2026-08-03 05:00:00,28541.2,28555.2,28522.2,28527.4,5406.0
2026-08-03 05:15:00,28527.5,28537.2,28511.5,28526.6,5023.0
2026-08-03 05:30:00,28526.7,28538.2,28517.2,28523.6,6248.0
2026-08-03 05:45:00,28523.5,28534.2,28506.6,28529.5,4915.0
2026-08-03 06:00:00,28531.2,28549.4,28519.8,28530.2,5954.0
2026-08-03 06:15:00,28530.2,28540.0,28506.8,28514.6,5876.0
2026-08-03 06:30:00,28514.8,28534.2,28499.2,28499.2,5154.0
2026-08-03 06:45:00,28497.8,28506.9,28464.8,28481.6,4383.0
2026-08-03 07:00:00,28482.9,28522.8,28452.6,28506.7,9905.0
2026-08-03 07:15:00,28507.8,28518.9,28457.7,28492.2,10373.0
2026-08-03 07:30:00,28492.4,28504.4,28449.2,28451.5,7221.0
2026-08-03 07:45:00,28451.6,28478.0,28447.4,28475.9,6718.0
2026-08-03 08:00:00,28475.6,28479.8,28407.9,28450.6,9765.0
2026-08-03 08:15:00,28450.8,28453.2,28362.1,28376.2,10204.0
2026-08-03 08:30:00,28376.6,28443.2,28361.0,28424.4,8760.0
2026-08-03 08:45:00,28424.5,28483.7,28415.8,28482.4,7309.0
2026-08-03 09:00:00,28482.7,28489.7,28432.2,28446.9,7632.0
2026-08-03 09:15:00,28447.2,28470.4,28436.2,28445.1,6270.0
2026-08-03 09:30:00,28444.4,28465.2,28432.4,28433.5,7282.0
2026-08-03 09:45:00,28433.4,28451.4,28409.6,28447.0,6355.0
2026-08-03 10:00:00,28447.1,28453.2,28414.2,28415.4,6980.0
2026-08-03 10:15:00,28415.5,28428.9,28377.9,28397.6,8480.0
2026-08-03 10:30:00,28397.4,28420.4,28378.5,28416.2,6770.0
2026-08-03 10:45:00,28416.4,28434.2,28404.2,28430.5,6115.0
2026-08-03 11:00:00,28430.6,28435.6,28356.0,28376.2,11356.0
2026-08-03 11:15:00,28376.6,28401.2,28357.4,28357.4,8858.0
2026-08-03 11:30:00,28357.5,28400.9,28339.2,28363.4,9970.0
2026-08-03 11:45:00,28363.0,28366.2,28292.4,28308.9,10059.0
2026-08-03 12:00:00,28308.2,28324.2,28272.0,28323.6,11513.0
2026-08-03 12:15:00,28323.8,28350.4,28310.4,28338.0,10544.0
2026-08-03 12:30:00,28338.1,28376.0,28326.1,28375.8,10022.0
2026-08-03 12:45:00,28375.8,28379.6,28329.8,28348.2,10853.0
2026-08-03 13:00:00,28348.2,28366.2,28329.2,28349.0,13776.0
2026-08-03 13:15:00,28349.1,28382.1,28285.4,28307.6,14612.0
2026-08-03 13:30:00,28308.0,28428.2,28202.4,28381.7,45422.0
2026-08-03 13:45:00,28383.2,28515.8,28332.6,28513.4,38135.0
2026-08-03 14:00:00,28507.2,28513.8,28419.0,28460.2,37655.0
2026-08-03 14:15:00,28459.4,28572.6,28447.8,28566.8,29873.0
2026-08-03 14:30:00,28566.4,28623.4,28550.2,28596.2,24414.0
2026-08-03 14:45:00,28596.1,28691.9,28588.6,28690.0,24181.0
2026-08-03 15:00:00,28689.9,28690.8,28636.2,28646.0,21752.0
2026-08-03 15:15:00,28645.6,28687.2,28610.9,28622.4,21037.0
2026-08-03 15:30:00,28622.6,28679.1,28620.4,28672.8,19614.0
2026-08-03 15:45:00,28673.1,28703.0,28666.8,28682.4,17058.0
2026-08-03 16:00:00,28682.9,28711.2,28680.9,28705.1,15309.0
2026-08-03 16:15:00,28704.4,28737.9,28703.6,28729.7,13625.0
2026-08-03 16:30:00,28729.6,28737.3,28704.6,28726.6,14477.0
2026-08-03 16:45:00,28726.8,28736.0,28714.4,28717.3,13424.0
2026-08-03 17:00:00,28717.4,28757.6,28708.4,28752.1,13790.0
2026-08-03 17:15:00,28752.2,28785.1,28750.6,28780.2,10473.0
2026-08-03 17:30:00,28780.3,28788.7,28769.4,28780.3,10201.0
2026-08-03 17:45:00,28780.4,28817.3,28779.4,28813.4,8813.0
2026-08-03 18:00:00,28813.6,28859.7,28813.3,28836.0,13225.0
2026-08-03 18:15:00,28836.1,28854.7,28786.3,28788.2,13941.0
2026-08-03 18:30:00,28787.7,28810.2,28778.6,28809.1,14172.0
2026-08-03 18:45:00,28809.0,28822.0,28788.2,28803.1,12459.0
2026-08-03 19:00:00,28803.2,28839.3,28791.1,28795.6,13877.0
2026-08-03 19:15:00,28795.4,28821.6,28794.4,28808.8,12117.0
2026-08-03 19:30:00,28808.6,28821.6,28795.3,28810.6,14087.0
2026-08-03 19:45:00,28811.1,28831.3,28762.0,28796.3,20142.0
2026-08-03 20:00:00,28796.9,28812.6,28774.2,28807.0,7059.0
2026-08-03 20:15:00,28806.6,28837.4,28806.4,28809.4,3015.0
2026-08-03 20:30:00,28809.6,28827.4,28805.9,28825.4,2308.0
2026-08-03 20:45:00,28825.2,28827.4,28810.1,28820.0,1935.0
2026-08-03 22:00:00,28834.4,28846.0,28818.2,28824.6,1883.0
2026-08-03 22:15:00,28824.2,28843.8,28824.1,28838.8,1069.0
2026-08-03 22:30:00,28838.9,28857.9,28828.7,28853.2,1443.0
2026-08-03 22:45:00,28852.8,28853.2,28837.6,28841.2,1274.0
2026-08-03 23:00:00,28840.8,28844.0,28826.4,28833.6,1135.0
2026-08-03 23:15:00,28833.4,28853.3,28833.4,28844.2,1037.0
2026-08-03 23:30:00,28844.3,28855.4,28829.6,28836.6,1256.0
2026-08-03 23:45:00,28836.6,28867.4,28835.4,28866.6,6046.0
2026-08-04 00:00:00,28867.1,28872.1,28823.6,28827.2,15079.0
2026-08-04 00:15:00,28827.3,28829.4,28796.6,28801.9,11414.0
2026-08-04 00:30:00,28801.6,28802.8,28760.8,28786.6,9965.0
2026-08-04 00:45:00,28787.2,28804.2,28764.4,28773.0,13548.0
2026-08-04 01:00:00,28772.6,28772.6,28727.3,28756.2,14607.0
2026-08-04 01:15:00,28756.4,28798.3,28747.6,28797.9,10887.0
2026-08-04 01:30:00,28798.2,28838.6,28795.1,28838.6,12718.0
2026-08-04 01:45:00,28838.4,28943.6,28837.6,28936.9,11752.0
2026-08-04 02:00:00,28936.8,28940.4,28863.7,28866.7,15147.0
2026-08-04 02:15:00,28866.8,28873.4,28838.9,28845.0,13765.0
2026-08-04 02:30:00,28845.3,28889.4,28843.9,28881.4,11971.0
2026-08-04 02:45:00,28881.8,28887.4,28855.7,28868.8,10408.0
2026-08-04 03:00:00,28868.9,28888.0,28828.6,28838.8,10782.0
2026-08-04 03:15:00,28838.9,28881.7,28828.0,28872.6,10121.0
2026-08-04 03:30:00,28872.7,28900.4,28854.4,28863.4,11701.0
2026-08-04 03:45:00,28862.6,28901.4,28853.8,28891.2,8599.0
2026-08-04 04:00:00,28891.4,28902.4,28864.2,28872.8,8163.0
2026-08-04 04:15:00,28872.7,28912.0,28870.4,28903.4,7242.0
2026-08-04 04:30:00,28903.4,28910.2,28891.4,28895.2,6894.0
2026-08-04 04:45:00,28894.6,28919.2,28890.4,28911.4,6971.0
2026-08-04 05:00:00,28910.9,28917.7,28874.4,28883.3,10539.0
2026-08-04 05:15:00,28882.9,28925.8,28878.8,28921.9,9145.0
2026-08-04 05:30:00,28922.4,28970.3,28920.2,28953.4,9146.0
2026-08-04 05:45:00,28953.8,28970.2,28939.4,28968.8,8428.0
2026-08-04 06:00:00,28969.2,28987.9,28963.4,28985.2,7276.0
2026-08-04 06:15:00,28985.0,28994.6,28972.4,28977.7,6501.0
2026-08-04 06:30:00,28977.8,28985.0,28938.6,28950.6,6165.0
2026-08-04 06:45:00,28951.2,28969.4,28947.4,28968.8,4578.0
2026-08-04 07:00:00,28969.4,28996.6,28934.0,28965.4,13878.0
2026-08-04 07:15:00,28965.2,29004.2,28959.0,28994.7,9092.0
2026-08-04 07:30:00,28994.8,29013.6,28970.4,28977.4,7960.0
2026-08-04 07:45:00,28977.4,29004.9,28961.4,28967.2,7351.0
2026-08-04 08:00:00,28967.4,29019.6,28963.2,29004.4,12422.0
2026-08-04 08:15:00,29004.6,29027.4,28992.7,29008.0,10443.0
2026-08-04 08:30:00,29007.8,29007.8,28956.2,28964.7,10471.0
2026-08-04 08:45:00,28964.8,28973.4,28934.4,28964.6,8809.0
2026-08-04 09:00:00,28964.6,28964.8,28908.0,28929.2,9811.0
2026-08-04 09:15:00,28929.0,28941.6,28903.4,28941.6,8558.0
2026-08-04 09:30:00,28941.4,28976.6,28938.1,28972.6,6579.0
2026-08-04 09:45:00,28972.7,28981.4,28954.1,28973.4,7484.0
2026-08-04 10:00:00,28973.4,29007.3,28962.4,29001.8,7592.0
2026-08-04 10:15:00,29001.9,29011.0,28982.8,28991.6,7154.0
2026-08-04 10:30:00,28991.9,29025.9,28969.7,29017.4,10392.0
2026-08-04 10:45:00,29017.4,29040.8,28999.4,29011.9,14437.0
2026-08-04 11:00:00,29011.6,29045.2,29010.7,29040.0,11633.0
2026-08-04 11:15:00,29039.8,29067.1,29035.6,29066.4,8956.0
2026-08-04 11:30:00,29066.4,29107.8,29047.0,29100.1,11336.0
2026-08-04 11:45:00,29100.2,29141.3,29085.9,29133.0,16981.0
2026-08-04 12:00:00,29132.8,29134.2,29098.4,29101.8,11949.0
2026-08-04 12:15:00,29102.2,29129.4,29100.4,29117.7,9435.0
2026-08-04 12:30:00,29118.3,29121.9,29095.0,29115.2,9471.0
2026-08-04 12:45:00,29115.6,29118.0,29084.1,29098.4,8317.0
2026-08-04 13:00:00,29098.6,29130.6,29086.8,29127.0,9699.0
2026-08-04 13:15:00,29126.6,29178.2,29114.6,29130.4,16322.0
2026-08-04 13:30:00,29130.4,29348.1,29104.7,29307.2,40370.0
2026-08-04 13:45:00,29306.2,29398.4,29306.1,29362.0,32500.0
2026-08-04 14:00:00,29361.9,29439.4,29329.3,29436.4,30185.0
2026-08-04 14:15:00,29436.6,29459.8,29380.0,29455.0,29341.0
2026-08-04 14:30:00,29454.4,29467.4,29413.2,29452.6,28174.0
2026-08-04 14:45:00,29453.1,29457.1,29419.3,29445.0,22708.0
2026-08-04 15:00:00,29446.2,29520.4,29440.3,29514.8,20389.0
2026-08-04 15:15:00,29515.0,29557.2,29509.2,29534.0,17692.0
2026-08-04 15:30:00,29534.0,29576.2,29517.0,29571.4,20133.0
2026-08-04 15:45:00,29571.2,29591.5,29562.0,29566.0,16826.0
2026-08-04 16:00:00,29566.0,29594.0,29556.2,29569.5,16005.0
2026-08-04 16:15:00,29569.6,29614.4,29568.6,29601.4,13636.0
2026-08-04 16:30:00,29601.5,29626.0,29590.5,29621.0,12418.0
2026-08-04 16:45:00,29621.7,29639.2,29621.2,29637.7,11627.0
2026-08-04 17:00:00,29637.6,29694.0,29633.8,29691.5,14477.0
2026-08-04 17:15:00,29691.4,29720.0,29675.2,29713.6,14209.0
2026-08-04 17:30:00,29713.7,29760.2,29698.0,29760.0,12863.0
2026-08-04 17:45:00,29759.7,29792.3,29728.5,29729.4,18849.0
2026-08-04 18:00:00,29729.8,29755.0,29704.4,29754.0,20631.0
2026-08-04 18:15:00,29754.0,29778.3,29750.4,29774.5,14467.0
2026-08-04 18:30:00,29774.6,29787.6,29735.4,29748.8,14560.0
2026-08-04 18:45:00,29749.4,29790.1,29749.4,29776.0,14174.0
2026-08-04 19:00:00,29777.0,29829.1,29773.8,29821.2,15218.0
2026-08-04 19:15:00,29820.8,29840.0,29783.7,29795.5,15162.0
2026-08-04 19:30:00,29795.4,29845.7,29783.8,29844.5,15984.0
2026-08-04 19:45:00,29844.6,29851.1,29742.6,29770.6,24356.0
2026-08-04 20:00:00,29769.8,29843.6,29746.8,29809.7,10249.0
2026-08-04 20:15:00,29771.6,29771.6,29657.0,29686.5,22209.0
2026-08-04 20:30:00,29686.4,29711.8,29659.8,29692.3,12733.0
2026-08-04 20:45:00,29692.5,29718.2,29680.2,29716.0,8386.0
2026-08-04 22:00:00,29703.0,29731.4,29672.4,29730.3,2985.0
2026-08-04 22:15:00,29729.0,29738.6,29705.6,29727.7,3346.0
2026-08-04 22:30:00,29727.8,29735.8,29689.6,29695.0,3229.0
2026-08-04 22:45:00,29694.8,29722.0,29687.8,29721.2,2879.0
2026-08-04 23:00:00,29721.3,29739.7,29704.8,29733.1,3029.0
2026-08-04 23:15:00,29733.0,29740.1,29712.1,29719.6,2181.0
2026-08-04 23:30:00,29719.4,29738.0,29697.8,29737.3,3052.0
2026-08-04 23:45:00,29737.5,29751.4,29721.3,29730.1,6573.0
2026-08-05 00:00:00,29730.0,29757.7,29713.8,29752.0,12745.0
2026-08-05 00:15:00,29752.1,29758.8,29729.0,29757.0,9241.0
2026-08-05 00:30:00,29757.1,29771.3,29733.0,29733.2,7584.0
2026-08-05 00:45:00,29732.6,29756.6,29708.1,29743.2,9919.0
2026-08-05 01:00:00,29743.2,29755.8,29712.0,29735.3,10990.0
2026-08-05 01:15:00,29735.4,29737.4,29692.0,29714.3,11143.0
2026-08-05 01:30:00,29714.2,29739.4,29706.0,29728.2,10986.0
2026-08-05 01:45:00,29728.6,29778.2,29728.5,29764.2,7541.0
2026-08-05 02:00:00,29764.4,29782.8,29758.6,29765.8,7256.0
2026-08-05 02:15:00,29766.0,29770.8,29745.4,29748.8,7239.0
2026-08-05 02:30:00,29748.8,29757.0,29737.0,29753.4,7129.0
2026-08-05 02:45:00,29753.6,29769.4,29750.0,29755.0,6289.0
2026-08-05 03:00:00,29755.1,29784.2,29751.0,29778.8,5689.0
2026-08-05 03:15:00,29778.6,29786.7,29758.4,29758.4,4776.0
2026-08-05 03:30:00,29758.8,29785.8,29753.4,29780.4,5761.0
2026-08-05 03:45:00,29779.8,29788.4,29762.8,29784.2,3861.0
2026-08-05 04:00:00,29784.0,29792.8,29777.8,29779.0,3921.0
2026-08-05 04:15:00,29778.6,29779.0,29754.5,29765.8,4427.0
2026-08-05 04:30:00,29765.8,29803.8,29763.8,29799.6,3892.0
2026-08-05 04:45:00,29799.8,29811.4,29778.0,29797.6,3804.0
2026-08-05 05:00:00,29797.2,29833.8,29789.6,29831.6,5626.0
2026-08-05 05:15:00,29831.8,29843.4,29829.0,29832.0,4304.0
2026-08-05 05:30:00,29831.8,29839.2,29814.8,29836.4,5787.0
2026-08-05 05:45:00,29836.2,29880.0,29835.6,29875.6,3720.0
2026-08-05 06:00:00,29875.4,29884.6,29855.6,29876.2,5220.0
2026-08-05 06:15:00,29875.6,29877.8,29820.3,29824.3,6950.0
2026-08-05 06:30:00,29824.2,29859.2,29820.1,29834.3,5629.0
2026-08-05 06:45:00,29834.5,29865.6,29831.0,29863.8,4427.0
2026-08-05 07:00:00,29864.4,29881.6,29831.6,29845.6,10316.0
2026-08-05 07:15:00,29845.7,29848.4,29797.2,29801.6,7680.0
2026-08-05 07:30:00,29801.8,29814.2,29780.0,29781.3,7513.0
2026-08-05 07:45:00,29781.4,29807.3,29780.0,29798.0,5390.0
2026-08-05 08:00:00,29798.0,29820.2,29748.8,29759.1,9789.0
2026-08-05 08:15:00,29759.0,29768.3,29715.0,29729.6,9702.0
2026-08-05 08:30:00,29729.8,29738.5,29693.4,29707.5,10349.0
2026-08-05 08:45:00,29707.8,29738.0,29692.8,29731.7,8280.0
2026-08-05 09:00:00,29731.8,29748.1,29717.2,29728.0,7640.0
2026-08-05 09:15:00,29727.8,29758.5,29709.4,29756.8,6982.0
2026-08-05 09:30:00,29756.7,29783.4,29754.8,29777.6,6174.0
2026-08-05 09:45:00,29777.2,29788.8,29747.8,29752.8,5856.0
2026-08-05 10:00:00,29752.5,29766.1,29728.8,29734.8,6155.0
2026-08-05 10:15:00,29734.7,29760.2,29731.0,29752.8,4990.0
2026-08-05 10:30:00,29752.4,29766.0,29744.8,29751.6,5652.0
2026-08-05 10:45:00,29751.8,29764.8,29730.0,29758.0,7455.0
2026-08-05 11:00:00,29761.4,29815.8,29760.3,29798.3,9018.0
2026-08-05 11:15:00,29799.0,29817.7,29792.3,29795.4,6486.0
2026-08-05 11:30:00,29795.6,29825.8,29785.6,29810.4,7543.0
2026-08-05 11:45:00,29809.8,29838.1,29798.4,29814.2,7745.0
2026-08-05 12:00:00,29814.3,29820.4,29787.5,29813.8,10374.0
2026-08-05 12:15:00,29814.6,29834.1,29795.8,29829.5,9446.0
2026-08-05 12:30:00,29829.6,29841.5,29787.6,29837.4,10298.0
2026-08-05 12:45:00,29837.2,29841.0,29802.7,29810.0,8940.0
2026-08-05 13:00:00,29810.0,29844.0,29809.8,29824.0,10778.0
2026-08-05 13:15:00,29824.2,29872.8,29790.8,29869.3,11541.0
2026-08-05 13:30:00,29869.4,29951.3,29805.5,29945.5,45136.0
2026-08-05 13:45:00,29948.1,29967.0,29863.8,29944.3,40461.0
2026-08-05 14:00:00,29939.2,29939.2,29813.0,29893.4,42377.0
2026-08-05 14:15:00,29893.0,29920.4,29796.8,29810.0,39226.0
2026-08-05 14:30:00,29807.5,29813.4,29719.6,29756.5,37317.0
2026-08-05 14:45:00,29756.6,29800.0,29683.6,29743.2,32458.0
2026-08-05 15:00:00,29743.0,29785.2,29720.2,29733.8,29883.0
2026-08-05 15:15:00,29734.0,29744.5,29658.6,29704.4,27688.0
2026-08-05 15:30:00,29703.8,29755.0,29700.6,29714.6,24568.0
2026-08-05 15:45:00,29713.8,29714.4,29608.5,29633.4,23498.0
2026-08-05 16:00:00,29632.8,29660.2,29596.7,29626.4,27721.0
2026-08-05 16:15:00,29626.7,29726.0,29614.4,29724.0,21397.0
2026-08-05 16:30:00,29724.0,29734.5,29664.8,29683.6,20900.0
2026-08-05 16:45:00,29683.7,29719.8,29673.0,29704.0,17757.0
2026-08-05 17:00:00,29704.8,29714.4,29639.0,29662.0,20520.0
2026-08-05 17:15:00,29661.6,29676.4,29635.2,29649.2,18226.0
2026-08-05 17:30:00,29649.0,29673.0,29633.4,29652.0,16048.0
2026-08-05 17:45:00,29651.8,29669.0,29629.5,29651.4,14034.0
2026-08-05 18:00:00,29651.2,29680.4,29647.2,29656.8,14187.0
2026-08-05 18:15:00,29657.0,29676.8,29650.2,29671.0,13431.0
2026-08-05 18:30:00,29671.2,29671.2,29622.5,29636.8,15051.0
2026-08-05 18:45:00,29637.0,29659.8,29618.8,29621.0,12456.0
2026-08-05 19:00:00,29621.7,29672.8,29613.0,29668.6,14021.0
2026-08-05 19:15:00,29668.7,29673.8,29648.8,29651.0,12112.0
2026-08-05 19:30:00,29651.0,29657.8,29601.0,29606.0,15283.0
2026-08-05 19:45:00,29606.0,29627.8,29488.2,29502.5,21269.0
2026-08-05 20:00:00,29502.0,29513.0,29426.8,29499.2,16331.0
2026-08-05 20:15:00,29500.8,29512.6,29456.0,29465.3,7204.0
2026-08-05 20:30:00,29467.1,29497.2,29461.6,29493.6,4832.0
2026-08-05 20:45:00,29493.8,29501.3,29471.0,29485.8,4198.0
2026-08-05 22:00:00,29481.7,29491.0,29461.6,29466.5,2646.0
2026-08-05 22:15:00,29466.6,29532.1,29465.8,29522.2,3588.0
2026-08-05 22:30:00,29521.6,29565.4,29518.0,29549.1,2755.0
2026-08-05 22:45:00,29549.0,29572.8,29514.0,29516.8,3237.0
2026-08-05 23:00:00,29517.0,29530.0,29507.6,29525.0,2214.0
2026-08-05 23:15:00,29523.8,29543.8,29513.0,29523.3,2280.0
2026-08-05 23:30:00,29523.2,29530.8,29471.5,29482.4,4074.0
2026-08-05 23:45:00,29481.7,29484.0,29461.3,29478.6,7740.0
2026-08-06 00:00:00,29478.4,29496.0,29441.3,29475.6,16695.0
2026-08-06 00:15:00,29475.8,29503.2,29449.0,29455.5,14721.0
2026-08-06 00:30:00,29455.4,29482.2,29443.5,29454.6,13797.0
2026-08-06 00:45:00,29454.8,29473.6,29430.4,29433.8,12138.0
2026-08-06 01:00:00,29433.8,29435.4,29397.0,29417.0,14411.0
2026-08-06 01:15:00,29417.0,29417.4,29349.3,29368.8,13292.0
2026-08-06 01:30:00,29368.8,29403.0,29364.0,29369.8,15746.0
2026-08-06 01:45:00,29370.0,29413.6,29368.0,29392.8,14783.0
2026-08-06 02:00:00,29392.0,29451.6,29384.5,29436.3,13483.0
2026-08-06 02:15:00,29436.2,29473.2,29430.8,29443.3,11120.0
2026-08-06 02:30:00,29443.4,29512.8,29425.3,29511.8,9611.0
2026-08-06 02:45:00,29511.6,29515.5,29480.7,29488.2,9188.0
2026-08-06 03:00:00,29488.4,29503.4,29470.2,29473.4,8421.0
2026-08-06 03:15:00,29473.3,29480.1,29430.0,29437.8,8534.0
2026-08-06 03:30:00,29437.8,29458.0,29420.4,29448.2,11444.0
2026-08-06 03:45:00,29447.3,29478.6,29436.4,29476.2,9282.0
2026-08-06 04:00:00,29476.3,29478.6,29430.0,29451.6,8221.0
2026-08-06 04:15:00,29451.5,29492.4,29451.1,29480.6,7508.0
2026-08-06 04:30:00,29480.8,29495.0,29440.8,29450.8,8500.0
2026-08-06 04:45:00,29450.7,29471.4,29439.2,29470.0,8370.0
2026-08-06 05:00:00,29470.1,29490.8,29452.2,29476.2,11174.0
2026-08-06 05:15:00,29476.1,29488.5,29460.0,29474.1,10782.0
2026-08-06 05:30:00,29474.0,29478.4,29444.4,29478.0,10348.0
2026-08-06 05:45:00,29478.1,29478.8,29439.4,29473.8,8953.0
2026-08-06 06:00:00,29474.2,29475.7,29394.3,29401.6,10133.0
2026-08-06 06:15:00,29401.8,29443.4,29379.4,29441.7,9020.0
2026-08-06 06:30:00,29441.2,29443.2,29390.6,29399.8,7874.0
2026-08-06 06:45:00,29399.5,29422.2,29381.2,29416.1,6721.0
2026-08-06 07:00:00,29415.7,29457.5,29401.6,29446.4,11806.0
2026-08-06 07:15:00,29446.3,29457.0,29420.5,29432.3,8459.0
2026-08-06 07:30:00,29432.2,29436.6,29396.6,29412.2,8104.0
2026-08-06 07:45:00,29412.3,29432.7,29395.6,29401.6,8091.0
2026-08-06 08:00:00,29401.2,29420.1,29339.0,29355.1,13446.0
2026-08-06 08:15:00,29355.0,29408.0,29341.8,29403.2,11861.0
2026-08-06 08:30:00,29403.4,29427.1,29395.4,29398.0,9367.0
2026-08-06 08:45:00,29397.8,29418.8,29385.4,29412.5,8437.0
2026-08-06 09:00:00,29412.8,29413.2,29333.0,29343.4,9200.0
2026-08-06 09:15:00,29343.3,29387.8,29341.4,29377.5,8009.0
2026-08-06 09:30:00,29377.6,29393.7,29370.0,29383.3,6774.0
2026-08-06 09:45:00,29383.5,29425.5,29383.3,29420.8,6498.0
2026-08-06 10:00:00,29420.8,29428.6,29390.6,29398.4,6525.0
2026-08-06 10:15:00,29398.6,29420.7,29388.6,29411.8,6544.0
2026-08-06 10:30:00,29411.8,29414.1,29369.4,29374.6,6284.0
2026-08-06 10:45:00,29374.7,29387.8,29362.3,29379.8,6793.0
2026-08-06 11:00:00,29379.6,29382.8,29259.7,29314.0,15308.0
2026-08-06 11:15:00,29314.4,29369.0,29312.2,29363.8,10289.0
2026-08-06 11:30:00,29363.8,29410.1,29363.4,29388.4,10111.0
2026-08-06 11:45:00,29388.6,29406.5,29334.3,29361.4,13019.0
2026-08-06 12:00:00,29361.4,29370.6,29303.4,29307.2,12843.0
2026-08-06 12:15:00,29307.6,29345.7,29282.8,29325.8,10868.0
2026-08-06 12:30:00,29325.8,29357.5,29308.8,29326.4,11532.0
2026-08-06 12:45:00,29326.6,29333.8,29284.6,29294.1,11009.0
2026-08-06 13:00:00,29294.2,29298.5,29245.4,29245.8,14502.0
2026-08-06 13:15:00,29245.8,29261.8,29222.3,29229.4,15306.0
2026-08-06 13:30:00,29229.4,29368.0,29136.2,29352.2,45627.0
2026-08-06 13:45:00,29352.8,29445.2,29342.8,29422.2,38666.0
2026-08-06 14:00:00,29423.2,29514.0,29382.8,29503.0,33579.0
2026-08-06 14:15:00,29503.2,29561.0,29461.0,29482.0,31751.0
2026-08-06 14:30:00,29482.8,29545.5,29440.4,29477.6,32971.0
2026-08-06 14:45:00,29478.0,29553.4,29428.6,29551.8,32205.0
2026-08-06 15:00:00,29552.0,29581.0,29494.0,29540.7,27845.0
2026-08-06 15:15:00,29540.6,29557.6,29459.0,29502.8,31305.0
2026-08-06 15:30:00,29502.5,29522.0,29427.7,29429.4,25727.0
2026-08-06 15:45:00,29429.2,29519.0,29400.8,29410.6,29015.0
2026-08-06 16:00:00,29410.7,29436.8,29373.4,29382.8,25058.0
2026-08-06 16:15:00,29383.0,29399.4,29343.8,29369.4,24882.0
2026-08-06 16:30:00,29369.2,29425.1,29359.6,29376.4,22264.0
2026-08-06 16:45:00,29376.5,29455.7,29365.8,29454.4,20024.0
2026-08-06 17:00:00,29454.2,29472.0,29418.0,29423.5,19416.0
2026-08-06 17:15:00,29423.4,29450.8,29412.4,29427.4,17696.0
2026-08-06 17:30:00,29427.2,29442.6,29393.5,29409.0,15889.0
2026-08-06 17:45:00,29409.7,29432.7,29394.2,29428.4,15170.0
2026-08-06 18:00:00,29428.5,29447.0,29407.0,29443.4,15577.0
2026-08-06 18:15:00,29443.5,29476.4,29399.3,29457.7,17465.0
2026-08-06 18:30:00,29457.6,29461.2,29402.0,29421.2,13658.0
2026-08-06 18:45:00,29421.4,29437.6,29406.8,29416.4,14905.0
2026-08-06 19:00:00,29416.5,29470.7,29411.0,29436.6,15513.0
2026-08-06 19:15:00,29436.7,29451.8,29397.0,29409.0,15808.0
2026-08-06 19:30:00,29408.0,29446.0,29389.8,29404.8,16544.0
2026-08-06 19:45:00,29404.5,29436.6,29375.7,29397.4,21884.0
2026-08-06 20:00:00,29398.0,29452.0,29397.0,29437.0,9244.0
2026-08-06 20:15:00,29438.8,29449.2,29383.3,29394.0,6404.0
2026-08-06 20:30:00,29394.1,29405.2,29381.0,29395.0,4211.0
2026-08-06 20:45:00,29395.2,29406.4,29388.8,29401.8,3157.0
2026-08-06 22:00:00,29396.2,29479.7,29395.2,29473.0,1800.0
2026-08-06 22:15:00,29472.4,29481.5,29444.4,29450.0,1764.0
2026-08-06 22:30:00,29450.2,29462.4,29429.9,29454.0,2826.0
2026-08-06 22:45:00,29456.0,29468.0,29448.0,29465.8,1564.0
2026-08-06 23:00:00,29465.6,29471.0,29455.0,29458.8,1654.0
2026-08-06 23:15:00,29459.0,29497.0,29459.0,29474.2,2474.0
2026-08-06 23:30:00,29474.0,29489.0,29463.6,29482.7,1994.0
2026-08-06 23:45:00,29483.0,29504.0,29475.5,29495.2,6665.0
2026-08-07 00:00:00,29495.0,29519.2,29462.9,29475.2,14409.0
2026-08-07 00:15:00,29475.0,29476.3,29397.6,29413.7,15458.0
2026-08-07 00:30:00,29414.0,29474.9,29401.4,29440.0,13713.0
2026-08-07 00:45:00,29440.4,29473.4,29404.2,29462.0,13811.0
2026-08-07 01:00:00,29462.0,29482.4,29416.0,29425.3,15249.0
2026-08-07 01:15:00,29425.7,29435.4,29383.3,29429.7,14058.0
2026-08-07 01:30:00,29429.8,29481.6,29394.0,29422.4,17358.0
2026-08-07 01:45:00,29422.3,29440.0,29402.6,29427.0,15487.0
2026-08-07 02:00:00,29426.8,29448.6,29390.0,29431.0,13470.0
2026-08-07 02:15:00,29430.9,29442.0,29415.2,29425.4,10229.0
2026-08-07 02:30:00,29425.5,29428.2,29377.2,29399.6,10101.0
2026-08-07 02:45:00,29399.8,29436.2,29393.8,29426.8,7751.0
2026-08-07 03:00:00,29426.9,29447.0,29426.0,29430.0,7272.0
2026-08-07 03:15:00,29430.2,29434.3,29392.2,29404.3,7922.0
2026-08-07 03:30:00,29404.0,29423.0,29397.0,29406.7,9975.0
2026-08-07 03:45:00,29406.8,29412.4,29385.8,29388.4,7328.0
2026-08-07 04:00:00,29388.5,29401.0,29376.4,29378.6,7782.0
2026-08-07 04:15:00,29378.8,29417.6,29355.7,29408.8,8062.0
2026-08-07 04:30:00,29409.0,29425.6,29392.6,29395.5,7753.0
2026-08-07 04:45:00,29395.4,29413.8,29389.2,29410.0,6573.0
2026-08-07 05:00:00,29410.2,29457.0,29405.8,29438.4,8919.0
2026-08-07 05:15:00,29438.7,29455.4,29438.0,29447.3,7537.0
2026-08-07 05:30:00,29447.4,29451.0,29419.8,29434.2,7253.0
2026-08-07 05:45:00,29434.3,29439.2,29422.4,29423.2,6985.0
2026-08-07 06:00:00,29423.3,29464.2,29420.8,29459.5,7193.0
2026-08-07 06:15:00,29459.4,29484.0,29444.5,29481.0,6213.0
2026-08-07 06:30:00,29481.0,29482.6,29440.0,29445.8,6395.0
2026-08-07 06:45:00,29445.9,29454.9,29438.2,29453.3,4098.0
2026-08-07 07:00:00,29453.2,29492.4,29432.5,29492.4,9833.0
2026-08-07 07:15:00,29492.2,29492.8,29475.6,29488.2,6710.0
2026-08-07 07:30:00,29488.3,29491.8,29470.9,29483.5,6735.0
2026-08-07 07:45:00,29483.7,29489.2,29463.2,29484.2,5928.0
2026-08-07 08:00:00,29484.2,29526.7,29483.8,29525.0,8775.0
2026-08-07 08:15:00,29525.0,29530.0,29499.6,29524.5,7875.0
2026-08-07 08:30:00,29524.6,29548.0,29509.8,29526.8,6950.0
2026-08-07 08:45:00,29526.9,29538.8,29515.4,29533.4,6001.0
2026-08-07 09:00:00,29533.5,29548.5,29526.6,29541.8,6365.0
2026-08-07 09:15:00,29542.0,29549.8,29524.5,29534.3,5566.0
2026-08-07 09:30:00,29534.6,29547.6,29521.2,29529.5,5693.0
2026-08-07 09:45:00,29529.6,29536.2,29516.6,29518.2,5879.0
2026-08-07 10:00:00,29518.0,29528.6,29509.8,29509.8,6528.0
2026-08-07 10:15:00,29509.9,29522.0,29493.0,29521.3,5133.0
2026-08-07 10:30:00,29521.4,29525.7,29510.5,29522.5,4714.0
2026-08-07 10:45:00,29522.4,29524.3,29502.8,29507.5,4743.0
2026-08-07 11:00:00,29508.0,29548.6,29507.5,29538.2,7397.0
2026-08-07 11:15:00,29538.2,29561.7,29537.2,29553.6,6051.0
2026-08-07 11:30:00,29553.8,29570.0,29547.8,29566.2,6285.0
2026-08-07 11:45:00,29566.4,29567.0,29512.0,29514.0,6499.0
2026-08-07 12:00:00,29514.2,29572.6,29505.4,29559.2,9118.0
2026-08-07 12:15:00,29559.2,29585.6,29524.7,29570.4,9202.0
2026-08-07 12:30:00,29573.2,29714.2,29561.7,29702.4,22015.0
2026-08-07 12:45:00,29702.6,29767.0,29702.2,29744.0,14331.0
2026-08-07 13:00:00,29744.2,29751.6,29634.8,29642.0,16645.0
2026-08-07 13:15:00,29642.0,29645.3,29586.6,29615.2,16668.0
2026-08-07 13:30:00,29615.2,29713.6,29584.8,29688.2,45670.0
2026-08-07 13:45:00,29688.0,29720.0,29544.6,29578.9,43271.0
2026-08-07 14:00:00,29579.3,29613.2,29464.8,29485.6,43454.0
2026-08-07 14:15:00,29485.6,29679.2,29469.2,29661.8,37702.0
2026-08-07 14:30:00,29660.8,29675.0,29560.5,29576.4,35168.0
2026-08-07 14:45:00,29577.0,29633.4,29568.2,29620.8,30468.0
2026-08-07 15:00:00,29620.9,29682.9,29609.6,29660.4,24411.0
2026-08-07 15:15:00,29660.2,29729.2,29647.4,29726.8,21555.0
2026-08-07 15:30:00,29727.6,29755.2,29694.8,29712.0,21491.0
2026-08-07 15:45:00,29712.2,29743.4,29697.2,29714.2,19823.0
2026-08-07 16:00:00,29714.6,29730.3,29695.4,29700.2,17969.0
2026-08-07 16:15:00,29700.8,29719.2,29589.6,29614.2,22052.0
2026-08-07 16:30:00,29614.6,29661.4,29569.9,29654.4,22106.0
2026-08-07 16:45:00,29654.7,29681.2,29639.2,29640.4,16518.0
2026-08-07 17:00:00,29640.9,29668.4,29627.0,29636.0,17153.0
2026-08-07 17:15:00,29635.9,29665.0,29626.8,29647.9,14757.0
2026-08-07 17:30:00,29648.0,29664.9,29627.4,29645.9,14301.0
2026-08-07 17:45:00,29645.8,29659.7,29636.0,29643.8,12610.0
2026-08-07 18:00:00,29643.7,29654.8,29613.4,29621.7,13141.0
2026-08-07 18:15:00,29622.0,29634.5,29603.4,29606.2,13536.0
2026-08-07 18:30:00,29606.2,29624.7,29579.3,29581.7,13583.0
2026-08-07 18:45:00,29582.2,29628.5,29577.2,29625.4,12428.0
2026-08-07 19:00:00,29625.3,29710.3,29624.0,29700.0,16416.0
2026-08-07 19:15:00,29700.4,29723.3,29692.4,29711.2,16756.0
2026-08-07 19:30:00,29711.9,29711.9,29673.0,29679.8,15549.0
2026-08-07 19:45:00,29679.7,29760.5,29678.7,29734.2,18205.0
2026-08-07 20:00:00,29734.2,29750.7,29705.7,29720.2,7762.0
2026-08-07 20:15:00,29720.4,29729.2,29704.4,29705.6,3313.0
2026-08-07 20:30:00,29705.7,29724.4,29703.2,29714.8,2474.0
2026-08-07 20:45:00,29714.9,29732.2,29713.2,29730.6,2675.0
2026-08-09 22:00:00,29767.6,29781.0,29718.4,29725.2,5128.0
2026-08-09 22:15:00,29725.4,29752.4,29703.8,29736.8,4247.0
2026-08-09 22:30:00,29736.9,29750.8,29712.2,29734.7,3185.0
2026-08-09 22:45:00,29737.2,29748.6,29729.0,29742.3,1999.0
2026-08-09 23:00:00,29742.2,29774.2,29731.8,29759.2,2561.0
2026-08-09 23:15:00,29759.4,29779.2,29755.2,29761.7,2062.0
2026-08-09 23:30:00,29761.8,29763.3,29733.0,29760.8,3075.0
2026-08-09 23:45:00,29760.7,29771.0,29726.4,29727.6,6758.0
2026-08-10 00:00:00,29728.4,29803.0,29695.6,29789.7,11497.0
2026-08-10 00:15:00,29790.0,29797.0,29736.9,29744.2,11820.0
2026-08-10 00:30:00,29744.0,29762.4,29697.8,29704.7,11003.0
2026-08-10 00:45:00,29704.8,29728.6,29687.4,29700.4,11572.0
2026-08-10 01:00:00,29701.2,29752.0,29690.4,29750.6,12374.0
2026-08-10 01:15:00,29750.4,29780.6,29744.0,29762.5,9336.0
2026-08-10 01:30:00,29762.2,29779.0,29739.4,29773.5,12077.0
2026-08-10 01:45:00,29773.4,29792.6,29769.7,29783.3,7946.0
2026-08-10 02:00:00,29783.2,29790.2,29767.4,29770.5,8033.0
2026-08-10 02:15:00,29771.4,29771.4,29751.0,29767.3,6642.0
2026-08-10 02:30:00,29767.6,29788.2,29746.5,29787.5,6382.0
2026-08-10 02:45:00,29787.4,29797.0,29779.0,29779.2,4445.0
2026-08-10 03:00:00,29779.0,29789.6,29766.8,29774.5,5156.0
2026-08-10 03:15:00,29774.4,29789.2,29769.3,29778.4,5638.0
2026-08-10 03:30:00,29778.2,29795.4,29771.4,29795.0,6576.0
2026-08-10 03:45:00,29795.2,29796.6,29768.8,29776.2,3485.0
2026-08-10 04:00:00,29776.3,29795.7,29770.6,29792.6,4270.0
2026-08-10 04:15:00,29792.8,29801.2,29789.0,29797.4,3084.0
2026-08-10 04:30:00,29797.3,29797.4,29763.6,29784.5,4722.0
2026-08-10 04:45:00,29784.6,29799.2,29770.6,29779.5,4485.0
2026-08-10 05:00:00,29780.4,29816.4,29778.6,29814.2,5004.0
2026-08-10 05:15:00,29814.6,29821.8,29807.2,29809.0,3575.0
2026-08-10 05:30:00,29808.2,29817.0,29801.4,29803.4,4659.0
2026-08-10 05:45:00,29803.4,29828.4,29797.8,29827.4,3315.0
2026-08-10 06:00:00,29827.5,29859.8,29825.2,29854.6,4322.0
2026-08-10 06:15:00,29854.8,29859.8,29806.0,29812.0,4916.0
2026-08-10 06:30:00,29812.4,29822.8,29805.5,29815.4,4285.0
2026-08-10 06:45:00,29815.5,29821.2,29804.2,29806.8,3988.0
2026-08-10 07:00:00,29807.0,29820.8,29785.0,29811.2,7820.0
2026-08-10 07:15:00,29811.4,29850.6,29809.2,29849.2,5798.0
2026-08-10 07:30:00,29849.0,29866.9,29846.0,29863.6,4721.0
2026-08-10 07:45:00,29863.3,29881.6,29833.8,29851.0,5140.0
2026-08-10 08:00:00,29851.0,29878.9,29845.2,29860.4,8150.0
2026-08-10 08:15:00,29860.5,29871.0,29837.5,29850.7,6403.0
2026-08-10 08:30:00,29850.8,29869.6,29841.6,29853.6,4818.0
2026-08-10 08:45:00,29853.8,29873.0,29847.3,29869.6,4083.0
2026-08-10 09:00:00,29869.6,29881.6,29864.0,29874.0,3905.0
2026-08-10 09:15:00,29874.0,29880.0,29861.6,29866.5,4066.0
2026-08-10 09:30:00,29866.2,29869.4,29834.2,29842.2,4306.0
2026-08-10 09:45:00,29842.3,29849.6,29833.8,29836.6,3791.0
2026-08-10 10:00:00,29836.2,29856.3,29814.4,29815.4,5059.0
2026-08-10 10:15:00,29815.3,29849.8,29814.2,29843.0,4175.0
2026-08-10 10:30:00,29843.2,29843.5,29808.0,29817.0,5343.0
2026-08-10 10:45:00,29817.0,29835.8,29807.2,29810.2,4887.0
2026-08-10 11:00:00,29810.4,29823.4,29750.3,29774.8,9950.0
2026-08-10 11:15:00,29774.6,29810.6,29762.7,29807.0,7447.0
2026-08-10 11:30:00,29807.0,29813.2,29771.0,29772.6,6762.0
2026-08-10 11:45:00,29771.5,29782.7,29743.7,29769.4,8134.0
2026-08-10 12:00:00,29769.3,29781.6,29741.8,29744.0,9362.0
2026-08-10 12:15:00,29744.0,29745.0,29708.4,29720.4,8827.0
2026-08-10 12:30:00,29720.5,29725.0,29680.8,29702.4,9853.0
2026-08-10 12:45:00,29702.6,29707.2,29669.8,29675.5,9259.0
2026-08-10 13:00:00,29675.6,29713.6,29670.2,29702.6,11653.0
2026-08-10 13:15:00,29702.4,29721.2,29687.8,29703.2,11372.0
2026-08-10 13:30:00,29703.5,29738.9,29617.7,29674.0,42848.0
2026-08-10 13:45:00,29673.2,29729.7,29652.6,29704.6,34486.0
2026-08-10 14:00:00,29704.4,29789.6,29686.6,29779.0,27183.0
2026-08-10 14:15:00,29779.6,29797.6,29713.2,29755.9,25808.0
2026-08-10 14:30:00,29755.6,29790.7,29744.6,29764.8,22347.0
2026-08-10 14:45:00,29765.0,29783.8,29675.5,29677.2,23568.0
2026-08-10 15:00:00,29677.7,29720.4,29664.5,29691.0,23030.0
2026-08-10 15:15:00,29691.2,29715.2,29651.4,29675.4,20204.0
2026-08-10 15:30:00,29675.6,29706.7,29639.0,29705.8,19392.0
2026-08-10 15:45:00,29705.9,29752.4,29684.6,29742.0,16225.0
2026-08-10 16:00:00,29741.9,29756.3,29709.7,29720.0,16001.0
2026-08-10 16:15:00,29719.9,29741.5,29702.7,29707.6,16480.0
2026-08-10 16:30:00,29707.4,29714.9,29628.2,29640.2,21803.0
2026-08-10 16:45:00,29640.3,29678.6,29630.7,29677.7,16627.0
2026-08-10 17:00:00,29677.8,29706.8,29658.7,29698.4,14740.0
2026-08-10 17:15:00,29698.9,29709.2,29674.2,29684.8,11052.0
2026-08-10 17:30:00,29684.8,29694.7,29654.3,29657.2,12732.0
2026-08-10 17:45:00,29657.6,29663.2,29642.8,29657.2,11314.0
2026-08-10 18:00:00,29656.7,29670.2,29646.4,29649.4,11409.0
2026-08-10 18:15:00,29649.2,29654.2,29640.5,29645.6,9938.0
2026-08-10 18:30:00,29645.9,29671.4,29640.7,29669.8,10289.0
2026-08-10 18:45:00,29670.2,29682.4,29657.9,29680.4,8680.0
2026-08-10 19:00:00,29680.2,29692.2,29673.7,29687.4,9089.0
2026-08-10 19:15:00,29687.8,29693.9,29677.8,29679.9,9002.0
2026-08-10 19:30:00,29680.2,29691.2,29668.2,29673.8,10464.0
2026-08-10 19:45:00,29673.7,29681.9,29627.8,29649.4,15731.0
2026-08-10 20:00:00,29649.5,29659.5,29645.5,29650.2,4967.0
2026-08-10 20:15:00,29650.6,29659.4,29642.6,29656.5,2503.0
2026-08-10 20:30:00,29656.4,29664.2,29648.3,29662.8,1516.0
2026-08-10 20:45:00,29662.8,29674.9,29660.8,29669.2,1932.0
2026-08-10 22:00:00,29689.0,29689.9,29658.4,29665.8,2651.0
2026-08-10 22:15:00,29666.1,29667.8,29638.2,29651.1,2401.0
2026-08-10 22:30:00,29651.3,29651.5,29627.8,29630.0,2069.0
2026-08-10 22:45:00,29629.9,29641.4,29629.4,29637.8,1082.0
2026-08-10 23:00:00,29637.6,29639.6,29627.8,29635.9,1319.0
2026-08-10 23:15:00,29636.0,29636.6,29608.1,29613.2,2093.0
2026-08-10 23:30:00,29612.9,29620.8,29607.6,29619.2,1746.0
2026-08-10 23:45:00,29619.2,29631.1,29583.0,29608.6,5857.0
2026-08-11 00:00:00,29608.4,29657.6,29571.6,29653.6,11688.0
2026-08-11 00:15:00,29653.8,29669.6,29630.4,29668.2,8841.0
2026-08-11 00:30:00,29668.4,29687.1,29661.2,29684.4,6456.0
2026-08-11 00:45:00,29685.0,29698.8,29682.4,29690.2,6014.0
2026-08-11 01:00:00,29689.8,29731.0,29669.6,29730.8,9968.0
2026-08-11 01:15:00,29730.6,29744.3,29714.6,29724.8,8721.0
2026-08-11 01:30:00,29724.9,29732.6,29715.4,29726.6,10054.0
2026-08-11 01:45:00,29727.2,29747.4,29722.2,29723.6,7843.0
2026-08-11 02:00:00,29723.4,29735.6,29717.6,29725.2,7258.0
2026-08-11 02:15:00,29725.4,29732.3,29717.6,29729.6,5570.0
2026-08-11 02:30:00,29729.4,29744.2,29728.4,29744.2,5340.0
2026-08-11 02:45:00,29744.0,29749.0,29720.0,29723.4,4681.0
2026-08-11 03:00:00,29723.6,29737.2,29720.2,29727.0,5099.0
2026-08-11 03:15:00,29727.2,29752.4,29722.8,29746.2,4157.0
2026-08-11 03:30:00,29746.1,29748.0,29731.4,29737.6,4074.0
2026-08-11 03:45:00,29737.6,29747.2,29733.6,29737.0,4031.0
2026-08-11 04:00:00,29737.2,29755.6,29737.0,29753.2,3901.0
2026-08-11 04:15:00,29753.1,29758.8,29743.6,29758.2,3043.0
2026-08-11 04:30:00,29757.6,29766.6,29740.4,29743.8,4489.0
2026-08-11 04:45:00,29743.6,29751.8,29739.6,29744.2,3334.0
2026-08-11 05:00:00,29744.2,29759.2,29735.8,29756.8,4363.0
2026-08-11 05:15:00,29756.8,29758.2,29718.5,29719.6,4531.0
2026-08-11 05:30:00,29719.8,29734.6,29703.8,29720.2,6096.0
2026-08-11 05:45:00,29720.1,29722.6,29693.8,29698.0,5954.0
2026-08-11 06:00:00,29698.2,29732.4,29692.6,29724.9,5357.0
2026-08-11 06:15:00,29724.6,29726.9,29670.8,29676.4,5947.0
2026-08-11 06:30:00,29676.0,29694.6,29637.6,29688.8,7952.0
2026-08-11 06:45:00,29688.8,29691.8,29643.4,29660.0,5361.0
2026-08-11 07:00:00,29659.4,29675.1,29638.5,29664.1,9743.0
2026-08-11 07:15:00,29663.8,29669.8,29633.4,29648.8,7306.0
2026-08-11 07:30:00,29648.6,29684.8,29648.2,29673.4,6653.0
2026-08-11 07:45:00,29673.6,29684.4,29661.4,29679.6,6127.0
2026-08-11 08:00:00,29680.6,29708.9,29635.6,29636.9,9846.0
2026-08-11 08:15:00,29637.0,29652.8,29622.9,29637.9,8344.0
2026-08-11 08:30:00,29638.0,29659.2,29623.0,29658.6,7535.0
2026-08-11 08:45:00,29658.4,29667.9,29646.8,29653.9,5509.0
2026-08-11 09:00:00,29652.9,29661.0,29623.5,29637.9,7077.0
2026-08-11 09:15:00,29637.8,29670.4,29636.6,29663.9,5626.0
2026-08-11 09:30:00,29663.8,29688.6,29660.8,29673.0,5646.0
2026-08-11 09:45:00,29673.1,29686.2,29669.6,29674.3,4935.0
2026-08-11 10:00:00,29674.4,29679.2,29659.9,29660.6,5343.0
2026-08-11 10:15:00,29660.8,29738.2,29655.6,29726.9,7592.0
2026-08-11 10:30:00,29727.0,29728.6,29706.8,29719.9,5649.0
2026-08-11 10:45:00,29719.6,29732.6,29716.8,29722.6,4327.0
2026-08-11 11:00:00,29722.6,29791.6,29722.6,29776.8,14879.0
2026-08-11 11:15:00,29776.4,29778.3,29734.2,29739.0,7445.0
2026-08-11 11:30:00,29738.8,29741.2,29716.3,29730.0,6956.0
2026-08-11 11:45:00,29729.8,29740.2,29717.4,29737.1,6014.0
2026-08-11 12:00:00,29737.2,29769.2,29724.6,29766.6,7056.0
2026-08-11 12:15:00,29766.8,29776.3,29726.2,29733.8,9922.0
2026-08-11 12:30:00,29734.0,29762.2,29724.8,29751.2,7713.0
2026-08-11 12:45:00,29751.4,29758.6,29732.8,29737.5,6278.0
2026-08-11 13:00:00,29737.6,29756.0,29725.3,29732.8,8865.0
2026-08-11 13:15:00,29733.0,29750.6,29718.4,29744.2,9468.0
2026-08-11 13:30:00,29744.1,29747.0,29584.5,29628.6,37932.0
2026-08-11 13:45:00,29627.6,29639.6,29540.8,29638.8,33671.0
2026-08-11 14:00:00,29638.4,29697.4,29624.0,29667.6,26377.0
2026-08-11 14:15:00,29667.2,29695.8,29643.0,29682.5,25121.0
2026-08-11 14:30:00,29683.0,29689.5,29633.8,29646.8,22240.0
2026-08-11 14:45:00,29647.0,29709.8,29645.3,29681.3,21134.0
2026-08-11 15:00:00,29682.4,29697.0,29608.5,29616.8,22522.0
2026-08-11 15:15:00,29617.0,29640.3,29602.8,29607.4,20944.0
2026-08-11 15:30:00,29607.8,29624.6,29570.4,29598.4,19844.0
2026-08-11 15:45:00,29598.3,29598.6,29564.8,29568.0,16477.0
2026-08-11 16:00:00,29568.5,29586.3,29553.0,29557.3,15502.0
2026-08-11 16:15:00,29557.8,29574.8,29527.3,29551.0,14858.0
2026-08-11 16:30:00,29551.2,29569.8,29536.4,29541.8,12269.0
2026-08-11 16:45:00,29541.8,29555.4,29523.0,29539.2,12100.0
2026-08-11 17:00:00,29539.6,29547.9,29490.4,29491.6,11958.0
2026-08-11 17:15:00,29491.5,29531.0,29486.2,29519.4,13392.0
2026-08-11 17:30:00,29519.4,29551.4,29512.1,29547.4,12620.0
2026-08-11 17:45:00,29547.4,29553.9,29536.8,29542.1,10186.0
2026-08-11 18:00:00,29542.4,29548.4,29515.1,29520.6,12430.0
2026-08-11 18:15:00,29520.9,29527.2,29446.6,29457.4,14011.0
2026-08-11 18:30:00,29457.7,29489.5,29453.9,29462.1,13719.0
2026-08-11 18:45:00,29461.6,29512.5,29461.5,29495.9,10951.0
2026-08-11 19:00:00,29495.8,29527.4,29484.6,29520.9,11655.0
2026-08-11 19:15:00,29520.6,29539.9,29515.4,29537.2,10149.0
2026-08-11 19:30:00,29537.4,29573.1,29533.4,29553.1,11676.0
2026-08-11 19:45:00,29552.5,29562.9,29520.7,29548.6,17078.0
2026-08-11 20:00:00,29548.8,29564.9,29528.0,29553.2,6111.0
2026-08-11 20:15:00,29553.4,29590.0,29552.6,29587.4,3282.0
2026-08-11 20:30:00,29587.4,29589.4,29577.8,29583.4,2331.0
2026-08-11 20:45:00,29583.4,29584.2,29560.2,29564.2,2409.0
2026-08-11 22:00:00,29561.7,29572.8,29542.2,29571.8,2012.0
2026-08-11 22:15:00,29571.9,29574.4,29563.6,29567.3,1533.0
2026-08-11 22:30:00,29567.4,29578.3,29550.4,29552.0,1720.0
2026-08-11 22:45:00,29551.9,29566.2,29547.0,29563.0,1285.0
2026-08-11 23:00:00,29562.8,29567.6,29553.0,29555.3,1444.0
2026-08-11 23:15:00,29555.4,29567.3,29554.0,29565.2,992.0
2026-08-11 23:30:00,29565.3,29565.5,29549.2,29553.8,1125.0
2026-08-11 23:45:00,29554.4,29575.6,29547.4,29575.0,5131.0
2026-08-12 00:00:00,29575.2,29582.4,29538.8,29563.0,14674.0
2026-08-12 00:15:00,29562.8,29588.5,29551.4,29578.2,10348.0
2026-08-12 00:30:00,29578.0,29592.6,29565.5,29574.4,8405.0
2026-08-12 00:45:00,29574.3,29584.7,29568.7,29579.8,8312.0
2026-08-12 01:00:00,29579.7,29594.0,29572.9,29586.8,9437.0
2026-08-12 01:15:00,29587.0,29588.2,29552.4,29575.5,8630.0
2026-08-12 01:30:00,29575.6,29591.0,29559.2,29590.5,9098.0
2026-08-12 01:45:00,29590.4,29596.0,29560.2,29571.8,8153.0
2026-08-12 02:00:00,29571.6,29583.6,29562.8,29570.6,6586.0
2026-08-12 02:15:00,29570.8,29590.8,29567.0,29589.8,4798.0
2026-08-12 02:30:00,29590.0,29606.6,29588.2,29601.0,3900.0
2026-08-12 02:45:00,29601.0,29616.0,29600.6,29615.2,3484.0
2026-08-12 03:00:00,29615.4,29622.8,29608.6,29618.6,4262.0
2026-08-12 03:15:00,29618.6,29621.0,29608.2,29615.4,3794.0
2026-08-12 03:30:00,29615.0,29617.7,29602.0,29604.6,5636.0
2026-08-12 03:45:00,29604.8,29613.8,29598.2,29608.0,4638.0
2026-08-12 04:00:00,29607.5,29615.0,29602.7,29610.0,3651.0
2026-08-12 04:15:00,29610.0,29615.6,29604.2,29610.4,2924.0
2026-08-12 04:30:00,29610.6,29612.4,29596.7,29610.0,3214.0
2026-08-12 04:45:00,29609.8,29628.6,29605.2,29626.6,2378.0
2026-08-12 05:00:00,29626.7,29627.0,29598.0,29598.0,4047.0
2026-08-12 05:15:00,29597.6,29603.2,29581.6,29601.2,4925.0
2026-08-12 05:30:00,29601.4,29621.2,29599.8,29613.0,4584.0
2026-08-12 05:45:00,29613.2,29630.8,29610.2,29628.2,3982.0
2026-08-12 06:00:00,29627.6,29637.2,29620.2,29626.3,4438.0
2026-08-12 06:15:00,29626.2,29634.0,29610.6,29623.0,4906.0
2026-08-12 06:30:00,29623.0,29642.8,29618.2,29631.4,4684.0
2026-08-12 06:45:00,29631.2,29649.9,29631.0,29649.8,3381.0
2026-08-12 07:00:00,29649.7,29667.4,29648.0,29654.2,6022.0
2026-08-12 07:15:00,29654.2,29661.0,29640.6,29652.0,4404.0
2026-08-12 07:30:00,29651.8,29656.8,29642.4,29654.0,4284.0
2026-08-12 07:45:00,29653.6,29664.0,29643.4,29664.0,3892.0
2026-08-12 08:00:00,29664.5,29694.0,29660.6,29684.4,6516.0
2026-08-12 08:15:00,29684.2,29705.6,29676.8,29698.8,5512.0
2026-08-12 08:30:00,29698.9,29700.0,29676.0,29686.8,5129.0
2026-08-12 08:45:00,29687.0,29712.2,29684.2,29707.0,3531.0
2026-08-12 09:00:00,29707.0,29724.6,29706.2,29721.0,4102.0
2026-08-12 09:15:00,29721.2,29761.6,29717.4,29736.0,8210.0
2026-08-12 09:30:00,29736.0,29751.4,29736.0,29742.6,5963.0
2026-08-12 09:45:00,29743.4,29746.9,29715.6,29729.0,6899.0
2026-08-12 10:00:00,29729.6,29755.6,29727.6,29751.4,4767.0
2026-08-12 10:15:00,29751.6,29758.0,29746.6,29752.0,4353.0
2026-08-12 10:30:00,29752.2,29756.6,29745.2,29753.9,3620.0
2026-08-12 10:45:00,29754.0,29754.2,29699.2,29728.2,7807.0
2026-08-12 11:00:00,29729.2,29750.2,29727.8,29734.4,6456.0
2026-08-12 11:15:00,29734.0,29735.0,29718.4,29723.2,5338.0
2026-08-12 11:30:00,29723.4,29744.7,29719.0,29738.8,4932.0
2026-08-12 11:45:00,29738.2,29759.2,29732.2,29758.6,5042.0
2026-08-12 12:00:00,29757.9,29770.7,29742.2,29742.8,6765.0
2026-08-12 12:15:00,29743.0,29830.9,29734.2,29824.8,8972.0
2026-08-12 12:30:00,29822.0,29852.8,29669.3,29830.2,22306.0
2026-08-12 12:45:00,29830.0,29835.0,29813.8,29832.4,12878.0
2026-08-12 13:00:00,29832.0,29854.3,29829.7,29852.4,11707.0
2026-08-12 13:15:00,29852.0,29904.9,29848.5,29904.2,10315.0
2026-08-12 13:30:00,29904.2,29913.8,29766.4,29812.8,41473.0
2026-08-12 13:45:00,29812.9,29882.2,29773.4,29820.2,32730.0
2026-08-12 14:00:00,29820.2,29849.2,29762.0,29806.0,28102.0
2026-08-12 14:15:00,29805.7,29858.2,29777.5,29829.4,26192.0
2026-08-12 14:30:00,29829.2,29842.0,29744.8,29837.6,26562.0
2026-08-12 14:45:00,29837.7,29844.0,29761.8,29780.6,24794.0
2026-08-12 15:00:00,29780.4,29804.2,29751.9,29792.9,22868.0
2026-08-12 15:15:00,29793.0,29800.0,29756.4,29787.6,19786.0
2026-08-12 15:30:00,29787.0,29791.8,29731.7,29741.4,19172.0
2026-08-12 15:45:00,29741.8,29766.9,29732.0,29744.8,16151.0
2026-08-12 16:00:00,29745.2,29790.4,29742.2,29786.0,14481.0
2026-08-12 16:15:00,29786.2,29800.3,29771.0,29786.7,12532.0
2026-08-12 16:30:00,29786.6,29807.4,29763.9,29798.2,13040.0
2026-08-12 16:45:00,29798.2,29830.2,29792.2,29818.2,10988.0
2026-08-12 17:00:00,29818.4,29837.2,29810.7,29824.2,9637.0
2026-08-12 17:15:00,29824.2,29832.7,29802.4,29822.9,10829.0
2026-08-12 17:30:00,29822.8,29835.0,29814.4,29828.2,9515.0
2026-08-12 17:45:00,29828.2,29836.8,29814.7,29823.2,9479.0
2026-08-12 18:00:00,29823.2,29831.4,29803.8,29820.4,9634.0
2026-08-12 18:15:00,29820.2,29826.4,29803.5,29806.9,9154.0
2026-08-12 18:30:00,29807.0,29841.0,29806.9,29832.2,8428.0
2026-08-12 18:45:00,29832.2,29836.0,29798.0,29803.2,9174.0
2026-08-12 19:00:00,29803.2,29817.2,29792.2,29797.4,9823.0
2026-08-12 19:15:00,29797.2,29810.8,29769.0,29780.2,10286.0
2026-08-12 19:30:00,29779.9,29781.0,29744.9,29762.2,12676.0
2026-08-12 19:45:00,29761.9,29780.8,29738.9,29765.9,17516.0
2026-08-12 20:00:00,29765.8,29818.9,29744.2,29759.7,8361.0
2026-08-12 20:15:00,29759.0,29764.2,29730.3,29735.0,4356.0
2026-08-12 20:30:00,29735.1,29738.6,29725.2,29735.7,3290.0
2026-08-12 20:45:00,29735.8,29738.3,29723.6,29723.8,2771.0
2026-08-12 22:00:00,29738.2,29740.3,29715.6,29720.5,2685.0
2026-08-12 22:15:00,29719.5,29723.6,29699.2,29708.3,2278.0
2026-08-12 22:30:00,29708.2,29710.8,29696.0,29707.5,1775.0
2026-08-12 22:45:00,29707.4,29718.4,29704.0,29712.5,1431.0
2026-08-12 23:00:00,29712.7,29726.2,29712.0,29724.0,1733.0
2026-08-12 23:15:00,29724.0,29727.2,29717.0,29720.3,1307.0
2026-08-12 23:30:00,29720.6,29729.7,29707.6,29726.2,1857.0
2026-08-12 23:45:00,29726.0,29727.6,29708.4,29719.8,4457.0
2026-08-13 00:00:00,29720.0,29778.0,29711.5,29762.6,10325.0
2026-08-13 00:15:00,29762.5,29781.0,29753.2,29754.3,8847.0
2026-08-13 00:30:00,29754.2,29767.8,29743.4,29756.8,9704.0
2026-08-13 00:45:00,29756.6,29764.7,29744.3,29761.2,8045.0
2026-08-13 01:00:00,29760.2,29766.8,29736.4,29745.8,8565.0
2026-08-13 01:15:00,29746.2,29753.0,29723.2,29732.4,7640.0
2026-08-13 01:30:00,29732.2,29758.6,29729.4,29752.4,8374.0
2026-08-13 01:45:00,29752.6,29780.0,29742.6,29772.0,7243.0
2026-08-13 02:00:00,29772.0,29786.2,29769.0,29777.0,5195.0
2026-08-13 02:15:00,29777.2,29784.4,29772.2,29777.0,4234.0
2026-08-13 02:30:00,29776.5,29792.2,29748.6,29788.4,6379.0
2026-08-13 02:45:00,29788.0,29789.2,29781.2,29783.8,3649.0
2026-08-13 03:00:00,29783.0,29790.2,29780.4,29788.6,3955.0
2026-08-13 03:15:00,29788.6,29793.6,29786.6,29788.6,2992.0
2026-08-13 03:30:00,29789.0,29794.4,29781.9,29791.2,4056.0
2026-08-13 03:45:00,29791.2,29794.8,29790.2,29793.6,2030.0
2026-08-13 04:00:00,29793.2,29806.6,29784.2,29784.8,3110.0
2026-08-13 04:15:00,29784.6,29799.2,29769.2,29791.6,4777.0
2026-08-13 04:30:00,29791.5,29810.6,29791.0,29794.0,3662.0
2026-08-13 04:45:00,29793.8,29809.8,29788.2,29794.2,4318.0
2026-08-13 05:00:00,29794.0,29831.0,29789.8,29830.2,4074.0
2026-08-13 05:15:00,29830.2,29836.8,29823.0,29836.0,3401.0
2026-08-13 05:30:00,29836.0,29838.6,29812.0,29817.4,5169.0
2026-08-13 05:45:00,29817.6,29823.2,29798.2,29799.0,4866.0
2026-08-13 06:00:00,29799.4,29811.2,29784.0,29808.3,6217.0
2026-08-13 06:15:00,29808.4,29820.2,29800.2,29812.2,5449.0
2026-08-13 06:30:00,29812.3,29820.0,29776.0,29777.6,5480.0
2026-08-13 06:45:00,29777.5,29805.0,29773.8,29803.6,4225.0
2026-08-13 07:00:00,29803.6,29808.2,29760.2,29768.6,7103.0
2026-08-13 07:15:00,29768.4,29788.2,29762.9,29785.6,5236.0
2026-08-13 07:30:00,29785.8,29797.0,29776.6,29795.0,4438.0
2026-08-13 07:45:00,29794.6,29796.2,29773.2,29775.2,4774.0
2026-08-13 08:00:00,29775.6,29786.7,29744.0,29753.2,9434.0
2026-08-13 08:15:00,29753.3,29779.6,29742.6,29773.6,7022.0
2026-08-13 08:30:00,29773.8,29780.6,29761.2,29777.6,5887.0
2026-08-13 08:45:00,29777.8,29789.8,29769.3,29776.0,4577.0
2026-08-13 09:00:00,29775.8,29783.4,29747.6,29747.6,5526.0
2026-08-13 09:15:00,29747.4,29764.0,29736.2,29752.2,4870.0
2026-08-13 09:30:00,29752.2,29776.4,29751.6,29775.2,3555.0
2026-08-13 09:45:00,29775.0,29794.4,29772.8,29791.6,3498.0
2026-08-13 10:00:00,29791.6,29793.0,29778.2,29790.2,4320.0
2026-08-13 10:15:00,29790.0,29799.0,29779.0,29788.0,3871.0
2026-08-13 10:30:00,29788.2,29795.8,29783.6,29792.8,3598.0
2026-08-13 10:45:00,29792.9,29801.2,29789.8,29795.6,3303.0
2026-08-13 11:00:00,29796.6,29807.0,29785.6,29787.6,5175.0
2026-08-13 11:15:00,29787.8,29790.2,29770.6,29777.6,4574.0
2026-08-13 11:30:00,29777.4,29803.4,29772.2,29803.0,5074.0
2026-08-13 11:45:00,29803.0,29809.6,29783.0,29783.6,5277.0
2026-08-13 12:00:00,29783.4,29787.0,29748.6,29755.6,8552.0
2026-08-13 12:15:00,29755.6,29771.0,29728.0,29768.3,8013.0
2026-08-13 12:30:00,29767.5,29804.2,29735.4,29761.2,13445.0
2026-08-13 12:45:00,29761.0,29796.0,29756.0,29795.2,8206.0
2026-08-13 13:00:00,29795.4,29835.6,29793.6,29823.2,8275.0
2026-08-13 13:15:00,29823.0,29834.7,29815.2,29825.6,7049.0
2026-08-13 13:30:00,29825.8,29968.2,29778.8,29927.7,34789.0
2026-08-13 13:45:00,29928.0,30095.8,29920.8,30090.7,29685.0
2026-08-13 14:00:00,30091.4,30129.4,30071.0,30120.7,24486.0
2026-08-13 14:15:00,30120.8,30152.8,30100.3,30148.6,21099.0
2026-08-13 14:30:00,30148.4,30181.9,30142.4,30151.2,20659.0
2026-08-13 14:45:00,30150.5,30156.2,30113.2,30114.4,23892.0
2026-08-13 15:00:00,30114.7,30146.4,30109.6,30132.6,22398.0
2026-08-13 15:15:00,30132.7,30153.4,30094.7,30103.2,22941.0
2026-08-13 15:30:00,30103.0,30113.2,30043.2,30071.2,23921.0
2026-08-13 15:45:00,30071.8,30071.8,30019.8,30031.9,18910.0
2026-08-13 16:00:00,30032.0,30089.4,30031.2,30058.0,16118.0
2026-08-13 16:15:00,30058.2,30105.9,30050.7,30103.2,14376.0
2026-08-13 16:30:00,30103.7,30116.4,30085.0,30100.4,13144.0
2026-08-13 16:45:00,30100.2,30120.2,30093.4,30110.4,11100.0
2026-08-13 17:00:00,30110.9,30149.4,30109.6,30143.0,9703.0
2026-08-13 17:15:00,30143.2,30166.8,30141.7,30154.4,8663.0
2026-08-13 17:30:00,30154.6,30161.4,30131.2,30131.2,9642.0
2026-08-13 17:45:00,30131.2,30144.7,30120.7,30121.4,9333.0
2026-08-13 18:00:00,30121.7,30132.0,30106.4,30118.4,10229.0
2026-08-13 18:15:00,30118.2,30124.7,30098.2,30108.7,9861.0
2026-08-13 18:30:00,30109.0,30153.7,30108.7,30145.6,10672.0
2026-08-13 18:45:00,30145.7,30162.7,30145.4,30160.9,9346.0
2026-08-13 19:00:00,30161.2,30189.8,30149.5,30155.4,10179.0
2026-08-13 19:15:00,30155.3,30162.7,30132.3,30139.9,12050.0
2026-08-13 19:30:00,30139.6,30144.4,30119.8,30121.5,12779.0
2026-08-13 19:45:00,30121.4,30123.7,30090.6,30110.9,15970.0
2026-08-13 20:00:00,30111.3,30135.9,30062.0,30125.6,8196.0
2026-08-13 20:15:00,30125.4,30131.0,30109.2,30115.2,3335.0
2026-08-13 20:30:00,30114.8,30130.0,30112.8,30126.8,2443.0
2026-08-13 20:45:00,30126.6,30133.2,30125.6,30133.2,1970.0
2026-08-13 22:00:00,30108.0,30132.2,30107.4,30112.2,2869.0
2026-08-13 22:15:00,30111.0,30121.2,30105.5,30113.4,1877.0
2026-08-13 22:30:00,30113.6,30125.2,30113.0,30122.0,1369.0
2026-08-13 22:45:00,30121.5,30123.0,30115.4,30119.0,803.0
2026-08-13 23:00:00,30118.8,30140.0,30115.3,30140.0,779.0
2026-08-13 23:15:00,30140.5,30141.5,30108.4,30114.7,1073.0
2026-08-13 23:30:00,30114.5,30119.0,30108.8,30111.8,1790.0
2026-08-13 23:45:00,30112.0,30120.0,30105.8,30118.6,4799.0
2026-08-14 00:00:00,30118.6,30147.2,30111.6,30116.0,9808.0
2026-08-14 00:15:00,30116.2,30119.6,30093.0,30100.2,9165.0
2026-08-14 00:30:00,30100.4,30106.8,30090.2,30094.2,6176.0
2026-08-14 00:45:00,30094.4,30102.0,30082.2,30085.2,7165.0
2026-08-14 01:00:00,30085.0,30085.2,30039.9,30044.2,9557.0
2026-08-14 01:15:00,30044.4,30069.5,30040.2,30068.2,9019.0
2026-08-14 01:30:00,30068.0,30078.0,30056.4,30075.6,8362.0
2026-08-14 01:45:00,30075.4,30083.6,30065.0,30067.2,7164.0
2026-08-14 02:00:00,30067.2,30087.0,30065.0,30082.6,5988.0
2026-08-14 02:15:00,30083.0,30085.2,30071.6,30083.2,4845.0
2026-08-14 02:30:00,30083.2,30096.2,30082.6,30089.6,3921.0
2026-08-14 02:45:00,30089.7,30093.6,30065.4,30069.8,4421.0
2026-08-14 03:00:00,30069.6,30080.2,30066.0,30077.6,4103.0
2026-08-14 03:15:00,30077.6,30095.8,30076.0,30095.6,2789.0
2026-08-14 03:30:00,30095.9,30096.8,30072.2,30073.0,4975.0
2026-08-14 03:45:00,30073.4,30078.0,30067.7,30068.0,3004.0
2026-08-14 04:00:00,30068.0,30076.2,30060.2,30071.0,4504.0
2026-08-14 04:15:00,30070.8,30080.6,30066.6,30073.6,4198.0
2026-08-14 04:30:00,30073.8,30079.2,30053.6,30069.6,4727.0
2026-08-14 04:45:00,30069.8,30070.4,30060.7,30063.2,3135.0
2026-08-14 05:00:00,30063.4,30067.9,30043.6,30059.4,5101.0
2026-08-14 05:15:00,30059.6,30067.2,30053.7,30065.0,4137.0
2026-08-14 05:30:00,30064.9,30082.7,30055.8,30082.0,5071.0
2026-08-14 05:45:00,30082.0,30096.9,30080.4,30089.6,3309.0
2026-08-14 06:00:00,30089.8,30093.6,30065.4,30068.2,4711.0
2026-08-14 06:15:00,30068.5,30079.8,30064.0,30078.2,3565.0
2026-08-14 06:30:00,30078.3,30080.8,30065.0,30075.2,3167.0
2026-08-14 06:45:00,30075.3,30092.6,30075.2,30088.2,2347.0
2026-08-14 07:00:00,30088.4,30109.4,30086.8,30090.4,6304.0
2026-08-14 07:15:00,30090.8,30096.8,30087.4,30092.6,4750.0
2026-08-14 07:30:00,30092.6,30118.8,30088.6,30118.6,3242.0
2026-08-14 07:45:00,30118.4,30118.6,30107.0,30109.6,3543.0
2026-08-14 08:00:00,30110.3,30150.3,30102.8,30129.0,7597.0
2026-08-14 08:15:00,30128.9,30146.9,30121.5,30140.5,6812.0
2026-08-14 08:30:00,30140.4,30155.6,30136.6,30143.2,5664.0
2026-08-14 08:45:00,30143.4,30154.6,30136.0,30136.8,4583.0
2026-08-14 09:00:00,30136.6,30137.5,30125.8,30133.8,4476.0
2026-08-14 09:15:00,30133.7,30148.0,30130.2,30141.4,4331.0
2026-08-14 09:30:00,30141.6,30142.0,30122.6,30125.6,4627.0
2026-08-14 09:45:00,30125.8,30151.7,30122.8,30150.0,3816.0
2026-08-14 10:00:00,30150.6,30165.0,30148.9,30156.2,4221.0
2026-08-14 10:15:00,30156.2,30156.3,30138.0,30144.2,3524.0
2026-08-14 10:30:00,30144.2,30152.8,30139.0,30152.2,3786.0
2026-08-14 10:45:00,30152.0,30167.2,30148.2,30166.9,3589.0
2026-08-14 11:00:00,30166.8,30176.9,30162.0,30168.8,5222.0
2026-08-14 11:15:00,30169.2,30170.0,30157.8,30162.8,4286.0
2026-08-14 11:30:00,30162.9,30174.2,30152.9,30167.2,4849.0
2026-08-14 11:45:00,30166.7,30183.2,30164.6,30179.8,3937.0
2026-08-14 12:00:00,30179.7,30195.4,30124.7,30152.7,7007.0
2026-08-14 12:15:00,30152.0,30170.8,30141.4,30165.8,7905.0
2026-08-14 12:30:00,30166.0,30194.6,30162.7,30181.0,9177.0
2026-08-14 12:45:00,30181.2,30194.8,30170.2,30183.8,5485.0
2026-08-14 13:00:00,30183.7,30198.0,30168.2,30168.6,6607.0
2026-08-14 13:15:00,30169.2,30176.8,30153.3,30156.2,8579.0
2026-08-14 13:30:00,30157.2,30184.3,30086.0,30176.7,34124.0
2026-08-14 13:45:00,30175.8,30195.9,30127.2,30142.5,29463.0
2026-08-14 14:00:00,30142.4,30187.7,30124.0,30136.8,26018.0
2026-08-14 14:15:00,30137.4,30144.0,30050.2,30075.0,26139.0
2026-08-14 14:30:00,30074.9,30090.3,30044.7,30071.0,23534.0
2026-08-14 14:45:00,30070.9,30081.2,30038.4,30038.4,19089.0
2026-08-14 15:00:00,30039.2,30057.8,30003.8,30005.9,19397.0
2026-08-14 15:15:00,30006.0,30026.4,29952.3,29991.6,21107.0
2026-08-14 15:30:00,29991.6,29993.1,29948.6,29967.8,19143.0
2026-08-14 15:45:00,29968.1,29991.4,29947.9,29985.1,15848.0
2026-08-14 16:00:00,29985.2,30003.1,29969.6,29999.3,14411.0
2026-08-14 16:15:00,29999.0,30026.1,29994.4,30020.1,9785.0
2026-08-14 16:30:00,30019.8,30021.1,29983.4,29986.3,13456.0
2026-08-14 16:45:00,29985.8,29995.3,29973.6,29977.6,11859.0
2026-08-14 17:00:00,29977.6,29998.6,29971.8,29987.8,11564.0
2026-08-14 17:15:00,29987.9,29995.1,29967.1,29978.3,10327.0
2026-08-14 17:30:00,29978.2,29991.1,29970.1,29976.8,10757.0
2026-08-14 17:45:00,29977.0,30003.2,29968.7,30000.2,9024.0
2026-08-14 18:00:00,30000.1,30010.1,29992.6,29997.8,9470.0
2026-08-14 18:15:00,29997.6,30011.2,29984.6,29986.4,8175.0
2026-08-14 18:30:00,29986.3,30008.9,29981.6,30006.2,8293.0
2026-08-14 18:45:00,30006.3,30022.6,29997.1,30007.1,7092.0
2026-08-14 19:00:00,30007.4,30013.1,29995.8,30001.6,8437.0
2026-08-14 19:15:00,30001.6,30022.3,29997.6,30015.1,7729.0
2026-08-14 19:30:00,30015.0,30034.2,30010.6,30027.6,8996.0
2026-08-14 19:45:00,30027.6,30066.7,30020.8,30063.6,13097.0
2026-08-14 20:00:00,30063.2,30071.6,30050.1,30051.8,5379.0
2026-08-14 20:15:00,30051.9,30054.2,30046.1,30049.8,1738.0
2026-08-14 20:30:00,30049.9,30062.3,30047.2,30060.8,1620.0
2026-08-14 20:45:00,30060.9,30066.8,30057.2,30066.2,1185.0
2026-08-16 22:00:00,30089.6,30120.5,30088.5,30115.4,3258.0
2026-08-16 22:15:00,30115.8,30119.0,30109.8,30111.6,1362.0
2026-08-16 22:30:00,30111.8,30114.0,30108.3,30110.3,984.0
2026-08-16 22:45:00,30110.4,30129.0,30107.0,30124.0,1638.0
2026-08-16 23:00:00,30124.0,30125.0,30113.8,30115.2,1275.0
2026-08-16 23:15:00,30115.2,30122.4,30110.2,30115.4,1323.0
2026-08-16 23:30:00,30115.6,30124.6,30111.3,30124.2,1433.0
2026-08-16 23:45:00,30124.0,30146.0,30123.2,30133.6,3730.0
2026-08-17 00:00:00,30133.6,30145.2,30127.6,30137.0,8435.0
2026-08-17 00:15:00,30137.2,30137.4,30108.4,30114.4,5659.0
2026-08-17 00:30:00,30114.3,30116.3,30104.6,30108.6,3958.0
2026-08-17 00:45:00,30108.4,30120.8,30104.2,30119.8,4121.0
2026-08-17 01:00:00,30119.7,30151.6,30118.6,30132.6,7236.0
2026-08-17 01:15:00,30132.4,30156.8,30123.2,30148.4,5620.0
2026-08-17 01:30:00,30148.8,30150.9,30109.9,30117.6,7546.0
2026-08-17 01:45:00,30117.4,30121.0,30105.4,30110.2,5103.0
2026-08-17 02:00:00,30110.4,30118.8,30104.2,30118.8,4209.0
2026-08-17 02:15:00,30118.7,30140.7,30116.0,30134.6,3364.0
2026-08-17 02:30:00,30134.8,30143.2,30130.9,30139.2,3614.0
2026-08-17 02:45:00,30139.2,30149.2,30138.7,30141.0,3583.0
2026-08-17 03:00:00,30141.0,30153.0,30140.6,30145.0,3103.0
2026-08-17 03:15:00,30145.0,30153.6,30144.6,30152.2,2653.0
2026-08-17 03:30:00,30152.4,30164.7,30144.2,30159.6,3211.0
2026-08-17 03:45:00,30159.6,30164.9,30157.8,30164.8,2209.0
2026-08-17 04:00:00,30164.4,30171.8,30162.0,30169.6,2197.0
2026-08-17 04:15:00,30169.4,30169.8,30159.0,30159.0,1930.0
2026-08-17 04:30:00,30159.2,30162.8,30153.0,30162.6,1862.0
2026-08-17 04:45:00,30162.7,30166.2,30151.7,30153.4,1775.0
2026-08-17 05:00:00,30154.0,30165.0,30152.7,30161.0,2672.0
2026-08-17 05:15:00,30163.0,30164.6,30149.0,30162.6,3008.0
2026-08-17 05:30:00,30162.4,30181.2,30156.0,30181.2,3963.0
2026-08-17 05:45:00,30181.0,30192.4,30179.2,30191.0,2602.0
2026-08-17 06:00:00,30191.2,30213.0,30186.0,30206.2,3612.0
2026-08-17 06:15:00,30206.4,30217.0,30190.8,30215.4,2956.0
2026-08-17 06:30:00,30215.2,30245.2,30212.2,30232.0,3401.0
2026-08-17 06:45:00,30232.3,30243.6,30229.9,30242.9,2986.0
2026-08-17 07:00:00,30242.8,30250.0,30193.0,30194.0,6699.0
2026-08-17 07:15:00,30194.2,30198.8,30179.5,30198.2,6151.0
2026-08-17 07:30:00,30198.2,30242.6,30195.2,30236.6,5351.0
2026-08-17 07:45:00,30236.6,30241.0,30225.2,30231.0,4640.0
2026-08-17 08:00:00,30229.8,30246.0,30215.0,30225.0,8491.0
2026-08-17 08:15:00,30225.2,30238.0,30221.4,30234.0,6527.0
2026-08-17 08:30:00,30234.0,30237.8,30206.2,30206.6,5757.0
2026-08-17 08:45:00,30206.6,30223.8,30202.5,30216.4,5019.0
2026-08-17 09:00:00,30216.5,30221.2,30206.7,30216.2,5539.0
2026-08-17 09:15:00,30216.3,30216.4,30186.4,30193.2,4868.0
2026-08-17 09:30:00,30193.0,30201.3,30186.0,30200.6,5119.0
2026-08-17 09:45:00,30200.4,30209.6,30195.0,30200.0,5205.0
2026-08-17 10:00:00,30200.0,30213.8,30195.0,30213.6,4380.0
2026-08-17 10:15:00,30213.6,30258.0,30198.0,30255.4,6519.0
2026-08-17 10:30:00,30255.8,30256.4,30211.3,30229.2,9264.0
2026-08-17 10:45:00,30229.2,30235.4,30223.7,30233.2,4351.0
2026-08-17 11:00:00,30233.4,30243.2,30214.9,30218.6,6705.0
2026-08-17 11:15:00,30218.6,30225.2,30205.2,30218.0,5320.0
2026-08-17 11:30:00,30218.0,30224.2,30211.2,30222.8,5444.0
2026-08-17 11:45:00,30222.9,30228.2,30204.9,30205.0,4657.0
2026-08-17 12:00:00,30205.6,30207.0,30165.4,30197.0,7938.0
2026-08-17 12:15:00,30197.0,30198.8,30140.4,30155.8,10070.0
2026-08-17 12:30:00,30156.0,30168.3,30101.7,30108.0,11572.0
2026-08-17 12:45:00,30108.2,30131.4,30099.7,30120.4,7715.0
2026-08-17 13:00:00,30120.6,30143.2,30118.0,30137.0,7177.0
2026-08-17 13:15:00,30137.4,30156.0,30124.4,30136.6,7960.0
2026-08-17 13:30:00,30137.2,30184.0,30084.2,30114.2,35942.0
2026-08-17 13:45:00,30115.2,30172.7,30093.2,30153.0,28643.0
2026-08-17 14:00:00,30153.6,30161.2,30079.8,30142.9,25555.0
2026-08-17 14:15:00,30143.2,30144.2,30075.9,30115.7,22435.0
2026-08-17 14:30:00,30116.0,30135.2,30104.2,30122.6,19879.0
2026-08-17 14:45:00,30122.7,30164.2,30118.0,30162.2,16867.0
2026-08-17 15:00:00,30162.6,30204.9,30151.8,30175.9,16074.0
2026-08-17 15:15:00,30176.0,30196.2,30173.9,30187.9,13434.0
2026-08-17 15:30:00,30188.2,30191.7,30135.2,30154.6,16081.0
2026-08-17 15:45:00,30154.7,30176.6,30141.8,30166.2,12188.0
2026-08-17 16:00:00,30166.3,30170.1,30127.1,30130.8,12569.0
2026-08-17 16:15:00,30130.7,30144.6,30124.1,30133.8,10594.0
2026-08-17 16:30:00,30134.1,30139.4,30109.1,30110.6,9252.0
2026-08-17 16:45:00,30110.6,30119.3,30102.2,30110.6,9042.0
2026-08-17 17:00:00,30110.4,30114.0,30055.6,30056.2,11292.0
2026-08-17 17:15:00,30056.1,30068.4,30020.7,30023.6,16400.0
2026-08-17 17:30:00,30023.6,30054.8,30013.6,30050.3,14993.0
2026-08-17 17:45:00,30050.2,30054.4,30023.9,30029.0,11325.0
2026-08-17 18:00:00,30029.1,30040.2,30006.6,30027.0,13031.0
2026-08-17 18:15:00,30026.8,30040.6,30016.3,30030.2,10350.0
2026-08-17 18:30:00,30030.6,30046.7,30019.8,30044.2,8962.0
2026-08-17 18:45:00,30044.1,30063.4,30042.3,30049.1,7382.0
2026-08-17 19:00:00,30049.6,30051.2,30010.4,30011.2,9470.0
2026-08-17 19:15:00,30011.1,30040.7,30008.9,30020.2,9869.0
2026-08-17 19:30:00,30020.3,30038.4,30015.7,30029.3,10753.0
2026-08-17 19:45:00,30029.4,30049.0,29993.6,30017.4,14809.0
2026-08-17 20:00:00,30018.2,30024.2,29997.6,30004.6,5471.0
2026-08-17 20:15:00,30004.6,30009.1,29996.0,30004.6,2299.0
2026-08-17 20:30:00,30004.8,30006.6,29988.4,29990.8,2225.0
2026-08-17 20:45:00,29990.6,30005.2,29982.1,30000.9,2729.0
2026-08-17 22:00:00,30008.2,30017.4,29998.0,30000.3,2688.0
2026-08-17 22:15:00,30000.1,30011.2,29989.0,30002.1,2264.0
2026-08-17 22:30:00,30002.0,30003.0,29994.1,29997.8,1453.0
2026-08-17 22:45:00,29997.6,30009.8,29996.9,30005.6,1352.0
2026-08-17 23:00:00,30005.4,30013.3,29997.1,30007.9,1528.0
2026-08-17 23:15:00,30008.0,30014.2,29998.6,30010.2,1272.0
2026-08-17 23:30:00,30010.1,30026.8,30008.6,30022.8,1800.0
2026-08-17 23:45:00,30022.8,30026.8,30007.2,30021.2,4634.0
2026-08-18 00:00:00,30021.0,30030.1,30010.2,30026.8,9297.0
2026-08-18 00:15:00,30027.4,30040.4,30018.1,30027.2,5800.0
2026-08-18 00:30:00,30027.1,30039.8,30025.0,30038.8,4686.0
2026-08-18 00:45:00,30038.8,30047.6,30023.2,30025.2,4848.0
2026-08-18 01:00:00,30025.4,30036.3,30016.8,30035.8,7005.0
2026-08-18 01:15:00,30035.8,30036.3,30003.3,30013.6,6267.0
2026-08-18 01:30:00,30013.8,30016.4,29969.0,29976.2,7841.0
2026-08-18 01:45:00,29976.2,29981.8,29897.5,29938.8,12323.0
2026-08-18 02:00:00,29939.0,29948.2,29890.2,29892.2,9353.0
2026-08-18 02:15:00,29892.4,29897.0,29850.6,29859.6,10902.0
2026-08-18 02:30:00,29859.6,29886.2,29833.8,29836.1,10450.0
2026-08-18 02:45:00,29836.2,29847.2,29807.2,29835.1,10000.0
2026-08-18 03:00:00,29835.2,29842.2,29815.0,29820.6,7859.0
2026-08-18 03:15:00,29820.8,29824.0,29788.1,29806.4,7490.0
2026-08-18 03:30:00,29806.2,29823.8,29779.8,29821.6,9274.0
2026-08-18 03:45:00,29821.8,29835.3,29809.0,29819.6,7391.0
2026-08-18 04:00:00,29819.6,29825.2,29797.2,29824.6,7447.0
2026-08-18 04:15:00,29824.6,29841.4,29806.2,29838.0,6236.0
2026-08-18 04:30:00,29838.1,29847.4,29818.8,29826.8,5407.0
2026-08-18 04:45:00,29826.9,29853.5,29822.4,29844.0,4072.0
2026-08-18 05:00:00,29844.1,29845.2,29803.3,29806.2,5885.0
2026-08-18 05:15:00,29806.4,29813.3,29801.0,29802.6,5052.0
2026-08-18 05:30:00,29802.6,29803.4,29789.0,29792.0,6009.0
2026-08-18 05:45:00,29791.8,29806.8,29763.0,29767.4,5587.0
2026-08-18 06:00:00,29767.0,29770.6,29712.4,29762.2,9994.0
2026-08-18 06:15:00,29762.1,29793.3,29747.5,29786.6,8043.0
2026-08-18 06:30:00,29786.6,29802.2,29779.2,29792.6,6029.0
2026-08-18 06:45:00,29792.3,29822.2,29789.6,29819.8,4132.0
2026-08-18 07:00:00,29819.1,29823.3,29788.4,29788.6,9235.0
2026-08-18 07:15:00,29788.6,29797.8,29772.6,29773.8,6529.0
2026-08-18 07:30:00,29774.2,29780.8,29748.2,29752.2,7363.0
2026-08-18 07:45:00,29752.2,29767.4,29735.2,29737.0,6544.0
2026-08-18 08:00:00,29736.8,29740.6,29664.9,29693.1,13322.0
2026-08-18 08:15:00,29693.4,29711.6,29662.4,29684.6,9611.0
2026-08-18 08:30:00,29684.5,29718.8,29674.4,29708.9,8847.0
2026-08-18 08:45:00,29708.8,29709.2,29669.4,29693.1,7105.0
2026-08-18 09:00:00,29693.0,29704.2,29670.8,29691.4,8950.0
2026-08-18 09:15:00,29691.6,29697.4,29650.8,29662.4,7692.0
2026-08-18 09:30:00,29662.5,29668.3,29625.6,29638.8,8299.0
2026-08-18 09:45:00,29638.9,29663.6,29614.0,29659.2,8136.0
2026-08-18 10:00:00,29659.1,29669.6,29642.5,29648.4,6844.0
2026-08-18 10:15:00,29648.6,29669.0,29631.2,29653.8,6186.0
2026-08-18 10:30:00,29653.4,29671.8,29647.0,29654.9,5988.0
2026-08-18 10:45:00,29654.6,29678.8,29647.8,29665.2,4652.0
2026-08-18 11:00:00,29667.5,29699.4,29656.8,29695.0,7698.0
2026-08-18 11:15:00,29694.6,29700.0,29680.2,29684.2,5838.0
2026-08-18 11:30:00,29684.1,29686.6,29653.8,29681.8,7222.0
2026-08-18 11:45:00,29681.6,29700.0,29672.4,29674.2,6855.0
2026-08-18 12:00:00,29674.4,29712.0,29653.6,29660.0,8763.0
2026-08-18 12:15:00,29660.4,29686.0,29638.0,29640.1,8254.0
2026-08-18 12:30:00,29640.0,29648.9,29612.6,29615.2,7830.0
2026-08-18 12:45:00,29614.6,29647.4,29607.8,29639.8,5863.0
2026-08-18 13:00:00,29639.8,29652.6,29617.6,29623.2,6751.0
2026-08-18 13:15:00,29623.3,29635.3,29604.8,29616.9,9400.0
2026-08-18 13:30:00,29617.3,29695.8,29558.0,29613.6,42183.0
2026-08-18 13:45:00,29613.5,29626.8,29531.5,29573.4,33051.0
2026-08-18 14:00:00,29574.1,29632.0,29495.2,29513.5,32136.0
2026-08-18 14:15:00,29513.4,29610.3,29504.6,29595.6,28596.0
2026-08-18 14:30:00,29595.8,29617.3,29539.0,29540.0,24999.0
2026-08-18 14:45:00,29539.8,29551.2,29463.3,29474.4,25391.0
2026-08-18 15:00:00,29474.3,29497.6,29440.8,29473.2,25230.0
2026-08-18 15:15:00,29473.3,29526.3,29458.6,29517.8,20651.0
2026-08-18 15:30:00,29517.8,29538.2,29498.1,29530.0,20129.0
2026-08-18 15:45:00,29530.3,29572.6,29530.2,29568.3,18195.0
2026-08-18 16:00:00,29568.6,29594.8,29557.8,29578.2,16269.0
2026-08-18 16:15:00,29578.6,29589.0,29541.3,29542.0,14861.0
2026-08-18 16:30:00,29541.8,29581.8,29535.6,29561.2,14694.0
2026-08-18 16:45:00,29561.8,29602.8,29551.0,29581.3,13340.0
2026-08-18 17:00:00,29581.6,29592.6,29550.3,29567.0,13278.0
2026-08-18 17:15:00,29567.1,29567.3,29525.0,29547.4,11034.0
2026-08-18 17:30:00,29547.6,29553.4,29523.4,29535.6,11243.0
2026-08-18 17:45:00,29535.6,29546.8,29497.6,29497.6,10113.0
2026-08-18 18:00:00,29497.6,29510.7,29479.2,29506.8,12564.0
2026-08-18 18:15:00,29507.2,29546.1,29502.3,29535.0,11574.0
2026-08-18 18:30:00,29534.8,29545.3,29516.3,29517.6,10181.0
2026-08-18 18:45:00,29518.1,29529.4,29497.6,29503.3,9521.0
2026-08-18 19:00:00,29503.2,29517.7,29496.3,29503.8,10350.0
2026-08-18 19:15:00,29504.1,29538.1,29496.8,29531.6,10334.0
2026-08-18 19:30:00,29532.0,29537.4,29514.8,29532.3,11244.0
2026-08-18 19:45:00,29532.2,29540.7,29491.3,29518.1,15927.0
2026-08-18 20:00:00,29517.6,29528.8,29498.0,29505.1,5438.0
2026-08-18 20:15:00,29505.4,29512.1,29493.3,29510.2,2346.0
2026-08-18 20:30:00,29510.3,29517.6,29506.4,29509.3,1459.0
2026-08-18 20:45:00,29509.2,29510.3,29482.1,29492.8,2463.0
2026-08-18 22:00:00,29499.8,29513.4,29486.8,29505.9,2789.0
2026-08-18 22:15:00,29506.0,29524.6,29476.9,29478.3,3017.0
2026-08-18 22:30:00,29478.1,29483.3,29453.6,29464.0,2999.0
2026-08-18 22:45:00,29464.4,29467.0,29448.9,29451.2,2266.0
2026-08-18 23:00:00,29451.1,29473.1,29446.8,29464.8,2352.0
2026-08-18 23:15:00,29464.6,29499.0,29453.3,29477.9,2670.0
2026-08-18 23:30:00,29478.0,29480.1,29455.1,29465.8,2580.0
2026-08-18 23:45:00,29464.4,29482.5,29456.6,29459.6,7583.0
2026-08-19 00:00:00,29459.6,29460.6,29374.9,29392.0,15802.0
2026-08-19 00:15:00,29392.4,29461.4,29382.1,29461.0,13752.0
2026-08-19 00:30:00,29461.1,29506.8,29460.9,29501.2,11859.0
2026-08-19 00:45:00,29501.1,29517.3,29465.6,29471.9,11068.0
2026-08-19 01:00:00,29471.6,29529.0,29461.8,29517.4,13339.0
2026-08-19 01:15:00,29517.2,29541.0,29501.0,29532.9,13411.0
2026-08-19 01:30:00,29533.0,29536.3,29495.4,29507.4,13086.0
2026-08-19 01:45:00,29507.3,29514.9,29494.6,29510.0,11859.0
2026-08-19 02:00:00,29510.2,29515.0,29457.6,29464.8,9645.0
2026-08-19 02:15:00,29464.6,29495.0,29453.2,29473.8,11852.0
2026-08-19 02:30:00,29473.8,29477.0,29447.0,29454.6,9133.0
2026-08-19 02:45:00,29454.6,29475.2,29449.8,29463.0,8540.0
2026-08-19 03:00:00,29463.2,29485.8,29452.0,29462.6,7269.0
2026-08-19 03:15:00,29462.6,29482.2,29451.6,29465.8,7381.0
2026-08-19 03:30:00,29465.6,29498.2,29460.1,29462.2,8610.0
2026-08-19 03:45:00,29462.1,29476.8,29447.8,29457.0,6823.0
2026-08-19 04:00:00,29457.1,29459.2,29439.5,29447.8,6071.0
2026-08-19 04:15:00,29447.6,29474.8,29438.8,29464.8,7186.0
2026-08-19 04:30:00,29464.9,29472.0,29429.8,29431.8,7916.0
2026-08-19 04:45:00,29431.8,29438.6,29395.6,29437.2,7259.0
2026-08-19 05:00:00,29437.4,29466.0,29413.8,29420.0,10833.0
2026-08-19 05:15:00,29420.4,29441.2,29397.8,29439.6,10324.0
2026-08-19 05:30:00,29439.8,29443.6,29391.3,29404.6,10015.0
2026-08-19 05:45:00,29404.6,29409.1,29378.5,29388.6,7877.0
2026-08-19 06:00:00,29388.3,29397.9,29362.1,29367.1,10159.0
2026-08-19 06:15:00,29367.0,29435.8,29366.4,29413.8,9341.0
2026-08-19 06:30:00,29413.6,29425.8,29391.8,29422.4,8933.0
2026-08-19 06:45:00,29422.6,29492.8,29422.6,29490.3,8520.0
2026-08-19 07:00:00,29490.4,29494.9,29452.6,29490.1,10897.0
2026-08-19 07:15:00,29490.2,29509.8,29464.6,29509.8,7469.0
2026-08-19 07:30:00,29509.6,29520.6,29478.6,29502.6,7533.0
2026-08-19 07:45:00,29502.6,29538.0,29500.8,29532.1,6743.0
2026-08-19 08:00:00,29532.0,29572.2,29523.9,29555.6,11724.0
2026-08-19 08:15:00,29556.2,29570.8,29539.4,29554.0,8306.0
2026-08-19 08:30:00,29553.6,29563.8,29532.0,29557.8,6775.0
2026-08-19 08:45:00,29557.8,29563.8,29538.8,29539.6,6273.0
2026-08-19 09:00:00,29539.4,29561.6,29525.4,29525.4,7220.0
2026-08-19 09:15:00,29525.6,29529.4,29497.8,29503.1,6032.0
2026-08-19 09:30:00,29503.0,29519.0,29481.3,29483.2,7030.0
2026-08-19 09:45:00,29483.2,29494.6,29467.8,29485.4,7289.0
2026-08-19 10:00:00,29485.2,29489.0,29442.4,29471.6,8546.0
2026-08-19 10:15:00,29471.8,29472.6,29443.4,29467.4,7408.0
2026-08-19 10:30:00,29467.5,29488.6,29460.6,29486.2,6449.0
2026-08-19 10:45:00,29486.6,29490.2,29449.2,29452.9,5752.0
2026-08-19 11:00:00,29453.6,29509.2,29440.6,29478.6,9954.0
2026-08-19 11:15:00,29478.8,29491.8,29463.2,29469.0,7778.0
2026-08-19 11:30:00,29468.8,29473.1,29439.6,29445.2,8123.0
2026-08-19 11:45:00,29445.4,29468.6,29438.6,29467.2,7964.0
2026-08-19 12:00:00,29467.0,29489.9,29443.0,29484.2,10174.0
2026-08-19 12:15:00,29484.3,29514.2,29481.2,29505.6,9925.0
2026-08-19 12:30:00,29506.2,29614.8,29480.4,29614.4,20790.0
2026-08-19 12:45:00,29615.3,29688.8,29614.8,29674.1,17240.0
2026-08-19 13:00:00,29674.0,29674.0,29611.5,29654.8,14103.0
2026-08-19 13:15:00,29654.8,29679.4,29627.1,29628.2,12189.0
2026-08-19 13:30:00,29628.2,29673.2,29492.6,29541.6,42840.0
2026-08-19 13:45:00,29541.2,29566.6,29339.5,29428.4,42347.0
2026-08-19 14:00:00,29428.2,29445.8,29309.8,29314.1,38327.0
2026-08-19 14:15:00,29313.8,29416.2,29307.6,29414.3,34064.0
2026-08-19 14:30:00,29414.2,29506.6,29399.8,29495.3,27786.0
2026-08-19 14:45:00,29495.4,29555.6,29458.6,29554.8,23881.0
2026-08-19 15:00:00,29554.8,29561.0,29512.8,29551.2,22402.0
2026-08-19 15:15:00,29550.6,29564.4,29523.0,29547.8,21332.0
2026-08-19 15:30:00,29547.6,29551.4,29484.8,29531.0,20806.0
2026-08-19 15:45:00,29530.8,29550.2,29504.2,29541.4,20492.0
2026-08-19 16:00:00,29541.3,29587.8,29521.8,29571.2,17374.0
2026-08-19 16:15:00,29571.4,29601.3,29537.1,29543.6,15989.0
2026-08-19 16:30:00,29543.6,29555.8,29529.1,29544.3,16420.0
2026-08-19 16:45:00,29544.4,29545.6,29487.6,29494.1,15651.0
2026-08-19 17:00:00,29494.6,29507.0,29474.1,29482.2,14763.0
2026-08-19 17:15:00,29482.3,29490.7,29444.6,29474.1,16052.0
2026-08-19 17:30:00,29474.2,29478.6,29449.8,29470.6,14355.0
2026-08-19 17:45:00,29470.4,29494.8,29468.6,29478.8,10644.0
2026-08-19 18:00:00,29479.1,29525.6,29434.2,29454.0,19220.0
2026-08-19 18:15:00,29453.8,29474.6,29426.2,29473.4,16135.0
2026-08-19 18:30:00,29473.6,29513.0,29471.2,29494.6,15868.0
2026-08-19 18:45:00,29494.6,29495.4,29462.3,29469.3,13174.0
2026-08-19 19:00:00,29470.6,29493.4,29464.0,29481.6,13189.0
2026-08-19 19:15:00,29481.6,29513.8,29478.0,29490.2,12743.0
2026-08-19 19:30:00,29490.6,29524.3,29461.6,29465.2,16002.0
2026-08-19 19:45:00,29465.3,29467.2,29419.6,29455.6,20275.0
2026-08-19 20:00:00,29456.1,29476.4,29452.2,29453.2,6223.0
2026-08-19 20:15:00,29453.1,29460.3,29448.6,29459.3,2900.0
2026-08-19 20:30:00,29459.4,29466.2,29454.6,29463.6,2147.0
2026-08-19 20:45:00,29463.6,29493.2,29461.9,29493.2,2643.0
2026-08-19 22:00:00,29503.4,29568.8,29489.1,29556.6,4852.0
2026-08-19 22:15:00,29556.6,29562.8,29538.4,29551.2,2578.0
2026-08-19 22:30:00,29551.1,29568.0,29543.8,29560.9,2202.0
2026-08-19 22:45:00,29561.0,29584.4,29559.0,29580.6,1686.0
2026-08-19 23:00:00,29580.0,29619.4,29563.6,29582.2,3866.0
2026-08-19 23:15:00,29582.1,29590.4,29573.8,29581.4,1810.0
2026-08-19 23:30:00,29582.4,29596.6,29574.4,29589.4,1967.0
2026-08-19 23:45:00,29589.3,29591.9,29556.1,29560.4,5048.0
2026-08-20 00:00:00,29559.9,29561.4,29512.6,29561.2,16239.0
2026-08-20 00:15:00,29561.1,29595.6,29555.6,29561.6,12622.0
2026-08-20 00:30:00,29561.4,29595.1,29547.4,29584.8,11078.0
2026-08-20 00:45:00,29585.0,29606.0,29573.4,29601.2,9896.0
2026-08-20 01:00:00,29601.4,29614.3,29570.6,29575.6,12659.0
2026-08-20 01:15:00,29575.2,29597.1,29554.8,29565.0,14263.0
2026-08-20 01:30:00,29565.0,29601.4,29554.2,29599.2,14782.0
2026-08-20 01:45:00,29599.4,29605.0,29560.8,29573.4,11610.0
2026-08-20 02:00:00,29573.2,29613.1,29570.4,29597.9,11055.0
2026-08-20 02:15:00,29598.4,29600.4,29543.6,29562.4,11034.0
2026-08-20 02:30:00,29562.6,29592.3,29540.6,29576.7,10712.0
2026-08-20 02:45:00,29576.4,29578.0,29541.6,29560.2,8219.0
2026-08-20 03:00:00,29560.0,29585.8,29536.4,29555.6,9178.0
2026-08-20 03:15:00,29555.4,29587.2,29551.4,29556.8,6608.0
2026-08-20 03:30:00,29556.9,29559.0,29526.2,29550.2,9079.0
2026-08-20 03:45:00,29550.0,29561.2,29541.2,29548.2,6661.0
2026-08-20 04:00:00,29547.9,29585.4,29541.4,29584.8,5351.0
2026-08-20 04:15:00,29584.6,29586.0,29566.1,29570.0,5594.0
2026-08-20 04:30:00,29569.9,29571.4,29538.6,29558.4,6674.0
2026-08-20 04:45:00,29558.4,29570.6,29542.2,29547.8,5476.0
2026-08-20 05:00:00,29547.6,29554.0,29518.6,29526.9,7669.0
2026-08-20 05:15:00,29527.0,29571.2,29524.6,29547.0,7550.0
2026-08-20 05:30:00,29547.2,29565.2,29535.0,29544.7,7991.0
2026-08-20 05:45:00,29544.4,29548.8,29529.6,29535.9,6766.0
2026-08-20 06:00:00,29536.0,29596.4,29532.6,29589.8,8780.0
2026-08-20 06:15:00,29589.6,29591.8,29569.2,29584.2,6529.0
2026-08-20 06:30:00,29584.4,29607.4,29577.6,29601.6,6284.0
2026-08-20 06:45:00,29601.6,29616.4,29597.4,29602.4,4865.0
2026-08-20 07:00:00,29602.6,29602.7,29563.2,29568.2,9839.0
2026-08-20 07:15:00,29567.8,29578.4,29535.4,29546.0,7672.0
2026-08-20 07:30:00,29545.8,29564.8,29525.8,29536.8,8947.0
2026-08-20 07:45:00,29536.9,29567.2,29523.3,29524.6,6747.0
2026-08-20 08:00:00,29524.7,29536.0,29450.4,29467.3,14228.0
2026-08-20 08:15:00,29467.7,29478.8,29426.8,29432.3,12243.0
2026-08-20 08:30:00,29432.4,29455.9,29395.4,29430.2,11868.0
2026-08-20 08:45:00,29430.1,29435.3,29386.0,29407.4,11181.0
2026-08-20 09:00:00,29407.3,29473.8,29397.3,29453.7,10520.0
2026-08-20 09:15:00,29453.8,29472.8,29443.0,29458.6,7462.0
2026-08-20 09:30:00,29458.7,29468.2,29437.8,29465.4,8645.0
2026-08-20 09:45:00,29464.9,29476.6,29443.4,29458.0,7518.0
2026-08-20 10:00:00,29458.0,29492.2,29442.8,29487.4,8518.0
2026-08-20 10:15:00,29487.4,29489.8,29457.2,29467.4,7159.0
2026-08-20 10:30:00,29467.3,29478.9,29446.0,29455.4,8233.0
2026-08-20 10:45:00,29455.8,29496.6,29454.7,29496.6,6605.0
2026-08-20 11:00:00,29496.6,29513.2,29394.0,29418.4,12499.0
2026-08-20 11:15:00,29418.4,29428.6,29352.8,29355.4,11325.0
2026-08-20 11:30:00,29355.4,29384.1,29348.3,29354.0,11942.0
2026-08-20 11:45:00,29354.2,29354.6,29279.4,29291.0,14603.0
2026-08-20 12:00:00,29290.9,29305.0,29194.4,29202.2,19755.0
2026-08-20 12:15:00,29202.8,29236.1,29194.6,29207.0,16752.0
2026-08-20 12:30:00,29207.3,29222.6,29171.2,29220.0,17449.0
2026-08-20 12:45:00,29220.0,29281.0,29214.2,29276.3,11702.0
2026-08-20 13:00:00,29276.4,29303.6,29264.0,29268.6,11773.0
2026-08-20 13:15:00,29268.8,29299.3,29254.4,29281.0,12646.0
2026-08-20 13:30:00,29281.4,29400.4,29268.8,29373.2,43511.0
2026-08-20 13:45:00,29372.6,29390.1,29240.2,29283.2,38260.0
2026-08-20 14:00:00,29284.0,29337.2,29247.1,29298.4,38789.0
2026-08-20 14:15:00,29298.6,29342.9,29237.4,29280.6,34191.0
2026-08-20 14:30:00,29280.8,29360.2,29259.6,29352.0,29172.0
2026-08-20 14:45:00,29351.3,29363.6,29279.6,29322.8,27935.0
2026-08-20 15:00:00,29323.0,29387.6,29255.3,29295.4,31660.0
2026-08-20 15:15:00,29295.3,29299.7,29231.6,29275.2,26381.0
2026-08-20 15:30:00,29274.8,29280.6,29207.0,29208.4,23770.0
2026-08-20 15:45:00,29208.3,29263.0,29199.6,29260.3,21267.0
2026-08-20 16:00:00,29260.6,29276.3,29236.6,29240.8,19055.0
2026-08-20 16:15:00,29241.0,29290.1,29239.2,29274.6,17218.0
2026-08-20 16:30:00,29274.4,29311.9,29243.7,29311.3,16427.0
2026-08-20 16:45:00,29310.6,29322.7,29289.8,29313.3,15728.0
2026-08-20 17:00:00,29313.2,29315.7,29268.7,29270.8,15099.0
2026-08-20 17:15:00,29270.6,29272.4,29226.3,29228.4,15152.0
2026-08-20 17:30:00,29228.3,29237.8,29216.6,29223.8,12357.0
2026-08-20 17:45:00,29224.0,29259.6,29220.8,29226.1,12321.0
2026-08-20 18:00:00,29226.2,29226.6,29149.1,29164.3,16408.0
2026-08-20 18:15:00,29164.2,29181.8,29136.8,29167.2,14336.0
2026-08-20 18:30:00,29166.8,29171.1,29145.8,29168.1,12455.0
2026-08-20 18:45:00,29167.8,29192.9,29161.0,29177.6,12078.0
2026-08-20 19:00:00,29177.6,29227.3,29176.1,29215.3,12944.0
2026-08-20 19:15:00,29214.9,29241.6,29201.6,29238.1,11781.0
2026-08-20 19:30:00,29238.6,29269.1,29224.8,29245.1,13752.0
2026-08-20 19:45:00,29245.0,29264.8,29220.6,29239.6,18348.0
2026-08-20 20:00:00,29240.0,29254.6,29211.1,29215.0,7385.0
2026-08-20 20:15:00,29215.1,29227.1,29197.8,29222.0,3317.0
2026-08-20 20:30:00,29221.8,29243.1,29219.2,29236.4,2485.0
2026-08-20 20:45:00,29236.4,29244.4,29229.8,29240.6,1989.0
2026-08-20 22:00:00,29260.8,29260.8,29204.8,29208.8,3745.0
2026-08-20 22:15:00,29208.5,29221.8,29208.4,29217.1,1848.0
2026-08-20 22:30:00,29217.8,29239.4,29212.8,29232.2,1964.0
2026-08-20 22:45:00,29231.8,29256.6,29227.2,29253.0,1633.0
2026-08-20 23:00:00,29253.1,29254.0,29244.0,29248.6,1367.0
2026-08-20 23:15:00,29248.8,29258.9,29243.2,29246.6,1459.0
2026-08-20 23:30:00,29246.8,29253.8,29227.1,29247.2,2006.0
2026-08-20 23:45:00,29247.9,29248.2,29217.4,29224.1,7861.0
2026-08-21 00:00:00,29224.8,29295.1,29221.6,29291.8,14126.0
2026-08-21 00:15:00,29291.9,29291.9,29246.2,29256.6,11856.0
2026-08-21 00:30:00,29256.8,29286.8,29243.0,29284.6,10879.0
2026-08-21 00:45:00,29284.8,29292.8,29250.8,29251.6,10939.0
2026-08-21 01:00:00,29251.2,29265.4,29222.8,29261.4,14110.0
2026-08-21 01:15:00,29261.5,29287.0,29244.4,29270.9,12319.0
2026-08-21 01:30:00,29271.0,29287.0,29250.8,29281.2,13119.0
2026-08-21 01:45:00,29281.2,29302.8,29264.4,29283.9,9165.0
2026-08-21 02:00:00,29283.8,29303.6,29273.6,29303.2,8846.0
2026-08-21 02:15:00,29303.2,29325.2,29297.6,29320.2,7173.0
2026-08-21 02:30:00,29320.3,29326.4,29306.8,29311.6,6958.0
2026-08-21 02:45:00,29311.5,29329.8,29307.8,29314.8,6278.0
2026-08-21 03:00:00,29315.0,29318.5,29285.8,29286.8,5939.0
2026-08-21 03:15:00,29287.2,29301.5,29279.8,29293.0,6380.0
2026-08-21 03:30:00,29292.9,29307.6,29284.8,29287.6,7862.0
2026-08-21 03:45:00,29287.4,29294.6,29273.3,29283.2,6655.0
2026-08-21 04:00:00,29283.2,29300.2,29279.5,29297.9,6701.0
2026-08-21 04:15:00,29297.8,29302.3,29261.0,29261.2,6278.0
2026-08-21 04:30:00,29261.0,29269.4,29251.8,29265.0,5764.0
2026-08-21 04:45:00,29264.8,29295.0,29263.6,29288.6,5339.0
2026-08-21 05:00:00,29288.6,29301.2,29283.0,29296.2,6734.0
2026-08-21 05:15:00,29296.2,29311.0,29282.0,29284.0,6454.0
2026-08-21 05:30:00,29283.9,29307.4,29279.8,29291.6,6385.0
2026-08-21 05:45:00,29291.4,29297.2,29271.0,29296.2,6271.0
2026-08-21 06:00:00,29296.4,29305.9,29285.6,29303.8,7987.0
2026-08-21 06:15:00,29304.1,29311.8,29296.6,29306.8,5725.0
2026-08-21 06:30:00,29306.6,29331.6,29299.6,29303.0,5421.0
2026-08-21 06:45:00,29303.1,29320.6,29296.2,29316.8,5191.0
2026-08-21 07:00:00,29317.0,29358.5,29310.6,29358.4,7785.0
2026-08-21 07:15:00,29358.2,29386.6,29346.0,29356.8,5989.0
2026-08-21 07:30:00,29356.8,29384.0,29351.8,29354.1,6963.0
2026-08-21 07:45:00,29354.2,29377.0,29353.2,29376.8,5548.0
2026-08-21 08:00:00,29377.0,29392.8,29338.9,29347.9,9720.0
2026-08-21 08:15:00,29348.2,29354.8,29321.4,29352.6,8490.0
2026-08-21 08:30:00,29352.8,29387.0,29349.0,29385.2,7482.0
2026-08-21 08:45:00,29385.1,29398.0,29377.8,29383.6,6012.0
2026-08-21 09:00:00,29384.0,29385.4,29341.2,29368.2,9633.0
2026-08-21 09:15:00,29368.4,29375.2,29360.4,29365.2,5997.0
2026-08-21 09:30:00,29365.6,29413.2,29360.2,29405.0,5078.0
2026-08-21 09:45:00,29405.4,29422.6,29395.2,29415.8,5031.0
2026-08-21 10:00:00,29416.0,29445.8,29407.6,29415.6,6617.0
2026-08-21 10:15:00,29415.6,29421.6,29400.6,29420.8,5217.0
2026-08-21 10:30:00,29420.6,29423.5,29403.2,29408.6,4699.0
2026-08-21 10:45:00,29408.4,29417.6,29402.6,29410.0,4935.0
2026-08-21 11:00:00,29408.0,29416.8,29383.4,29398.2,7259.0
2026-08-21 11:15:00,29398.2,29454.8,29397.0,29448.2,9760.0
2026-08-21 11:30:00,29448.9,29469.2,29432.9,29461.6,9906.0
2026-08-21 11:45:00,29461.8,29462.0,29428.8,29430.2,6008.0
2026-08-21 12:00:00,29430.0,29434.3,29410.0,29417.8,7477.0
2026-08-21 12:15:00,29417.8,29447.4,29408.6,29446.6,6964.0
2026-08-21 12:30:00,29446.6,29460.2,29439.4,29458.8,8133.0
2026-08-21 12:45:00,29459.0,29465.3,29433.8,29441.8,5914.0
2026-08-21 13:00:00,29441.8,29446.5,29397.6,29399.8,7709.0
2026-08-21 13:15:00,29400.8,29415.6,29348.4,29399.8,11600.0
2026-08-21 13:30:00,29399.8,29401.0,29243.2,29252.2,36872.0
2026-08-21 13:45:00,29250.1,29289.4,29188.6,29234.2,32838.0
2026-08-21 14:00:00,29234.3,29265.8,29179.0,29183.8,31240.0
2026-08-21 14:15:00,29183.5,29242.0,29150.8,29209.8,31038.0
2026-08-21 14:30:00,29210.2,29240.4,29189.4,29226.4,27819.0
2026-08-21 14:45:00,29225.8,29263.5,29219.2,29262.5,26104.0
2026-08-21 15:00:00,29262.6,29299.4,29257.0,29283.2,21423.0
2026-08-21 15:15:00,29283.5,29301.5,29262.0,29298.8,18861.0
2026-08-21 15:30:00,29298.8,29402.1,29294.6,29382.3,18939.0
2026-08-21 15:45:00,29382.8,29418.8,29355.8,29376.7,17089.0
2026-08-21 16:00:00,29376.4,29380.7,29323.2,29327.6,17551.0
2026-08-21 16:15:00,29327.4,29385.5,29321.9,29343.2,18212.0
2026-08-21 16:30:00,29342.9,29358.4,29327.2,29350.7,12745.0
2026-08-21 16:45:00,29350.8,29350.8,29314.2,29345.4,12875.0
2026-08-21 17:00:00,29345.7,29357.0,29332.4,29341.2,11284.0
2026-08-21 17:15:00,29341.4,29343.4,29309.9,29328.9,12330.0
2026-08-21 17:30:00,29329.0,29338.2,29316.2,29337.9,11521.0
2026-08-21 17:45:00,29338.2,29343.9,29315.7,29316.9,9869.0
2026-08-21 18:00:00,29316.8,29338.4,29306.2,29308.4,9960.0
2026-08-21 18:15:00,29307.4,29325.2,29296.2,29296.7,8317.0
2026-08-21 18:30:00,29296.2,29305.4,29287.4,29300.0,8722.0
2026-08-21 18:45:00,29300.2,29336.8,29297.4,29333.4,8311.0
2026-08-21 19:00:00,29333.7,29347.9,29318.2,29321.9,9429.0
2026-08-21 19:15:00,29321.8,29338.0,29313.7,29327.2,7753.0
2026-08-21 19:30:00,29327.0,29345.3,29327.0,29344.2,8509.0
2026-08-21 19:45:00,29343.4,29365.4,29308.5,29329.0,13881.0
2026-08-21 20:00:00,29329.4,29330.8,29305.7,29315.3,5475.0
2026-08-21 20:15:00,29315.2,29321.8,29301.2,29304.2,2752.0
2026-08-21 20:30:00,29304.0,29320.2,29303.7,29318.6,2062.0
2026-08-21 20:45:00,29318.4,29318.4,29305.2,29309.3,1729.0
2026-08-23 22:00:00,29315.2,29316.6,29235.6,29264.4,5581.0
2026-08-23 22:15:00,29264.4,29275.2,29246.8,29271.5,3182.0
2026-08-23 22:30:00,29271.4,29317.0,29268.6,29314.6,3016.0
2026-08-23 22:45:00,29314.7,29332.2,29313.4,29323.2,2455.0
2026-08-23 23:00:00,29323.4,29326.2,29317.8,29319.8,1459.0
2026-08-23 23:15:00,29319.8,29361.9,29318.4,29361.5,2337.0
2026-08-23 23:30:00,29360.9,29380.4,29351.8,29353.5,2790.0
2026-08-23 23:45:00,29353.6,29413.4,29353.4,29400.4,8051.0
2026-08-24 00:00:00,29400.4,29405.2,29357.0,29369.0,14827.0
2026-08-24 00:15:00,29368.9,29371.2,29268.4,29289.4,17537.0
2026-08-24 00:30:00,29289.6,29309.7,29270.9,29287.9,15345.0
2026-08-24 00:45:00,29288.0,29361.6,29285.2,29358.9,13125.0
2026-08-24 01:00:00,29358.7,29376.1,29331.7,29369.0,14393.0
2026-08-24 01:15:00,29369.2,29381.5,29341.0,29342.2,14126.0
2026-08-24 01:30:00,29342.0,29344.4,29317.2,29326.2,15311.0
2026-08-24 01:45:00,29326.2,29337.4,29254.2,29255.4,14661.0
2026-08-24 02:00:00,29255.5,29290.2,29234.6,29286.2,14745.0
2026-08-24 02:15:00,29286.9,29306.0,29281.0,29296.5,12123.0
2026-08-24 02:30:00,29296.6,29306.6,29289.5,29303.0,10460.0
2026-08-24 02:45:00,29303.2,29310.8,29274.7,29303.6,10764.0
2026-08-24 03:00:00,29303.5,29305.2,29236.8,29237.4,9502.0
2026-08-24 03:15:00,29237.6,29246.4,29223.1,29228.6,8476.0
2026-08-24 03:30:00,29228.4,29238.6,29215.4,29217.4,10556.0
2026-08-24 03:45:00,29217.6,29237.8,29197.4,29204.7,7811.0
2026-08-24 04:00:00,29204.8,29232.4,29202.4,29231.6,7492.0
2026-08-24 04:15:00,29232.2,29233.9,29204.7,29224.7,8104.0
2026-08-24 04:30:00,29224.6,29232.8,29209.0,29232.8,8484.0
2026-08-24 04:45:00,29232.6,29236.7,29196.8,29199.1,7766.0
2026-08-24 05:00:00,29199.0,29229.8,29195.4,29226.5,9474.0
2026-08-24 05:15:00,29226.4,29226.4,29180.8,29181.2,9073.0
2026-08-24 05:30:00,29181.2,29199.5,29141.2,29171.7,9663.0
2026-08-24 05:45:00,29171.8,29179.2,29126.7,29132.8,9067.0
2026-08-24 06:00:00,29133.0,29152.2,29077.4,29085.2,11854.0
2026-08-24 06:15:00,29085.5,29111.9,29058.5,29099.0,10176.0
2026-08-24 06:30:00,29098.6,29113.7,29076.7,29083.6,7705.0
2026-08-24 06:45:00,29083.7,29111.2,29075.1,29096.6,7024.0
2026-08-24 07:00:00,29097.5,29137.4,29079.8,29133.2,11114.0
2026-08-24 07:15:00,29133.2,29141.9,29111.5,29115.0,8557.0
2026-08-24 07:30:00,29115.2,29145.6,29094.2,29095.5,7482.0
2026-08-24 07:45:00,29095.6,29108.5,29065.4,29079.0,8529.0
2026-08-24 08:00:00,29079.4,29141.5,29050.2,29117.7,14664.0
2026-08-24 08:15:00,29117.4,29142.7,29104.6,29123.0,9598.0
2026-08-24 08:30:00,29123.2,29158.8,29112.8,29156.8,8123.0
2026-08-24 08:45:00,29157.0,29172.4,29146.8,29147.6,6587.0
2026-08-24 09:00:00,29148.5,29180.8,29134.4,29166.6,7520.0
2026-08-24 09:15:00,29166.4,29168.8,29140.4,29143.2,5961.0
2026-08-24 09:30:00,29143.0,29174.6,29142.8,29168.6,5676.0
2026-08-24 09:45:00,29168.4,29182.4,29160.4,29164.8,5509.0
2026-08-24 10:00:00,29164.6,29179.8,29147.6,29148.8,6606.0
2026-08-24 10:15:00,29148.8,29169.2,29139.4,29143.2,5448.0
2026-08-24 10:30:00,29142.2,29172.5,29131.2,29141.2,5988.0
2026-08-24 10:45:00,29141.1,29143.5,29112.9,29117.8,6533.0
2026-08-24 11:00:00,29118.0,29125.8,29079.2,29101.4,11132.0
2026-08-24 11:15:00,29101.4,29136.4,29098.2,29115.4,7996.0
2026-08-24 11:30:00,29115.8,29216.5,29115.8,29193.2,16128.0
2026-08-24 11:45:00,29193.2,29193.2,29164.4,29180.2,9992.0
2026-08-24 12:00:00,29180.0,29180.0,29141.0,29144.8,9329.0
2026-08-24 12:15:00,29144.9,29164.2,29136.8,29163.2,9533.0
2026-08-24 12:30:00,29163.0,29173.6,29105.4,29136.4,13241.0
2026-08-24 12:45:00,29136.2,29165.2,29132.7,29138.8,9266.0
2026-08-24 13:00:00,29138.8,29153.0,29129.9,29141.2,11039.0
2026-08-24 13:15:00,29141.2,29170.2,29129.5,29168.6,10948.0
2026-08-24 13:30:00,29168.2,29176.2,28909.2,28911.1,39577.0
2026-08-24 13:45:00,28911.0,28970.9,28881.6,28955.8,35305.0
2026-08-24 14:00:00,28954.8,28969.9,28886.8,28926.4,29661.0
2026-08-24 14:15:00,28926.4,28966.4,28901.2,28945.1,26330.0
2026-08-24 14:30:00,28945.4,29043.2,28934.9,29018.4,24736.0
2026-08-24 14:45:00,29018.9,29042.9,29010.4,29016.0,20411.0
2026-08-24 15:00:00,29016.8,29029.4,28975.6,28982.1,21175.0
2026-08-24 15:15:00,28982.4,29073.8,28976.4,29058.8,19402.0
2026-08-24 15:30:00,29058.6,29118.9,29048.8,29113.2,19538.0
2026-08-24 15:45:00,29113.0,29141.8,29087.3,29105.8,16533.0
2026-08-24 16:00:00,29105.6,29126.5,29094.0,29117.8,16674.0
2026-08-24 16:15:00,29117.6,29161.0,29115.6,29140.8,15330.0
2026-08-24 16:30:00,29140.8,29149.0,29111.4,29122.0,12195.0
2026-08-24 16:45:00,29122.2,29129.8,29107.5,29108.1,11342.0
2026-08-24 17:00:00,29107.8,29147.5,29091.8,29131.2,14683.0
2026-08-24 17:15:00,29131.0,29132.3,29069.4,29076.8,16775.0
2026-08-24 17:30:00,29076.8,29079.2,29055.8,29056.3,12744.0
2026-08-24 17:45:00,29056.1,29080.2,29053.5,29060.4,11172.0
2026-08-24 18:00:00,29060.5,29125.8,29060.0,29124.5,12309.0
2026-08-24 18:15:00,29124.2,29163.8,29110.0,29158.3,12278.0
2026-08-24 18:30:00,29158.0,29173.0,29120.4,29129.8,12052.0
2026-08-24 18:45:00,29130.3,29133.4,29093.0,29094.0,10189.0
2026-08-24 19:00:00,29093.9,29104.9,29085.5,29098.5,10300.0
2026-08-24 19:15:00,29097.8,29108.5,29085.3,29100.6,9035.0
2026-08-24 19:30:00,29100.8,29115.5,29067.8,29073.3,10435.0
2026-08-24 19:45:00,29073.8,29084.6,29038.8,29042.4,14034.0
2026-08-24 20:00:00,29042.1,29066.2,29039.8,29051.8,4999.0
2026-08-24 20:15:00,29051.9,29055.4,29023.6,29026.8,2615.0
2026-08-24 20:30:00,29026.6,29044.4,29025.8,29042.5,1829.0
2026-08-24 20:45:00,29042.8,29071.8,29031.8,29067.0,2139.0
2026-08-24 22:00:00,29081.8,29091.0,29061.9,29065.9,2830.0
2026-08-24 22:15:00,29065.8,29072.6,29062.8,29067.0,1418.0
2026-08-24 22:30:00,29066.9,29072.2,29056.6,29060.8,1544.0
2026-08-24 22:45:00,29060.0,29063.8,29054.4,29063.2,1453.0
2026-08-24 23:00:00,29063.6,29066.8,29059.1,29066.8,1160.0
2026-08-24 23:15:00,29066.8,29070.4,29048.6,29049.0,1963.0
2026-08-24 23:30:00,29049.1,29058.1,29014.8,29027.0,3493.0
2026-08-24 23:45:00,29027.1,29042.6,29023.8,29038.4,9551.0
2026-08-25 00:00:00,29038.6,29044.8,28980.8,28984.6,18322.0
2026-08-25 00:15:00,28984.4,29026.8,28959.5,29022.8,17653.0
2026-08-25 00:30:00,29022.6,29073.0,29013.8,29066.8,16497.0
2026-08-25 00:45:00,29066.8,29087.2,29048.9,29069.6,15698.0
2026-08-25 01:00:00,29069.6,29085.6,29056.4,29071.9,18376.0
2026-08-25 01:15:00,29071.8,29079.6,29038.4,29056.9,16684.0
2026-08-25 01:30:00,29056.2,29097.8,29050.6,29077.8,20073.0
2026-08-25 01:45:00,29077.6,29094.8,29068.0,29068.6,16057.0
2026-08-25 02:00:00,29068.6,29088.3,29046.4,29059.0,14743.0
2026-08-25 02:15:00,29058.9,29090.8,29046.2,29087.8,14241.0
2026-08-25 02:30:00,29087.6,29111.0,29076.8,29079.1,14847.0
2026-08-25 02:45:00,29079.5,29081.1,29036.2,29044.6,12332.0
2026-08-25 03:00:00,29044.9,29109.0,29043.0,29093.6,13676.0
2026-08-25 03:15:00,29093.5,29118.2,29093.0,29117.6,10193.0
2026-08-25 03:30:00,29117.6,29132.2,29106.0,29110.8,11867.0
2026-08-25 03:45:00,29111.0,29112.0,29094.0,29106.6,9598.0
2026-08-25 04:00:00,29106.8,29141.4,29101.8,29138.4,10410.0
2026-08-25 04:15:00,29138.6,29148.9,29130.8,29143.2,7817.0
2026-08-25 04:30:00,29143.2,29159.6,29133.3,29154.2,9244.0
2026-08-25 04:45:00,29154.2,29158.8,29127.8,29142.2,9712.0
2026-08-25 05:00:00,29142.2,29167.3,29132.1,29145.6,12128.0
2026-08-25 05:15:00,29145.2,29169.6,29145.2,29163.0,9805.0
2026-08-25 05:30:00,29162.6,29176.6,29143.8,29146.8,10074.0
2026-08-25 05:45:00,29146.6,29183.4,29143.4,29174.6,9914.0
2026-08-25 06:00:00,29174.2,29204.2,29172.6,29190.4,9125.0
2026-08-25 06:15:00,29190.2,29230.8,29184.6,29208.8,8191.0
2026-08-25 06:30:00,29208.8,29210.2,29185.6,29204.8,7564.0
2026-08-25 06:45:00,29204.6,29205.8,29178.8,29205.8,6169.0
2026-08-25 07:00:00,29205.6,29233.3,29192.6,29194.8,10590.0
2026-08-25 07:15:00,29195.0,29205.4,29169.2,29189.8,10861.0
2026-08-25 07:30:00,29189.6,29203.8,29174.6,29199.8,9234.0
2026-08-25 07:45:00,29199.8,29201.6,29169.6,29175.2,8695.0
2026-08-25 08:00:00,29175.8,29196.9,29155.0,29160.6,12441.0
2026-08-25 08:15:00,29160.6,29267.6,29160.6,29216.6,17394.0
2026-08-25 08:30:00,29217.8,29240.6,29199.8,29224.0,14119.0
2026-08-25 08:45:00,29223.8,29248.8,29223.8,29243.8,10729.0
2026-08-25 09:00:00,29244.0,29276.0,29228.2,29265.6,12424.0
2026-08-25 09:15:00,29265.5,29276.8,29248.2,29260.2,9727.0
2026-08-25 09:30:00,29260.6,29316.4,29257.0,29303.4,14737.0
2026-08-25 09:45:00,29303.3,29360.3,29298.4,29332.8,11377.0
2026-08-25 10:00:00,29332.8,29353.5,29312.8,29333.4,10831.0
2026-08-25 10:15:00,29333.6,29335.0,29309.6,29312.6,8320.0
2026-08-25 10:30:00,29313.2,29322.4,29289.4,29289.6,6694.0
2026-08-25 10:45:00,29290.0,29311.3,29288.8,29301.2,6651.0
2026-08-25 11:00:00,29301.4,29305.8,29247.5,29282.8,10151.0
2026-08-25 11:15:00,29282.8,29297.2,29263.8,29283.6,9380.0
2026-08-25 11:30:00,29283.8,29304.6,29282.8,29299.6,8259.0
2026-08-25 11:45:00,29299.8,29333.0,29297.6,29315.6,9131.0
2026-08-25 12:00:00,29312.8,29324.8,29298.0,29322.8,12028.0
2026-08-25 12:15:00,29322.8,29351.2,29307.3,29316.4,9674.0
2026-08-25 12:30:00,29316.0,29316.4,29255.0,29270.2,9990.0
2026-08-25 12:45:00,29270.3,29288.4,29262.8,29276.3,7708.0
2026-08-25 13:00:00,29276.8,29287.3,29254.6,29270.3,12482.0
2026-08-25 13:15:00,29270.4,29284.4,29237.8,29238.2,11806.0
2026-08-25 13:30:00,29239.2,29318.5,29222.5,29291.8,40094.0
2026-08-25 13:45:00,29291.8,29357.1,29232.2,29254.8,34736.0
2026-08-25 14:00:00,29254.5,29257.8,29182.3,29187.6,33522.0
2026-08-25 14:15:00,29188.0,29211.8,29152.5,29157.5,29708.0
2026-08-25 14:30:00,29157.4,29211.3,29082.6,29160.6,29736.0
2026-08-25 14:45:00,29159.8,29202.8,29149.0,29174.8,25967.0
2026-08-25 15:00:00,29175.3,29178.2,29140.4,29166.2,24136.0
2026-08-25 15:15:00,29166.3,29224.3,29161.5,29219.5,19867.0
2026-08-25 15:30:00,29219.4,29251.3,29197.9,29210.4,21220.0
2026-08-25 15:45:00,29210.0,29218.4,29168.0,29208.0,16960.0
2026-08-25 16:00:00,29208.2,29235.0,29205.9,29223.4,14817.0
2026-08-25 16:15:00,29223.4,29243.8,29219.8,29239.7,11641.0
2026-08-25 16:30:00,29239.8,29244.8,29204.3,29211.7,11201.0
2026-08-25 16:45:00,29211.4,29228.8,29198.3,29220.8,11793.0
2026-08-25 17:00:00,29220.4,29224.0,29169.2,29188.7,12895.0
2026-08-25 17:15:00,29188.8,29203.8,29160.4,29169.9,11387.0
2026-08-25 17:30:00,29170.0,29179.4,29161.9,29167.9,11031.0
2026-08-25 17:45:00,29168.2,29177.3,29162.4,29172.2,9115.0
2026-08-25 18:00:00,29172.2,29172.7,29148.0,29151.2,10266.0
2026-08-25 18:15:00,29151.2,29172.8,29148.2,29164.7,8781.0
2026-08-25 18:30:00,29164.8,29204.3,29164.2,29203.2,9195.0
2026-08-25 18:45:00,29203.3,29220.2,29198.5,29201.2,9313.0
2026-08-25 19:00:00,29201.7,29211.2,29175.9,29179.9,9739.0
2026-08-25 19:15:00,29179.8,29183.0,29158.2,29170.9,10367.0
2026-08-25 19:30:00,29171.0,29203.2,29157.7,29184.2,10490.0
2026-08-25 19:45:00,29183.9,29234.8,29175.0,29216.4,15700.0
2026-08-25 20:00:00,29215.8,29238.8,29207.9,29234.2,7262.0
2026-08-25 20:15:00,29235.4,29258.6,29229.2,29248.2,4284.0
2026-08-25 20:30:00,29248.0,29254.2,29227.0,29228.0,3404.0
2026-08-25 20:45:00,29227.9,29232.9,29214.7,29229.2,3554.0
2026-08-25 22:00:00,29249.6,29253.5,29232.2,29239.3,2665.0
2026-08-25 22:15:00,29239.4,29239.6,29225.7,29236.0,1526.0
2026-08-25 22:30:00,29236.0,29237.4,29226.2,29232.6,1348.0
2026-08-25 22:45:00,29232.5,29232.6,29226.2,29229.6,824.0
2026-08-25 23:00:00,29229.5,29232.8,29219.8,29221.8,1397.0
2026-08-25 23:15:00,29221.6,29224.0,29190.9,29191.0,1878.0
2026-08-25 23:30:00,29190.9,29193.2,29174.2,29180.0,2333.0
2026-08-25 23:45:00,29180.0,29180.8,29152.5,29156.0,4541.0
2026-08-26 00:00:00,29156.0,29172.3,29130.0,29154.4,13977.0
2026-08-26 00:15:00,29154.3,29183.7,29112.5,29129.5,11696.0
2026-08-26 00:30:00,29129.6,29133.0,29083.8,29095.8,10645.0
2026-08-26 00:45:00,29096.4,29105.2,29056.0,29058.0,9852.0
2026-08-26 01:00:00,29058.0,29093.0,29052.2,29069.6,12460.0
2026-08-26 01:15:00,29069.5,29079.0,29044.6,29055.0,9789.0
2026-08-26 01:30:00,29054.9,29074.2,29041.5,29062.0,10830.0
2026-08-26 01:45:00,29062.0,29080.4,29049.8,29078.4,7943.0
2026-08-26 02:00:00,29078.6,29090.2,29064.6,29089.0,8798.0
2026-08-26 02:15:00,29089.2,29120.3,29086.2,29118.4,6043.0
2026-08-26 02:30:00,29118.2,29163.0,29116.4,29162.0,6208.0
2026-08-26 02:45:00,29162.0,29175.0,29156.8,29166.2,5244.0
2026-08-26 03:00:00,29166.4,29179.2,29157.8,29176.6,5758.0
2026-08-26 03:15:00,29176.4,29177.4,29158.6,29160.6,4310.0
2026-08-26 03:30:00,29159.9,29189.0,29150.7,29182.7,5925.0
2026-08-26 03:45:00,29182.6,29220.7,29181.0,29210.2,5992.0
2026-08-26 04:00:00,29210.2,29225.2,29205.3,29218.0,5451.0
2026-08-26 04:15:00,29218.0,29226.2,29207.4,29217.0,3935.0
2026-08-26 04:30:00,29217.0,29220.2,29194.0,29195.6,4086.0
2026-08-26 04:45:00,29195.8,29197.0,29162.6,29173.6,5449.0
2026-08-26 05:00:00,29173.8,29204.6,29172.2,29184.5,7742.0
2026-08-26 05:15:00,29184.6,29194.0,29175.6,29191.0,6942.0
2026-08-26 05:30:00,29190.6,29206.8,29187.0,29194.4,7166.0
2026-08-26 05:45:00,29194.3,29194.3,29171.4,29187.0,5339.0
2026-08-26 06:00:00,29187.0,29194.0,29157.0,29161.5,7596.0
2026-08-26 06:15:00,29161.2,29171.6,29149.2,29164.2,6392.0
2026-08-26 06:30:00,29164.0,29202.6,29155.3,29201.6,5158.0
2026-08-26 06:45:00,29201.4,29221.6,29178.0,29197.4,4701.0
2026-08-26 07:00:00,29197.5,29203.0,29146.7,29182.0,9109.0
2026-08-26 07:15:00,29182.0,29189.6,29139.6,29145.0,7468.0
2026-08-26 07:30:00,29144.6,29155.8,29132.0,29144.0,7244.0
2026-08-26 07:45:00,29144.2,29164.3,29133.0,29158.0,5309.0
2026-08-26 08:00:00,29157.8,29189.8,29144.6,29151.0,8937.0
2026-08-26 08:15:00,29151.0,29180.6,29132.9,29180.6,8072.0
2026-08-26 08:30:00,29180.0,29195.2,29157.0,29187.9,6614.0
2026-08-26 08:45:00,29187.8,29187.8,29155.4,29173.2,4960.0
2026-08-26 09:00:00,29173.0,29180.0,29158.2,29164.0,5602.0
2026-08-26 09:15:00,29164.2,29167.2,29136.6,29143.6,5717.0
2026-08-26 09:30:00,29143.8,29164.7,29143.6,29160.0,4663.0
2026-08-26 09:45:00,29159.8,29182.2,29159.0,29179.2,4173.0
2026-08-26 10:00:00,29179.8,29180.0,29141.4,29143.4,4689.0
2026-08-26 10:15:00,29143.2,29162.7,29141.6,29147.0,4476.0
2026-08-26 10:30:00,29146.6,29187.4,29134.0,29174.0,4876.0
2026-08-26 10:45:00,29173.8,29185.0,29169.2,29182.0,3735.0
2026-08-26 11:00:00,29182.2,29209.6,29181.0,29199.6,6399.0
2026-08-26 11:15:00,29199.8,29223.6,29180.8,29198.0,6284.0
2026-08-26 11:30:00,29198.2,29207.6,29139.8,29155.4,7685.0
2026-08-26 11:45:00,29155.5,29172.7,29132.0,29165.3,7964.0
2026-08-26 12:00:00,29165.2,29169.2,29146.2,29161.0,8029.0
2026-08-26 12:15:00,29161.2,29204.2,29135.4,29203.9,8249.0
2026-08-26 12:30:00,29203.3,29208.2,29095.9,29110.6,18762.0
2026-08-26 12:45:00,29110.6,29126.9,29079.0,29096.2,12872.0
2026-08-26 13:00:00,29097.8,29118.7,29080.2,29117.9,11589.0
2026-08-26 13:15:00,29118.0,29119.2,29099.2,29119.0,10200.0
2026-08-26 13:30:00,29119.7,29258.0,29119.7,29236.2,39430.0
2026-08-26 13:45:00,29236.4,29277.9,29198.2,29276.8,30630.0
2026-08-26 14:00:00,29277.2,29277.2,29181.2,29191.4,26591.0
2026-08-26 14:15:00,29191.6,29208.2,29101.9,29123.8,26325.0
2026-08-26 14:30:00,29123.7,29183.9,29121.7,29166.8,22302.0
2026-08-26 14:45:00,29166.7,29213.2,29151.9,29197.8,19963.0
2026-08-26 15:00:00,29197.6,29228.3,29191.8,29203.0,17145.0
2026-08-26 15:15:00,29203.2,29212.2,29168.2,29201.9,17820.0
2026-08-26 15:30:00,29202.2,29235.3,29166.8,29227.9,15752.0
2026-08-26 15:45:00,29227.2,29236.8,29164.0,29165.8,17797.0
2026-08-26 16:00:00,29165.9,29172.2,29138.0,29149.7,17043.0
2026-08-26 16:15:00,29149.6,29163.2,29140.9,29155.2,10065.0
2026-08-26 16:30:00,29155.6,29168.2,29118.2,29123.2,9252.0
2026-08-26 16:45:00,29123.0,29171.2,29120.4,29165.2,12996.0
2026-08-26 17:00:00,29164.8,29190.2,29158.9,29186.2,9673.0
2026-08-26 17:15:00,29186.2,29218.8,29186.2,29215.9,9185.0
2026-08-26 17:30:00,29216.4,29239.8,29212.0,29229.7,8899.0
2026-08-26 17:45:00,29229.8,29241.7,29216.0,29232.7,7734.0
2026-08-26 18:00:00,29232.6,29244.3,29214.7,29218.8,7805.0
2026-08-26 18:15:00,29218.9,29240.2,29213.4,29228.4,7603.0
2026-08-26 18:30:00,29227.9,29251.0,29223.9,29243.4,6841.0
2026-08-26 18:45:00,29243.0,29277.7,29243.0,29269.6,8522.0
2026-08-26 19:00:00,29269.4,29316.8,29266.2,29289.2,11178.0
2026-08-26 19:15:00,29289.0,29305.7,29280.9,29286.7,8476.0
2026-08-26 19:30:00,29286.8,29293.8,29255.7,29258.4,9514.0
2026-08-26 19:45:00,29258.0,29289.2,29228.9,29245.6,15508.0
2026-08-26 20:00:00,29245.5,29320.2,29232.4,29309.9,6061.0
2026-08-26 20:15:00,29310.9,29331.2,29240.0,29290.5,12848.0
2026-08-26 20:30:00,29290.6,29304.7,29265.7,29287.6,7883.0
2026-08-26 20:45:00,29287.5,29371.4,29285.0,29371.2,6073.0
2026-08-26 22:00:00,29478.9,29529.8,29478.7,29515.0,6529.0
2026-08-26 22:15:00,29514.4,29550.9,29502.6,29532.2,4063.0
2026-08-26 22:30:00,29532.0,29566.0,29530.2,29565.2,3402.0
2026-08-26 22:45:00,29565.0,29576.8,29548.6,29554.2,3489.0
2026-08-26 23:00:00,29554.4,29563.0,29539.5,29541.3,2337.0
2026-08-26 23:15:00,29541.4,29560.7,29533.6,29550.3,2729.0
2026-08-26 23:30:00,29550.4,29559.6,29543.6,29555.4,1994.0
2026-08-26 23:45:00,29555.4,29601.6,29553.8,29596.0,7398.0
2026-08-27 00:00:00,29595.8,29603.0,29527.0,29539.8,13373.0
2026-08-27 00:15:00,29539.7,29539.7,29506.5,29529.5,13080.0
2026-08-27 00:30:00,29529.4,29529.6,29425.4,29427.0,12287.0
2026-08-27 00:45:00,29427.0,29428.0,29386.5,29393.0,14927.0
2026-08-27 01:00:00,29392.0,29438.2,29381.2,29401.0,14525.0
2026-08-27 01:15:00,29401.0,29457.6,29397.6,29451.2,12008.0
2026-08-27 01:30:00,29451.0,29483.0,29440.0,29441.2,11018.0
2026-08-27 01:45:00,29441.0,29502.2,29441.0,29479.3,10602.0
2026-08-27 02:00:00,29479.2,29492.6,29465.4,29488.8,10637.0
2026-08-27 02:15:00,29489.0,29491.8,29474.2,29486.5,9568.0
2026-08-27 02:30:00,29486.4,29503.0,29479.2,29490.4,7275.0
2026-08-27 02:45:00,29490.6,29508.4,29484.9,29498.4,6539.0
2026-08-27 03:00:00,29498.2,29511.3,29478.6,29489.0,6151.0
2026-08-27 03:15:00,29490.2,29523.8,29489.6,29512.6,5728.0
2026-08-27 03:30:00,29512.4,29520.6,29489.9,29491.2,7233.0
2026-08-27 03:45:00,29491.2,29500.7,29474.4,29487.0,7054.0
2026-08-27 04:00:00,29486.8,29495.8,29476.9,29482.4,6718.0
2026-08-27 04:15:00,29482.2,29499.6,29477.0,29477.2,6084.0
2026-08-27 04:30:00,29477.2,29479.6,29446.5,29452.4,6150.0
2026-08-27 04:45:00,29452.2,29469.0,29441.9,29447.6,6586.0
2026-08-27 05:00:00,29447.6,29452.3,29421.0,29431.5,9169.0
2026-08-27 05:15:00,29431.4,29431.4,29396.8,29416.6,8864.0
2026-08-27 05:30:00,29416.2,29420.2,29387.0,29390.4,8995.0
2026-08-27 05:45:00,29390.3,29413.3,29377.2,29386.6,7536.0
2026-08-27 06:00:00,29386.8,29388.0,29351.2,29381.4,9156.0
2026-08-27 06:15:00,29381.2,29400.0,29380.6,29399.2,6881.0
2026-08-27 06:30:00,29399.3,29439.2,29397.2,29438.2,5802.0
2026-08-27 06:45:00,29438.2,29448.6,29426.2,29446.8,5183.0
2026-08-27 07:00:00,29447.2,29486.4,29425.8,29484.8,9549.0
2026-08-27 07:15:00,29486.0,29497.2,29472.2,29496.6,7476.0
2026-08-27 07:30:00,29496.4,29498.2,29447.7,29453.0,8065.0
2026-08-27 07:45:00,29453.3,29496.6,29448.9,29486.5,6571.0
2026-08-27 08:00:00,29486.6,29572.4,29486.3,29570.6,11366.0
2026-08-27 08:15:00,29570.7,29607.8,29545.2,29604.8,9954.0
2026-08-27 08:30:00,29605.0,29606.4,29560.8,29580.2,9735.0
2026-08-27 08:45:00,29580.4,29609.2,29570.9,29572.6,9305.0
2026-08-27 09:00:00,29572.8,29582.6,29530.0,29532.0,11982.0
2026-08-27 09:15:00,29532.2,29563.2,29515.5,29547.0,9414.0
2026-08-27 09:30:00,29546.8,29571.9,29545.3,29564.4,7073.0
2026-08-27 09:45:00,29564.6,29581.0,29547.4,29550.0,6625.0
2026-08-27 10:00:00,29550.2,29554.8,29530.9,29547.6,8303.0
2026-08-27 10:15:00,29547.5,29552.8,29525.7,29528.6,7221.0
2026-08-27 10:30:00,29528.5,29551.2,29518.7,29547.8,7912.0
2026-08-27 10:45:00,29547.9,29549.6,29516.8,29546.6,7387.0
2026-08-27 11:00:00,29546.6,29578.0,29524.5,29565.0,11065.0
2026-08-27 11:15:00,29565.2,29569.6,29517.6,29518.2,8465.0
2026-08-27 11:30:00,29518.2,29536.5,29495.0,29512.4,11462.0
2026-08-27 11:45:00,29512.2,29512.2,29463.3,29506.6,9768.0
2026-08-27 12:00:00,29506.6,29537.2,29499.8,29533.0,9940.0
2026-08-27 12:15:00,29532.9,29538.7,29514.8,29527.9,10790.0
2026-08-27 12:30:00,29527.8,29529.2,29483.3,29485.7,8145.0
2026-08-27 12:45:00,29485.3,29488.6,29465.0,29471.2,7551.0
2026-08-27 13:00:00,29470.8,29509.8,29467.2,29503.0,11059.0
2026-08-27 13:15:00,29502.9,29517.5,29472.0,29473.0,10858.0
2026-08-27 13:30:00,29473.2,29536.6,29392.3,29524.0,42075.0
2026-08-27 13:45:00,29523.9,29553.3,29373.0,29431.4,39698.0
2026-08-27 14:00:00,29431.6,29536.8,29426.6,29506.7,34963.0
2026-08-27 14:15:00,29506.8,29570.4,29506.3,29555.2,28898.0
2026-08-27 14:30:00,29555.2,29558.8,29486.2,29505.9,28936.0
2026-08-27 14:45:00,29505.8,29553.8,29480.4,29549.8,25683.0
2026-08-27 15:00:00,29550.2,29576.0,29537.2,29574.0,21756.0
2026-08-27 15:15:00,29573.9,29582.7,29523.7,29528.9,19835.0
2026-08-27 15:30:00,29528.4,29547.4,29479.2,29485.0,21772.0
2026-08-27 15:45:00,29485.1,29560.4,29462.6,29548.1,19570.0
2026-08-27 16:00:00,29548.2,29574.5,29532.6,29540.1,16438.0
2026-08-27 16:15:00,29540.4,29558.6,29520.7,29554.0,16108.0
2026-08-27 16:30:00,29553.4,29601.5,29549.6,29596.8,12553.0
2026-08-27 16:45:00,29596.6,29609.7,29588.1,29602.4,11145.0
2026-08-27 17:00:00,29603.0,29626.7,29598.9,29620.6,10874.0
2026-08-27 17:15:00,29620.8,29627.2,29588.4,29592.0,11514.0
2026-08-27 17:30:00,29591.9,29608.0,29578.0,29579.4,12122.0
2026-08-27 17:45:00,29579.4,29583.0,29557.6,29562.4,13684.0
2026-08-27 18:00:00,29562.2,29572.6,29512.6,29527.6,17921.0
2026-08-27 18:15:00,29527.4,29539.7,29477.1,29488.9,16367.0
2026-08-27 18:30:00,29488.8,29531.6,29487.4,29523.4,14690.0
2026-08-27 18:45:00,29523.0,29532.5,29495.5,29522.0,14511.0
2026-08-27 19:00:00,29521.8,29557.4,29517.4,29543.6,13573.0
2026-08-27 19:15:00,29544.1,29563.6,29543.6,29553.1,11659.0
2026-08-27 19:30:00,29553.4,29583.9,29545.7,29583.6,12066.0
2026-08-27 19:45:00,29582.8,29654.6,29579.8,29642.1,16821.0
2026-08-27 20:00:00,29642.5,29657.8,29598.2,29598.8,8112.0
2026-08-27 20:15:00,29598.9,29605.6,29584.8,29589.2,3490.0
2026-08-27 20:30:00,29589.6,29595.4,29585.8,29590.6,2560.0
2026-08-27 20:45:00,29591.0,29592.4,29571.1,29584.0,3004.0
2026-08-27 22:00:00,29580.5,29580.8,29549.8,29570.8,3208.0
2026-08-27 22:15:00,29570.7,29588.1,29570.1,29586.8,2179.0
2026-08-27 22:30:00,29587.0,29589.6,29579.0,29585.8,1449.0
2026-08-27 22:45:00,29585.8,29588.4,29580.0,29583.4,1240.0
2026-08-27 23:00:00,29583.3,29586.4,29555.5,29565.8,2043.0
2026-08-27 23:15:00,29565.4,29566.0,29553.8,29558.3,1419.0
2026-08-27 23:30:00,29558.4,29561.4,29552.6,29554.0,1409.0
2026-08-27 23:45:00,29554.0,29554.2,29541.6,29550.7,5531.0
2026-08-28 00:00:00,29550.8,29605.0,29543.6,29601.8,13998.0
2026-08-28 00:15:00,29602.0,29605.0,29574.7,29601.4,11492.0
2026-08-28 00:30:00,29601.3,29607.0,29582.8,29603.4,8842.0
2026-08-28 00:45:00,29603.0,29616.4,29591.4,29594.0,9085.0
2026-08-28 01:00:00,29594.2,29620.1,29591.6,29610.1,10660.0
2026-08-28 01:15:00,29610.0,29620.3,29593.4,29597.8,9304.0
2026-08-28 01:30:00,29598.0,29621.5,29591.0,29603.4,10544.0
2026-08-28 01:45:00,29603.2,29628.3,29593.0,29626.4,8749.0
2026-08-28 02:00:00,29626.4,29648.7,29626.4,29642.8,6502.0
2026-08-28 02:15:00,29642.8,29652.0,29635.6,29641.4,5362.0
2026-08-28 02:30:00,29641.0,29641.4,29594.0,29595.6,5733.0
2026-08-28 02:45:00,29596.2,29619.6,29594.0,29612.6,5295.0
2026-08-28 03:00:00,29612.8,29651.5,29610.4,29642.8,6179.0
2026-08-28 03:15:00,29642.8,29656.2,29638.8,29649.0,3913.0
2026-08-28 03:30:00,29649.4,29653.5,29598.2,29600.8,5731.0
2026-08-28 03:45:00,29600.7,29625.7,29589.6,29617.4,6938.0
2026-08-28 04:00:00,29617.4,29620.0,29593.1,29610.4,6247.0
2026-08-28 04:15:00,29610.4,29618.6,29606.0,29608.8,5699.0
2026-08-28 04:30:00,29608.8,29610.0,29588.7,29593.0,5337.0
2026-08-28 04:45:00,29593.2,29598.5,29585.6,29590.8,4733.0
2026-08-28 05:00:00,29590.8,29593.4,29569.8,29573.6,6936.0
2026-08-28 05:15:00,29573.8,29577.6,29561.0,29572.6,6611.0
2026-08-28 05:30:00,29571.7,29574.2,29553.0,29562.0,7441.0
2026-08-28 05:45:00,29562.0,29562.4,29546.7,29547.6,4598.0
2026-08-28 06:00:00,29548.2,29567.0,29544.0,29552.0,6781.0
2026-08-28 06:15:00,29552.1,29573.0,29544.0,29546.0,7010.0
2026-08-28 06:30:00,29546.2,29571.7,29545.6,29569.0,7956.0
2026-08-28 06:45:00,29569.0,29595.0,29564.6,29594.2,5946.0
2026-08-28 07:00:00,29594.0,29602.5,29555.4,29561.6,10613.0
2026-08-28 07:15:00,29561.4,29573.2,29552.0,29563.0,8018.0
2026-08-28 07:30:00,29563.2,29570.0,29542.8,29546.6,7330.0
2026-08-28 07:45:00,29546.5,29574.7,29544.7,29556.0,7612.0
2026-08-28 08:00:00,29556.4,29569.7,29527.7,29535.0,11737.0
2026-08-28 08:15:00,29534.8,29554.8,29531.7,29547.2,8003.0
2026-08-28 08:30:00,29547.4,29582.8,29545.2,29572.8,6857.0
2026-08-28 08:45:00,29572.8,29574.1,29552.0,29568.4,6768.0
2026-08-28 09:00:00,29568.2,29569.2,29553.0,29555.2,6690.0
2026-08-28 09:15:00,29555.4,29570.2,29544.7,29564.4,5956.0
2026-08-28 09:30:00,29564.2,29567.5,29551.6,29556.2,5642.0
2026-08-28 09:45:00,29556.0,29569.8,29548.8,29555.6,5983.0
2026-08-28 10:00:00,29555.4,29559.6,29542.2,29553.0,6246.0
2026-08-28 10:15:00,29553.0,29566.0,29547.0,29560.0,5364.0
2026-08-28 10:30:00,29560.0,29571.8,29549.8,29550.8,6016.0
2026-08-28 10:45:00,29550.4,29573.8,29547.2,29570.8,6144.0
2026-08-28 11:00:00,29571.0,29583.6,29547.5,29563.4,7895.0
2026-08-28 11:15:00,29564.4,29585.5,29563.4,29583.2,5354.0
2026-08-28 11:30:00,29583.0,29588.8,29556.8,29559.0,6037.0
2026-08-28 11:45:00,29559.2,29564.0,29547.5,29551.8,6875.0
2026-08-28 12:00:00,29551.6,29581.7,29546.8,29579.6,7979.0
2026-08-28 12:15:00,29579.4,29611.2,29576.8,29610.8,7115.0
2026-08-28 12:30:00,29610.3,29610.8,29564.0,29607.2,9199.0
2026-08-28 12:45:00,29607.4,29613.3,29598.6,29608.0,7195.0
2026-08-28 13:00:00,29608.0,29630.5,29599.5,29609.8,10523.0
2026-08-28 13:15:00,29610.5,29612.0,29571.5,29577.6,9763.0
2026-08-28 13:30:00,29577.4,29650.5,29512.2,29636.2,37423.0
2026-08-28 13:45:00,29636.0,29651.5,29574.8,29579.6,32430.0
2026-08-28 14:00:00,29579.8,29654.8,29455.4,29484.2,41271.0
2026-08-28 14:15:00,29484.4,29625.1,29481.4,29603.0,37810.0
2026-08-28 14:30:00,29602.7,29693.0,29581.2,29683.6,34576.0
2026-08-28 14:45:00,29683.7,29747.8,29674.3,29745.8,28821.0
2026-08-28 15:00:00,29745.5,29760.5,29684.6,29697.0,29026.0
2026-08-28 15:15:00,29697.2,29743.0,29690.0,29734.7,26536.0
2026-08-28 15:30:00,29734.6,29737.0,29615.0,29623.0,27824.0
2026-08-28 15:45:00,29623.2,29634.2,29496.5,29504.4,32716.0
2026-08-28 16:00:00,29504.7,29543.7,29461.5,29510.0,31061.0
2026-08-28 16:15:00,29510.4,29522.4,29417.2,29440.8,32366.0
2026-08-28 16:30:00,29441.0,29481.0,29426.8,29435.8,27946.0
2026-08-28 16:45:00,29435.0,29500.7,29434.6,29453.4,25691.0
2026-08-28 17:00:00,29453.5,29454.5,29388.8,29436.0,27503.0
2026-08-28 17:15:00,29436.0,29446.7,29404.0,29421.7,23920.0
2026-08-28 17:30:00,29421.6,29456.0,29413.2,29435.4,21455.0
2026-08-28 17:45:00,29435.5,29480.6,29427.2,29467.4,16651.0
2026-08-28 18:00:00,29467.2,29473.0,29440.2,29441.0,18623.0
2026-08-28 18:15:00,29441.2,29456.5,29423.0,29435.2,18428.0
2026-08-28 18:30:00,29434.7,29458.4,29427.8,29442.5,15205.0
2026-08-28 18:45:00,29442.8,29445.2,29393.0,29407.2,17302.0
2026-08-28 19:00:00,29407.5,29442.7,29395.2,29431.0,17208.0
2026-08-28 19:15:00,29431.5,29453.3,29416.5,29450.3,13954.0
2026-08-28 19:30:00,29449.8,29464.6,29435.0,29454.6,15080.0
2026-08-28 19:45:00,29454.5,29471.7,29425.0,29447.6,20913.0
2026-08-28 20:00:00,29448.0,29459.4,29429.8,29439.5,7847.0
2026-08-28 20:15:00,29439.6,29445.0,29437.0,29443.4,3349.0
2026-08-28 20:30:00,29443.5,29460.0,29437.0,29459.2,3713.0
2026-08-28 20:45:00,29459.3,29471.0,29458.0,29462.8,3474.0
2026-08-30 22:00:00,29460.8,29492.6,29398.7,29421.8,6028.0
2026-08-30 22:15:00,29422.0,29446.0,29420.0,29425.2,2994.0
2026-08-30 22:30:00,29425.0,29427.6,29380.2,29388.8,4009.0
2026-08-30 22:45:00,29388.2,29404.4,29386.0,29394.3,2054.0
2026-08-30 23:00:00,29394.4,29399.4,29358.5,29362.0,3116.0
2026-08-30 23:15:00,29362.0,29367.2,29321.7,29323.4,4041.0
2026-08-30 23:30:00,29323.5,29326.2,29273.4,29305.8,5606.0
2026-08-30 23:45:00,29307.0,29307.0,29240.9,29241.2,10028.0
2026-08-31 00:00:00,29241.4,29297.4,29225.2,29291.0,13049.0
2026-08-31 00:15:00,29291.4,29328.8,29285.6,29322.3,10225.0
2026-08-31 00:30:00,29322.2,29349.6,29318.8,29340.8,8982.0
2026-08-31 00:45:00,29341.2,29344.4,29302.0,29308.9,9253.0
2026-08-31 01:00:00,29309.0,29309.7,29244.0,29274.5,14973.0
2026-08-31 01:15:00,29274.9,29291.0,29254.7,29281.5,14298.0
2026-08-31 01:30:00,29281.4,29289.2,29258.2,29264.3,14706.0
2026-08-31 01:45:00,29264.4,29280.4,29253.2,29276.0,12648.0
2026-08-31 02:00:00,29276.0,29314.0,29260.5,29307.8,11574.0
2026-08-31 02:15:00,29308.2,29309.3,29256.0,29278.8,10602.0
2026-08-31 02:30:00,29278.6,29286.8,29238.7,29248.0,8818.0
2026-08-31 02:45:00,29247.8,29297.4,29242.6,29295.6,8834.0
2026-08-31 03:00:00,29295.8,29318.7,29288.2,29307.0,5784.0
2026-08-31 03:15:00,29307.7,29309.6,29294.8,29295.4,5025.0
2026-08-31 03:30:00,29295.3,29302.6,29289.0,29298.0,5944.0
2026-08-31 03:45:00,29297.6,29305.0,29290.2,29303.2,4869.0
2026-08-31 04:00:00,29303.0,29305.9,29292.6,29305.8,4309.0
2026-08-31 04:15:00,29305.6,29308.4,29294.2,29298.6,3607.0
2026-08-31 04:30:00,29299.3,29335.8,29285.6,29333.8,5750.0
2026-08-31 04:45:00,29333.6,29375.2,29318.0,29367.0,5013.0
2026-08-31 05:00:00,29366.8,29396.2,29359.0,29395.0,6560.0
2026-08-31 05:15:00,29394.8,29428.2,29393.4,29421.8,6715.0
2026-08-31 05:30:00,29421.7,29425.6,29377.8,29393.2,7920.0
2026-08-31 05:45:00,29393.0,29414.0,29383.8,29412.8,5255.0
2026-08-31 06:00:00,29413.0,29453.8,29400.6,29452.3,7037.0
2026-08-31 06:15:00,29452.2,29469.6,29452.0,29464.4,5773.0
2026-08-31 06:30:00,29464.2,29469.9,29447.2,29459.0,4882.0
2026-08-31 06:45:00,29458.9,29479.6,29455.0,29468.2,3968.0
2026-08-31 07:00:00,29467.6,29472.2,29452.4,29465.0,6306.0
2026-08-31 07:15:00,29464.8,29473.0,29452.0,29459.9,5665.0
2026-08-31 07:30:00,29460.0,29473.2,29452.7,29458.0,4828.0
2026-08-31 07:45:00,29457.8,29462.6,29444.6,29460.2,3834.0
2026-08-31 08:00:00,29460.3,29486.5,29439.2,29457.0,9152.0
2026-08-31 08:15:00,29456.9,29461.8,29437.2,29451.5,5901.0
2026-08-31 08:30:00,29451.6,29454.2,29427.4,29435.8,5226.0
2026-08-31 08:45:00,29435.9,29449.6,29431.8,29437.0,4308.0
2026-08-31 09:00:00,29436.8,29452.4,29422.4,29444.2,4837.0
2026-08-31 09:15:00,29444.0,29460.0,29441.8,29442.0,4092.0
2026-08-31 09:30:00,29441.8,29444.6,29418.6,29419.8,3261.0
2026-08-31 09:45:00,29419.4,29420.7,29397.2,29402.2,3346.0
2026-08-31 10:00:00,29403.0,29411.6,29392.0,29409.2,5382.0
2026-08-31 10:15:00,29409.4,29418.7,29397.4,29411.5,4835.0
2026-08-31 10:30:00,29411.6,29412.0,29401.8,29406.0,3853.0
2026-08-31 10:45:00,29406.0,29423.0,29401.7,29410.6,3996.0
2026-08-31 11:00:00,29409.4,29414.9,29388.2,29391.0,5848.0
2026-08-31 11:15:00,29390.9,29420.8,29387.8,29416.6,5439.0
2026-08-31 11:30:00,29416.4,29418.4,29384.6,29384.6,6427.0
2026-08-31 11:45:00,29384.8,29391.0,29377.2,29381.0,5467.0
2026-08-31 12:00:00,29381.8,29418.4,29351.4,29401.5,8789.0
2026-08-31 12:15:00,29401.7,29433.6,29350.2,29366.9,8927.0
2026-08-31 12:30:00,29367.0,29393.2,29341.2,29350.0,10674.0
2026-08-31 12:45:00,29350.4,29359.0,29331.5,29341.2,6536.0
2026-08-31 13:00:00,29340.9,29362.5,29329.6,29360.2,8174.0
2026-08-31 13:15:00,29360.2,29393.2,29359.9,29390.2,8427.0
2026-08-31 13:30:00,29388.4,29468.0,29341.9,29359.4,40379.0
2026-08-31 13:45:00,29359.2,29430.0,29340.0,29390.0,34293.0
2026-08-31 14:00:00,29390.2,29398.9,29322.3,29345.4,29805.0
2026-08-31 14:15:00,29345.0,29382.4,29306.9,29325.9,26635.0
2026-08-31 14:30:00,29326.0,29386.2,29315.8,29376.9,23913.0
2026-08-31 14:45:00,29376.4,29394.2,29335.9,29367.0,21409.0
2026-08-31 15:00:00,29367.4,29394.0,29347.2,29368.6,22029.0
2026-08-31 15:15:00,29368.9,29396.3,29348.8,29372.2,19430.0
2026-08-31 15:30:00,29372.0,29376.4,29337.7,29369.9,18589.0
2026-08-31 15:45:00,29369.6,29393.6,29346.0,29349.9,15488.0
2026-08-31 16:00:00,29350.0,29374.0,29324.4,29368.6,16384.0
2026-08-31 16:15:00,29368.9,29387.4,29343.1,29386.4,13010.0
2026-08-31 16:30:00,29386.0,29392.0,29356.0,29375.1,13134.0
2026-08-31 16:45:00,29374.6,29404.1,29371.0,29401.1,10061.0
2026-08-31 17:00:00,29401.0,29402.1,29376.6,29384.9,10855.0
2026-08-31 17:15:00,29385.0,29395.2,29355.1,29358.0,9979.0
2026-08-31 17:30:00,29358.1,29400.9,29349.4,29400.9,9767.0
2026-08-31 17:45:00,29400.7,29418.4,29392.2,29402.9,9710.0
2026-08-31 18:00:00,29402.8,29419.4,29383.6,29408.1,11517.0
2026-08-31 18:15:00,29408.0,29422.0,29398.5,29399.2,9072.0
2026-08-31 18:30:00,29399.4,29404.4,29343.9,29360.6,12041.0
2026-08-31 18:45:00,29360.7,29381.4,29351.6,29365.1,10957.0
2026-08-31 19:00:00,29365.2,29390.5,29365.0,29386.6,10008.0
2026-08-31 19:15:00,29386.7,29414.5,29378.4,29409.1,8921.0
2026-08-31 19:30:00,29409.4,29443.9,29392.0,29437.9,10734.0
2026-08-31 19:45:00,29437.8,29499.1,29419.9,29467.8,20924.0
2026-08-31 20:00:00,29467.9,29488.1,29466.9,29473.0,6859.0
2026-08-31 20:15:00,29472.9,29477.5,29468.6,29474.9,2240.0
2026-08-31 20:30:00,29474.8,29481.2,29471.4,29477.6,1316.0
2026-08-31 20:45:00,29477.8,29479.8,29468.4,29479.8,1331.0
2026-08-31 22:00:00,29471.2,29475.6,29461.8,29467.8,2253.0
2026-08-31 22:15:00,29467.7,29468.6,29459.8,29462.4,1060.0
2026-08-31 22:30:00,29462.6,29467.4,29462.6,29465.0,764.0
2026-08-31 22:45:00,29465.2,29467.4,29451.7,29454.0,1287.0
2026-08-31 23:00:00,29453.9,29463.2,29450.8,29456.4,1799.0
2026-08-31 23:15:00,29456.2,29459.3,29447.2,29457.0,1179.0
2026-08-31 23:30:00,29455.3,29475.0,29454.8,29470.6,2060.0
2026-08-31 23:45:00,29470.8,29479.6,29457.2,29460.8,5480.0
2026-09-01 00:00:00,29461.6,29481.2,29440.8,29450.0,13832.0
2026-09-01 00:15:00,29450.0,29478.9,29439.0,29461.4,9760.0
2026-09-01 00:30:00,29461.2,29479.0,29444.8,29462.4,8383.0
2026-09-01 00:45:00,29462.6,29468.7,29453.0,29467.0,8094.0
2026-09-01 01:00:00,29466.8,29474.2,29452.8,29472.8,10533.0
2026-09-01 01:15:00,29472.6,29476.7,29438.4,29444.2,8578.0
2026-09-01 01:30:00,29444.0,29475.4,29435.7,29468.0,10790.0
2026-09-01 01:45:00,29468.2,29471.2,29450.9,29459.6,6770.0
2026-09-01 02:00:00,29459.4,29463.7,29435.8,29441.2,6662.0
2026-09-01 02:15:00,29441.0,29446.6,29413.2,29420.2,5272.0
2026-09-01 02:30:00,29420.4,29432.2,29396.0,29399.2,7131.0
2026-09-01 02:45:00,29399.2,29452.9,29396.9,29452.2,5259.0
2026-09-01 03:00:00,29452.2,29454.2,29428.6,29431.8,6362.0
2026-09-01 03:15:00,29431.6,29437.0,29419.8,29425.0,5260.0
2026-09-01 03:30:00,29425.0,29443.4,29421.2,29438.0,6274.0
2026-09-01 03:45:00,29438.0,29448.8,29436.0,29447.0,4913.0
2026-09-01 04:00:00,29447.0,29458.0,29442.0,29449.2,5019.0
2026-09-01 04:15:00,29449.2,29461.9,29446.2,29453.6,3674.0
2026-09-01 04:30:00,29453.6,29461.4,29430.9,29431.2,4571.0
2026-09-01 04:45:00,29431.5,29454.2,29426.8,29433.4,5107.0
2026-09-01 05:00:00,29433.2,29436.0,29420.7,29424.8,4760.0
2026-09-01 05:15:00,29425.2,29448.2,29407.8,29446.0,5452.0
2026-09-01 05:30:00,29446.0,29496.2,29442.3,29494.0,6950.0
2026-09-01 05:45:00,29494.2,29531.4,29482.5,29521.8,5851.0
2026-09-01 06:00:00,29521.9,29528.0,29491.0,29505.4,7294.0
2026-09-01 06:15:00,29505.6,29507.0,29474.9,29477.2,6859.0
2026-09-01 06:30:00,29477.0,29505.8,29474.2,29499.6,6510.0
2026-09-01 06:45:00,29499.8,29501.2,29475.2,29475.6,5367.0
2026-09-01 07:00:00,29476.2,29515.9,29473.2,29514.2,11772.0
2026-09-01 07:15:00,29514.2,29516.7,29488.8,29506.5,7995.0
2026-09-01 07:30:00,29506.7,29507.2,29422.8,29423.5,9582.0
2026-09-01 07:45:00,29423.6,29438.6,29391.0,29396.6,8755.0
2026-09-01 08:00:00,29396.4,29409.3,29289.0,29309.5,17244.0
2026-09-01 08:15:00,29309.4,29319.6,29239.6,29246.2,14886.0
2026-09-01 08:30:00,29246.0,29272.4,29208.0,29218.8,13630.0
2026-09-01 08:45:00,29218.7,29240.0,29194.6,29195.6,11691.0
2026-09-01 09:00:00,29195.6,29203.8,29162.0,29168.3,11428.0
2026-09-01 09:15:00,29168.2,29178.6,29146.4,29158.2,9928.0
2026-09-01 09:30:00,29158.2,29176.4,29144.8,29173.4,10206.0
2026-09-01 09:45:00,29173.6,29188.0,29172.0,29173.2,8065.0
2026-09-01 10:00:00,29173.3,29188.0,29161.8,29182.6,8315.0
2026-09-01 10:15:00,29182.8,29208.9,29172.2,29197.6,7113.0
2026-09-01 10:30:00,29197.8,29218.2,29187.8,29188.0,6657.0
2026-09-01 10:45:00,29188.2,29203.2,29158.6,29170.4,7315.0
2026-09-01 11:00:00,29170.3,29173.8,29140.5,29160.5,9552.0
2026-09-01 11:15:00,29160.4,29176.8,29156.7,29168.6,7672.0
2026-09-01 11:30:00,29168.6,29198.2,29166.5,29187.0,6702.0
2026-09-01 11:45:00,29187.4,29189.6,29128.0,29132.2,9290.0
2026-09-01 12:00:00,29132.3,29139.8,29114.2,29125.2,11333.0
2026-09-01 12:15:00,29125.4,29133.6,29099.2,29130.0,9114.0
2026-09-01 12:30:00,29130.0,29130.7,29084.4,29090.2,11051.0
2026-09-01 12:45:00,29089.6,29113.3,29083.9,29086.2,8250.0
2026-09-01 13:00:00,29086.2,29086.7,29047.0,29053.4,11238.0
2026-09-01 13:15:00,29053.6,29082.8,29045.2,29072.0,9553.0
2026-09-01 13:30:00,29071.9,29100.6,29001.0,29043.7,38804.0
2026-09-01 13:45:00,29044.0,29117.9,29036.6,29064.0,31847.0
2026-09-01 14:00:00,29065.3,29121.9,29048.6,29094.8,29472.0
2026-09-01 14:15:00,29094.7,29139.4,29092.4,29125.4,25164.0
2026-09-01 14:30:00,29125.7,29194.7,29122.9,29194.2,20013.0
2026-09-01 14:45:00,29194.4,29228.2,29168.4,29188.7,20860.0
2026-09-01 15:00:00,29188.8,29201.9,29140.8,29143.7,21670.0
2026-09-01 15:15:00,29143.4,29193.2,29139.8,29192.9,18585.0
2026-09-01 15:30:00,29192.2,29254.4,29185.2,29251.3,16102.0
2026-09-01 15:45:00,29250.6,29280.7,29250.1,29259.6,13838.0
2026-09-01 16:00:00,29259.6,29264.2,29195.9,29196.6,15439.0
2026-09-01 16:15:00,29197.3,29200.1,29126.8,29141.2,22705.0
2026-09-01 16:30:00,29141.1,29147.6,29095.2,29101.6,21244.0
2026-09-01 16:45:00,29101.2,29161.0,29097.2,29155.0,15297.0
2026-09-01 17:00:00,29154.8,29155.4,29102.8,29119.8,16785.0
2026-09-01 17:15:00,29119.4,29127.3,29065.4,29106.4,16332.0
2026-09-01 17:30:00,29106.6,29125.3,29101.8,29115.2,14874.0
2026-09-01 17:45:00,29115.1,29117.1,29082.1,29104.1,13162.0
2026-09-01 18:00:00,29104.0,29115.1,29065.3,29066.3,13519.0
2026-09-01 18:15:00,29066.2,29082.0,29049.3,29057.6,12931.0
2026-09-01 18:30:00,29057.8,29061.0,28978.2,28979.0,14493.0
2026-09-01 18:45:00,28978.8,29044.8,28965.8,29039.6,16981.0
2026-09-01 19:00:00,29039.8,29085.1,29034.6,29083.9,16009.0
2026-09-01 19:15:00,29083.6,29093.1,29067.4,29090.6,13409.0
2026-09-01 19:30:00,29090.3,29091.8,29056.9,29081.6,15124.0
2026-09-01 19:45:00,29081.4,29104.7,29050.3,29089.6,19790.0
2026-09-01 20:00:00,29090.7,29121.7,29077.4,29098.4,8066.0
2026-09-01 20:15:00,29098.8,29122.6,29098.1,29100.2,3469.0
2026-09-01 20:30:00,29100.0,29119.4,29095.8,29110.4,2858.0
2026-09-01 20:45:00,29110.2,29111.0,29094.4,29099.2,2740.0
2026-09-01 22:00:00,29098.3,29105.0,29071.6,29073.8,2214.0
2026-09-01 22:15:00,29074.4,29089.1,29066.0,29078.1,1982.0
2026-09-01 22:30:00,29078.2,29084.2,29075.1,29081.3,1423.0
2026-09-01 22:45:00,29081.2,29102.0,29078.7,29094.8,1769.0
2026-09-01 23:00:00,29095.0,29099.0,29092.2,29093.0,1213.0
2026-09-01 23:15:00,29092.8,29103.0,29083.6,29101.0,1742.0
2026-09-01 23:30:00,29101.2,29107.0,29097.4,29104.2,1367.0
2026-09-01 23:45:00,29105.0,29110.0,29095.4,29097.8,4620.0
2026-09-02 00:00:00,29098.0,29108.0,29070.2,29092.8,13793.0
2026-09-02 00:15:00,29092.8,29133.6,29087.4,29091.2,13173.0
2026-09-02 00:30:00,29091.4,29111.8,29078.0,29103.8,10433.0
2026-09-02 00:45:00,29103.6,29109.0,29067.4,29067.8,8497.0
2026-09-02 01:00:00,29067.6,29090.2,29051.6,29062.0,13226.0
2026-09-02 01:15:00,29062.0,29093.4,29058.4,29079.1,10965.0
2026-09-02 01:30:00,29079.2,29086.7,29034.6,29038.0,11325.0
2026-09-02 01:45:00,29038.5,29042.0,29011.4,29039.0,9689.0
2026-09-02 02:00:00,29038.8,29040.6,29008.6,29029.8,10172.0
2026-09-02 02:15:00,29029.0,29064.4,29028.8,29049.4,8069.0
2026-09-02 02:30:00,29049.8,29050.8,29025.5,29046.4,6405.0
2026-09-02 02:45:00,29046.6,29056.2,29039.0,29049.0,5959.0
2026-09-02 03:00:00,29049.2,29053.5,29022.4,29047.8,6833.0
2026-09-02 03:15:00,29047.6,29048.0,29032.4,29033.4,5730.0
2026-09-02 03:30:00,29033.2,29035.8,29017.4,29020.0,6604.0
2026-09-02 03:45:00,29019.8,29028.4,29009.8,29011.4,5399.0
2026-09-02 04:00:00,29011.2,29018.8,28999.2,29011.6,5578.0
2026-09-02 04:15:00,29011.8,29026.0,29007.8,29014.6,5923.0
2026-09-02 04:30:00,29014.4,29025.8,29011.2,29017.3,5275.0
2026-09-02 04:45:00,29017.0,29028.4,29014.5,29022.4,4349.0
2026-09-02 05:00:00,29022.4,29035.0,29001.0,29030.6,7157.0
2026-09-02 05:15:00,29030.8,29055.5,29028.2,29054.8,6865.0
2026-09-02 05:30:00,29055.0,29067.7,29034.0,29063.1,7269.0
2026-09-02 05:45:00,29063.0,29064.8,29026.2,29035.3,5632.0
2026-09-02 06:00:00,29035.4,29044.8,29005.4,29012.8,9377.0
2026-09-02 06:15:00,29013.1,29018.4,28985.1,28986.6,7831.0
2026-09-02 06:30:00,28986.7,29062.4,28980.2,29036.3,9183.0
2026-09-02 06:45:00,29036.5,29044.0,29015.0,29040.2,6553.0
2026-09-02 07:00:00,29041.2,29084.0,29029.0,29066.8,10866.0
2026-09-02 07:15:00,29067.0,29081.0,29040.6,29058.0,8877.0
2026-09-02 07:30:00,29058.2,29064.7,29028.4,29034.0,7925.0
2026-09-02 07:45:00,29034.0,29041.7,29013.6,29025.6,7028.0
2026-09-02 08:00:00,29025.8,29061.0,29015.8,29037.6,12530.0
2026-09-02 08:15:00,29037.7,29051.8,29003.0,29015.8,9807.0
2026-09-02 08:30:00,29016.0,29032.6,28995.8,28999.8,7932.0
2026-09-02 08:45:00,28999.8,29001.6,28918.6,28941.6,8975.0
2026-09-02 09:00:00,28941.4,28990.6,28932.4,28935.0,10636.0
2026-09-02 09:15:00,28934.3,28959.2,28920.5,28942.2,8038.0
2026-09-02 09:30:00,28942.4,28944.4,28904.5,28912.6,6940.0
2026-09-02 09:45:00,28913.0,28938.4,28911.2,28936.8,6051.0
2026-09-02 10:00:00,28936.8,28943.2,28911.0,28942.2,7383.0
2026-09-02 10:15:00,28942.0,28959.2,28935.0,28949.5,6118.0
2026-09-02 10:30:00,28948.4,28953.2,28924.8,28930.2,5707.0
2026-09-02 10:45:00,28930.0,28952.0,28921.8,28950.8,5863.0
2026-09-02 11:00:00,28951.0,28985.0,28891.0,28978.6,11750.0
2026-09-02 11:15:00,28978.8,28998.8,28959.0,28986.4,9905.0
2026-09-02 11:30:00,28986.6,29022.8,28982.6,28992.8,7950.0
2026-09-02 11:45:00,28993.0,29048.5,28986.5,29047.8,7299.0
2026-09-02 12:00:00,29046.7,29086.4,29037.8,29084.4,10933.0
2026-09-02 12:15:00,29083.0,29112.6,29058.8,29071.8,12577.0
2026-09-02 12:30:00,29072.0,29074.0,29031.2,29033.0,8176.0
2026-09-02 12:45:00,29033.0,29035.4,28996.7,29003.6,7160.0
2026-09-02 13:00:00,29003.7,29034.6,29001.6,29031.4,8646.0
2026-09-02 13:15:00,29031.5,29079.0,29027.5,29061.7,9616.0
2026-09-02 13:30:00,29062.0,29082.6,29000.6,29054.0,35910.0
2026-09-02 13:45:00,29055.0,29076.0,28981.0,29026.0,31059.0
2026-09-02 14:00:00,29026.0,29091.6,28995.8,29091.2,30807.0
2026-09-02 14:15:00,29091.3,29156.6,29083.2,29151.0,24266.0
2026-09-02 14:30:00,29150.8,29175.2,29132.2,29165.0,23287.0
2026-09-02 14:45:00,29165.5,29166.0,29075.5,29084.2,21906.0
2026-09-02 15:00:00,29083.8,29131.6,29070.2,29121.7,23435.0
2026-09-02 15:15:00,29121.8,29174.8,29115.6,29172.1,17793.0
2026-09-02 15:30:00,29171.6,29175.1,29138.3,29149.4,17891.0
2026-09-02 15:45:00,29149.3,29157.6,29102.7,29151.6,18005.0
2026-09-02 16:00:00,29151.6,29164.8,29140.1,29153.2,15726.0
2026-09-02 16:15:00,29153.1,29153.6,29109.3,29118.8,14226.0
2026-09-02 16:30:00,29118.6,29142.1,29104.9,29105.6,14396.0
2026-09-02 16:45:00,29105.3,29134.7,29103.8,29121.3,12584.0
2026-09-02 17:00:00,29121.6,29149.6,29093.6,29111.8,13499.0
2026-09-02 17:15:00,29112.0,29121.2,29092.3,29117.2,11397.0
2026-09-02 17:30:00,29117.3,29125.6,29094.6,29125.4,11381.0
2026-09-02 17:45:00,29125.8,29140.4,29109.8,29126.2,12333.0
2026-09-02 18:00:00,29126.1,29132.6,29102.7,29113.8,11395.0
2026-09-02 18:15:00,29113.1,29165.6,29110.3,29125.8,13142.0
2026-09-02 18:30:00,29125.9,29141.3,29099.2,29103.1,9249.0
2026-09-02 18:45:00,29103.2,29121.2,29097.3,29112.2,8650.0
2026-09-02 19:00:00,29112.3,29138.3,29106.1,29132.8,9613.0
2026-09-02 19:15:00,29132.7,29137.3,29116.9,29134.3,8775.0
2026-09-02 19:30:00,29134.4,29144.2,29122.3,29141.6,9728.0
2026-09-02 19:45:00,29141.9,29163.8,29137.4,29157.3,13941.0
2026-09-02 20:00:00,29157.2,29178.4,29155.0,29159.9,3857.0
2026-09-02 20:15:00,29159.8,29159.8,29106.4,29123.0,7203.0
2026-09-02 20:30:00,29123.0,29129.4,29114.4,29114.9,3135.0
2026-09-02 20:45:00,29115.4,29130.6,29107.8,29114.3,2408.0
2026-09-02 22:00:00,29122.8,29153.1,29113.5,29150.2,1918.0
2026-09-02 22:15:00,29150.1,29173.2,29142.4,29160.7,2445.0
2026-09-02 22:30:00,29160.6,29167.2,29156.6,29160.2,1687.0
2026-09-02 22:45:00,29159.8,29160.2,29144.4,29145.8,1818.0
2026-09-02 23:00:00,29145.8,29153.2,29135.6,29136.6,1970.0
2026-09-02 23:15:00,29136.4,29144.2,29132.6,29144.2,1473.0
2026-09-02 23:30:00,29144.8,29152.8,29139.1,29152.8,1849.0
2026-09-02 23:45:00,29152.8,29177.5,29151.8,29165.4,5241.0
2026-09-03 00:00:00,29165.4,29166.2,29130.4,29134.0,10847.0
2026-09-03 00:15:00,29133.6,29133.6,29106.1,29121.5,7922.0
2026-09-03 00:30:00,29121.4,29126.4,29110.4,29121.2,7221.0
2026-09-03 00:45:00,29121.0,29125.8,29111.2,29115.8,7954.0
2026-09-03 01:00:00,29115.8,29151.2,29112.4,29148.0,9902.0
2026-09-03 01:15:00,29148.2,29165.1,29122.2,29140.8,8816.0
2026-09-03 01:30:00,29140.8,29163.9,29132.2,29133.4,11145.0
2026-09-03 01:45:00,29133.2,29140.4,29100.9,29102.4,9408.0
2026-09-03 02:00:00,29102.0,29151.4,29098.2,29147.6,8426.0
2026-09-03 02:15:00,29147.5,29159.5,29137.8,29152.6,5914.0
2026-09-03 02:30:00,29152.2,29163.2,29134.8,29137.8,6126.0
2026-09-03 02:45:00,29137.8,29153.2,29132.1,29146.4,6065.0
2026-09-03 03:00:00,29146.6,29169.0,29144.4,29168.8,4771.0
2026-09-03 03:15:00,29169.1,29198.4,29167.0,29184.4,6233.0
2026-09-03 03:30:00,29184.4,29198.0,29182.2,29192.4,6052.0
2026-09-03 03:45:00,29191.6,29205.4,29185.0,29200.6,4712.0
2026-09-03 04:00:00,29200.8,29219.2,29194.0,29210.8,4304.0
2026-09-03 04:15:00,29210.8,29213.8,29191.9,29192.0,3676.0
2026-09-03 04:30:00,29192.4,29201.2,29179.2,29183.6,4244.0
2026-09-03 04:45:00,29183.8,29193.2,29169.4,29172.2,4226.0
2026-09-03 05:00:00,29172.1,29172.9,29105.6,29113.2,8899.0
2026-09-03 05:15:00,29112.8,29113.4,29040.7,29068.0,16667.0
2026-09-03 05:30:00,29067.8,29116.8,29061.9,29107.2,14841.0
2026-09-03 05:45:00,29107.0,29153.2,29092.6,29153.2,10404.0
2026-09-03 06:00:00,29152.2,29167.9,29127.4,29133.4,10298.0
2026-09-03 06:15:00,29133.6,29145.2,29126.2,29142.2,8170.0
2026-09-03 06:30:00,29142.2,29152.2,29128.6,29146.4,7543.0
2026-09-03 06:45:00,29146.4,29147.6,29124.4,29137.6,6195.0
2026-09-03 07:00:00,29137.4,29197.2,29124.2,29169.6,12346.0
2026-09-03 07:15:00,29169.8,29175.8,29144.0,29167.4,9338.0
2026-09-03 07:30:00,29167.4,29210.4,29156.8,29205.2,10023.0
2026-09-03 07:45:00,29205.2,29206.4,29147.8,29184.5,8345.0
2026-09-03 08:00:00,29184.4,29257.0,29177.8,29212.0,17259.0
2026-09-03 08:15:00,29212.2,29228.2,29196.8,29221.0,9813.0
2026-09-03 08:30:00,29221.2,29221.5,29191.4,29192.2,7927.0
2026-09-03 08:45:00,29192.4,29200.0,29178.6,29181.6,7343.0
2026-09-03 09:00:00,29181.7,29190.2,29175.9,29187.8,7478.0
2026-09-03 09:15:00,29188.1,29188.4,29152.4,29152.4,6794.0
2026-09-03 09:30:00,29152.4,29162.2,29134.2,29141.6,7084.0
2026-09-03 09:45:00,29141.2,29141.4,29092.0,29101.7,8072.0
2026-09-03 10:00:00,29101.8,29123.2,29084.7,29089.4,8493.0
2026-09-03 10:15:00,29089.4,29099.2,29083.8,29092.4,6208.0
2026-09-03 10:30:00,29092.4,29104.5,29070.6,29093.2,7399.0
2026-09-03 10:45:00,29092.8,29094.4,29073.0,29093.2,6777.0
2026-09-03 11:00:00,29093.2,29135.8,29070.8,29128.8,11370.0
2026-09-03 11:15:00,29128.6,29151.8,29121.4,29131.2,7910.0
2026-09-03 11:30:00,29131.4,29138.2,29077.2,29106.6,8879.0
2026-09-03 11:45:00,29106.8,29108.2,29066.8,29069.8,8790.0
2026-09-03 12:00:00,29071.2,29111.8,29068.6,29089.4,9426.0
2026-09-03 12:15:00,29089.4,29115.8,29070.4,29110.1,9471.0
2026-09-03 12:30:00,29110.8,29208.0,29108.2,29153.8,17800.0
2026-09-03 12:45:00,29153.9,29223.4,29149.2,29209.4,13184.0
2026-09-03 13:00:00,29208.4,29210.4,29159.4,29204.2,13591.0
2026-09-03 13:15:00,29203.6,29218.4,29165.4,29213.8,11726.0
2026-09-03 13:30:00,29214.2,29324.0,29164.1,29311.2,40169.0
2026-09-03 13:45:00,29309.8,29339.6,29261.4,29297.0,33827.0
2026-09-03 14:00:00,29297.1,29297.1,29206.7,29265.7,35268.0
2026-09-03 14:15:00,29265.6,29328.7,29260.6,29307.9,28663.0
2026-09-03 14:30:00,29307.6,29325.1,29238.1,29248.4,30697.0
2026-09-03 14:45:00,29247.6,29332.2,29215.2,29328.0,28726.0
2026-09-03 15:00:00,29328.1,29430.7,29327.4,29429.4,26480.0
2026-09-03 15:15:00,29429.1,29504.2,29418.4,29500.6,20147.0
2026-09-03 15:30:00,29500.9,29506.9,29468.0,29471.0,19276.0
2026-09-03 15:45:00,29470.9,29503.8,29469.1,29502.9,15034.0
2026-09-03 16:00:00,29503.0,29503.5,29470.5,29486.6,14798.0
2026-09-03 16:15:00,29486.5,29496.2,29457.1,29463.9,12770.0
2026-09-03 16:30:00,29464.6,29501.9,29449.9,29495.4,12910.0
2026-09-03 16:45:00,29495.4,29510.6,29483.6,29495.1,12117.0
2026-09-03 17:00:00,29495.6,29501.4,29454.0,29457.8,11843.0
2026-09-03 17:15:00,29457.6,29474.9,29443.6,29469.6,10678.0
2026-09-03 17:30:00,29469.5,29498.9,29469.2,29495.4,10868.0
2026-09-03 17:45:00,29495.9,29519.6,29488.7,29510.4,10418.0
2026-09-03 18:00:00,29510.4,29546.4,29510.2,29540.2,11162.0
2026-09-03 18:15:00,29540.4,29551.1,29531.7,29537.6,9493.0
2026-09-03 18:30:00,29537.8,29546.4,29526.6,29527.6,7964.0
2026-09-03 18:45:00,29527.7,29547.9,29526.7,29535.1,8188.0
2026-09-03 19:00:00,29535.2,29537.4,29499.9,29505.7,8921.0
2026-09-03 19:15:00,29505.6,29510.5,29493.4,29500.4,9240.0
2026-09-03 19:30:00,29500.5,29506.9,29488.9,29491.4,10173.0
2026-09-03 19:45:00,29491.4,29503.1,29476.7,29498.6,15017.0
2026-09-03 20:00:00,29497.9,29503.2,29474.4,29488.6,5174.0
2026-09-03 20:15:00,29488.0,29489.0,29472.2,29477.4,1878.0
2026-09-03 20:30:00,29477.4,29483.9,29475.9,29478.0,1455.0
2026-09-03 20:45:00,29478.1,29479.2,29466.4,29472.7,1679.0
2026-09-03 22:00:00,29458.6,29462.6,29444.4,29446.8,1184.0
2026-09-03 22:15:00,29447.2,29457.7,29447.2,29452.2,1371.0
2026-09-03 22:30:00,29451.9,29459.4,29451.6,29456.8,1123.0
2026-09-03 22:45:00,29456.7,29474.4,29456.2,29470.6,1105.0
2026-09-03 23:00:00,29470.2,29473.2,29463.7,29465.6,1689.0
2026-09-03 23:15:00,29465.4,29471.4,29460.4,29469.6,1021.0
2026-09-03 23:30:00,29469.7,29472.4,29462.9,29467.8,1421.0
2026-09-03 23:45:00,29468.2,29478.6,29464.8,29466.0,4240.0
2026-09-04 00:00:00,29465.9,29482.2,29458.0,29472.2,10679.0
2026-09-04 00:15:00,29472.0,29490.6,29467.6,29489.6,6965.0
2026-09-04 00:30:00,29489.4,29494.8,29481.6,29494.2,4733.0
2026-09-04 00:45:00,29494.0,29503.6,29492.2,29492.2,3836.0
2026-09-04 01:00:00,29492.2,29494.8,29479.9,29484.8,7161.0
2026-09-04 01:15:00,29484.9,29504.6,29479.0,29502.0,5625.0
2026-09-04 01:30:00,29502.2,29508.7,29496.4,29507.0,5929.0
2026-09-04 01:45:00,29506.8,29510.5,29485.2,29510.0,5278.0
2026-09-04 02:00:00,29509.9,29515.2,29499.2,29512.2,4896.0
2026-09-04 02:15:00,29512.2,29517.9,29509.2,29516.8,2795.0
2026-09-04 02:30:00,29516.9,29528.2,29506.2,29508.7,3973.0
2026-09-04 02:45:00,29508.8,29529.0,29507.4,29526.6,3213.0
2026-09-04 03:00:00,29526.4,29528.4,29519.3,29522.0,2546.0
2026-09-04 03:15:00,29522.0,29540.0,29521.2,29531.0,2987.0
2026-09-04 03:30:00,29531.4,29540.4,29528.4,29529.8,2760.0
2026-09-04 03:45:00,29530.0,29535.0,29525.5,29532.2,2448.0
2026-09-04 04:00:00,29532.4,29539.7,29519.0,29537.7,3370.0
2026-09-04 04:15:00,29538.0,29556.4,29529.4,29554.8,2972.0
2026-09-04 04:30:00,29555.0,29562.7,29547.2,29549.6,2799.0
2026-09-04 04:45:00,29549.7,29561.3,29545.0,29559.6,2491.0
2026-09-04 05:00:00,29559.9,29584.9,29556.0,29583.2,3415.0
2026-09-04 05:15:00,29582.9,29605.0,29582.3,29584.2,4046.0
2026-09-04 05:30:00,29584.2,29587.0,29567.9,29571.6,4189.0
2026-09-04 05:45:00,29571.4,29583.6,29553.6,29582.0,3932.0
2026-09-04 06:00:00,29581.8,29605.6,29579.6,29603.4,6746.0
2026-09-04 06:15:00,29603.5,29604.0,29584.2,29593.0,5559.0
2026-09-04 06:30:00,29593.4,29594.2,29557.6,29565.6,5738.0
2026-09-04 06:45:00,29566.0,29566.2,29535.8,29538.6,5139.0
2026-09-04 07:00:00,29539.8,29585.4,29537.0,29581.8,9330.0
2026-09-04 07:15:00,29582.0,29598.8,29568.4,29597.8,6405.0
2026-09-04 07:30:00,29597.6,29613.0,29590.0,29608.8,5265.0
2026-09-04 07:45:00,29608.7,29620.2,29602.8,29614.8,5275.0
2026-09-04 08:00:00,29615.0,29630.6,29597.0,29612.4,11862.0
2026-09-04 08:15:00,29612.2,29634.3,29606.6,29631.4,8019.0
2026-09-04 08:30:00,29631.6,29634.4,29605.6,29620.0,6219.0
2026-09-04 08:45:00,29619.8,29626.2,29609.2,29619.6,5275.0
2026-09-04 09:00:00,29619.5,29620.4,29588.6,29590.6,6149.0
2026-09-04 09:15:00,29590.7,29604.8,29578.5,29587.0,5916.0
2026-09-04 09:30:00,29586.8,29608.2,29580.4,29605.0,4141.0
2026-09-04 09:45:00,29606.0,29623.6,29604.6,29619.0,4682.0
2026-09-04 10:00:00,29619.0,29630.4,29616.6,29623.5,5381.0
2026-09-04 10:15:00,29623.4,29647.6,29620.6,29640.0,5648.0
2026-09-04 10:30:00,29640.0,29646.0,29630.6,29641.8,4971.0
2026-09-04 10:45:00,29641.9,29662.4,29638.2,29643.0,4072.0
2026-09-04 11:00:00,29642.6,29647.8,29613.0,29621.6,6886.0
2026-09-04 11:15:00,29621.6,29638.0,29617.9,29624.8,5722.0
2026-09-04 11:30:00,29624.6,29638.4,29623.2,29633.2,5695.0
2026-09-04 11:45:00,29633.4,29651.2,29629.0,29644.0,4462.0
2026-09-04 12:00:00,29643.8,29648.0,29589.2,29604.6,11583.0
2026-09-04 12:15:00,29604.8,29655.0,29593.9,29633.0,10081.0
2026-09-04 12:30:00,29639.6,29653.4,29494.6,29519.2,28980.0
2026-09-04 12:45:00,29519.2,29519.4,29464.2,29508.4,18164.0
2026-09-04 13:00:00,29508.6,29518.4,29485.2,29510.7,13926.0
2026-09-04 13:15:00,29510.6,29552.4,29509.2,29550.4,12287.0
2026-09-04 13:30:00,29551.0,29606.4,29516.2,29578.7,39509.0
2026-09-04 13:45:00,29578.2,29653.2,29540.0,29652.8,32582.0
2026-09-04 14:00:00,29652.9,29652.9,29556.2,29610.2,31977.0
2026-09-04 14:15:00,29610.0,29611.2,29526.8,29557.4,29325.0
2026-09-04 14:30:00,29557.9,29560.2,29493.3,29495.4,27020.0
2026-09-04 14:45:00,29494.8,29505.9,29460.7,29482.6,26537.0
2026-09-04 15:00:00,29482.7,29502.7,29459.7,29502.4,23746.0
2026-09-04 15:15:00,29502.2,29504.8,29446.4,29471.4,21170.0
2026-09-04 15:30:00,29471.8,29489.2,29443.6,29484.6,17896.0
2026-09-04 15:45:00,29484.4,29486.6,29451.9,29479.4,15466.0
2026-09-04 16:00:00,29479.1,29516.9,29469.7,29512.2,13122.0
2026-09-04 16:15:00,29512.6,29529.7,29500.8,29518.9,11930.0
2026-09-04 16:30:00,29518.4,29538.4,29513.2,29532.7,10673.0
2026-09-04 16:45:00,29532.6,29560.4,29529.4,29540.6,10069.0
2026-09-04 17:00:00,29540.8,29544.9,29496.4,29499.6,13688.0
2026-09-04 17:15:00,29498.7,29507.9,29469.1,29472.9,10820.0
2026-09-04 17:30:00,29472.8,29473.4,29439.6,29443.1,12660.0
2026-09-04 17:45:00,29443.4,29462.5,29433.1,29456.4,11197.0
2026-09-04 18:00:00,29456.1,29462.4,29436.1,29453.6,10836.0
2026-09-04 18:15:00,29453.9,29479.0,29449.1,29475.4,9147.0
2026-09-04 18:30:00,29475.8,29488.9,29469.2,29485.6,8760.0
2026-09-04 18:45:00,29485.7,29506.9,29485.1,29503.4,7470.0
2026-09-04 19:00:00,29503.2,29508.5,29471.2,29475.6,10118.0
2026-09-04 19:15:00,29475.8,29496.1,29475.6,29491.1,7818.0
2026-09-04 19:30:00,29491.2,29511.8,29484.6,29505.1,9827.0
2026-09-04 19:45:00,29505.4,29551.0,29504.5,29533.6,14906.0
2026-09-04 20:00:00,29533.2,29533.4,29494.2,29505.6,5950.0
2026-09-04 20:15:00,29505.7,29508.2,29494.6,29496.4,2103.0
2026-09-04 20:30:00,29496.0,29496.9,29478.8,29494.8,3073.0
2026-09-04 20:45:00,29494.6,29496.8,29484.2,29489.0,1902.0
2026-09-06 22:00:00,29533.6,29559.6,29528.2,29543.2,1688.0
2026-09-06 22:15:00,29542.9,29548.9,29539.5,29542.7,618.0
2026-09-06 22:30:00,29543.4,29548.8,29542.5,29544.6,429.0
2026-09-06 22:45:00,29545.0,29547.6,29542.2,29542.2,246.0
2026-09-06 23:00:00,29541.4,29544.2,29527.4,29528.2,633.0
2026-09-06 23:15:00,29528.4,29540.8,29507.4,29508.2,1721.0
2026-09-06 23:30:00,29507.8,29544.8,29506.0,29538.8,2887.0
2026-09-06 23:45:00,29539.0,29547.0,29511.7,29522.5,5912.0
2026-09-07 00:00:00,29522.8,29547.6,29509.7,29536.2,10762.0
2026-09-07 00:15:00,29536.2,29542.8,29521.2,29528.4,7638.0
2026-09-07 00:30:00,29528.8,29536.2,29511.6,29528.8,6056.0
2026-09-07 00:45:00,29528.8,29538.2,29500.6,29502.6,6473.0
2026-09-07 01:00:00,29503.0,29537.2,29498.0,29520.0,10081.0
2026-09-07 01:15:00,29519.8,29544.1,29509.1,29543.8,8011.0
2026-09-07 01:30:00,29543.6,29560.2,29532.8,29548.8,8842.0
2026-09-07 01:45:00,29548.8,29559.4,29542.0,29558.8,6516.0
2026-09-07 02:00:00,29559.2,29560.5,29541.0,29549.6,5827.0
2026-09-07 02:15:00,29549.4,29556.0,29536.4,29551.8,5503.0
2026-09-07 02:30:00,29551.8,29586.1,29551.4,29571.8,4696.0
2026-09-07 02:45:00,29571.8,29572.8,29541.0,29548.2,4775.0
2026-09-07 03:00:00,29548.0,29549.0,29537.1,29545.8,4288.0
2026-09-07 03:15:00,29545.6,29568.9,29542.2,29565.4,4031.0
2026-09-07 03:30:00,29565.4,29587.4,29554.7,29555.2,5453.0
2026-09-07 03:45:00,29555.4,29567.5,29548.6,29551.2,4741.0
2026-09-07 04:00:00,29551.2,29561.4,29540.8,29555.4,3786.0
2026-09-07 04:15:00,29555.6,29556.2,29539.1,29549.2,4080.0
2026-09-07 04:30:00,29549.4,29551.5,29535.0,29543.8,4510.0
2026-09-07 04:45:00,29543.6,29564.6,29542.4,29562.4,3323.0
2026-09-07 05:00:00,29562.6,29566.9,29544.0,29549.4,5604.0
2026-09-07 05:15:00,29549.4,29579.8,29542.6,29576.0,4422.0
2026-09-07 05:30:00,29575.8,29602.0,29573.4,29601.0,4385.0
2026-09-07 05:45:00,29602.0,29604.2,29571.4,29574.8,4883.0
2026-09-07 06:00:00,29575.5,29608.1,29573.8,29606.2,7008.0
2026-09-07 06:15:00,29606.2,29619.4,29597.0,29617.0,5089.0
2026-09-07 06:30:00,29617.2,29645.9,29614.0,29628.8,4595.0
2026-09-07 06:45:00,29628.9,29629.4,29610.6,29628.0,4599.0
2026-09-07 07:00:00,29629.4,29647.9,29620.8,29630.8,8252.0
2026-09-07 07:15:00,29631.0,29633.4,29601.0,29601.8,6220.0
2026-09-07 07:30:00,29601.8,29614.1,29581.9,29591.4,6996.0
2026-09-07 07:45:00,29591.4,29626.0,29586.8,29622.6,9227.0
2026-09-07 08:00:00,29622.4,29628.8,29602.6,29611.2,8715.0
2026-09-07 08:15:00,29611.2,29625.8,29609.5,29619.4,7176.0
2026-09-07 08:30:00,29619.4,29628.0,29607.6,29609.2,6287.0
2026-09-07 08:45:00,29609.0,29618.8,29601.0,29608.6,5315.0
2026-09-07 09:00:00,29608.8,29618.6,29601.2,29602.4,4925.0
2026-09-07 09:15:00,29602.2,29604.2,29579.2,29581.4,4236.0
2026-09-07 09:30:00,29581.5,29589.8,29566.4,29584.2,4622.0
2026-09-07 09:45:00,29584.4,29588.0,29567.9,29571.8,4191.0
2026-09-07 10:00:00,29571.9,29583.6,29569.7,29581.2,4560.0
2026-09-07 10:15:00,29581.4,29585.4,29575.4,29577.6,3369.0
2026-09-07 10:30:00,29577.4,29582.9,29568.2,29574.6,3873.0
2026-09-07 10:45:00,29574.8,29575.8,29533.8,29540.0,6877.0
2026-09-07 11:00:00,29539.9,29544.5,29512.4,29534.2,5428.0
2026-09-07 11:15:00,29534.4,29535.8,29500.2,29511.8,3920.0
2026-09-07 11:30:00,29511.5,29531.5,29505.2,29520.6,4353.0
2026-09-07 11:45:00,29520.5,29527.0,29508.2,29509.2,3412.0
2026-09-07 12:00:00,29509.8,29531.0,29505.2,29507.2,3547.0
2026-09-07 12:15:00,29507.4,29516.0,29501.2,29514.2,3420.0
2026-09-07 12:30:00,29514.0,29529.2,29512.6,29524.2,3601.0
2026-09-07 12:45:00,29524.4,29554.4,29524.1,29552.8,3888.0
2026-09-07 13:00:00,29552.9,29578.2,29541.2,29576.9,4860.0
2026-09-07 13:15:00,29576.8,29589.2,29561.7,29579.2,4320.0
2026-09-07 13:30:00,29579.0,29609.8,29568.6,29584.2,8452.0
2026-09-07 13:45:00,29584.8,29595.8,29577.8,29583.2,5190.0
2026-09-07 14:00:00,29583.4,29599.0,29568.8,29574.2,6446.0
2026-09-07 14:15:00,29575.0,29579.9,29566.1,29576.1,4485.0
2026-09-07 14:30:00,29576.0,29597.2,29565.6,29594.2,4809.0
2026-09-07 14:45:00,29594.1,29594.2,29555.6,29556.6,4584.0
2026-09-07 15:00:00,29556.8,29574.2,29548.2,29552.8,5712.0
2026-09-07 15:15:00,29552.6,29556.6,29528.4,29542.4,5455.0
2026-09-07 15:30:00,29542.4,29558.8,29540.4,29549.4,4691.0
2026-09-07 15:45:00,29549.6,29557.4,29541.8,29557.4,3195.0
2026-09-07 16:00:00,29557.2,29570.4,29553.9,29570.4,3104.0
2026-09-07 16:15:00,29570.2,29575.2,29555.1,29559.6,2321.0
2026-09-07 16:30:00,29559.8,29576.2,29556.9,29572.2,2148.0
2026-09-07 16:45:00,29571.8,29578.1,29566.6,29570.9,2180.0
2026-09-07 22:00:00,29574.6,29574.6,29536.9,29546.6,2234.0
2026-09-07 22:15:00,29546.6,29552.3,29519.4,29521.2,2236.0
2026-09-07 22:30:00,29521.1,29525.7,29505.4,29520.6,2495.0
2026-09-07 22:45:00,29520.8,29526.1,29508.6,29521.8,1859.0
2026-09-07 23:00:00,29521.8,29522.8,29505.8,29511.6,1717.0
2026-09-07 23:15:00,29511.6,29514.2,29489.0,29505.6,2989.0
2026-09-07 23:30:00,29505.2,29553.4,29498.2,29550.4,3063.0
2026-09-07 23:45:00,29550.6,29562.6,29541.6,29548.4,5020.0
2026-09-08 00:00:00,29548.6,29570.0,29538.9,29557.0,14112.0
2026-09-08 00:15:00,29557.2,29593.6,29542.4,29592.0,12853.0
2026-09-08 00:30:00,29592.1,29604.8,29585.6,29596.4,7635.0
2026-09-08 00:45:00,29596.4,29606.0,29594.3,29596.6,5947.0
2026-09-08 01:00:00,29596.8,29626.1,29577.2,29622.6,12675.0
2026-09-08 01:15:00,29622.6,29625.4,29610.2,29616.0,8597.0
2026-09-08 01:30:00,29616.2,29651.6,29609.6,29639.2,7829.0
2026-09-08 01:45:00,29639.4,29673.4,29636.1,29670.0,6344.0
2026-09-08 02:00:00,29670.0,29679.4,29653.6,29671.0,7801.0
2026-09-08 02:15:00,29671.4,29685.2,29665.8,29677.4,5682.0
2026-09-08 02:30:00,29677.6,29679.2,29650.4,29651.0,4944.0
2026-09-08 02:45:00,29651.1,29661.2,29625.1,29625.6,5270.0
2026-09-08 03:00:00,29626.0,29658.0,29624.6,29653.1,5727.0
2026-09-08 03:15:00,29653.0,29699.2,29652.4,29697.2,5036.0
2026-09-08 03:30:00,29697.1,29704.1,29686.0,29695.6,5832.0
2026-09-08 03:45:00,29696.2,29711.2,29690.8,29706.6,5214.0
2026-09-08 04:00:00,29706.8,29713.2,29694.6,29704.4,5204.0
2026-09-08 04:15:00,29704.6,29716.4,29697.6,29711.0,4409.0
2026-09-08 04:30:00,29710.8,29727.4,29693.0,29722.8,5073.0
2026-09-08 04:45:00,29723.0,29728.6,29695.4,29701.0,5329.0
2026-09-08 05:00:00,29701.6,29704.0,29644.4,29649.8,10096.0
2026-09-08 05:15:00,29649.6,29697.6,29640.4,29643.0,11207.0
2026-09-08 05:30:00,29643.0,29649.6,29596.1,29600.8,12808.0
2026-09-08 05:45:00,29601.2,29610.6,29574.3,29576.0,10778.0
2026-09-08 06:00:00,29576.2,29586.2,29545.6,29554.0,15841.0
2026-09-08 06:15:00,29553.7,29556.0,29510.7,29540.6,13825.0
2026-09-08 06:30:00,29540.8,29577.0,29522.2,29572.4,9911.0
2026-09-08 06:45:00,29572.3,29584.4,29545.0,29564.4,6841.0
2026-09-08 07:00:00,29564.2,29603.4,29550.6,29572.7,13611.0
2026-09-08 07:15:00,29573.0,29593.2,29560.2,29587.6,10269.0
2026-09-08 07:30:00,29588.0,29589.0,29514.6,29527.9,10633.0
2026-09-08 07:45:00,29528.0,29531.4,29494.0,29499.0,9561.0
2026-09-08 08:00:00,29499.2,29505.2,29442.6,29477.3,20353.0
2026-09-08 08:15:00,29477.2,29494.4,29460.6,29463.4,15360.0
2026-09-08 08:30:00,29463.6,29490.0,29455.4,29466.4,11722.0
2026-09-08 08:45:00,29466.2,29496.4,29453.6,29471.2,12329.0
2026-09-08 09:00:00,29471.4,29510.4,29448.8,29509.8,11132.0
2026-09-08 09:15:00,29509.4,29512.8,29493.4,29512.0,7884.0
2026-09-08 09:30:00,29511.9,29551.2,29507.1,29532.0,9284.0
2026-09-08 09:45:00,29532.9,29564.4,29531.0,29564.1,6493.0
2026-09-08 10:00:00,29564.2,29564.3,29537.2,29549.2,6570.0
2026-09-08 10:15:00,29549.0,29612.8,29546.4,29571.8,9817.0
2026-09-08 10:30:00,29571.9,29572.6,29546.2,29556.6,5989.0
2026-09-08 10:45:00,29556.6,29556.8,29511.0,29532.0,6355.0
2026-09-08 11:00:00,29532.0,29546.8,29498.6,29511.4,10815.0
2026-09-08 11:15:00,29512.4,29540.8,29509.6,29527.6,7793.0
2026-09-08 11:30:00,29527.4,29539.8,29510.6,29511.2,6649.0
2026-09-08 11:45:00,29511.1,29565.8,29504.2,29565.0,8495.0
2026-09-08 12:00:00,29564.0,29564.2,29515.6,29519.4,11239.0
2026-09-08 12:15:00,29519.6,29560.1,29512.6,29560.0,11113.0
2026-09-08 12:30:00,29560.0,29591.2,29554.8,29579.4,9738.0
2026-09-08 12:45:00,29579.4,29618.6,29568.6,29618.6,8693.0
2026-09-08 13:00:00,29618.2,29624.6,29599.0,29623.3,11154.0
2026-09-08 13:15:00,29623.4,29632.6,29600.3,29608.2,10397.0
2026-09-08 13:30:00,29609.1,29650.4,29431.1,29438.6,41358.0
2026-09-08 13:45:00,29438.4,29502.8,29419.8,29467.1,36459.0
2026-09-08 14:00:00,29467.2,29476.6,29389.1,29426.8,35279.0
2026-09-08 14:15:00,29426.4,29487.1,29422.7,29480.6,29821.0
2026-09-08 14:30:00,29480.4,29502.4,29454.1,29495.1,26006.0
2026-09-08 14:45:00,29495.0,29527.6,29475.8,29527.1,22252.0
2026-09-08 15:00:00,29527.8,29574.3,29510.2,29567.1,18522.0
2026-09-08 15:15:00,29567.4,29603.4,29545.6,29573.3,18934.0
2026-09-08 15:30:00,29573.6,29609.1,29559.8,29605.6,17491.0
2026-09-08 15:45:00,29606.1,29608.4,29563.6,29568.8,16314.0
2026-09-08 16:00:00,29568.6,29586.2,29545.8,29557.0,16747.0
2026-09-08 16:15:00,29556.8,29574.2,29530.8,29541.0,14556.0
2026-09-08 16:30:00,29541.2,29557.5,29534.5,29548.2,13546.0
2026-09-08 16:45:00,29548.3,29582.5,29522.8,29545.6,16218.0
2026-09-08 17:00:00,29545.8,29614.5,29544.8,29604.6,14517.0
2026-09-08 17:15:00,29604.3,29609.3,29582.8,29592.1,10991.0
2026-09-08 17:30:00,29592.4,29608.8,29574.4,29575.8,10620.0
2026-09-08 17:45:00,29576.2,29589.3,29565.6,29566.3,10327.0
2026-09-08 18:00:00,29566.6,29589.8,29563.2,29581.6,10165.0
2026-09-08 18:15:00,29581.4,29591.6,29564.8,29573.3,9136.0
2026-09-08 18:30:00,29573.6,29580.7,29555.2,29579.1,9370.0
2026-09-08 18:45:00,29579.4,29587.1,29495.9,29552.2,22853.0
2026-09-08 19:00:00,29552.1,29562.6,29536.8,29550.6,15249.0
2026-09-08 19:15:00,29551.1,29555.4,29521.1,29540.3,12045.0
2026-09-08 19:30:00,29540.4,29542.3,29519.9,29525.1,12305.0
2026-09-08 19:45:00,29525.6,29529.2,29473.2,29519.1,21026.0
2026-09-08 20:00:00,29519.0,29527.1,29482.0,29500.8,7041.0
2026-09-08 20:15:00,29501.0,29504.3,29483.0,29484.0,3567.0
2026-09-08 20:30:00,29483.8,29499.0,29479.9,29498.0,3033.0
2026-09-08 20:45:00,29498.1,29503.6,29494.8,29501.0,2445.0
2026-09-08 22:00:00,29484.2,29515.2,29480.0,29498.4,2814.0
2026-09-08 22:15:00,29498.4,29504.8,29485.0,29498.4,1883.0
2026-09-08 22:30:00,29497.9,29506.0,29492.2,29503.4,1601.0
2026-09-08 22:45:00,29503.4,29523.2,29503.4,29521.2,1613.0
2026-09-08 23:00:00,29521.0,29522.3,29505.8,29508.2,1414.0
2026-09-08 23:15:00,29507.2,29507.6,29489.8,29492.4,1770.0
2026-09-08 23:30:00,29492.2,29495.2,29478.4,29483.6,2012.0
2026-09-08 23:45:00,29483.6,29488.1,29466.6,29476.8,5253.0
2026-09-09 00:00:00,29476.9,29537.6,29475.4,29515.9,10695.0
2026-09-09 00:15:00,29515.8,29516.0,29492.2,29501.8,9768.0
2026-09-09 00:30:00,29502.0,29516.0,29485.4,29514.6,9766.0
2026-09-09 00:45:00,29514.0,29539.0,29509.0,29536.6,6431.0
2026-09-09 01:00:00,29536.4,29557.1,29532.2,29551.2,7745.0
2026-09-09 01:15:00,29551.3,29575.6,29545.6,29566.4,5927.0
2026-09-09 01:30:00,29566.6,29583.4,29554.2,29569.4,7519.0
2026-09-09 01:45:00,29569.4,29584.2,29558.4,29569.4,7133.0
2026-09-09 02:00:00,29569.4,29587.6,29566.8,29569.6,5487.0
2026-09-09 02:15:00,29569.6,29580.0,29560.2,29577.6,6178.0
2026-09-09 02:30:00,29577.6,29600.6,29573.2,29597.0,5707.0
2026-09-09 02:45:00,29597.1,29601.6,29583.2,29587.4,3489.0
2026-09-09 03:00:00,29587.2,29590.4,29560.2,29567.6,5958.0
2026-09-09 03:15:00,29567.4,29579.6,29565.4,29573.1,5233.0
2026-09-09 03:30:00,29573.0,29580.6,29563.0,29566.0,6520.0
2026-09-09 03:45:00,29565.8,29567.8,29536.8,29538.4,7164.0
2026-09-09 04:00:00,29538.8,29562.0,29525.6,29533.4,7264.0
2026-09-09 04:15:00,29533.4,29568.6,29529.6,29557.0,7278.0
2026-09-09 04:30:00,29556.8,29583.3,29549.6,29579.6,6298.0
2026-09-09 04:45:00,29580.0,29595.4,29575.8,29590.6,3977.0
2026-09-09 05:00:00,29590.8,29592.2,29573.2,29581.4,5603.0
2026-09-09 05:15:00,29581.2,29581.8,29541.6,29557.0,7729.0
2026-09-09 05:30:00,29556.8,29568.4,29538.9,29553.0,10715.0
2026-09-09 05:45:00,29553.0,29598.0,29549.6,29597.6,7504.0
2026-09-09 06:00:00,29598.1,29607.6,29580.8,29605.6,7316.0
2026-09-09 06:15:00,29605.4,29610.0,29563.2,29569.4,6583.0
2026-09-09 06:30:00,29569.4,29590.2,29563.8,29587.8,7166.0
2026-09-09 06:45:00,29587.6,29589.0,29554.6,29557.0,5802.0
2026-09-09 07:00:00,29557.1,29587.8,29538.1,29548.3,9292.0
2026-09-09 07:15:00,29548.6,29589.2,29535.2,29587.6,9711.0
2026-09-09 07:30:00,29587.4,29589.6,29566.2,29572.0,7173.0
2026-09-09 07:45:00,29572.2,29573.4,29541.6,29565.0,7276.0
2026-09-09 08:00:00,29565.0,29585.8,29552.9,29559.0,10710.0
2026-09-09 08:15:00,29559.4,29570.8,29542.6,29564.4,7888.0
2026-09-09 08:30:00,29564.6,29569.0,29517.6,29517.6,9343.0
2026-09-09 08:45:00,29518.4,29548.0,29515.6,29541.0,7891.0
2026-09-09 09:00:00,29540.8,29551.4,29509.1,29526.4,8117.0
2026-09-09 09:15:00,29527.4,29533.8,29491.2,29505.4,7514.0
2026-09-09 09:30:00,29504.4,29516.0,29447.8,29454.8,9994.0
2026-09-09 09:45:00,29454.7,29462.0,29365.0,29376.8,11573.0
2026-09-09 10:00:00,29376.4,29400.8,29348.8,29371.8,13968.0
2026-09-09 10:15:00,29371.2,29408.4,29359.6,29394.4,11214.0
2026-09-09 10:30:00,29394.6,29408.0,29373.0,29373.6,10740.0
2026-09-09 10:45:00,29374.0,29380.6,29345.7,29367.7,11675.0
2026-09-09 11:00:00,29369.9,29406.4,29354.6,29384.7,11573.0
2026-09-09 11:15:00,29384.8,29406.4,29353.9,29394.6,9676.0
2026-09-09 11:30:00,29394.8,29395.6,29353.0,29354.4,11360.0
2026-09-09 11:45:00,29354.6,29427.8,29353.0,29372.6,14410.0
2026-09-09 12:00:00,29373.6,29376.7,29312.8,29313.0,11518.0
2026-09-09 12:15:00,29313.2,29343.0,29309.4,29328.4,10143.0
2026-09-09 12:30:00,29328.1,29361.0,29320.2,29357.8,10846.0
2026-09-09 12:45:00,29358.0,29380.2,29357.8,29366.8,7917.0
2026-09-09 13:00:00,29366.6,29384.6,29358.6,29379.6,9416.0
2026-09-09 13:15:00,29379.6,29433.8,29375.1,29431.0,10308.0
2026-09-09 13:30:00,29431.3,29478.6,29394.6,29455.3,39265.0
2026-09-09 13:45:00,29455.4,29543.2,29432.9,29535.2,32319.0
2026-09-09 14:00:00,29534.8,29569.7,29507.6,29537.8,28780.0
2026-09-09 14:15:00,29537.4,29537.8,29436.1,29511.6,31974.0
2026-09-09 14:30:00,29510.6,29519.6,29470.7,29514.0,28327.0
2026-09-09 14:45:00,29513.6,29518.1,29479.6,29504.6,24563.0
2026-09-09 15:00:00,29505.4,29538.0,29363.3,29375.2,32528.0
2026-09-09 15:15:00,29375.1,29430.6,29334.4,29367.0,29522.0
2026-09-09 15:30:00,29367.1,29457.9,29364.6,29414.3,25456.0
2026-09-09 15:45:00,29414.2,29445.6,29401.0,29426.8,18981.0
2026-09-09 16:00:00,29427.0,29441.1,29390.3,29393.8,18090.0
2026-09-09 16:15:00,29393.6,29395.8,29366.2,29378.8,14391.0
2026-09-09 16:30:00,29378.9,29434.1,29377.3,29434.1,14351.0
2026-09-09 16:45:00,29433.9,29457.2,29420.6,29437.3,12057.0
2026-09-09 17:00:00,29436.8,29460.2,29425.6,29456.0,14989.0
2026-09-09 17:15:00,29455.8,29463.1,29428.8,29429.6,13381.0
2026-09-09 17:30:00,29430.1,29441.3,29408.1,29434.6,13740.0
2026-09-09 17:45:00,29435.0,29462.8,29434.9,29447.8,10698.0
2026-09-09 18:00:00,29447.6,29450.8,29420.8,29421.3,10914.0
2026-09-09 18:15:00,29420.6,29441.6,29416.3,29432.6,11715.0
2026-09-09 18:30:00,29433.1,29448.8,29425.3,29446.0,8822.0
2026-09-09 18:45:00,29446.3,29453.3,29425.8,29426.8,9954.0
2026-09-09 19:00:00,29427.0,29434.3,29409.9,29428.3,10640.0
2026-09-09 19:15:00,29428.8,29450.6,29428.8,29431.1,8383.0
2026-09-09 19:30:00,29431.2,29436.8,29416.3,29426.3,9313.0
2026-09-09 19:45:00,29426.7,29437.4,29403.0,29433.8,13386.0
2026-09-09 20:00:00,29434.1,29438.7,29413.9,29431.0,4814.0
2026-09-09 20:15:00,29430.8,29433.8,29427.6,29429.1,1878.0
2026-09-09 20:30:00,29429.0,29438.2,29426.8,29434.1,1815.0
2026-09-09 20:45:00,29434.6,29436.2,29428.6,29435.4,1606.0
2026-09-09 22:00:00,29433.0,29449.2,29403.1,29404.6,2138.0
2026-09-09 22:15:00,29405.6,29410.4,29400.4,29406.2,1137.0
2026-09-09 22:30:00,29406.2,29413.8,29405.0,29410.2,1257.0
2026-09-09 22:45:00,29410.2,29413.6,29402.6,29408.0,1076.0
2026-09-09 23:00:00,29407.9,29409.1,29395.6,29398.2,1265.0
2026-09-09 23:15:00,29397.6,29411.6,29393.0,29404.0,1908.0
2026-09-09 23:30:00,29404.6,29408.4,29401.6,29406.6,1208.0
2026-09-09 23:45:00,29406.8,29447.0,29403.2,29440.2,6287.0
2026-09-10 00:00:00,29440.6,29456.6,29417.6,29426.2,12029.0
2026-09-10 00:15:00,29426.2,29454.2,29425.2,29450.0,11722.0
2026-09-10 00:30:00,29450.2,29452.2,29418.5,29433.2,8650.0
2026-09-10 00:45:00,29432.6,29432.6,29387.2,29390.2,10859.0
2026-09-10 01:00:00,29390.4,29403.3,29366.0,29376.2,15708.0
2026-09-10 01:15:00,29376.8,29391.4,29349.8,29352.4,14190.0
2026-09-10 01:30:00,29351.6,29380.5,29341.0,29376.8,13104.0
2026-09-10 01:45:00,29376.8,29393.6,29361.8,29387.2,11541.0
2026-09-10 02:00:00,29387.4,29388.8,29352.6,29372.2,12254.0
2026-09-10 02:15:00,29372.4,29372.6,29349.3,29355.6,9293.0
2026-09-10 02:30:00,29355.4,29398.8,29352.8,29391.0,8226.0
2026-09-10 02:45:00,29390.8,29399.2,29382.8,29394.8,6813.0
2026-09-10 03:00:00,29394.8,29413.4,29393.0,29396.8,6795.0
2026-09-10 03:15:00,29397.0,29404.8,29365.5,29381.9,6935.0
2026-09-10 03:30:00,29382.0,29392.8,29368.8,29390.0,8053.0
2026-09-10 03:45:00,29390.2,29407.2,29388.0,29404.2,6681.0
2026-09-10 04:00:00,29404.2,29412.6,29399.0,29404.8,6338.0
2026-09-10 04:15:00,29405.0,29414.0,29400.0,29409.8,5176.0
2026-09-10 04:30:00,29410.0,29423.3,29407.2,29410.6,4031.0
2026-09-10 04:45:00,29411.3,29438.6,29409.6,29435.4,4811.0
2026-09-10 05:00:00,29435.3,29446.0,29425.0,29438.4,6777.0
2026-09-10 05:15:00,29438.2,29469.2,29431.2,29466.8,5936.0
2026-09-10 05:30:00,29466.9,29474.6,29457.5,29464.6,7159.0
2026-09-10 05:45:00,29464.4,29484.8,29441.6,29461.2,7250.0
2026-09-10 06:00:00,29461.3,29468.8,29430.0,29431.8,9090.0
2026-09-10 06:15:00,29432.0,29449.8,29412.4,29449.6,7536.0
2026-09-10 06:30:00,29449.6,29465.2,29445.0,29455.8,7825.0
2026-09-10 06:45:00,29456.0,29467.6,29443.3,29453.0,5727.0
2026-09-10 07:00:00,29452.8,29454.2,29427.8,29446.6,10089.0
2026-09-10 07:15:00,29446.4,29449.3,29409.6,29410.6,8637.0
2026-09-10 07:30:00,29410.8,29422.2,29394.3,29420.8,8607.0
2026-09-10 07:45:00,29421.0,29432.4,29413.2,29420.4,7310.0
2026-09-10 08:00:00,29420.6,29436.4,29407.8,29409.1,12171.0
2026-09-10 08:15:00,29409.2,29429.6,29400.6,29425.8,9805.0
2026-09-10 08:30:00,29426.1,29432.9,29389.8,29394.0,8692.0
2026-09-10 08:45:00,29394.2,29403.2,29382.0,29389.0,7693.0
2026-09-10 09:00:00,29389.2,29406.9,29383.2,29393.8,9207.0
2026-09-10 09:15:00,29393.6,29396.3,29370.4,29373.4,8736.0
2026-09-10 09:30:00,29373.2,29373.6,29336.1,29368.6,8024.0
2026-09-10 09:45:00,29368.4,29396.3,29366.0,29382.8,7318.0
2026-09-10 10:00:00,29382.8,29394.3,29364.8,29372.0,9738.0
2026-09-10 10:15:00,29372.4,29386.2,29361.8,29367.6,7867.0
2026-09-10 10:30:00,29367.4,29380.0,29340.3,29368.8,8973.0
2026-09-10 10:45:00,29368.6,29399.5,29340.4,29351.8,11271.0
2026-09-10 11:00:00,29352.0,29352.2,29304.2,29319.2,12803.0
2026-09-10 11:15:00,29319.4,29325.6,29308.2,29312.6,8511.0
2026-09-10 11:30:00,29312.5,29340.4,29312.3,29321.6,7533.0
2026-09-10 11:45:00,29321.8,29329.6,29240.3,29240.8,11671.0
2026-09-10 12:00:00,29240.5,29255.2,29209.6,29235.3,14482.0
2026-09-10 12:15:00,29235.0,29239.1,29187.8,29205.9,16256.0
2026-09-10 12:30:00,29209.8,29226.6,29058.8,29079.4,26811.0
2026-09-10 12:45:00,29079.6,29082.3,29020.3,29033.8,20297.0
2026-09-10 13:00:00,29033.8,29074.2,29031.6,29045.6,18918.0
2026-09-10 13:15:00,29045.8,29066.4,29021.8,29065.8,16284.0
2026-09-10 13:30:00,29066.2,29176.4,29034.4,29114.4,42037.0
2026-09-10 13:45:00,29114.8,29179.4,29065.4,29076.6,37237.0
2026-09-10 14:00:00,29076.0,29155.0,29074.0,29116.5,34201.0
2026-09-10 14:15:00,29115.8,29239.2,29087.8,29182.4,34410.0
2026-09-10 14:30:00,29182.8,29251.6,29181.5,29213.0,27912.0
2026-09-10 14:45:00,29213.3,29241.0,29186.6,29240.2,27363.0
2026-09-10 15:00:00,29239.5,29241.4,29190.4,29220.4,24938.0
2026-09-10 15:15:00,29219.8,29232.8,29174.3,29213.0,23351.0
2026-09-10 15:30:00,29213.4,29248.8,29193.5,29227.8,21736.0
2026-09-10 15:45:00,29227.8,29232.8,29162.5,29181.4,20589.0
2026-09-10 16:00:00,29181.5,29208.0,29142.5,29157.5,22037.0
2026-09-10 16:15:00,29157.8,29178.6,29141.8,29156.4,17677.0
2026-09-10 16:30:00,29156.3,29194.8,29113.2,29187.6,20854.0
2026-09-10 16:45:00,29187.6,29221.7,29184.6,29212.1,17521.0
2026-09-10 17:00:00,29211.8,29245.3,29192.2,29204.6,16572.0
2026-09-10 17:15:00,29204.6,29212.1,29179.1,29188.3,12939.0
2026-09-10 17:30:00,29188.6,29193.8,29155.1,29181.3,14250.0
2026-09-10 17:45:00,29181.6,29184.3,29162.8,29165.3,12030.0
2026-09-10 18:00:00,29165.6,29178.9,29127.8,29138.8,14932.0
2026-09-10 18:15:00,29139.1,29159.3,29128.0,29137.3,12742.0
2026-09-10 18:30:00,29136.9,29155.3,29125.9,29153.1,11467.0
2026-09-10 18:45:00,29152.8,29178.2,29130.2,29153.3,16316.0
2026-09-10 19:00:00,29153.4,29155.2,29120.6,29136.0,15528.0
2026-09-10 19:15:00,29136.3,29143.6,29116.2,29138.3,11943.0
2026-09-10 19:30:00,29138.2,29148.7,29123.8,29137.1,12833.0
2026-09-10 19:45:00,29137.6,29145.9,29102.6,29117.6,16975.0
2026-09-10 20:00:00,29117.6,29136.2,29105.6,29132.3,6963.0
2026-09-10 20:15:00,29133.0,29135.6,29122.1,29124.3,3573.0
2026-09-10 20:30:00,29124.4,29132.4,29123.4,29131.0,3407.0
2026-09-10 20:45:00,29131.1,29134.0,29107.1,29113.7,2933.0
2026-09-10 22:00:00,29129.4,29132.3,29113.1,29121.8,1767.0
2026-09-10 22:15:00,29121.6,29135.2,29095.2,29095.6,2679.0
2026-09-10 22:30:00,29096.0,29101.2,29082.9,29084.0,2812.0
2026-09-10 22:45:00,29083.6,29094.4,29078.4,29085.0,2261.0
2026-09-10 23:00:00,29084.9,29093.1,29078.5,29087.8,2092.0
2026-09-10 23:15:00,29087.8,29089.6,29076.4,29080.6,1708.0
2026-09-10 23:30:00,29081.6,29089.8,29076.6,29083.9,2163.0
2026-09-10 23:45:00,29084.0,29084.6,29040.8,29042.5,7742.0
2026-09-11 00:00:00,29042.6,29105.5,29040.8,29086.8,15789.0
2026-09-11 00:15:00,29087.4,29122.6,29073.3,29116.2,11832.0
2026-09-11 00:30:00,29116.0,29143.6,29096.8,29102.4,12279.0
2026-09-11 00:45:00,29102.6,29141.6,29101.0,29138.3,11651.0
2026-09-11 01:00:00,29138.4,29149.2,29124.4,29126.8,13304.0
2026-09-11 01:15:00,29127.0,29128.6,29102.4,29104.0,11350.0
2026-09-11 01:30:00,29104.0,29116.8,29087.8,29097.6,14129.0
2026-09-11 01:45:00,29097.4,29108.2,29082.6,29107.2,10754.0
2026-09-11 02:00:00,29107.4,29115.9,29099.6,29109.6,9405.0
2026-09-11 02:15:00,29109.8,29110.0,29076.9,29084.8,7857.0
2026-09-11 02:30:00,29084.8,29087.4,29060.0,29064.4,9470.0
2026-09-11 02:45:00,29064.6,29089.5,29061.2,29070.8,9618.0
2026-09-11 03:00:00,29070.6,29074.8,29039.4,29054.2,8278.0
2026-09-11 03:15:00,29054.4,29062.0,29041.4,29049.3,7696.0
2026-09-11 03:30:00,29049.0,29067.3,29026.6,29064.2,10653.0
2026-09-11 03:45:00,29064.0,29066.8,29028.8,29037.2,9735.0
2026-09-11 04:00:00,29037.4,29072.0,29019.2,29071.2,12768.0
2026-09-11 04:15:00,29071.1,29104.2,29054.0,29101.8,9149.0
2026-09-11 04:30:00,29101.8,29118.6,29094.8,29115.6,8866.0
2026-09-11 04:45:00,29115.6,29129.0,29100.8,29102.4,8566.0
2026-09-11 05:00:00,29102.6,29138.8,29097.6,29137.8,10586.0
2026-09-11 05:15:00,29137.4,29142.4,29108.8,29111.4,9382.0
2026-09-11 05:30:00,29111.6,29173.6,29111.6,29168.8,12287.0
2026-09-11 05:45:00,29168.4,29220.9,29154.6,29211.6,11847.0
2026-09-11 06:00:00,29210.8,29226.4,29193.4,29222.0,11885.0
2026-09-11 06:15:00,29222.2,29229.6,29200.3,29202.8,10165.0
2026-09-11 06:30:00,29202.8,29217.2,29193.8,29206.2,10154.0
2026-09-11 06:45:00,29206.4,29238.8,29206.2,29232.2,8451.0
2026-09-11 07:00:00,29232.2,29246.6,29227.0,29235.2,12043.0
2026-09-11 07:15:00,29235.2,29242.2,29213.8,29213.8,9446.0
2026-09-11 07:30:00,29214.0,29225.2,29206.6,29213.6,8405.0
2026-09-11 07:45:00,29213.2,29223.6,29205.6,29220.2,7344.0
2026-09-11 08:00:00,29221.9,29249.2,29202.4,29222.8,13660.0
2026-09-11 08:15:00,29222.4,29294.1,29217.2,29248.4,14568.0
2026-09-11 08:30:00,29248.2,29291.2,29248.2,29269.2,11268.0
2026-09-11 08:45:00,29269.1,29301.0,29265.0,29301.0,9173.0
2026-09-11 09:00:00,29302.4,29311.6,29271.2,29271.2,9007.0
2026-09-11 09:15:00,29271.6,29293.0,29267.6,29281.6,6597.0
2026-09-11 09:30:00,29281.8,29293.2,29279.6,29285.6,6501.0
2026-09-11 09:45:00,29285.4,29304.4,29282.2,29297.8,6084.0
2026-09-11 10:00:00,29297.6,29317.4,29264.8,29303.8,9046.0
2026-09-11 10:15:00,29303.6,29307.4,29286.6,29292.2,6223.0
2026-09-11 10:30:00,29292.2,29306.6,29288.0,29294.2,6895.0
2026-09-11 10:45:00,29294.3,29295.8,29283.8,29288.4,5875.0
2026-09-11 11:00:00,29288.3,29293.2,29268.0,29272.6,7414.0
2026-09-11 11:15:00,29272.6,29302.2,29268.6,29291.0,7499.0
2026-09-11 11:30:00,29291.2,29310.4,29275.0,29308.6,8414.0
2026-09-11 11:45:00,29308.6,29315.6,29297.3,29301.4,7557.0
2026-09-11 12:00:00,29301.1,29314.4,29282.5,29302.4,10889.0
2026-09-11 12:15:00,29301.6,29374.1,29296.0,29368.8,12669.0
2026-09-11 12:30:00,29369.9,29373.0,29185.8,29335.2,30243.0
2026-09-11 12:45:00,29335.0,29453.6,29321.3,29446.6,18148.0
2026-09-11 13:00:00,29447.6,29478.0,29412.6,29421.8,18198.0
2026-09-11 13:15:00,29421.0,29430.2,29393.9,29395.6,15487.0
2026-09-11 13:30:00,29395.8,29418.0,29325.3,29411.5,42996.0
2026-09-11 13:45:00,29411.8,29450.3,29361.5,29450.0,35260.0
2026-09-11 14:00:00,29450.4,29450.6,29344.0,29375.2,37201.0
2026-09-11 14:15:00,29375.2,29445.0,29351.6,29429.3,31080.0
2026-09-11 14:30:00,29429.1,29433.6,29331.5,29350.5,30667.0
2026-09-11 14:45:00,29350.4,29379.2,29312.0,29348.3,31094.0
2026-09-11 15:00:00,29348.4,29410.8,29339.2,29372.0,23767.0
2026-09-11 15:15:00,29371.8,29470.8,29371.8,29463.0,20122.0
2026-09-11 15:30:00,29461.6,29477.3,29440.8,29456.0,17875.0
2026-09-11 15:45:00,29455.8,29456.8,29419.8,29429.4,15281.0
2026-09-11 16:00:00,29429.6,29464.3,29424.6,29426.8,14758.0
2026-09-11 16:15:00,29426.9,29430.7,29377.6,29382.1,15189.0
2026-09-11 16:30:00,29382.0,29420.8,29371.4,29410.8,18992.0
2026-09-11 16:45:00,29411.1,29417.0,29392.8,29416.0,12568.0
2026-09-11 17:00:00,29416.3,29443.9,29415.1,29416.8,12410.0
2026-09-11 17:15:00,29417.0,29458.3,29417.0,29442.8,10321.0
2026-09-11 17:30:00,29442.7,29457.2,29436.7,29441.8,9609.0
2026-09-11 17:45:00,29441.9,29447.9,29428.3,29431.6,8137.0
2026-09-11 18:00:00,29432.1,29439.8,29417.1,29420.6,9053.0
2026-09-11 18:15:00,29420.4,29425.6,29397.3,29421.1,11917.0
2026-09-11 18:30:00,29421.2,29438.3,29411.8,29417.1,8582.0
2026-09-11 18:45:00,29417.2,29423.3,29404.9,29408.1,7724.0
2026-09-11 19:00:00,29408.4,29412.6,29384.7,29394.3,8817.0
2026-09-11 19:15:00,29394.6,29405.6,29391.7,29393.8,8192.0
2026-09-11 19:30:00,29393.9,29406.3,29391.1,29403.3,7997.0
2026-09-11 19:45:00,29403.2,29407.6,29359.9,29365.7,14237.0
2026-09-11 20:00:00,29365.8,29372.2,29355.6,29360.4,5776.0
2026-09-11 20:15:00,29360.6,29366.3,29356.2,29364.1,2168.0
2026-09-11 20:30:00,29364.0,29375.8,29363.6,29368.8,2059.0
2026-09-11 20:45:00,29368.2,29376.0,29362.8,29372.0,2053.0
2026-09-13 22:00:00,29062.4,29078.1,28960.1,29004.1,8461.0
2026-09-13 22:15:00,29003.9,29063.6,28992.6,29062.2,6271.0
2026-09-13 22:30:00,29062.1,29082.8,29052.9,29054.6,5454.0
2026-09-13 22:45:00,29054.4,29065.4,29044.9,29048.4,3682.0
2026-09-13 23:00:00,29048.4,29054.6,29034.9,29042.6,3017.0
2026-09-13 23:15:00,29042.4,29077.6,29039.6,29075.4,3274.0
2026-09-13 23:30:00,29075.6,29080.4,29010.6,29018.6,4874.0
2026-09-13 23:45:00,29018.4,29018.4,28990.2,28995.6,9283.0
2026-09-14 00:00:00,28995.4,29054.1,28994.6,29037.3,14537.0
2026-09-14 00:15:00,29037.2,29043.2,28984.3,28993.8,13140.0
2026-09-14 00:30:00,28994.0,29016.8,28988.6,29014.4,9984.0
2026-09-14 00:45:00,29014.4,29025.0,28992.7,28994.6,10177.0
2026-09-14 01:00:00,28994.6,29017.2,28980.0,28990.8,15380.0
2026-09-14 01:15:00,28991.0,29000.2,28979.2,28996.4,12564.0
2026-09-14 01:30:00,28996.6,29016.4,28982.4,29005.6,12245.0
2026-09-14 01:45:00,29005.4,29052.2,29005.4,29048.1,9152.0
2026-09-14 02:00:00,29047.9,29059.6,29033.6,29050.7,9302.0
2026-09-14 02:15:00,29050.8,29054.6,29039.2,29044.8,6118.0
2026-09-14 02:30:00,29044.7,29054.0,29020.6,29027.1,8125.0
2026-09-14 02:45:00,29027.4,29049.1,29025.4,29032.6,6299.0
2026-09-14 03:00:00,29032.8,29038.0,29008.0,29009.6,7458.0
2026-09-14 03:15:00,29009.6,29016.6,28988.6,29006.6,7442.0
2026-09-14 03:30:00,29006.4,29006.8,28989.6,28994.2,7449.0
2026-09-14 03:45:00,28994.0,29003.4,28989.0,28995.4,5961.0
2026-09-14 04:00:00,28995.9,29014.0,28989.6,28990.6,6038.0
2026-09-14 04:15:00,28990.8,29002.0,28982.0,28997.2,4886.0
2026-09-14 04:30:00,28997.0,29003.2,28981.1,28988.6,6715.0
2026-09-14 04:45:00,28988.7,29012.4,28988.6,28995.0,5391.0
2026-09-14 05:00:00,28994.9,29004.1,28987.7,28996.9,6534.0
2026-09-14 05:15:00,28996.8,28998.4,28980.0,28990.2,5998.0
2026-09-14 05:30:00,28990.0,28998.6,28966.2,28976.4,9074.0
2026-09-14 05:45:00,28976.6,28993.2,28968.8,28992.9,7459.0
2026-09-14 06:00:00,28993.1,29014.8,28988.4,29007.9,9455.0
2026-09-14 06:15:00,29007.8,29013.8,28993.6,29011.4,8045.0
2026-09-14 06:30:00,29010.4,29013.2,28977.2,28989.9,8980.0
2026-09-14 06:45:00,28989.8,28996.4,28952.6,28955.9,7236.0
2026-09-14 07:00:00,28956.0,28961.4,28917.2,28953.6,14888.0
2026-09-14 07:15:00,28953.7,28966.7,28928.4,28929.4,10658.0
2026-09-14 07:30:00,28929.3,28938.7,28904.9,28910.9,11738.0
2026-09-14 07:45:00,28911.0,28918.6,28885.0,28896.4,12120.0
2026-09-14 08:00:00,28896.6,28921.6,28885.8,28912.8,17328.0
2026-09-14 08:15:00,28913.0,28915.0,28854.8,28855.6,12850.0
2026-09-14 08:30:00,28854.7,28895.4,28851.6,28875.1,13153.0
2026-09-14 08:45:00,28874.9,28881.6,28829.3,28855.9,11973.0
2026-09-14 09:00:00,28855.8,28870.4,28817.4,28826.8,12171.0
2026-09-14 09:15:00,28826.7,28839.2,28795.4,28832.1,12049.0
2026-09-14 09:30:00,28831.9,28848.0,28823.0,28827.2,12943.0
2026-09-14 09:45:00,28827.8,28841.9,28818.8,28835.4,10244.0
2026-09-14 10:00:00,28835.6,28862.2,28834.6,28854.6,9562.0
2026-09-14 10:15:00,28854.7,28889.0,28840.3,28887.8,9170.0
2026-09-14 10:30:00,28888.4,28917.6,28883.2,28913.6,8267.0
2026-09-14 10:45:00,28913.7,28919.6,28896.0,28905.6,7190.0
2026-09-14 11:00:00,28906.4,28926.7,28893.1,28916.4,13921.0
2026-09-14 11:15:00,28916.3,28956.4,28915.9,28952.2,11421.0
2026-09-14 11:30:00,28952.3,28952.3,28911.7,28926.8,12175.0
2026-09-14 11:45:00,28926.4,28940.2,28903.2,28907.2,11120.0
2026-09-14 12:00:00,28907.4,28907.4,28870.6,28891.6,13839.0
2026-09-14 12:15:00,28891.8,28925.3,28886.4,28897.2,16020.0
2026-09-14 12:30:00,28897.0,28910.6,28831.4,28880.6,21570.0
2026-09-14 12:45:00,28880.6,28884.4,28836.0,28858.4,14029.0
2026-09-14 13:00:00,28859.1,28860.0,28808.4,28856.8,16294.0
2026-09-14 13:15:00,28856.6,28903.1,28856.4,28884.8,14879.0
2026-09-14 13:30:00,28884.6,28932.6,28860.0,28931.2,40438.0
2026-09-14 13:45:00,28931.1,29024.8,28930.2,28982.8,34084.0
2026-09-14 14:00:00,28983.0,29067.4,28980.0,29052.8,29039.0
2026-09-14 14:15:00,29053.0,29060.0,28958.2,28985.6,27033.0
2026-09-14 14:30:00,28985.8,28999.3,28935.7,28971.1,27135.0
2026-09-14 14:45:00,28970.8,28999.6,28949.4,28990.4,24290.0
2026-09-14 15:00:00,28990.0,29058.8,28965.7,29002.2,29828.0
2026-09-14 15:15:00,29001.8,29068.3,28997.6,29057.6,21555.0
2026-09-14 15:30:00,29057.6,29187.4,29050.9,29180.0,28918.0
2026-09-14 15:45:00,29180.3,29182.1,29143.3,29154.4,19912.0
2026-09-14 16:00:00,29154.3,29157.6,29113.4,29141.2,18756.0
2026-09-14 16:15:00,29141.3,29219.2,29141.1,29182.0,20283.0
2026-09-14 16:30:00,29182.0,29210.2,29173.7,29209.8,15099.0
2026-09-14 16:45:00,29209.7,29266.5,29195.2,29249.0,20777.0
2026-09-14 17:00:00,29248.7,29265.0,29229.5,29244.0,15004.0
2026-09-14 17:15:00,29244.0,29269.0,29227.7,29269.0,15230.0
2026-09-14 17:30:00,29268.7,29274.6,29257.7,29269.6,13008.0
2026-09-14 17:45:00,29269.7,29292.6,29268.8,29270.7,10451.0
2026-09-14 18:00:00,29270.8,29290.5,29256.8,29272.4,11279.0
2026-09-14 18:15:00,29273.4,29279.0,29245.7,29251.0,9203.0
2026-09-14 18:30:00,29251.4,29271.8,29247.6,29260.0,9320.0
2026-09-14 18:45:00,29259.7,29264.4,29243.2,29247.2,8994.0
2026-09-14 19:00:00,29246.8,29249.0,29217.0,29223.0,10201.0
2026-09-14 19:15:00,29223.0,29223.2,29206.8,29214.2,8077.0
2026-09-14 19:30:00,29213.8,29220.2,29200.7,29205.5,9999.0
2026-09-14 19:45:00,29206.0,29220.6,29136.7,29141.0,16245.0
2026-09-14 20:00:00,29140.8,29156.8,29140.8,29152.8,7208.0
2026-09-14 20:15:00,29153.1,29172.8,29138.7,29169.3,4896.0
2026-09-14 20:30:00,29169.4,29175.3,29164.0,29171.6,3123.0
2026-09-14 20:45:00,29171.8,29189.0,29171.2,29184.0,4076.0
2026-09-14 22:00:00,29163.2,29168.8,29150.7,29155.2,2722.0
2026-09-14 22:15:00,29155.0,29160.2,29143.2,29150.8,1871.0
2026-09-14 22:30:00,29150.6,29157.4,29147.4,29149.5,1617.0
2026-09-14 22:45:00,29149.6,29165.0,29149.5,29151.7,1677.0
2026-09-14 23:00:00,29152.2,29159.3,29144.5,29153.8,1983.0
2026-09-14 23:15:00,29153.6,29155.6,29143.8,29147.7,1797.0
2026-09-14 23:30:00,29147.5,29155.0,29145.7,29150.8,1662.0
2026-09-14 23:45:00,29150.9,29154.7,29138.8,29151.9,6243.0
2026-09-15 00:00:00,29152.0,29162.4,29122.4,29152.0,16171.0
2026-09-15 00:15:00,29151.9,29160.5,29127.6,29147.4,12311.0
2026-09-15 00:30:00,29147.5,29183.3,29146.5,29179.0,9175.0
2026-09-15 00:45:00,29179.0,29183.0,29158.4,29162.0,8014.0
2026-09-15 01:00:00,29162.0,29185.0,29154.0,29180.3,11584.0
2026-09-15 01:15:00,29180.2,29186.8,29165.2,29167.3,7411.0
2026-09-15 01:30:00,29167.4,29171.6,29123.0,29132.7,13433.0
2026-09-15 01:45:00,29132.8,29163.0,29125.2,29156.2,11219.0
2026-09-15 02:00:00,29156.0,29167.2,29146.2,29154.4,10531.0
2026-09-15 02:15:00,29154.3,29160.4,29145.2,29155.5,7689.0
2026-09-15 02:30:00,29155.6,29161.8,29145.2,29151.7,8058.0
2026-09-15 02:45:00,29151.3,29161.3,29148.6,29152.7,6088.0
2026-09-15 03:00:00,29151.8,29160.2,29138.4,29145.0,5639.0
2026-09-15 03:15:00,29145.0,29147.8,29134.2,29141.3,5388.0
2026-09-15 03:30:00,29141.2,29145.2,29134.0,29142.6,6935.0
2026-09-15 03:45:00,29142.6,29146.7,29108.4,29109.0,6568.0
2026-09-15 04:00:00,29109.0,29126.0,29102.2,29107.8,6742.0
2026-09-15 04:15:00,29108.0,29111.0,29070.0,29077.5,7344.0
2026-09-15 04:30:00,29077.7,29086.5,29058.2,29081.6,8301.0
2026-09-15 04:45:00,29081.6,29093.3,29046.0,29046.6,8089.0
2026-09-15 05:00:00,29046.8,29057.3,29012.7,29019.8,9282.0
2026-09-15 05:15:00,29019.9,29037.3,29002.8,29033.5,11797.0
2026-09-15 05:30:00,29033.4,29071.6,29022.5,29069.7,13206.0
2026-09-15 05:45:00,29069.8,29095.2,29062.3,29070.0,11347.0
2026-09-15 06:00:00,29070.2,29085.8,29057.2,29074.0,12574.0
2026-09-15 06:15:00,29074.4,29085.6,29061.8,29064.0,10046.0
2026-09-15 06:30:00,29064.2,29065.0,29038.5,29040.2,10448.0
2026-09-15 06:45:00,29040.2,29052.4,29032.2,29045.5,8511.0
2026-09-15 07:00:00,29045.9,29068.6,29018.2,29019.2,15696.0
2026-09-15 07:15:00,29019.4,29075.2,29018.9,29046.4,14579.0
2026-09-15 07:30:00,29047.0,29057.0,29005.4,29008.0,13156.0
2026-09-15 07:45:00,29008.2,29028.4,28991.7,29009.6,13880.0
2026-09-15 08:00:00,29010.0,29010.2,28922.9,28968.2,17604.0
2026-09-15 08:15:00,28968.3,29000.8,28966.6,28980.9,16234.0
2026-09-15 08:30:00,28980.8,28985.6,28959.8,28962.6,14155.0
2026-09-15 08:45:00,28962.6,28977.9,28956.4,28963.6,10570.0
2026-09-15 09:00:00,28963.8,28977.2,28942.2,28953.2,13173.0
2026-09-15 09:15:00,28952.8,28964.0,28928.2,28960.0,13165.0
2026-09-15 09:30:00,28960.0,28992.0,28950.2,28986.7,10797.0
2026-09-15 09:45:00,28986.5,29037.4,28986.4,29030.9,9111.0
2026-09-15 10:00:00,29030.8,29057.9,29023.6,29038.2,10833.0
2026-09-15 10:15:00,29038.4,29053.0,29025.5,29052.5,8801.0
2026-09-15 10:30:00,29052.6,29068.6,29045.9,29060.8,8189.0
2026-09-15 10:45:00,29061.0,29091.0,29055.0,29088.3,7819.0
2026-09-15 11:00:00,29088.4,29119.0,29086.8,29109.6,9367.0
2026-09-15 11:15:00,29109.6,29120.3,29095.0,29098.4,8906.0
2026-09-15 11:30:00,29098.0,29103.6,29082.3,29098.8,10098.0
2026-09-15 11:45:00,29098.7,29114.0,29095.0,29108.9,9487.0
2026-09-15 12:00:00,29108.5,29132.6,29096.8,29127.6,11837.0
2026-09-15 12:15:00,29127.4,29133.0,29091.2,29115.6,11494.0
2026-09-15 12:30:00,29115.6,29124.0,29094.4,29113.5,13125.0
2026-09-15 12:45:00,29113.6,29177.0,29108.0,29127.0,18725.0
2026-09-15 13:00:00,29127.0,29139.5,29117.7,29122.0,14215.0
2026-09-15 13:15:00,29121.8,29131.6,29102.6,29114.2,15223.0
2026-09-15 13:30:00,29114.4,29133.2,29064.0,29128.2,39917.0
2026-09-15 13:45:00,29128.2,29144.8,29099.4,29121.6,32836.0
2026-09-15 14:00:00,29121.7,29123.6,29033.2,29037.8,30858.0
2026-09-15 14:15:00,29037.9,29058.7,28997.6,29022.2,28075.0
2026-09-15 14:30:00,29022.2,29030.0,28970.8,28983.7,28456.0
2026-09-15 14:45:00,28983.6,28995.6,28913.4,28937.8,28150.0
2026-09-15 15:00:00,28937.9,28986.8,28937.0,28970.6,23865.0
2026-09-15 15:15:00,28970.4,28993.0,28963.6,28988.0,22080.0
2026-09-15 15:30:00,28986.8,28993.6,28957.6,28984.6,23762.0
2026-09-15 15:45:00,28984.6,29001.2,28958.9,28974.2,22052.0
2026-09-15 16:00:00,28974.4,28986.2,28939.0,28941.0,18718.0
2026-09-15 16:15:00,28940.8,29005.6,28937.6,28989.8,13157.0
2026-09-15 16:30:00,28989.3,28998.5,28971.8,28982.5,12305.0
2026-09-15 16:45:00,28982.4,29007.3,28970.6,28985.0,10977.0
2026-09-15 17:00:00,28985.2,28988.8,28949.5,28958.8,13198.0
2026-09-15 17:15:00,28958.8,28971.5,28947.3,28968.8,11126.0
2026-09-15 17:30:00,28968.6,28983.0,28962.5,28975.5,11683.0
2026-09-15 17:45:00,28975.4,28991.5,28965.6,28983.8,8659.0
2026-09-15 18:00:00,28984.2,29012.5,28975.4,29005.5,9365.0
2026-09-15 18:15:00,29005.6,29008.2,28987.5,29005.8,9484.0
2026-09-15 18:30:00,29005.6,29005.8,28973.6,28976.0,9494.0
2026-09-15 18:45:00,28976.2,28978.8,28954.8,28977.4,9591.0
2026-09-15 19:00:00,28977.5,28983.8,28967.9,28970.0,8835.0
2026-09-15 19:15:00,28969.8,28973.5,28960.8,28971.5,7148.0
2026-09-15 19:30:00,28971.4,28974.3,28947.4,28960.3,8255.0
2026-09-15 19:45:00,28959.8,28987.1,28942.0,28984.5,12506.0
2026-09-15 20:00:00,28985.0,29023.8,28984.0,29020.0,5515.0
2026-09-15 20:15:00,29019.9,29020.6,29002.4,29003.6,2302.0
2026-09-15 20:30:00,29003.5,29015.8,29000.5,29011.8,2438.0
2026-09-15 20:45:00,29011.6,29019.6,29009.8,29015.2,2180.0
2026-09-15 22:00:00,28997.2,29006.1,28991.5,28993.7,1001.0
2026-09-15 22:15:00,28993.3,29007.1,28993.3,29001.4,807.0
2026-09-15 22:30:00,29000.6,29018.7,28999.8,29016.1,829.0
2026-09-15 22:45:00,29016.2,29021.2,29013.1,29015.5,541.0
2026-09-15 23:00:00,29015.3,29017.1,29010.0,29011.3,688.0
2026-09-15 23:15:00,29011.2,29011.8,28998.5,29000.0,1160.0
2026-09-15 23:30:00,29000.0,29019.4,28997.0,29014.8,1939.0
2026-09-15 23:45:00,29014.8,29019.4,29006.8,29011.8,4479.0
2026-09-16 00:00:00,29011.6,29019.4,28990.5,29011.0,14410.0
2026-09-16 00:15:00,29011.0,29016.4,28999.6,29008.2,9159.0
2026-09-16 00:30:00,29008.0,29017.8,28997.2,29005.4,7559.0
2026-09-16 00:45:00,29005.0,29019.0,28999.8,29004.4,7881.0
2026-09-16 01:00:00,29004.6,29016.0,28974.2,29015.0,11066.0
2026-09-16 01:15:00,29015.6,29021.5,29003.2,29009.7,7832.0
2026-09-16 01:30:00,29009.6,29011.8,28977.6,28990.0,9980.0
2026-09-16 01:45:00,28989.8,28999.5,28959.0,28962.6,8710.0
2026-09-16 02:00:00,28962.4,28993.2,28960.0,28966.0,10395.0
2026-09-16 02:15:00,28966.0,29011.1,28966.0,29007.8,8367.0
2026-09-16 02:30:00,29007.8,29016.8,28987.6,28994.0,9105.0
2026-09-16 02:45:00,28994.2,29016.0,28992.2,29015.6,6900.0
2026-09-16 03:00:00,29016.0,29053.6,29013.4,29053.2,6701.0
2026-09-16 03:15:00,29053.3,29088.5,29050.6,29053.0,8515.0
2026-09-16 03:30:00,29053.4,29057.0,29032.8,29054.8,8175.0
2026-09-16 03:45:00,29054.8,29071.5,29053.8,29062.4,6763.0
2026-09-16 04:00:00,29062.4,29074.8,29061.0,29064.4,5509.0
2026-09-16 04:15:00,29064.6,29073.5,29052.0,29054.4,5603.0
2026-09-16 04:30:00,29054.4,29055.4,29031.5,29037.8,5838.0
2026-09-16 04:45:00,29037.8,29052.7,29035.8,29035.8,6023.0
2026-09-16 05:00:00,29036.0,29049.4,29018.6,29045.2,7668.0
2026-09-16 05:15:00,29044.8,29058.5,29042.0,29054.6,6658.0
2026-09-16 05:30:00,29054.4,29078.2,29047.6,29075.8,7982.0
2026-09-16 05:45:00,29076.0,29081.0,29053.4,29067.2,6676.0
2026-09-16 06:00:00,29067.0,29104.8,29061.0,29093.4,8982.0
2026-09-16 06:15:00,29093.0,29097.8,29061.6,29073.8,8481.0
2026-09-16 06:30:00,29073.8,29082.0,29063.5,29077.6,7188.0
2026-09-16 06:45:00,29077.5,29101.6,29065.6,29097.8,6784.0
2026-09-16 07:00:00,29097.8,29128.2,29091.5,29117.4,11600.0
2026-09-16 07:15:00,29117.8,29125.0,29099.7,29119.2,9352.0
2026-09-16 07:30:00,29119.0,29130.4,29099.7,29103.4,7137.0
2026-09-16 07:45:00,29103.4,29109.0,29092.6,29100.6,6013.0
2026-09-16 08:00:00,29100.7,29109.4,29060.4,29078.6,12180.0
2026-09-16 08:15:00,29078.4,29106.4,29063.8,29080.4,14704.0
2026-09-16 08:30:00,29080.3,29098.0,29058.6,29079.8,9482.0
2026-09-16 08:45:00,29079.6,29107.4,29073.6,29105.0,7372.0
2026-09-16 09:00:00,29105.2,29114.4,29088.4,29089.4,8149.0
2026-09-16 09:15:00,29089.4,29104.8,29069.2,29088.4,10516.0
2026-09-16 09:30:00,29088.6,29122.5,29084.8,29115.4,8867.0
2026-09-16 09:45:00,29115.4,29124.6,29100.0,29112.6,5622.0
2026-09-16 10:00:00,29112.5,29118.4,29088.7,29102.2,7947.0
2026-09-16 10:15:00,29102.0,29109.8,29094.7,29106.6,6217.0
2026-09-16 10:30:00,29107.0,29116.8,29102.6,29115.2,4257.0
2026-09-16 10:45:00,29115.0,29130.0,29101.4,29129.6,4120.0
2026-09-16 11:00:00,29128.4,29151.4,29105.4,29105.4,12416.0
2026-09-16 11:15:00,29105.2,29121.0,29096.6,29112.4,7718.0
2026-09-16 11:30:00,29112.4,29150.8,29111.4,29142.4,9682.0
2026-09-16 11:45:00,29142.2,29149.3,29136.0,29148.6,6332.0
2026-09-16 12:00:00,29147.5,29171.6,29144.8,29155.6,7884.0
2026-09-16 12:15:00,29155.2,29169.4,29153.2,29165.4,8145.0
2026-09-16 12:30:00,29165.6,29165.6,29100.7,29101.4,9534.0
2026-09-16 12:45:00,29101.2,29138.4,29096.8,29134.8,9008.0
2026-09-16 13:00:00,29134.7,29144.6,29097.0,29135.5,10153.0
2026-09-16 13:15:00,29134.8,29147.0,29117.0,29118.8,10065.0
2026-09-16 13:30:00,29119.2,29153.8,29106.0,29138.7,33681.0
2026-09-16 13:45:00,29137.6,29213.8,29134.2,29211.7,25680.0
2026-09-16 14:00:00,29211.8,29215.3,29151.0,29182.7,23162.0
2026-09-16 14:15:00,29182.8,29209.5,29177.6,29185.0,20206.0
2026-09-16 14:30:00,29184.8,29199.5,29158.6,29199.2,18153.0
2026-09-16 14:45:00,29199.1,29233.5,29183.1,29231.7,14744.0
2026-09-16 15:00:00,29231.8,29268.4,29217.6,29256.5,19136.0
2026-09-16 15:15:00,29256.4,29270.6,29228.0,29252.8,13583.0
2026-09-16 15:30:00,29253.3,29256.3,29228.3,29242.0,13449.0
2026-09-16 15:45:00,29242.2,29295.2,29235.0,29246.0,17374.0
2026-09-16 16:00:00,29245.6,29248.4,29216.5,29230.5,10801.0
2026-09-16 16:15:00,29230.6,29241.4,29213.6,29230.8,8818.0
2026-09-16 16:30:00,29230.9,29233.3,29210.5,29216.0,8617.0
2026-09-16 16:45:00,29216.1,29237.9,29212.3,29214.1,7979.0
2026-09-16 17:00:00,29214.3,29215.8,29186.1,29206.1,8477.0
2026-09-16 17:15:00,29206.3,29210.3,29190.0,29202.8,7628.0
2026-09-16 17:30:00,29202.9,29208.8,29164.8,29169.0,8725.0
2026-09-16 17:45:00,29168.9,29222.9,29168.9,29221.8,8782.0
2026-09-16 18:00:00,29222.6,29284.3,29159.0,29210.8,31669.0
2026-09-16 18:15:00,29210.5,29228.8,29152.8,29201.0,27582.0
2026-09-16 18:30:00,29201.2,29240.4,29047.1,29185.0,38994.0
2026-09-16 18:45:00,29184.4,29217.8,28967.8,28977.0,37894.0
2026-09-16 19:00:00,28977.4,29049.2,28854.4,28875.6,38075.0
2026-09-16 19:15:00,28875.8,28910.3,28799.0,28878.4,33635.0
2026-09-16 19:30:00,28877.6,28954.5,28869.0,28920.8,32303.0
2026-09-16 19:45:00,28920.2,29014.3,28919.2,29000.3,27948.0
2026-09-16 20:00:00,29000.3,29028.3,28994.0,29011.8,9527.0
2026-09-16 20:15:00,29012.0,29016.6,28977.3,28990.4,5326.0
2026-09-16 20:30:00,28990.2,29013.0,28984.2,29005.8,5084.0
2026-09-16 20:45:00,29006.6,29018.8,28999.1,29013.8,3987.0
2026-09-16 22:00:00,29019.2,29033.3,28994.2,29028.2,1955.0
2026-09-16 22:15:00,29027.8,29075.4,29026.6,29069.0,1325.0
2026-09-16 22:30:00,29068.4,29114.9,29067.8,29103.6,1914.0
2026-09-16 22:45:00,29103.6,29108.6,29088.6,29096.6,2388.0
2026-09-16 23:00:00,29096.3,29120.5,29095.2,29114.8,2958.0
2026-09-16 23:15:00,29114.6,29162.6,29114.6,29141.6,3626.0
2026-09-16 23:30:00,29142.5,29189.4,29141.8,29182.2,4324.0
2026-09-16 23:45:00,29182.2,29202.6,29179.5,29197.2,7476.0
2026-09-17 00:00:00,29197.0,29210.6,29159.2,29159.4,13601.0
2026-09-17 00:15:00,29159.2,29194.6,29155.8,29179.8,12352.0
2026-09-17 00:30:00,29179.6,29222.4,29178.4,29204.8,10362.0
2026-09-17 00:45:00,29204.8,29212.2,29175.4,29196.0,10583.0
2026-09-17 01:00:00,29195.8,29220.4,29180.2,29196.8,12220.0
2026-09-17 01:15:00,29197.1,29200.4,29184.8,29192.6,9747.0
2026-09-17 01:30:00,29192.4,29215.2,29174.4,29189.1,10128.0
2026-09-17 01:45:00,29189.0,29192.6,29152.5,29164.4,9370.0
2026-09-17 02:00:00,29164.5,29185.0,29152.2,29158.6,10033.0
2026-09-17 02:15:00,29158.4,29174.9,29154.2,29164.0,8415.0
2026-09-17 02:30:00,29164.1,29200.2,29162.5,29194.0,9024.0
2026-09-17 02:45:00,29193.8,29195.6,29164.2,29168.6,7195.0
2026-09-17 03:00:00,29168.4,29190.1,29165.2,29188.8,6718.0
2026-09-17 03:15:00,29188.6,29194.8,29173.8,29192.6,4919.0
2026-09-17 03:30:00,29191.6,29208.5,29185.2,29206.6,6407.0
2026-09-17 03:45:00,29206.5,29212.3,29187.4,29206.2,4881.0
2026-09-17 04:00:00,29206.3,29215.4,29199.4,29205.0,3977.0
2026-09-17 04:15:00,29204.8,29207.1,29186.8,29197.0,3775.0
2026-09-17 04:30:00,29197.1,29213.6,29185.4,29206.6,5593.0
2026-09-17 04:45:00,29207.2,29217.4,29188.8,29196.2,4901.0
2026-09-17 05:00:00,29196.2,29199.6,29179.5,29181.4,5227.0
2026-09-17 05:15:00,29181.6,29187.0,29166.8,29175.2,6198.0
2026-09-17 05:30:00,29175.4,29178.8,29137.0,29137.6,7549.0
2026-09-17 05:45:00,29137.8,29151.6,29116.9,29119.2,5555.0
2026-09-17 06:00:00,29118.8,29159.6,29114.8,29138.8,10461.0
2026-09-17 06:15:00,29138.8,29190.4,29122.2,29189.6,9014.0
2026-09-17 06:30:00,29190.3,29215.8,29187.2,29208.8,8395.0
2026-09-17 06:45:00,29209.0,29219.6,29202.8,29214.8,5662.0
2026-09-17 07:00:00,29215.0,29269.9,29207.8,29256.2,10051.0
2026-09-17 07:15:00,29256.4,29295.8,29252.4,29294.8,8196.0
2026-09-17 07:30:00,29294.8,29312.8,29282.6,29291.8,6753.0
2026-09-17 07:45:00,29292.3,29293.8,29255.5,29264.2,7148.0
2026-09-17 08:00:00,29264.0,29279.6,29236.8,29243.0,10994.0
2026-09-17 08:15:00,29242.8,29266.2,29231.3,29261.8,9393.0
2026-09-17 08:30:00,29262.2,29283.6,29251.8,29276.4,8268.0
2026-09-17 08:45:00,29276.6,29307.4,29273.6,29302.2,5940.0
2026-09-17 09:00:00,29301.8,29338.2,29301.6,29317.2,6161.0
2026-09-17 09:15:00,29317.2,29321.2,29299.6,29302.0,5777.0
2026-09-17 09:30:00,29301.8,29319.6,29299.5,29313.2,6233.0
2026-09-17 09:45:00,29312.8,29325.6,29291.6,29304.8,6734.0
2026-09-17 10:00:00,29304.8,29327.4,29304.0,29316.8,6272.0
2026-09-17 10:15:00,29317.6,29335.3,29307.8,29324.4,5460.0
2026-09-17 10:30:00,29325.3,29336.5,29308.0,29310.8,5962.0
2026-09-17 10:45:00,29310.8,29335.0,29309.0,29332.2,4988.0
2026-09-17 11:00:00,29333.6,29356.6,29321.4,29335.2,8789.0
2026-09-17 11:15:00,29335.2,29337.8,29311.1,29323.4,8046.0
2026-09-17 11:30:00,29323.6,29327.8,29306.0,29306.6,6691.0
2026-09-17 11:45:00,29306.5,29368.6,29301.5,29367.3,8385.0
2026-09-17 12:00:00,29366.8,29426.5,29341.8,29412.8,14000.0
2026-09-17 12:15:00,29413.4,29471.8,29409.0,29470.3,9197.0
2026-09-17 12:30:00,29470.6,29499.2,29458.9,29467.0,12802.0
2026-09-17 12:45:00,29467.4,29478.0,29454.8,29470.2,9189.0
2026-09-17 13:00:00,29470.0,29495.8,29460.8,29476.5,10766.0
2026-09-17 13:15:00,29476.4,29488.0,29456.0,29463.8,9746.0
2026-09-17 13:30:00,29464.0,29482.8,29351.8,29387.5,36615.0
2026-09-17 13:45:00,29388.0,29440.4,29370.2,29435.0,31924.0
2026-09-17 14:00:00,29435.1,29463.5,29385.3,29456.4,30979.0
2026-09-17 14:15:00,29455.8,29486.8,29438.5,29458.3,24243.0
2026-09-17 14:30:00,29458.0,29494.0,29454.8,29461.8,20741.0
2026-09-17 14:45:00,29461.5,29464.8,29413.5,29426.3,21663.0
2026-09-17 15:00:00,29426.8,29436.8,29398.3,29428.5,20898.0
2026-09-17 15:15:00,29428.2,29459.9,29416.8,29452.5,17231.0
2026-09-17 15:30:00,29452.8,29486.6,29445.0,29481.3,12680.0
2026-09-17 15:45:00,29480.8,29491.0,29473.1,29489.2,11315.0
2026-09-17 16:00:00,29489.3,29492.3,29463.2,29485.8,10408.0
2026-09-17 16:15:00,29485.8,29498.9,29475.5,29493.0,8043.0
2026-09-17 16:30:00,29493.2,29496.3,29463.3,29492.5,9468.0
2026-09-17 16:45:00,29492.6,29495.5,29450.3,29487.0,11176.0
2026-09-17 17:00:00,29487.2,29508.3,29476.5,29478.5,10222.0
2026-09-17 17:15:00,29478.9,29489.4,29467.4,29472.5,9154.0
2026-09-17 17:30:00,29472.8,29484.3,29463.5,29483.8,7740.0
2026-09-17 17:45:00,29483.5,29492.8,29473.5,29488.3,6394.0
2026-09-17 18:00:00,29488.8,29493.3,29470.4,29476.0,7082.0
2026-09-17 18:15:00,29475.8,29485.8,29466.5,29472.5,6220.0
2026-09-17 18:30:00,29472.6,29480.0,29451.4,29462.8,6404.0
2026-09-17 18:45:00,29462.8,29472.1,29459.4,29465.9,6051.0
2026-09-17 19:00:00,29466.0,29495.0,29464.2,29484.1,7431.0
2026-09-17 19:15:00,29484.4,29490.5,29472.4,29475.9,5728.0
2026-09-17 19:30:00,29476.0,29509.7,29474.9,29507.4,7466.0
2026-09-17 19:45:00,29507.1,29537.1,29475.9,29488.7,12766.0
2026-09-17 20:00:00,29488.7,29491.9,29467.7,29468.8,4817.0
2026-09-17 20:15:00,29468.6,29472.4,29459.1,29459.1,2139.0
2026-09-17 20:30:00,29459.5,29466.2,29458.4,29459.6,1416.0
2026-09-17 20:45:00,29459.5,29470.2,29456.8,29466.4,1397.0
2026-09-17 22:00:00,29462.4,29463.0,29440.4,29448.2,3071.0
2026-09-17 22:15:00,29448.2,29448.6,29425.1,29427.0,1832.0
2026-09-17 22:30:00,29426.9,29430.9,29419.2,29425.0,1983.0
2026-09-17 22:45:00,29425.4,29432.2,29418.1,29432.0,1515.0
2026-09-17 23:00:00,29431.4,29455.8,29430.4,29437.4,2075.0
2026-09-17 23:15:00,29437.4,29447.4,29430.2,29433.8,1383.0
2026-09-17 23:30:00,29434.6,29448.4,29431.7,29442.0,802.0
2026-09-17 23:45:00,29441.7,29446.6,29434.4,29440.4,3321.0
2026-09-18 00:00:00,29440.8,29452.2,29420.4,29442.4,11760.0
2026-09-18 00:15:00,29442.4,29445.4,29426.4,29430.8,8440.0
2026-09-18 00:30:00,29431.0,29441.4,29407.0,29424.6,6381.0
2026-09-18 00:45:00,29424.8,29427.2,29404.7,29410.4,6279.0
2026-09-18 01:00:00,29410.4,29426.0,29402.4,29405.8,8465.0
2026-09-18 01:15:00,29405.4,29408.4,29392.4,29401.8,8024.0
2026-09-18 01:30:00,29403.0,29421.4,29396.0,29408.4,8140.0
2026-09-18 01:45:00,29408.6,29426.9,29408.4,29422.8,5414.0
2026-09-18 02:00:00,29423.2,29427.9,29407.2,29418.4,4879.0
2026-09-18 02:15:00,29418.6,29436.0,29415.6,29431.8,4068.0
2026-09-18 02:30:00,29432.0,29442.1,29427.4,29437.8,3726.0
2026-09-18 02:45:00,29437.4,29447.6,29431.6,29437.2,4940.0
2026-09-18 03:00:00,29437.0,29481.8,29433.2,29481.1,6318.0
2026-09-18 03:15:00,29481.0,29482.0,29463.8,29477.8,5050.0
2026-09-18 03:30:00,29477.9,29492.1,29471.7,29491.6,4932.0
2026-09-18 03:45:00,29492.0,29508.4,29491.6,29499.2,3732.0
2026-09-18 04:00:00,29499.1,29512.6,29498.9,29512.1,3289.0
2026-09-18 04:15:00,29512.0,29517.2,29499.4,29516.2,3586.0
2026-09-18 04:30:00,29516.4,29544.2,29510.0,29539.6,3986.0
2026-09-18 04:45:00,29539.4,29556.7,29531.0,29554.4,3760.0
2026-09-18 05:00:00,29554.4,29558.6,29547.2,29554.8,4084.0
2026-09-18 05:15:00,29554.9,29571.1,29551.6,29559.4,3887.0
2026-09-18 05:30:00,29559.6,29598.1,29556.2,29597.7,6521.0
2026-09-18 05:45:00,29597.4,29603.6,29583.0,29590.4,6144.0
2026-09-18 06:00:00,29590.5,29628.9,29589.2,29627.0,7212.0
2026-09-18 06:15:00,29627.2,29640.9,29615.4,29629.2,6576.0
2026-09-18 06:30:00,29629.4,29662.9,29628.0,29650.2,7484.0
2026-09-18 06:45:00,29651.2,29664.9,29645.9,29660.2,4835.0
2026-09-18 07:00:00,29660.1,29682.8,29654.4,29665.8,8740.0
2026-09-18 07:15:00,29665.9,29708.2,29663.2,29705.4,7636.0
2026-09-18 07:30:00,29705.4,29710.7,29680.6,29683.6,6321.0
2026-09-18 07:45:00,29683.8,29695.8,29668.4,29673.2,5611.0
2026-09-18 08:00:00,29671.6,29687.9,29648.4,29656.8,10808.0
2026-09-18 08:15:00,29656.6,29674.4,29640.0,29641.2,8821.0
2026-09-18 08:30:00,29641.4,29661.6,29637.2,29656.4,7737.0
2026-09-18 08:45:00,29656.4,29662.8,29635.8,29637.4,6457.0
2026-09-18 09:00:00,29637.1,29639.4,29624.2,29627.8,7333.0
2026-09-18 09:15:00,29627.6,29643.2,29614.4,29617.2,6554.0
2026-09-18 09:30:00,29617.1,29618.4,29581.4,29581.4,6874.0
2026-09-18 09:45:00,29582.6,29601.2,29579.8,29582.6,8014.0
2026-09-18 10:00:00,29582.2,29603.2,29582.1,29601.8,7758.0
2026-09-18 10:15:00,29600.8,29622.1,29600.8,29621.2,6190.0
2026-09-18 10:30:00,29621.5,29647.1,29619.8,29635.4,5049.0
2026-09-18 10:45:00,29635.6,29637.2,29617.1,29621.8,4952.0
2026-09-18 11:00:00,29621.6,29642.8,29586.4,29601.0,15715.0
2026-09-18 11:15:00,29601.2,29601.2,29569.8,29574.4,10942.0
2026-09-18 11:30:00,29574.2,29602.8,29571.4,29575.2,8862.0
2026-09-18 11:45:00,29575.4,29590.8,29568.4,29582.8,7060.0
2026-09-18 12:00:00,29585.0,29596.9,29529.4,29532.2,12393.0
2026-09-18 12:15:00,29532.4,29542.2,29511.9,29518.2,10602.0
2026-09-18 12:30:00,29518.4,29540.6,29515.8,29533.9,9787.0
2026-09-18 12:45:00,29533.0,29539.8,29514.0,29520.2,7705.0
2026-09-18 13:00:00,29520.1,29535.1,29508.4,29530.1,9480.0
2026-09-18 13:15:00,29530.9,29563.6,29489.0,29557.4,12355.0
2026-09-18 13:30:00,29558.4,29588.9,29543.5,29561.0,34977.0
2026-09-18 13:45:00,29561.1,29581.4,29510.1,29520.8,28079.0
2026-09-18 14:00:00,29520.6,29527.8,29458.1,29463.1,27919.0
2026-09-18 14:15:00,29463.2,29492.0,29438.2,29473.0,23935.0
2026-09-18 14:30:00,29472.9,29495.1,29447.2,29458.6,20685.0
2026-09-18 14:45:00,29458.9,29511.2,29451.4,29502.9,17596.0
2026-09-18 15:00:00,29502.8,29514.1,29469.4,29474.1,17632.0
2026-09-18 15:15:00,29474.2,29498.4,29465.4,29493.6,15421.0
2026-09-18 15:30:00,29493.1,29500.0,29457.0,29467.6,14680.0
2026-09-18 15:45:00,29468.1,29474.6,29447.1,29452.6,10246.0
2026-09-18 16:00:00,29453.5,29467.4,29443.2,29453.7,9995.0
2026-09-18 16:15:00,29453.6,29468.6,29406.2,29447.0,14202.0
2026-09-18 16:30:00,29446.8,29468.7,29439.4,29463.2,13244.0
2026-09-18 16:45:00,29463.4,29481.5,29448.7,29474.5,9246.0
2026-09-18 17:00:00,29475.6,29489.2,29466.6,29488.0,8005.0
2026-09-18 17:15:00,29488.1,29498.1,29484.8,29488.5,6755.0
2026-09-18 17:30:00,29488.6,29509.0,29479.2,29508.6,7321.0
2026-09-18 17:45:00,29508.5,29514.6,29503.2,29510.0,5812.0
2026-09-18 18:00:00,29509.8,29515.1,29495.0,29500.5,6372.0
2026-09-18 18:15:00,29500.2,29534.7,29499.7,29527.5,8162.0
2026-09-18 18:30:00,29527.3,29539.0,29520.2,29537.5,6109.0
2026-09-18 18:45:00,29538.1,29595.8,29537.2,29578.7,10066.0
2026-09-18 19:00:00,29578.6,29598.7,29576.5,29581.7,8317.0
2026-09-18 19:15:00,29581.6,29592.5,29576.0,29578.2,7273.0
2026-09-18 19:30:00,29578.3,29599.7,29570.3,29599.2,8356.0
2026-09-18 19:45:00,29599.5,29684.6,29597.0,29662.5,18627.0
2026-09-18 20:00:00,29662.6,29739.8,29659.8,29717.2,9867.0
2026-09-18 20:15:00,29717.0,29722.0,29707.0,29715.0,3841.0
2026-09-18 20:30:00,29715.0,29722.0,29703.8,29720.6,2928.0
2026-09-18 20:45:00,29721.2,29732.8,29699.7,29701.0,2728.0
2026-09-20 22:00:00,29675.0,29748.6,29648.2,29741.6,5943.0
2026-09-20 22:15:00,29741.6,29752.0,29724.0,29734.2,4450.0
2026-09-20 22:30:00,29733.8,29770.8,29731.2,29752.0,4290.0
2026-09-20 22:45:00,29752.1,29778.0,29741.0,29770.2,3270.0
2026-09-20 23:00:00,29768.6,29773.8,29758.8,29764.6,2148.0
2026-09-20 23:15:00,29764.8,29773.8,29755.8,29771.2,2076.0
2026-09-20 23:30:00,29771.6,29784.6,29768.0,29780.6,2052.0
2026-09-20 23:45:00,29780.4,29784.4,29766.6,29773.6,4872.0
2026-09-21 00:00:00,29773.4,29809.6,29770.2,29785.9,10037.0
2026-09-21 00:15:00,29785.8,29823.2,29762.0,29811.2,10065.0
2026-09-21 00:30:00,29812.6,29836.2,29812.6,29818.8,7667.0
2026-09-21 00:45:00,29819.0,29841.6,29815.4,29839.6,7145.0
2026-09-21 01:00:00,29839.6,29868.4,29833.4,29859.2,9646.0
2026-09-21 01:15:00,29859.8,29872.3,29849.4,29855.8,7587.0
2026-09-21 01:30:00,29855.8,29865.2,29852.5,29858.4,5895.0
2026-09-21 01:45:00,29858.2,29858.8,29814.4,29815.4,7102.0
2026-09-21 02:00:00,29815.3,29829.4,29808.6,29824.2,6985.0
2026-09-21 02:15:00,29823.6,29833.6,29816.8,29832.8,5046.0
2026-09-21 02:30:00,29832.8,29833.4,29812.8,29827.4,5601.0
2026-09-21 02:45:00,29827.5,29849.2,29820.8,29823.6,4940.0
2026-09-21 03:00:00,29823.6,29845.0,29822.5,29838.4,4335.0
2026-09-21 03:15:00,29838.6,29849.0,29836.4,29837.5,3281.0
2026-09-21 03:30:00,29837.2,29839.8,29827.4,29838.6,3351.0
2026-09-21 03:45:00,29838.8,29850.8,29830.8,29831.8,3483.0
2026-09-21 04:00:00,29832.0,29840.3,29815.1,29827.2,4014.0
2026-09-21 04:15:00,29827.2,29845.6,29825.6,29838.6,3137.0
2026-09-21 04:30:00,29838.4,29838.8,29825.6,29832.6,2926.0
2026-09-21 04:45:00,29832.8,29841.8,29831.8,29834.4,2872.0
2026-09-21 05:00:00,29834.8,29835.2,29824.4,29825.8,3348.0
2026-09-21 05:15:00,29826.3,29833.8,29819.8,29826.2,3872.0
2026-09-21 05:30:00,29826.0,29855.8,29821.8,29842.6,6246.0
2026-09-21 05:45:00,29842.6,29847.0,29827.4,29834.6,4930.0
2026-09-21 06:00:00,29834.6,29865.6,29834.6,29856.8,4954.0
2026-09-21 06:15:00,29856.8,29868.6,29847.8,29852.2,5160.0
2026-09-21 06:30:00,29852.2,29868.3,29851.0,29865.2,3889.0
2026-09-21 06:45:00,29865.6,29888.4,29862.6,29886.6,4084.0
2026-09-21 07:00:00,29886.2,29906.8,29876.2,29898.2,9844.0
2026-09-21 07:15:00,29898.0,29899.8,29870.8,29893.6,6576.0
2026-09-21 07:30:00,29893.4,29901.3,29883.2,29889.6,6236.0
2026-09-21 07:45:00,29889.5,29932.5,29884.4,29922.6,6087.0
2026-09-21 08:00:00,29923.2,29959.0,29917.2,29949.2,8463.0
2026-09-21 08:15:00,29949.2,29958.0,29936.6,29943.8,6358.0
2026-09-21 08:30:00,29943.8,29981.2,29941.8,29977.5,7427.0
2026-09-21 08:45:00,29977.6,29982.2,29966.9,29978.8,5124.0
2026-09-21 09:00:00,29978.8,29994.3,29973.2,29983.6,5382.0
2026-09-21 09:15:00,29983.3,30005.8,29976.8,29991.2,5361.0
2026-09-21 09:30:00,29991.8,30004.3,29984.8,30002.0,5450.0
2026-09-21 09:45:00,30002.2,30007.8,29978.2,29978.2,4191.0
2026-09-21 10:00:00,29978.3,29992.4,29977.4,29990.6,3838.0
2026-09-21 10:15:00,29990.8,29998.0,29983.4,29990.8,3892.0
2026-09-21 10:30:00,29990.8,30010.0,29981.5,29996.2,5099.0
2026-09-21 10:45:00,29996.0,30003.2,29983.8,29986.2,3977.0
2026-09-21 11:00:00,29986.0,29996.4,29967.2,29977.6,5361.0
2026-09-21 11:15:00,29977.8,29986.5,29962.8,29970.5,4108.0
2026-09-21 11:30:00,29970.4,29985.4,29965.0,29984.8,6213.0
2026-09-21 11:45:00,29985.0,30005.2,29977.4,29991.4,4947.0
2026-09-21 12:00:00,29991.5,30019.2,29980.8,29996.6,6870.0
2026-09-21 12:15:00,29996.8,30002.4,29970.0,29970.4,5710.0
2026-09-21 12:30:00,29970.5,30001.3,29966.8,30000.6,6794.0
2026-09-21 12:45:00,30000.8,30003.0,29968.8,29969.3,6580.0
2026-09-21 13:00:00,29969.4,29982.4,29963.8,29968.0,7499.0
2026-09-21 13:15:00,29968.2,29977.2,29947.0,29966.2,8349.0
2026-09-21 13:30:00,29967.3,30084.6,29962.1,30084.5,32293.0
2026-09-21 13:45:00,30084.6,30166.0,30084.6,30161.3,23492.0
2026-09-21 14:00:00,30160.8,30189.3,30141.8,30181.9,22811.0
2026-09-21 14:15:00,30182.0,30264.4,30182.0,30262.5,18820.0
2026-09-21 14:30:00,30262.6,30300.9,30245.1,30261.3,18652.0
2026-09-21 14:45:00,30261.4,30302.5,30248.8,30295.0,16662.0
2026-09-21 15:00:00,30295.3,30325.4,30293.5,30320.0,13821.0
2026-09-21 15:15:00,30320.4,30331.8,30315.4,30329.3,12547.0
2026-09-21 15:30:00,30330.1,30358.9,30324.0,30357.8,12539.0
2026-09-21 15:45:00,30358.5,30383.8,30346.5,30355.7,12287.0
2026-09-21 16:00:00,30356.0,30406.6,30347.2,30398.2,13865.0
2026-09-21 16:15:00,30398.7,30433.3,30394.1,30423.6,10281.0
2026-09-21 16:30:00,30423.5,30449.2,30411.5,30415.7,11622.0
2026-09-21 16:45:00,30415.8,30428.0,30411.2,30426.0,9740.0
2026-09-21 17:00:00,30426.4,30440.0,30421.6,30434.5,9246.0
2026-09-21 17:15:00,30435.0,30438.5,30410.2,30433.2,9007.0
2026-09-21 17:30:00,30433.5,30462.0,30416.7,30459.8,9785.0
2026-09-21 17:45:00,30460.2,30470.1,30454.1,30458.2,8859.0
2026-09-21 18:00:00,30459.0,30481.6,30458.0,30476.2,7901.0
2026-09-21 18:15:00,30476.3,30504.6,30475.3,30499.2,8317.0
2026-09-21 18:30:00,30499.5,30512.5,30483.0,30511.0,8446.0
2026-09-21 18:45:00,30511.5,30542.8,30507.7,30532.2,9205.0
2026-09-21 19:00:00,30532.3,30548.0,30518.7,30547.7,9386.0
2026-09-21 19:15:00,30547.3,30559.2,30540.5,30549.0,8389.0
2026-09-21 19:30:00,30548.7,30608.2,30546.1,30581.0,11657.0
2026-09-21 19:45:00,30580.6,30583.7,30524.0,30529.2,17885.0
2026-09-21 20:00:00,30529.2,30539.2,30509.7,30524.0,6481.0
2026-09-21 20:15:00,30524.0,30527.0,30507.8,30523.0,3003.0
2026-09-21 20:30:00,30523.3,30524.1,30504.0,30508.4,2323.0
2026-09-21 20:45:00,30508.2,30523.6,30506.2,30520.5,1984.0
2026-09-21 22:00:00,30538.0,30566.0,30529.6,30549.1,2194.0
2026-09-21 22:15:00,30549.2,30561.3,30547.0,30561.0,1252.0
2026-09-21 22:30:00,30561.2,30573.4,30551.0,30567.8,2041.0
2026-09-21 22:45:00,30566.4,30578.8,30558.4,30574.2,2259.0
2026-09-21 23:00:00,30574.0,30597.6,30569.4,30589.4,2455.0
2026-09-21 23:15:00,30589.4,30593.2,30582.2,30588.2,1998.0
2026-09-21 23:30:00,30588.4,30601.4,30583.0,30596.0,2152.0
2026-09-21 23:45:00,30595.4,30602.2,30593.0,30597.6,3368.0
2026-09-22 00:00:00,30597.8,30634.3,30596.0,30622.8,7125.0
2026-09-22 00:15:00,30623.0,30639.0,30608.4,30638.4,5991.0
2026-09-22 00:30:00,30639.4,30662.1,30618.5,30637.4,7796.0
2026-09-22 00:45:00,30637.5,30652.2,30633.4,30646.0,7486.0
2026-09-22 01:00:00,30646.0,30646.8,30623.0,30630.0,9280.0
2026-09-22 01:15:00,30630.5,30633.5,30613.3,30628.0,7890.0
2026-09-22 01:30:00,30628.0,30650.5,30619.0,30630.8,8312.0
2026-09-22 01:45:00,30630.8,30638.4,30619.2,30619.4,8172.0
2026-09-22 02:00:00,30619.0,30638.6,30616.0,30619.4,6146.0
2026-09-22 02:15:00,30619.4,30630.5,30618.0,30625.0,5126.0
2026-09-22 02:30:00,30625.2,30640.4,30612.4,30633.8,5393.0
2026-09-22 02:45:00,30634.0,30642.8,30630.4,30640.6,5176.0
2026-09-22 03:00:00,30639.6,30643.0,30628.8,30637.4,4478.0
2026-09-22 03:15:00,30637.2,30644.6,30632.8,30635.0,3941.0
2026-09-22 03:30:00,30635.0,30644.3,30626.3,30627.8,3692.0
2026-09-22 03:45:00,30627.5,30629.2,30610.0,30618.6,3208.0
2026-09-22 04:00:00,30618.7,30621.2,30578.4,30598.8,6218.0
2026-09-22 04:15:00,30599.2,30602.0,30578.1,30582.8,6094.0
2026-09-22 04:30:00,30582.4,30593.7,30570.3,30574.4,5676.0
2026-09-22 04:45:00,30574.6,30580.8,30555.1,30558.6,4225.0
2026-09-22 05:00:00,30559.0,30566.2,30550.0,30555.4,5369.0
2026-09-22 05:15:00,30555.2,30556.0,30529.4,30538.4,7162.0
2026-09-22 05:30:00,30538.5,30569.2,30525.8,30563.4,10015.0
2026-09-22 05:45:00,30563.6,30590.2,30558.6,30561.4,6480.0
2026-09-22 06:00:00,30561.7,30565.0,30524.8,30530.2,9492.0
2026-09-22 06:15:00,30529.8,30534.6,30512.3,30532.4,7425.0
2026-09-22 06:30:00,30532.2,30540.6,30521.5,30526.0,6531.0
2026-09-22 06:45:00,30526.0,30534.8,30521.0,30524.8,5145.0
2026-09-22 07:00:00,30524.6,30535.0,30512.6,30524.8,11331.0
2026-09-22 07:15:00,30524.8,30537.5,30512.0,30514.6,8655.0
2026-09-22 07:30:00,30514.4,30525.6,30507.4,30525.5,7168.0
2026-09-22 07:45:00,30525.8,30531.2,30510.4,30516.0,6365.0
2026-09-22 08:00:00,30516.0,30517.0,30470.7,30481.5,13701.0
2026-09-22 08:15:00,30482.0,30483.0,30428.4,30432.4,12041.0
2026-09-22 08:30:00,30432.2,30507.8,30416.7,30505.3,11564.0
2026-09-22 08:45:00,30505.6,30535.0,30490.0,30528.6,11783.0
2026-09-22 09:00:00,30528.7,30545.0,30499.8,30510.5,10285.0
2026-09-22 09:15:00,30509.8,30533.8,30505.7,30515.6,7591.0
2026-09-22 09:30:00,30515.8,30535.6,30510.0,30535.4,7064.0
2026-09-22 09:45:00,30535.3,30595.8,30527.4,30582.3,11018.0
2026-09-22 10:00:00,30583.0,30592.6,30555.4,30564.0,8612.0
2026-09-22 10:15:00,30564.5,30571.4,30540.6,30555.3,6123.0
2026-09-22 10:30:00,30555.2,30576.4,30543.8,30567.1,5388.0
2026-09-22 10:45:00,30567.2,30580.0,30554.2,30560.2,5306.0
2026-09-22 11:00:00,30560.6,30575.0,30504.5,30541.0,10675.0
2026-09-22 11:15:00,30540.8,30548.0,30523.4,30524.8,7152.0
2026-09-22 11:30:00,30524.8,30550.2,30521.8,30539.8,5764.0
2026-09-22 11:45:00,30540.8,30558.3,30517.8,30522.0,6104.0
2026-09-22 12:00:00,30522.3,30537.0,30495.6,30507.4,7230.0
2026-09-22 12:15:00,30507.6,30530.0,30495.4,30530.0,6329.0
2026-09-22 12:30:00,30529.8,30533.8,30509.0,30510.4,7728.0
2026-09-22 12:45:00,30510.8,30515.0,30493.6,30498.4,5856.0
2026-09-22 13:00:00,30498.4,30526.0,30494.8,30515.5,9247.0
2026-09-22 13:15:00,30515.6,30523.5,30496.6,30510.0,8454.0
2026-09-22 13:30:00,30510.0,30673.1,30509.6,30648.4,28525.0
2026-09-22 13:45:00,30649.2,30690.5,30630.4,30675.7,27462.0
2026-09-22 14:00:00,30675.6,30728.2,30654.2,30706.0,25464.0
2026-09-22 14:15:00,30706.5,30723.4,30680.2,30707.0,22183.0
2026-09-22 14:30:00,30707.0,30743.2,30642.2,30660.0,24032.0
2026-09-22 14:45:00,30660.0,30701.2,30636.5,30671.0,23947.0
2026-09-22 15:00:00,30672.2,30688.0,30652.6,30683.7,22262.0
2026-09-22 15:15:00,30683.6,30694.0,30666.2,30674.0,16664.0
2026-09-22 15:30:00,30674.0,30679.6,30632.7,30645.7,16693.0
2026-09-22 15:45:00,30645.2,30664.2,30632.6,30656.0,14189.0
2026-09-22 16:00:00,30656.0,30680.3,30640.0,30670.2,13349.0
2026-09-22 16:15:00,30669.8,30672.0,30634.7,30637.2,12961.0
2026-09-22 16:30:00,30637.0,30665.5,30636.3,30660.6,10676.0
2026-09-22 16:45:00,30660.2,30691.0,30656.5,30686.2,11277.0
2026-09-22 17:00:00,30686.3,30698.8,30681.5,30686.7,9076.0
2026-09-22 17:15:00,30686.8,30701.2,30674.2,30698.5,8722.0
2026-09-22 17:30:00,30698.2,30698.6,30667.2,30689.7,8870.0
2026-09-22 17:45:00,30689.8,30732.2,30681.7,30722.5,13943.0
2026-09-22 18:00:00,30722.8,30730.6,30696.5,30726.2,12703.0
2026-09-22 18:15:00,30726.3,30754.6,30726.2,30739.2,9671.0
2026-09-22 18:30:00,30739.3,30743.6,30711.7,30733.2,10081.0
2026-09-22 18:45:00,30733.6,30737.0,30717.0,30721.0,7777.0
2026-09-22 19:00:00,30721.6,30749.6,30720.5,30748.5,8258.0
2026-09-22 19:15:00,30748.2,30772.0,30743.3,30766.2,9099.0
2026-09-22 19:30:00,30765.7,30795.0,30763.7,30780.1,12953.0
2026-09-22 19:45:00,30780.0,30810.7,30758.7,30775.4,15634.0
2026-09-22 20:00:00,30775.0,30780.6,30762.7,30766.5,5377.0
2026-09-22 20:15:00,30766.1,30769.0,30745.3,30750.0,3196.0
2026-09-22 20:30:00,30750.0,30756.6,30747.2,30747.5,2044.0
2026-09-22 20:45:00,30747.4,30751.5,30740.5,30751.5,2491.0
2026-09-22 22:00:00,30773.0,30786.4,30760.1,30786.0,3114.0
2026-09-22 22:15:00,30785.4,30802.6,30781.7,30794.2,2334.0
2026-09-22 22:30:00,30794.0,30805.4,30793.4,30797.4,1541.0
2026-09-22 22:45:00,30797.0,30797.2,30770.4,30788.8,2193.0
2026-09-22 23:00:00,30789.2,30798.0,30788.8,30793.4,1553.0
2026-09-22 23:15:00,30793.5,30805.8,30792.0,30798.0,1492.0
2026-09-22 23:30:00,30797.8,30802.5,30795.4,30797.8,1210.0
2026-09-22 23:45:00,30797.8,30815.2,30788.2,30809.8,4769.0
2026-09-23 00:00:00,30809.5,30810.8,30779.8,30785.8,10169.0
2026-09-23 00:15:00,30785.6,30800.4,30776.8,30782.8,8028.0
2026-09-23 00:30:00,30782.6,30795.0,30779.0,30784.0,6411.0
2026-09-23 00:45:00,30784.2,30789.6,30757.6,30767.6,7095.0
2026-09-23 01:00:00,30767.8,30782.4,30759.6,30771.2,9528.0
2026-09-23 01:15:00,30771.0,30801.8,30763.8,30798.0,6832.0
2026-09-23 01:30:00,30797.8,30802.5,30756.2,30758.8,8617.0
2026-09-23 01:45:00,30758.8,30767.8,30755.4,30760.4,8157.0
2026-09-23 02:00:00,30760.4,30765.8,30742.0,30746.2,6661.0
2026-09-23 02:15:00,30746.3,30764.5,30728.2,30756.8,7383.0
2026-09-23 02:30:00,30757.0,30761.0,30744.6,30746.4,6462.0
2026-09-23 02:45:00,30746.4,30758.0,30746.0,30753.0,5094.0
2026-09-23 03:00:00,30753.0,30753.5,30744.4,30750.6,4563.0
2026-09-23 03:15:00,30750.8,30759.0,30736.8,30744.6,4712.0
2026-09-23 03:30:00,30744.7,30770.8,30744.6,30764.4,4607.0
2026-09-23 03:45:00,30764.2,30770.1,30757.0,30758.0,4023.0
2026-09-23 04:00:00,30758.0,30779.5,30755.8,30776.2,4479.0
2026-09-23 04:15:00,30776.0,30789.4,30774.8,30784.0,3493.0
2026-09-23 04:30:00,30783.7,30796.6,30783.0,30793.6,3140.0
2026-09-23 04:45:00,30793.5,30796.4,30776.1,30780.2,3370.0
2026-09-23 05:00:00,30779.8,30783.8,30767.0,30778.0,5102.0
2026-09-23 05:15:00,30777.8,30787.5,30763.6,30779.0,5110.0
2026-09-23 05:30:00,30779.0,30784.3,30765.8,30772.8,7401.0
2026-09-23 05:45:00,30773.0,30789.0,30771.7,30773.4,5930.0
2026-09-23 06:00:00,30773.6,30802.6,30772.8,30802.5,6667.0
2026-09-23 06:15:00,30802.3,30805.6,30784.0,30801.8,5699.0
2026-09-23 06:30:00,30802.2,30839.0,30800.3,30827.6,5654.0
2026-09-23 06:45:00,30827.5,30827.6,30793.0,30794.8,6243.0
2026-09-23 07:00:00,30794.8,30799.8,30772.6,30790.0,10730.0
2026-09-23 07:15:00,30790.1,30796.8,30775.2,30796.8,8060.0
2026-09-23 07:30:00,30796.6,30806.4,30780.4,30782.2,8037.0
2026-09-23 07:45:00,30782.0,30794.0,30773.2,30779.4,6294.0
2026-09-23 08:00:00,30779.8,30791.8,30760.5,30783.6,10951.0
2026-09-23 08:15:00,30783.7,30796.2,30772.8,30783.8,7872.0
2026-09-23 08:30:00,30783.8,30790.4,30754.2,30759.0,7765.0
2026-09-23 08:45:00,30759.0,30766.0,30749.0,30760.7,6682.0
2026-09-23 09:00:00,30760.8,30772.0,30752.4,30762.0,7235.0
2026-09-23 09:15:00,30761.8,30779.0,30754.2,30769.0,5496.0
2026-09-23 09:30:00,30768.8,30778.2,30763.5,30763.8,6057.0
2026-09-23 09:45:00,30763.0,30763.4,30742.7,30757.4,6094.0
2026-09-23 10:00:00,30757.2,30776.5,30754.3,30774.0,6228.0
2026-09-23 10:15:00,30774.0,30782.8,30765.7,30777.8,4618.0
2026-09-23 10:30:00,30778.0,30780.4,30760.0,30766.4,5133.0
2026-09-23 10:45:00,30766.2,30777.5,30757.4,30772.7,5869.0
2026-09-23 11:00:00,30772.6,30773.6,30738.0,30746.8,8391.0
2026-09-23 11:15:00,30746.8,30756.0,30695.2,30697.0,7980.0
2026-09-23 11:30:00,30697.2,30699.2,30656.0,30670.8,12069.0
2026-09-23 11:45:00,30670.7,30707.8,30670.0,30703.8,9959.0
2026-09-23 12:00:00,30704.0,30710.2,30669.7,30675.7,10089.0
2026-09-23 12:15:00,30675.8,30696.0,30663.8,30692.5,8957.0
2026-09-23 12:30:00,30692.4,30706.1,30689.0,30693.5,8561.0
2026-09-23 12:45:00,30693.8,30714.7,30692.3,30712.4,7865.0
2026-09-23 13:00:00,30712.5,30715.4,30689.0,30707.0,10644.0
2026-09-23 13:15:00,30707.0,30750.7,30706.0,30750.5,11927.0
2026-09-23 13:30:00,30751.2,30757.4,30646.7,30655.3,35356.0
2026-09-23 13:45:00,30655.2,30666.6,30577.7,30591.4,32849.0
2026-09-23 14:00:00,30591.5,30615.5,30448.7,30463.6,33377.0
2026-09-23 14:15:00,30463.7,30486.4,30387.7,30423.8,35117.0
2026-09-23 14:30:00,30423.7,30483.2,30403.0,30463.6,30822.0
2026-09-23 14:45:00,30463.5,30571.1,30457.7,30567.0,29611.0
2026-09-23 15:00:00,30567.0,30572.2,30527.5,30532.7,24144.0
2026-09-23 15:15:00,30533.0,30562.2,30500.8,30517.8,23078.0
2026-09-23 15:30:00,30518.0,30528.2,30499.2,30525.0,21475.0
2026-09-23 15:45:00,30525.2,30530.2,30470.6,30493.8,19196.0
2026-09-23 16:00:00,30494.1,30498.2,30474.4,30491.8,15603.0
2026-09-23 16:15:00,30491.6,30503.6,30463.1,30471.0,14005.0
2026-09-23 16:30:00,30470.6,30498.2,30442.4,30442.4,13550.0
2026-09-23 16:45:00,30442.6,30468.1,30415.6,30434.8,21888.0
2026-09-23 17:00:00,30435.3,30456.3,30393.8,30418.0,22284.0
2026-09-23 17:15:00,30417.8,30472.1,30412.9,30429.2,18534.0
2026-09-23 17:30:00,30429.1,30503.6,30418.7,30496.2,20289.0
2026-09-23 17:45:00,30496.3,30521.6,30484.6,30518.6,18863.0
2026-09-23 18:00:00,30518.3,30519.2,30473.7,30492.6,15822.0
2026-09-23 18:15:00,30492.7,30516.4,30488.3,30502.6,13114.0
2026-09-23 18:30:00,30502.4,30504.6,30474.8,30495.1,12917.0
2026-09-23 18:45:00,30494.8,30515.8,30488.4,30509.6,11455.0
2026-09-23 19:00:00,30509.7,30529.8,30488.4,30510.1,12557.0
2026-09-23 19:15:00,30510.2,30512.8,30488.8,30500.8,11257.0
2026-09-23 19:30:00,30500.9,30522.6,30476.6,30494.1,13574.0
2026-09-23 19:45:00,30493.6,30526.3,30458.4,30516.6,20494.0
2026-09-23 20:00:00,30517.1,30524.0,30499.1,30500.0,6772.0
2026-09-23 20:15:00,30500.1,30512.2,30497.6,30511.0,3470.0
2026-09-23 20:30:00,30510.8,30522.0,30507.4,30521.6,2806.0
2026-09-23 20:45:00,30521.6,30524.1,30515.3,30518.6,2367.0
2026-09-23 22:00:00,30545.8,30554.8,30525.9,30551.8,2133.0
2026-09-23 22:15:00,30552.0,30560.2,30531.0,30532.8,1573.0
2026-09-23 22:30:00,30532.7,30547.4,30528.0,30543.0,1372.0
2026-09-23 22:45:00,30542.8,30548.4,30536.0,30541.2,834.0
2026-09-23 23:00:00,30541.2,30546.0,30531.0,30533.4,1144.0
2026-09-23 23:15:00,30533.6,30539.8,30510.6,30517.6,2492.0
2026-09-23 23:30:00,30517.8,30524.2,30509.4,30513.8,2324.0
2026-09-23 23:45:00,30513.8,30518.8,30494.8,30500.4,5605.0
2026-09-24 00:00:00,30500.6,30508.0,30468.6,30475.4,10182.0
2026-09-24 00:15:00,30475.4,30497.2,30472.4,30482.2,8951.0
2026-09-24 00:30:00,30482.2,30496.4,30465.8,30468.8,7210.0
2026-09-24 00:45:00,30468.9,30478.4,30452.0,30473.2,9232.0
2026-09-24 01:00:00,30473.4,30505.4,30470.6,30501.4,11770.0
2026-09-24 01:15:00,30501.6,30501.8,30479.8,30484.6,7903.0
2026-09-24 01:30:00,30484.8,30507.2,30480.2,30482.6,10727.0
2026-09-24 01:45:00,30482.4,30493.9,30461.1,30490.4,9961.0
2026-09-24 02:00:00,30490.5,30496.6,30456.0,30472.2,8747.0
2026-09-24 02:15:00,30472.4,30488.9,30471.4,30476.4,6957.0
2026-09-24 02:30:00,30476.4,30494.0,30474.2,30492.2,5698.0
2026-09-24 02:45:00,30492.2,30494.0,30484.6,30488.0,3450.0
2026-09-24 03:00:00,30488.2,30489.0,30451.8,30466.2,5247.0
2026-09-24 03:15:00,30466.4,30469.9,30450.0,30453.4,4959.0
2026-09-24 03:30:00,30452.5,30455.6,30435.4,30439.4,5783.0
2026-09-24 03:45:00,30439.9,30455.6,30437.2,30454.2,4821.0
2026-09-24 04:00:00,30454.4,30454.8,30401.0,30405.6,7657.0
2026-09-24 04:15:00,30405.4,30423.9,30398.4,30423.0,5317.0
2026-09-24 04:30:00,30422.6,30446.4,30420.4,30428.4,4813.0
2026-09-24 04:45:00,30428.8,30435.8,30421.1,30433.4,3810.0
2026-09-24 05:00:00,30433.8,30462.8,30433.4,30438.4,5043.0
2026-09-24 05:15:00,30438.4,30455.2,30427.1,30454.0,5395.0
2026-09-24 05:30:00,30453.8,30457.2,30416.8,30417.6,6970.0
2026-09-24 05:45:00,30417.4,30417.8,30354.8,30355.6,7245.0
2026-09-24 06:00:00,30355.0,30374.8,30312.4,30366.2,13339.0
2026-09-24 06:15:00,30366.2,30378.2,30330.2,30347.4,11271.0
2026-09-24 06:30:00,30347.2,30347.6,30309.8,30325.6,11213.0
2026-09-24 06:45:00,30325.4,30335.8,30282.6,30288.4,8501.0
2026-09-24 07:00:00,30288.4,30342.0,30260.6,30341.4,15635.0
2026-09-24 07:15:00,30341.4,30354.5,30322.0,30353.2,10882.0
2026-09-24 07:30:00,30353.4,30378.9,30348.4,30368.4,9851.0
2026-09-24 07:45:00,30368.2,30370.8,30305.8,30305.8,9453.0
2026-09-24 08:00:00,30307.0,30336.9,30227.0,30234.6,18984.0
2026-09-24 08:15:00,30234.2,30258.4,30200.6,30203.0,18712.0
2026-09-24 08:30:00,30202.8,30244.4,30178.2,30194.2,16954.0
2026-09-24 08:45:00,30194.6,30203.8,30154.2,30180.2,13181.0
2026-09-24 09:00:00,30180.2,30201.8,30165.2,30179.5,13606.0
2026-09-24 09:15:00,30179.4,30211.2,30169.0,30189.6,11473.0
2026-09-24 09:30:00,30189.4,30191.8,30117.8,30124.4,11598.0
2026-09-24 09:45:00,30124.2,30184.9,30119.2,30184.0,12200.0
2026-09-24 10:00:00,30183.8,30198.0,30163.4,30184.6,12348.0
2026-09-24 10:15:00,30184.8,30206.8,30161.4,30179.6,13003.0
2026-09-24 10:30:00,30179.8,30231.8,30168.2,30225.4,10444.0
2026-09-24 10:45:00,30225.6,30270.2,30218.4,30235.8,10901.0
2026-09-24 11:00:00,30236.2,30250.8,30203.4,30236.2,10957.0
2026-09-24 11:15:00,30236.1,30259.8,30217.4,30218.2,12832.0
2026-09-24 11:30:00,30218.2,30248.2,30190.8,30199.2,9690.0
2026-09-24 11:45:00,30199.0,30221.4,30175.4,30210.0,10206.0
2026-09-24 12:00:00,30207.7,30234.2,30173.0,30229.4,12979.0
2026-09-24 12:15:00,30229.2,30256.4,30203.0,30220.1,13272.0
2026-09-24 12:30:00,30220.0,30228.0,30167.9,30219.9,13438.0
2026-09-24 12:45:00,30219.8,30244.4,30205.2,30233.8,12132.0
2026-09-24 13:00:00,30233.4,30266.4,30232.1,30257.4,11499.0
2026-09-24 13:15:00,30256.6,30272.8,30246.6,30266.0,10909.0
2026-09-24 13:30:00,30266.0,30353.6,30240.4,30330.8,38633.0
2026-09-24 13:45:00,30330.6,30369.9,30279.0,30326.8,33628.0
2026-09-24 14:00:00,30326.0,30363.4,30313.0,30332.9,29354.0
2026-09-24 14:15:00,30333.4,30385.0,30309.8,30377.4,27374.0
2026-09-24 14:30:00,30377.4,30386.4,30319.6,30326.6,26133.0
2026-09-24 14:45:00,30327.1,30360.9,30280.0,30289.2,25043.0
2026-09-24 15:00:00,30288.8,30319.9,30251.1,30258.1,25717.0
2026-09-24 15:15:00,30256.6,30304.6,30253.1,30262.9,24990.0
2026-09-24 15:30:00,30263.4,30292.9,30251.9,30286.6,19971.0
2026-09-24 15:45:00,30287.0,30318.4,30255.6,30303.4,17022.0
2026-09-24 16:00:00,30303.4,30312.0,30257.8,30309.8,18165.0
2026-09-24 16:15:00,30310.2,30498.8,30307.4,30448.4,40199.0
2026-09-24 16:30:00,30448.5,30565.6,30412.6,30497.6,29075.0
2026-09-24 16:45:00,30498.2,30568.8,30476.5,30545.2,28146.0
2026-09-24 17:00:00,30545.0,30580.0,30510.0,30543.3,27268.0
2026-09-24 17:15:00,30543.2,30546.0,30453.1,30488.4,24572.0
2026-09-24 17:30:00,30488.3,30513.8,30424.5,30426.0,24307.0
2026-09-24 17:45:00,30426.3,30461.3,30418.9,30449.8,22742.0
2026-09-24 18:00:00,30450.5,30457.8,30375.4,30448.8,26097.0
2026-09-24 18:15:00,30448.8,30505.4,30443.1,30493.5,22778.0
2026-09-24 18:30:00,30493.6,30536.2,30456.5,30490.2,21533.0
2026-09-24 18:45:00,30490.0,30545.5,30489.2,30532.8,15803.0
2026-09-24 19:00:00,30533.3,30536.6,30477.3,30479.5,18781.0
2026-09-24 19:15:00,30479.4,30525.3,30479.3,30503.2,14784.0
2026-09-24 19:30:00,30503.3,30522.6,30500.0,30506.0,14564.0
2026-09-24 19:45:00,30505.3,30543.2,30499.3,30509.9,17100.0
2026-09-24 20:00:00,30509.9,30514.9,30449.5,30451.3,7242.0
2026-09-24 20:15:00,30451.1,30461.0,30415.8,30419.8,6794.0
2026-09-24 20:30:00,30419.8,30460.8,30417.0,30458.2,4401.0
2026-09-24 20:45:00,30458.8,30492.6,30458.2,30489.0,2940.0
2026-09-24 22:00:00,30485.8,30512.0,30462.4,30479.4,3665.0
2026-09-24 22:15:00,30479.6,30483.5,30458.9,30463.8,2379.0
2026-09-24 22:30:00,30464.2,30488.0,30461.9,30484.9,2244.0
2026-09-24 22:45:00,30485.2,30488.8,30476.6,30482.6,1646.0
2026-09-24 23:00:00,30482.4,30489.2,30463.8,30470.2,1887.0
2026-09-24 23:15:00,30470.4,30485.9,30464.6,30478.8,2014.0
2026-09-24 23:30:00,30478.8,30484.8,30460.8,30461.2,2135.0
2026-09-24 23:45:00,30461.2,30466.5,30437.6,30440.8,6409.0
2026-09-25 00:00:00,30440.4,30470.6,30437.8,30449.8,13712.0
2026-09-25 00:15:00,30450.0,30480.3,30434.8,30466.8,10473.0
2026-09-25 00:30:00,30466.6,30469.8,30434.8,30453.6,9255.0
2026-09-25 00:45:00,30453.4,30460.8,30438.6,30451.0,9191.0
2026-09-25 01:00:00,30450.8,30527.0,30436.8,30517.8,11139.0
2026-09-25 01:15:00,30517.8,30542.6,30514.6,30528.2,11723.0
2026-09-25 01:30:00,30528.5,30561.2,30503.4,30551.2,11873.0
2026-09-25 01:45:00,30551.2,30554.4,30524.3,30543.2,8555.0
2026-09-25 02:00:00,30543.6,30563.3,30536.4,30550.2,8198.0
2026-09-25 02:15:00,30550.0,30567.2,30538.0,30539.3,6057.0
2026-09-25 02:30:00,30538.9,30547.6,30514.0,30540.8,7612.0
2026-09-25 02:45:00,30540.6,30544.3,30517.8,30544.2,6650.0
2026-09-25 03:00:00,30543.6,30564.1,30533.2,30555.6,6131.0
2026-09-25 03:15:00,30555.6,30562.0,30541.4,30547.0,5992.0
2026-09-25 03:30:00,30546.8,30566.2,30537.6,30537.8,7903.0
2026-09-25 03:45:00,30538.0,30547.5,30527.6,30544.4,7263.0
2026-09-25 04:00:00,30544.5,30547.1,30520.8,30528.0,6716.0
2026-09-25 04:15:00,30527.6,30534.6,30519.5,30527.8,5632.0
2026-09-25 04:30:00,30527.9,30545.2,30522.8,30536.2,5555.0
2026-09-25 04:45:00,30536.4,30544.8,30520.6,30531.6,5421.0
2026-09-25 05:00:00,30531.4,30566.6,30529.1,30554.8,6296.0
2026-09-25 05:15:00,30554.9,30565.8,30542.4,30559.0,5972.0
2026-09-25 05:30:00,30559.2,30619.2,30555.4,30619.2,7996.0
2026-09-25 05:45:00,30619.2,30621.5,30599.2,30603.2,6423.0
2026-09-25 06:00:00,30603.0,30643.5,30602.2,30640.6,8284.0
2026-09-25 06:15:00,30640.6,30657.8,30626.3,30633.6,8476.0
2026-09-25 06:30:00,30633.8,30645.2,30628.0,30633.6,8333.0
2026-09-25 06:45:00,30633.4,30639.4,30617.4,30620.1,7127.0
2026-09-25 07:00:00,30620.2,30650.5,30618.5,30647.6,12537.0
2026-09-25 07:15:00,30647.8,30655.8,30624.8,30652.4,10023.0
2026-09-25 07:30:00,30654.5,30657.8,30608.8,30613.8,11136.0
2026-09-25 07:45:00,30614.0,30633.8,30612.3,30620.5,10472.0
2026-09-25 08:00:00,30620.4,30643.5,30591.2,30631.6,14279.0
2026-09-25 08:15:00,30631.2,30679.8,30631.2,30675.8,10741.0
2026-09-25 08:30:00,30675.8,30688.3,30664.4,30686.8,8552.0
2026-09-25 08:45:00,30686.8,30707.4,30684.0,30699.6,7381.0
2026-09-25 09:00:00,30699.0,30713.0,30694.8,30706.8,7291.0
2026-09-25 09:15:00,30706.6,30715.1,30690.6,30692.0,7851.0
2026-09-25 09:30:00,30692.2,30705.0,30683.0,30690.0,8713.0
2026-09-25 09:45:00,30690.1,30690.6,30665.0,30669.6,9209.0
2026-09-25 10:00:00,30669.6,30685.5,30653.5,30681.0,7606.0
2026-09-25 10:15:00,30680.8,30695.3,30680.0,30681.8,6146.0
2026-09-25 10:30:00,30681.8,30691.4,30664.5,30673.8,8079.0
2026-09-25 10:45:00,30673.8,30685.8,30665.0,30675.2,7769.0
2026-09-25 11:00:00,30674.5,30727.8,30666.6,30727.5,9924.0
2026-09-25 11:15:00,30727.6,30747.6,30726.2,30729.8,8651.0
2026-09-25 11:30:00,30729.9,30750.9,30712.6,30723.8,8469.0
2026-09-25 11:45:00,30724.0,30734.6,30713.3,30714.0,7830.0
2026-09-25 12:00:00,30713.8,30731.2,30696.4,30705.6,11702.0
2026-09-25 12:15:00,30705.6,30705.6,30669.8,30685.1,10550.0
2026-09-25 12:30:00,30685.3,30689.6,30631.0,30650.0,12230.0
2026-09-25 12:45:00,30648.8,30674.2,30624.5,30630.6,14772.0
2026-09-25 13:00:00,30630.8,30661.3,30606.8,30651.8,13802.0
2026-09-25 13:15:00,30651.5,30652.9,30572.6,30572.6,14780.0
2026-09-25 13:30:00,30572.6,30642.9,30520.8,30629.4,39659.0
2026-09-25 13:45:00,30629.5,30679.3,30600.9,30652.6,32642.0
2026-09-25 14:00:00,30654.0,30656.1,30488.4,30494.2,38826.0
2026-09-25 14:15:00,30494.2,30532.0,30437.4,30484.3,38357.0
2026-09-25 14:30:00,30484.1,30556.5,30471.8,30518.4,34494.0
2026-09-25 14:45:00,30518.5,30582.3,30496.2,30576.4,30526.0
2026-09-25 15:00:00,30576.0,30624.3,30559.2,30573.8,26368.0
2026-09-25 15:15:00,30574.3,30596.6,30553.9,30566.5,27453.0
2026-09-25 15:30:00,30567.3,30613.3,30502.8,30505.0,26797.0
2026-09-25 15:45:00,30505.2,30612.5,30484.3,30610.2,27034.0
2026-09-25 16:00:00,30609.6,30703.0,30599.3,30680.6,33642.0
2026-09-25 16:15:00,30680.8,30705.2,30593.0,30678.6,27359.0
2026-09-25 16:30:00,30678.7,30686.2,30620.6,30658.7,25296.0
2026-09-25 16:45:00,30658.8,30661.0,30615.4,30631.5,19983.0
2026-09-25 17:00:00,30631.6,30676.0,30626.8,30676.0,16824.0
2026-09-25 17:15:00,30676.0,30680.2,30660.0,30671.8,13505.0
2026-09-25 17:30:00,30671.6,30677.0,30640.0,30659.2,16089.0
2026-09-25 17:45:00,30659.1,30672.6,30644.6,30665.6,11572.0
2026-09-25 18:00:00,30666.0,30682.7,30650.5,30682.0,10494.0
2026-09-25 18:15:00,30681.8,30683.6,30625.0,30644.8,13127.0
2026-09-25 18:30:00,30644.8,30670.0,30622.0,30653.8,13564.0
2026-09-25 18:45:00,30653.7,30656.2,30621.0,30622.5,10658.0
2026-09-25 19:00:00,30622.6,30654.0,30617.0,30652.6,11939.0
2026-09-25 19:15:00,30652.5,30657.2,30613.2,30619.0,10265.0
2026-09-25 19:30:00,30619.5,30653.5,30598.8,30645.3,13575.0
2026-09-25 19:45:00,30646.1,30688.8,30637.3,30645.3,18094.0
2026-09-25 20:00:00,30645.2,30657.6,30634.3,30645.5,5985.0
2026-09-25 20:15:00,30645.0,30653.5,30637.7,30652.1,2747.0
2026-09-25 20:30:00,30652.2,30672.1,30651.0,30669.5,3155.0
2026-09-25 20:45:00,30669.4,30675.0,30666.8,30672.4,2263.0
2026-09-27 22:00:00,30595.7,30627.9,30569.7,30574.1,6004.0
2026-09-27 22:15:00,30574.0,30595.7,30551.4,30577.4,4354.0
2026-09-27 22:30:00,30577.3,30577.3,30554.0,30560.2,3630.0
2026-09-27 22:45:00,30559.8,30561.0,30536.8,30545.2,2938.0
2026-09-27 23:00:00,30545.1,30565.4,30537.6,30563.0,2417.0
2026-09-27 23:15:00,30563.2,30580.6,30558.9,30572.8,2261.0
2026-09-27 23:30:00,30572.6,30576.9,30554.0,30565.2,3788.0
2026-09-27 23:45:00,30565.0,30602.8,30564.9,30602.4,9614.0
2026-09-28 00:00:00,30602.2,30650.4,30594.0,30649.4,16122.0
2026-09-28 00:15:00,30649.4,30651.4,30620.6,30624.6,12927.0
2026-09-28 00:30:00,30624.6,30627.8,30565.6,30579.0,15664.0
2026-09-28 00:45:00,30579.0,30610.2,30545.2,30551.6,13398.0
2026-09-28 01:00:00,30551.4,30578.6,30540.8,30551.4,19750.0
2026-09-28 01:15:00,30551.4,30566.0,30527.0,30560.8,17310.0
2026-09-28 01:30:00,30560.2,30576.4,30532.4,30536.4,16369.0
2026-09-28 01:45:00,30536.4,30542.4,30495.4,30496.6,15299.0
2026-09-28 02:00:00,30496.6,30513.0,30470.6,30504.8,15496.0
2026-09-28 02:15:00,30504.6,30506.6,30454.6,30471.4,13055.0
2026-09-28 02:30:00,30471.8,30480.4,30445.6,30456.6,11902.0
2026-09-28 02:45:00,30456.6,30459.2,30421.4,30433.4,11579.0
2026-09-28 03:00:00,30433.2,30457.3,30431.8,30433.8,12799.0
2026-09-28 03:15:00,30433.7,30442.7,30417.4,30417.6,11282.0
2026-09-28 03:30:00,30417.8,30423.9,30398.0,30420.8,11766.0
2026-09-28 03:45:00,30421.0,30434.0,30395.0,30401.6,9852.0
2026-09-28 04:00:00,30401.6,30441.4,30391.6,30438.4,8655.0
2026-09-28 04:15:00,30438.0,30450.6,30425.8,30440.8,8164.0
2026-09-28 04:30:00,30440.6,30441.4,30427.4,30437.0,6278.0
2026-09-28 04:45:00,30437.0,30439.0,30421.3,30431.6,6630.0
2026-09-28 05:00:00,30431.8,30458.6,30412.6,30422.8,10988.0
2026-09-28 05:15:00,30422.6,30431.6,30405.8,30417.6,10377.0
2026-09-28 05:30:00,30417.2,30422.7,30384.4,30394.6,13327.0
2026-09-28 05:45:00,30394.6,30414.6,30387.6,30403.4,12601.0
2026-09-28 06:00:00,30403.4,30432.4,30381.8,30387.4,15752.0
2026-09-28 06:15:00,30387.6,30391.4,30336.6,30344.6,14672.0
2026-09-28 06:30:00,30343.4,30390.8,30334.6,30364.8,12030.0
2026-09-28 06:45:00,30365.0,30402.1,30363.4,30399.0,10019.0
2026-09-28 07:00:00,30399.2,30400.0,30344.0,30348.8,17467.0
2026-09-28 07:15:00,30349.0,30370.8,30341.6,30348.8,15251.0
2026-09-28 07:30:00,30350.0,30366.6,30325.6,30332.0,13937.0
2026-09-28 07:45:00,30332.2,30382.4,30331.0,30363.2,13758.0
2026-09-28 08:00:00,30363.1,30389.8,30342.4,30387.0,17996.0
2026-09-28 08:15:00,30387.0,30393.2,30346.0,30375.8,15787.0
2026-09-28 08:30:00,30376.0,30383.6,30324.6,30342.6,14371.0
2026-09-28 08:45:00,30342.2,30353.0,30328.8,30332.4,12411.0
2026-09-28 09:00:00,30331.6,30359.6,30290.2,30297.4,15428.0
2026-09-28 09:15:00,30297.6,30344.4,30288.8,30340.6,12708.0
2026-09-28 09:30:00,30340.3,30348.0,30312.4,30346.4,11908.0
2026-09-28 09:45:00,30346.6,30360.6,30336.2,30345.4,10064.0
2026-09-28 10:00:00,30345.6,30360.0,30302.0,30320.8,12009.0
2026-09-28 10:15:00,30321.0,30332.8,30313.0,30329.6,9904.0
2026-09-28 10:30:00,30329.8,30338.4,30315.2,30329.4,10093.0
2026-09-28 10:45:00,30329.2,30369.4,30327.4,30338.4,9967.0
2026-09-28 11:00:00,30338.6,30395.2,30338.6,30346.2,16859.0
2026-09-28 11:15:00,30345.8,30396.0,30341.6,30395.4,15573.0
2026-09-28 11:30:00,30395.2,30397.7,30372.4,30397.4,10231.0
2026-09-28 11:45:00,30397.4,30402.1,30378.0,30393.2,9639.0
2026-09-28 12:00:00,30392.0,30472.0,30365.6,30456.6,20396.0
2026-09-28 12:15:00,30456.4,30488.4,30441.8,30447.7,14540.0
2026-09-28 12:30:00,30447.6,30480.8,30445.1,30480.6,14499.0
2026-09-28 12:45:00,30481.1,30506.6,30474.0,30492.8,12873.0
2026-09-28 13:00:00,30492.6,30493.4,30450.8,30461.6,13367.0
2026-09-28 13:15:00,30462.0,30477.8,30444.6,30471.0,15219.0
2026-09-28 13:30:00,30472.2,30512.1,30355.1,30365.4,42996.0
2026-09-28 13:45:00,30365.8,30421.8,30336.3,30404.3,40444.0
2026-09-28 14:00:00,30403.6,30411.6,30260.8,30274.8,35671.0
2026-09-28 14:15:00,30274.6,30354.2,30274.1,30300.8,31501.0
2026-09-28 14:30:00,30300.6,30316.8,30178.6,30181.6,30355.0
2026-09-28 14:45:00,30181.6,30187.3,30110.1,30163.1,34939.0
2026-09-28 15:00:00,30163.4,30255.6,30158.6,30235.4,28801.0
2026-09-28 15:15:00,30236.0,30264.8,30201.2,30261.0,28213.0
2026-09-28 15:30:00,30261.0,30298.2,30222.7,30240.2,23670.0
2026-09-28 15:45:00,30240.4,30294.5,30230.0,30289.0,20613.0
2026-09-28 16:00:00,30288.6,30303.6,30265.2,30282.7,20691.0
2026-09-28 16:15:00,30282.8,30488.5,30278.0,30449.8,35772.0
2026-09-28 16:30:00,30450.0,30455.0,30356.0,30367.7,27750.0
2026-09-28 16:45:00,30367.3,30391.5,30354.8,30369.2,21371.0
2026-09-28 17:00:00,30368.8,30459.8,30330.8,30458.0,26880.0
2026-09-28 17:15:00,30457.6,30457.8,30365.4,30380.8,27734.0
2026-09-28 17:30:00,30381.0,30411.0,30380.0,30391.2,18269.0
2026-09-28 17:45:00,30391.4,30407.0,30379.0,30392.5,15572.0
2026-09-28 18:00:00,30392.6,30412.0,30369.0,30405.8,14997.0
2026-09-28 18:15:00,30406.0,30412.3,30372.2,30388.0,13363.0
2026-09-28 18:30:00,30387.8,30398.1,30345.6,30392.5,14115.0
2026-09-28 18:45:00,30392.2,30416.6,30377.2,30405.7,14042.0
2026-09-28 19:00:00,30406.0,30407.5,30340.2,30343.7,16115.0
2026-09-28 19:15:00,30343.6,30372.3,30335.7,30362.7,15765.0
2026-09-28 19:30:00,30362.4,30365.3,30308.3,30327.2,16337.0
2026-09-28 19:45:00,30327.3,30342.1,30301.5,30333.4,18316.0
2026-09-28 20:00:00,30334.0,30344.8,30315.0,30324.0,7324.0
2026-09-28 20:15:00,30324.4,30334.0,30319.8,30330.7,3207.0
2026-09-28 20:30:00,30330.8,30332.4,30317.2,30317.5,2385.0
2026-09-28 20:45:00,30317.6,30333.4,30300.0,30331.1,3459.0
2026-09-28 22:00:00,30323.8,30381.3,30303.4,30367.8,3106.0
2026-09-28 22:15:00,30368.0,30378.4,30358.1,30364.4,1638.0
2026-09-28 22:30:00,30364.5,30368.5,30354.4,30363.7,1069.0
2026-09-28 22:45:00,30363.6,30371.0,30358.5,30367.0,846.0
2026-09-28 23:00:00,30366.2,30367.5,30358.6,30360.3,784.0
2026-09-28 23:15:00,30360.6,30378.4,30360.2,30373.8,1440.0
2026-09-28 23:30:00,30373.4,30378.8,30357.6,30368.6,2119.0
2026-09-28 23:45:00,30368.8,30370.8,30334.8,30345.4,7706.0
2026-09-29 00:00:00,30345.6,30373.3,30335.2,30358.8,18040.0
2026-09-29 00:15:00,30358.8,30363.2,30288.6,30295.8,15099.0
2026-09-29 00:30:00,30295.6,30329.3,30280.0,30316.2,13085.0
2026-09-29 00:45:00,30315.8,30318.0,30261.0,30261.0,12939.0
2026-09-29 01:00:00,30260.6,30296.0,30238.4,30242.0,15785.0
2026-09-29 01:15:00,30242.0,30252.4,30197.4,30250.8,15593.0
2026-09-29 01:30:00,30250.8,30281.6,30242.0,30275.4,13302.0
2026-09-29 01:45:00,30275.2,30284.4,30254.6,30266.5,6086.0
2026-09-29 02:00:00,30266.6,30288.8,30246.8,30279.8,7958.0
2026-09-29 02:15:00,30280.4,30304.2,30266.3,30278.8,10978.0
2026-09-29 02:30:00,30278.6,30285.3,30237.8,30248.8,10590.0
2026-09-29 02:45:00,30248.6,30256.8,30208.0,30230.4,9401.0
2026-09-29 03:00:00,30230.5,30244.5,30179.6,30188.8,9867.0
2026-09-29 03:15:00,30188.0,30243.2,30187.0,30238.8,8444.0
2026-09-29 03:30:00,30238.8,30265.7,30224.7,30252.0,9860.0
2026-09-29 03:45:00,30253.2,30253.2,30200.0,30210.2,9246.0
2026-09-29 04:00:00,30210.4,30217.0,30194.1,30200.1,6867.0
2026-09-29 04:15:00,30200.0,30217.4,30193.7,30193.7,5941.0
2026-09-29 04:30:00,30193.8,30204.6,30186.8,30194.4,8141.0
2026-09-29 04:45:00,30194.6,30211.5,30186.4,30199.2,6780.0
2026-09-29 05:00:00,30199.4,30218.8,30185.4,30206.6,9823.0
2026-09-29 05:15:00,30206.2,30224.0,30186.0,30190.8,9050.0
2026-09-29 05:30:00,30191.1,30192.6,30138.6,30170.6,15756.0
2026-09-29 05:45:00,30171.0,30198.8,30157.2,30197.8,11204.0
2026-09-29 06:00:00,30198.2,30272.0,30192.0,30263.4,12413.0
2026-09-29 06:15:00,30263.8,30294.0,30236.2,30290.8,12776.0
2026-09-29 06:30:00,30291.0,30323.4,30291.0,30322.8,9632.0
2026-09-29 06:45:00,30322.8,30324.5,30303.2,30315.5,5516.0
2026-09-29 07:00:00,30314.2,30331.5,30295.0,30326.6,13123.0
2026-09-29 07:15:00,30326.4,30362.5,30316.8,30344.2,11607.0
2026-09-29 07:30:00,30344.6,30392.4,30342.2,30355.4,10726.0
2026-09-29 07:45:00,30355.4,30362.4,30346.0,30347.0,8574.0
2026-09-29 08:00:00,30347.0,30378.0,30336.2,30350.0,13013.0
2026-09-29 08:15:00,30349.6,30401.2,30349.0,30372.2,13410.0
2026-09-29 08:30:00,30372.3,30393.2,30361.0,30392.8,9867.0
2026-09-29 08:45:00,30392.8,30395.0,30347.7,30367.2,8980.0
2026-09-29 09:00:00,30367.4,30374.4,30339.6,30341.8,10144.0
2026-09-29 09:15:00,30342.0,30343.8,30313.0,30317.0,8277.0
2026-09-29 09:30:00,30317.3,30346.6,30304.6,30346.5,8883.0
2026-09-29 09:45:00,30346.6,30363.4,30324.0,30334.6,12112.0
2026-09-29 10:00:00,30334.8,30382.7,30332.0,30372.0,8828.0
2026-09-29 10:15:00,30372.0,30376.4,30351.8,30376.0,7339.0
2026-09-29 10:30:00,30376.2,30386.2,30356.7,30381.4,8394.0
2026-09-29 10:45:00,30381.5,30409.6,30375.1,30408.4,7676.0
2026-09-29 11:00:00,30408.2,30435.4,30395.8,30405.6,10193.0
2026-09-29 11:15:00,30405.8,30421.2,30401.2,30412.6,7895.0
2026-09-29 11:30:00,30412.8,30433.3,30404.8,30425.8,7789.0
2026-09-29 11:45:00,30426.5,30473.4,30403.8,30448.8,13217.0
2026-09-29 12:00:00,30447.4,30475.4,30445.2,30466.0,11122.0
2026-09-29 12:15:00,30465.8,30484.5,30422.0,30441.8,12063.0
2026-09-29 12:30:00,30441.0,30447.2,30411.0,30418.8,11248.0
2026-09-29 12:45:00,30419.0,30419.5,30396.0,30398.4,8994.0
2026-09-29 13:00:00,30398.5,30433.0,30396.5,30432.4,12094.0
2026-09-29 13:15:00,30432.5,30475.8,30422.0,30475.6,11250.0
2026-09-29 13:30:00,30475.2,30492.0,30312.3,30333.8,41668.0
2026-09-29 13:45:00,30334.0,30422.7,30326.0,30375.8,35098.0
2026-09-29 14:00:00,30375.7,30425.4,30356.2,30395.0,35659.0
2026-09-29 14:15:00,30395.5,30465.2,30365.1,30437.2,32602.0
2026-09-29 14:30:00,30437.4,30466.5,30424.1,30436.0,28874.0
2026-09-29 14:45:00,30436.0,30471.0,30408.2,30430.0,26503.0
2026-09-29 15:00:00,30430.0,30432.2,30360.2,30404.5,26680.0
2026-09-29 15:15:00,30404.4,30415.0,30298.7,30321.6,27565.0
2026-09-29 15:30:00,30322.4,30380.0,30310.7,30344.2,25521.0
2026-09-29 15:45:00,30344.4,30378.6,30319.6,30354.7,26457.0
2026-09-29 16:00:00,30354.8,30362.3,30320.4,30327.7,20152.0
2026-09-29 16:15:00,30327.6,30359.3,30319.2,30352.4,16115.0
2026-09-29 16:30:00,30352.2,30353.2,30286.4,30286.8,16734.0
2026-09-29 16:45:00,30286.9,30336.0,30273.2,30306.4,18692.0
2026-09-29 17:00:00,30306.0,30316.9,30281.7,30311.4,16749.0
2026-09-29 17:15:00,30310.8,30349.4,30290.0,30336.8,16967.0
2026-09-29 17:30:00,30336.7,30353.2,30307.7,30327.7,15469.0
2026-09-29 17:45:00,30328.2,30338.3,30276.9,30290.8,15283.0
2026-09-29 18:00:00,30290.7,30366.2,30290.7,30357.2,25419.0
2026-09-29 18:15:00,30356.9,30388.2,30352.9,30370.6,15666.0
2026-09-29 18:30:00,30370.9,30429.3,30349.3,30407.4,17966.0
2026-09-29 18:45:00,30407.7,30423.4,30393.4,30414.9,12108.0
2026-09-29 19:00:00,30415.2,30425.2,30386.4,30391.4,11976.0
2026-09-29 19:15:00,30391.6,30411.3,30385.9,30393.9,11369.0
2026-09-29 19:30:00,30393.8,30408.3,30368.4,30370.2,11248.0
2026-09-29 19:45:00,30370.2,30415.8,30362.8,30385.4,16543.0
2026-09-29 20:00:00,30385.6,30413.0,30383.0,30398.0,5662.0
2026-09-29 20:15:00,30397.9,30425.8,30394.9,30423.4,2904.0
2026-09-29 20:30:00,30423.6,30445.4,30417.3,30443.2,2814.0
2026-09-29 20:45:00,30443.0,30444.4,30420.7,30425.3,1942.0
2026-09-29 22:00:00,30435.7,30469.7,30434.0,30456.3,1595.0
2026-09-29 22:15:00,30456.0,30475.7,30446.0,30448.4,2581.0
2026-09-29 22:30:00,30448.3,30452.0,30430.0,30436.4,2741.0
2026-09-29 22:45:00,30436.6,30440.7,30429.0,30436.6,1413.0
2026-09-29 23:00:00,30436.7,30452.0,30431.4,30449.0,2264.0
2026-09-29 23:15:00,30449.0,30455.8,30438.2,30446.2,2227.0
2026-09-29 23:30:00,30447.2,30470.7,30438.2,30462.8,2632.0
2026-09-29 23:45:00,30462.8,30481.2,30460.2,30479.8,5011.0
2026-09-30 00:00:00,30480.0,30504.0,30472.7,30497.8,12983.0
2026-09-30 00:15:00,30497.6,30502.8,30459.5,30465.2,10794.0
2026-09-30 00:30:00,30465.0,30480.6,30443.2,30445.3,9508.0
2026-09-30 00:45:00,30445.2,30446.6,30411.2,30421.8,9509.0
2026-09-30 01:00:00,30421.4,30436.6,30401.4,30408.6,12249.0
2026-09-30 01:15:00,30408.8,30418.4,30399.2,30399.8,10407.0
2026-09-30 01:30:00,30399.6,30421.8,30392.7,30410.3,13957.0
2026-09-30 01:45:00,30410.2,30417.7,30398.4,30415.0,11191.0
2026-09-30 02:00:00,30414.8,30425.2,30364.8,30377.2,11442.0
2026-09-30 02:15:00,30378.8,30397.4,30368.6,30373.4,10765.0
2026-09-30 02:30:00,30373.3,30376.6,30340.0,30359.8,10160.0
2026-09-30 02:45:00,30360.0,30388.7,30353.3,30363.0,8428.0
2026-09-30 03:00:00,30363.0,30378.2,30361.8,30369.4,7790.0
2026-09-30 03:15:00,30369.5,30380.0,30358.4,30376.0,7333.0
2026-09-30 03:30:00,30376.2,30416.0,30372.2,30405.6,9347.0
2026-09-30 03:45:00,30406.0,30411.2,30397.0,30407.2,7392.0
2026-09-30 04:00:00,30406.6,30424.3,30398.6,30424.0,6867.0
2026-09-30 04:15:00,30424.2,30428.0,30412.0,30421.0,5588.0
2026-09-30 04:30:00,30420.8,30443.8,30417.2,30437.6,6142.0
2026-09-30 04:45:00,30437.4,30440.0,30407.0,30414.2,5849.0
2026-09-30 05:00:00,30414.5,30429.0,30366.2,30366.2,9272.0
2026-09-30 05:15:00,30366.4,30385.4,30346.8,30379.0,10503.0
2026-09-30 05:30:00,30379.0,30416.0,30376.6,30386.4,11002.0
2026-09-30 05:45:00,30386.3,30404.2,30350.7,30381.5,10459.0
2026-09-30 06:00:00,30380.9,30398.3,30359.0,30359.8,13771.0
2026-09-30 06:15:00,30359.6,30379.5,30357.6,30365.0,10237.0
2026-09-30 06:30:00,30364.2,30368.8,30317.9,30337.3,12003.0
2026-09-30 06:45:00,30337.2,30376.8,30307.7,30354.6,10323.0
2026-09-30 07:00:00,30354.0,30402.6,30349.0,30397.3,14989.0
2026-09-30 07:15:00,30397.2,30451.8,30395.2,30425.4,12954.0
2026-09-30 07:30:00,30425.0,30459.7,30419.8,30447.2,10010.0
2026-09-30 07:45:00,30447.2,30459.2,30443.7,30457.0,7916.0
2026-09-30 08:00:00,30457.0,30474.6,30422.0,30425.8,14102.0
2026-09-30 08:15:00,30425.6,30440.0,30418.0,30431.2,11739.0
2026-09-30 08:30:00,30431.4,30438.6,30402.8,30405.4,11019.0
2026-09-30 08:45:00,30405.2,30423.7,30387.8,30388.0,9877.0
2026-09-30 09:00:00,30387.8,30398.9,30355.6,30398.8,12792.0
2026-09-30 09:15:00,30397.6,30402.2,30376.4,30384.0,9167.0
2026-09-30 09:30:00,30383.8,30409.0,30360.6,30372.0,9651.0
2026-09-30 09:45:00,30372.2,30384.4,30370.8,30382.0,7534.0
2026-09-30 10:00:00,30382.2,30382.2,30348.6,30349.2,8986.0
2026-09-30 10:15:00,30349.3,30372.4,30339.4,30356.2,10486.0
2026-09-30 10:30:00,30356.2,30368.2,30345.4,30359.2,8697.0
2026-09-30 10:45:00,30359.0,30374.4,30352.0,30357.8,8403.0
2026-09-30 11:00:00,30357.8,30357.8,30295.4,30306.6,12574.0
2026-09-30 11:15:00,30306.6,30353.9,30279.7,30342.0,11958.0
2026-09-30 11:30:00,30344.0,30373.2,30336.2,30358.8,9909.0
2026-09-30 11:45:00,30359.0,30366.6,30317.4,30358.0,11661.0
2026-09-30 12:00:00,30357.2,30367.0,30321.6,30343.2,12061.0
2026-09-30 12:15:00,30344.0,30388.6,30304.2,30387.4,13626.0
2026-09-30 12:30:00,30387.6,30546.4,30377.4,30486.4,26675.0
2026-09-30 12:45:00,30486.2,30511.2,30439.9,30482.2,18889.0
2026-09-30 13:00:00,30482.6,30535.2,30479.3,30506.0,15914.0
2026-09-30 13:15:00,30506.2,30513.8,30455.6,30466.7,16025.0
2026-09-30 13:30:00,30466.6,30576.2,30450.7,30535.6,39569.0
2026-09-30 13:45:00,30535.6,30610.7,30485.2,30608.2,38253.0
2026-09-30 14:00:00,30608.2,30659.7,30572.4,30597.9,33299.0
2026-09-30 14:15:00,30597.8,30633.4,30570.2,30594.9,31369.0
2026-09-30 14:30:00,30595.0,30612.2,30547.9,30564.2,32169.0
2026-09-30 14:45:00,30564.2,30649.2,30560.0,30610.9,27987.0
2026-09-30 15:00:00,30610.8,30621.7,30581.2,30595.2,28051.0
2026-09-30 15:15:00,30595.4,30624.2,30573.4,30623.0,23933.0
2026-09-30 15:30:00,30624.0,30644.9,30593.0,30601.0,20908.0
2026-09-30 15:45:00,30600.9,30673.2,30593.8,30646.6,19623.0
2026-09-30 16:00:00,30646.4,30664.0,30633.6,30657.9,15792.0
2026-09-30 16:15:00,30658.2,30660.2,30612.9,30613.8,13754.0
2026-09-30 16:30:00,30613.9,30633.9,30586.9,30628.9,14357.0
2026-09-30 16:45:00,30628.8,30630.2,30601.4,30628.4,12355.0
2026-09-30 17:00:00,30627.7,30638.0,30598.9,30602.7,12092.0
2026-09-30 17:15:00,30602.5,30603.0,30534.0,30561.6,17221.0
2026-09-30 17:30:00,30561.4,30609.6,30560.3,30598.4,14741.0
2026-09-30 17:45:00,30598.6,30635.7,30588.6,30628.6,12505.0
2026-09-30 18:00:00,30628.3,30635.1,30591.7,30629.1,12949.0
2026-09-30 18:15:00,30629.2,30631.6,30580.2,30604.6,13579.0
2026-09-30 18:30:00,30604.3,30609.4,30566.8,30598.1,12684.0
2026-09-30 18:45:00,30597.9,30600.3,30563.3,30584.6,11499.0
2026-09-30 19:00:00,30584.3,30627.3,30583.6,30620.8,11650.0
2026-09-30 19:15:00,30621.1,30621.6,30598.3,30605.6,11107.0
2026-09-30 19:30:00,30604.9,30630.1,30586.3,30599.3,13464.0
2026-09-30 19:45:00,30599.6,30613.8,30454.3,30465.6,26377.0
2026-09-30 20:00:00,30465.4,30500.6,30409.2,30486.0,20280.0
2026-09-30 20:15:00,30485.6,30519.0,30463.6,30513.0,8742.0
2026-09-30 20:30:00,30513.0,30523.6,30502.6,30508.0,7150.0
2026-09-30 20:45:00,30508.0,30509.0,30484.1,30489.3,5804.0
2026-09-30 22:00:00,30478.6,30512.0,30457.9,30507.2,4697.0
2026-09-30 22:15:00,30506.8,30526.2,30503.2,30525.4,3324.0
2026-09-30 22:30:00,30525.4,30566.6,30523.7,30549.2,2897.0
2026-09-30 22:45:00,30548.8,30551.7,30540.8,30543.4,1918.0
2026-09-30 23:00:00,30544.7,30555.4,30527.6,30535.0,2079.0
2026-09-30 23:15:00,30535.0,30564.9,30534.2,30556.0,2514.0
2026-09-30 23:30:00,30556.1,30605.4,30556.1,30599.7,3298.0
2026-09-30 23:45:00,30600.3,30602.1,30588.8,30590.8,4814.0
2026-10-01 00:00:00,30591.4,30597.2,30554.4,30573.2,15496.0
2026-10-01 00:15:00,30573.0,30574.9,30524.8,30530.6,13418.0
2026-10-01 00:30:00,30530.7,30559.2,30497.4,30554.0,15383.0
2026-10-01 00:45:00,30554.0,30565.8,30527.6,30559.8,13325.0
2026-10-01 01:00:00,30560.2,30610.6,30555.4,30589.8,13221.0
2026-10-01 01:15:00,30589.7,30613.0,30576.6,30597.4,11840.0
2026-10-01 01:30:00,30597.4,30617.6,30589.6,30599.8,10852.0
2026-10-01 01:45:00,30600.0,30603.6,30579.6,30592.4,10357.0
2026-10-01 02:00:00,30592.4,30618.0,30587.6,30602.4,11053.0
2026-10-01 02:15:00,30602.6,30629.8,30593.0,30629.4,11276.0
2026-10-01 02:30:00,30629.3,30641.8,30622.8,30635.6,7968.0
2026-10-01 02:45:00,30635.1,30639.4,30622.4,30638.0,7949.0
2026-10-01 03:00:00,30638.1,30659.8,30636.8,30650.6,7087.0
2026-10-01 03:15:00,30650.6,30658.3,30640.3,30648.2,5840.0
2026-10-01 03:30:00,30648.4,30655.4,30632.6,30654.4,7433.0
2026-10-01 03:45:00,30654.6,30705.4,30650.0,30702.0,6161.0
2026-10-01 04:00:00,30701.6,30725.2,30700.0,30720.0,5715.0
2026-10-01 04:15:00,30719.8,30719.8,30694.6,30707.4,6326.0
2026-10-01 04:30:00,30707.4,30732.4,30702.7,30723.6,6438.0
2026-10-01 04:45:00,30723.4,30759.4,30720.6,30756.3,6001.0
2026-10-01 05:00:00,30756.4,30796.6,30756.4,30791.6,7233.0
2026-10-01 05:15:00,30791.8,30839.1,30788.8,30835.6,7158.0
2026-10-01 05:30:00,30835.8,30848.8,30825.7,30832.3,8021.0
2026-10-01 05:45:00,30832.2,30864.6,30813.6,30852.8,6728.0
