timestamp,open,high,low,close,volume
2007-05-29 21:00:00,1901.6,1921.3,1884.1,1919.8,7640.0
2007-05-30 21:00:00,1919.8,1932.5,1919.1,1930.8,6779.0
2007-05-31 21:00:00,1930.8,1941.9,1926.0,1928.8,6546.0
2007-06-03 21:00:00,1928.8,1937.4,1919.6,1933.4,5173.0
2007-06-04 21:00:00,1933.4,1935.3,1916.7,1933.7,7099.0
2007-06-05 21:00:00,1933.7,1936.5,1909.1,1912.9,7792.0
2007-06-06 21:00:00,1912.9,1922.0,1880.2,1883.2,7359.0
2007-06-07 21:00:00,1883.2,1908.1,1872.8,1907.6,3861.0
2007-06-10 21:00:00,1907.6,1918.5,1901.6,1904.3,2032.0
2007-06-11 21:00:00,1904.3,1912.5,1888.3,1888.3,2177.0
2007-06-12 21:00:00,1888.3,1914.3,1887.7,1911.8,1640.0
2007-06-13 21:00:00,1911.8,1930.2,1911.0,1926.0,1010.0
2007-06-14 21:00:00,1926.0,1947.4,1924.3,1944.2,5847.0
2007-06-17 21:00:00,1944.2,1949.6,1937.1,1938.9,4842.0
2007-06-18 21:00:00,1938.9,1947.5,1932.9,1943.1,5606.0
2007-06-19 21:00:00,1943.1,1950.4,1921.3,1924.1,7102.0
2007-06-20 21:00:00,1924.1,1943.8,1914.9,1940.9,9028.0
2007-06-21 21:00:00,1940.9,1942.7,1916.9,1924.8,8078.0
2007-06-24 21:00:00,1924.8,1935.5,1904.6,1918.9,9053.0
2007-06-25 21:00:00,1918.9,1926.0,1901.4,1903.4,8502.0
2007-06-26 21:00:00,1903.4,1934.5,1896.4,1932.6,8671.0
2007-06-27 21:00:00,1932.6,1945.6,1929.6,1937.0,7740.0
2007-06-28 21:00:00,1937.0,1946.8,1920.2,1937.3,7717.0
2007-07-01 21:00:00,1937.3,1954.1,1933.6,1953.6,5298.0
2007-07-02 21:00:00,1953.6,1964.8,1952.4,1962.6,3186.0
2007-07-03 21:00:00,1962.6,1970.2,1958.2,1967.0,704.0
2007-07-04 21:00:00,1967.0,1983.1,1963.5,1977.2,5858.0
2007-07-05 21:00:00,1977.2,1989.3,1972.2,1989.1,5143.0
2007-07-08 21:00:00,1989.1,1994.5,1981.7,1990.6,4431.0
2007-07-09 21:00:00,1990.6,1991.1,1970.1,1973.1,7835.0
2007-07-10 21:00:00,1973.1,1991.2,1964.1,1991.2,7585.0
2007-07-11 21:00:00,1991.2,2019.9,1987.3,2016.0,7123.0
2007-07-12 21:00:00,2016.0,2032.3,2014.6,2028.1,5515.0
2007-07-15 21:00:00,2028.1,2037.5,2023.3,2030.4,5701.0
2007-07-16 21:00:00,2030.4,2046.3,2024.4,2033.7,6615.0
2007-07-17 21:00:00,2033.7,2043.6,2018.5,2042.1,9265.0
2007-07-18 21:00:00,2042.1,2060.2,2036.7,2043.1,7985.0
2007-07-19 21:00:00,2043.1,2048.0,2023.0,2037.5,9281.0
2007-07-22 21:00:00,2037.5,2046.7,2028.6,2032.6,6280.0
2007-07-23 21:00:00,2032.6,2038.3,1995.4,2010.0,9695.0
2007-07-24 21:00:00,2010.0,2019.9,1995.6,2007.1,11427.0
2007-07-25 21:00:00,2007.1,2023.7,1954.5,1986.5,16665.0
2007-07-26 21:00:00,1986.5,1997.4,1946.6,1947.8,15701.0
2007-07-29 21:00:00,1947.8,1982.3,1943.4,1978.9,11595.0
2007-07-30 21:00:00,1978.9,1997.7,1929.2,1937.7,12297.0
2007-07-31 21:00:00,1937.7,1951.8,1910.9,1950.1,16802.0
2007-08-01 21:00:00,1950.1,1968.7,1938.5,1966.3,11412.0
2007-08-02 21:00:00,1966.3,1968.7,1916.6,1928.5,12536.0
2007-08-05 21:00:00,1928.5,1952.9,1912.8,1951.7,13256.0
2007-08-06 21:00:00,1951.7,1977.3,1931.0,1973.8,11578.0
2007-08-07 21:00:00,1973.8,1994.7,1965.7,1987.0,11327.0
2007-08-08 21:00:00,1987.0,1990.9,1931.6,1937.8,16500.0
2007-08-09 21:00:00,1937.8,1944.7,1896.5,1918.4,18452.0
2007-08-12 21:00:00,1918.4,1947.2,1918.4,1932.4,10216.0
2007-08-13 21:00:00,1932.4,1941.7,1900.8,1903.3,12001.0
2007-08-14 21:00:00,1903.3,1914.4,1864.2,1865.7,13876.0
2007-08-15 21:00:00,1865.7,1867.0,1805.2,1855.3,20778.0
2007-08-16 21:00:00,1855.3,1897.2,1821.0,1881.1,16944.0
2007-08-19 21:00:00,1881.1,1899.6,1873.6,1888.9,10808.0
2007-08-20 21:00:00,1888.9,1916.0,1881.0,1911.0,10727.0
2007-08-21 21:00:00,1911.0,1939.2,1910.0,1938.7,8625.0
2007-08-22 21:00:00,1938.7,1952.4,1920.2,1931.5,9984.0
2007-08-23 21:00:00,1931.5,1962.9,1922.8,1962.4,7361.0
2007-08-26 21:00:00,1962.4,1962.4,1942.2,1944.5,6208.0
2007-08-27 21:00:00,1944.5,1946.5,1899.6,1903.6,9042.0
2007-08-28 21:00:00,1903.6,1956.2,1900.2,1955.0,8845.0
2007-08-29 21:00:00,1955.0,1981.3,1941.2,1970.9,10638.0
2007-08-30 21:00:00,1970.9,1994.6,1969.7,1986.9,9206.0
2007-09-02 21:00:00,1986.9,1993.1,1986.1,1991.4,299.0
2007-09-03 21:00:00,1991.4,2034.1,1982.3,2019.2,8102.0
2007-09-04 21:00:00,2019.2,2020.9,1987.5,1996.2,10117.0
2007-09-05 21:00:00,1996.2,2007.1,1984.9,1998.5,8964.0
2007-09-06 21:00:00,1998.5,1999.2,1949.6,1966.3,11357.0
2007-09-09 21:00:00,1966.3,1983.7,1944.6,1965.1,10433.0
2007-09-10 21:00:00,1965.1,1993.6,1963.9,1987.6,8670.0
2007-09-11 21:00:00,1987.6,2007.0,1981.8,1994.3,8304.0
2007-09-12 21:00:00,1994.3,2006.5,1989.2,1998.6,5384.0
2007-09-13 21:00:00,1998.6,2004.8,1980.0,2000.4,2946.0
2007-09-16 21:00:00,2000.4,2000.4,1975.9,1980.5,2346.0
2007-09-17 21:00:00,1980.5,2036.9,1977.3,2035.7,2495.0
2007-09-18 21:00:00,2035.7,2056.9,2032.4,2037.2,1782.0
2007-09-19 21:00:00,2037.2,2043.7,2029.4,2035.5,1505.0
2007-09-20 21:00:00,2035.5,2055.3,2031.6,2045.4,6754.0
2007-09-23 21:00:00,2045.4,2073.5,2044.4,2056.8,7781.0
2007-09-24 21:00:00,2056.8,2080.8,2049.5,2079.6,7380.0
2007-09-25 21:00:00,2079.6,2095.8,2079.3,2089.9,7818.0
2007-09-26 21:00:00,2089.9,2101.3,2089.0,2097.6,6596.0
2007-09-27 21:00:00,2097.6,2102.5,2082.0,2093.2,6689.0
2007-09-30 21:00:00,2093.2,2122.6,2088.8,2113.8,7943.0
2007-10-01 21:00:00,2113.8,2119.8,2104.8,2113.5,7203.0
2007-10-02 21:00:00,2113.5,2118.4,2095.4,2101.4,7656.0
2007-10-03 21:00:00,2101.4,2108.6,2089.2,2102.2,6254.0
2007-10-04 21:00:00,2102.2,2152.9,2102.2,2150.9,8131.0
2007-10-07 21:00:00,2150.9,2163.6,2145.2,2162.1,5499.0
2007-10-08 21:00:00,2162.1,2175.8,2157.1,2173.8,7619.0
2007-10-09 21:00:00,2173.8,2180.0,2165.4,2175.3,6612.0
2007-10-10 21:00:00,2175.3,2195.1,2127.5,2145.8,9512.0
2007-10-11 21:00:00,2145.8,2181.0,2138.5,2181.0,10464.0
2007-10-14 21:00:00,2181.0,2186.2,2144.9,2165.0,10618.0
2007-10-15 21:00:00,2165.0,2174.7,2144.6,2172.2,11004.0
2007-10-16 21:00:00,2172.2,2186.6,2143.7,2183.9,12490.0
2007-10-17 21:00:00,2183.9,2193.1,2161.5,2182.7,11135.0
2007-10-18 21:00:00,2182.7,2201.4,2130.3,2131.1,14713.0
2007-10-21 21:00:00,2131.1,2170.1,2112.5,2168.6,14513.0
2007-10-22 21:00:00,2168.6,2205.3,2167.1,2187.0,11881.0
2007-10-23 21:00:00,2187.0,2194.4,2139.3,2193.2,15839.0
2007-10-24 21:00:00,2193.2,2204.8,2144.8,2189.0,15439.0
2007-10-25 21:00:00,2189.0,2204.6,2173.3,2193.2,12004.0
2007-10-28 21:00:00,2193.2,2215.4,2190.5,2199.5,8314.0
2007-10-29 21:00:00,2199.5,2218.9,2191.0,2203.0,8661.0
2007-10-30 21:00:00,2203.0,2239.3,2197.0,2238.0,10610.0
2007-10-31 21:00:00,2238.0,2242.1,2194.6,2199.8,13551.0
2007-11-01 21:00:00,2199.8,2221.1,2179.4,2210.3,16019.0
2007-11-04 22:00:00,2210.3,2212.3,2179.5,2203.1,13112.0
2007-11-05 22:00:00,2203.1,2224.0,2187.2,2220.1,11421.0
2007-11-06 22:00:00,2220.1,2221.6,2149.4,2149.7,15762.0
2007-11-07 22:00:00,2149.7,2168.8,2070.3,2091.3,20747.0
2007-11-08 22:00:00,2091.3,2104.6,2027.3,2032.5,18918.0
2007-11-11 22:00:00,2032.5,2042.2,1976.3,1977.1,17699.0
2007-11-12 22:00:00,1977.1,2065.2,1973.6,2058.9,15168.0
2007-11-13 22:00:00,2058.9,2092.5,2028.3,2045.0,15615.0
2007-11-14 22:00:00,2045.0,2054.2,2006.9,2025.3,16933.0
2007-11-15 22:00:00,2025.3,2052.2,2005.6,2048.0,15793.0
2007-11-18 22:00:00,2048.0,2056.2,2008.6,2026.1,14574.0
2007-11-19 22:00:00,2026.1,2063.9,1987.9,2029.6,17694.0
2007-11-20 22:00:00,2029.6,2038.5,1985.2,2000.2,16111.0
2007-11-21 22:00:00,2000.2,2010.3,1997.5,2009.3,899.0
2007-11-22 22:00:00,2009.3,2030.5,2003.5,2026.8,5974.0
2007-11-25 22:00:00,2026.8,2047.4,1986.9,1994.9,14265.0
2007-11-26 22:00:00,1994.9,2034.2,1989.4,2026.3,16787.0
2007-11-27 22:00:00,2026.3,2101.3,2018.5,2086.7,14608.0
2007-11-28 22:00:00,2086.7,2108.6,2080.3,2091.4,13686.0
2007-11-29 22:00:00,2091.4,2123.7,2070.9,2089.9,14017.0
2007-12-02 22:00:00,2089.9,2098.8,2065.5,2070.7,11371.0
2007-12-03 22:00:00,2070.7,2072.7,2048.2,2059.0,10672.0
2007-12-04 22:00:00,2059.0,2104.4,2059.0,2103.2,10973.0
2007-12-05 22:00:00,2103.2,2128.6,2094.3,2120.9,10819.0
2007-12-06 22:00:00,2120.9,2135.8,2114.5,2128.9,9326.0
2007-12-09 22:00:00,2128.9,2144.4,2123.0,2144.4,7177.0
2007-12-10 22:00:00,2144.4,2148.6,2082.0,2083.2,9903.0
2007-12-11 22:00:00,2083.2,2130.8,2069.2,2103.9,14078.0
2007-12-12 22:00:00,2103.9,2105.4,2072.4,2089.0,8300.0
2007-12-13 22:00:00,2089.0,2097.9,2069.2,2071.2,3992.0
2007-12-16 22:00:00,2071.2,2080.8,2021.3,2027.5,3377.0
2007-12-17 22:00:00,2027.5,2048.2,1999.5,2031.3,3290.0
2007-12-18 22:00:00,2031.3,2039.9,2016.5,2036.3,1963.0
2007-12-19 22:00:00,2036.3,2081.2,2034.1,2078.2,1810.0
2007-12-20 22:00:00,2078.2,2114.6,2077.3,2113.8,8286.0
2007-12-23 22:00:00,2113.8,2134.1,2109.9,2126.9,3027.0
2007-12-25 22:00:00,2126.9,2143.3,2117.5,2138.3,5116.0
2007-12-26 22:00:00,2138.3,2144.2,2104.4,2110.4,7814.0
2007-12-27 22:00:00,2110.4,2125.9,2092.5,2104.2,7059.0
2007-12-30 22:00:00,2104.2,2108.0,2081.8,2086.3,5748.0
2008-01-01 22:00:00,2086.3,2098.1,2038.2,2052.6,11808.0
2008-01-02 22:00:00,2052.6,2063.7,2038.7,2055.3,10705.0
2008-01-03 22:00:00,2055.3,2064.5,1959.6,1966.8,15157.0
2008-01-06 22:00:00,1966.8,1978.6,1928.3,1959.3,16140.0
2008-01-07 22:00:00,1959.3,1981.8,1906.0,1913.4,15316.0
2008-01-08 22:00:00,1913.4,1948.8,1887.6,1945.1,17786.0
2008-01-09 22:00:00,1945.1,1965.9,1921.5,1941.4,17717.0
2008-01-10 22:00:00,1941.4,1946.8,1897.2,1910.1,16308.0
2008-01-13 22:00:00,1910.1,1950.0,1884.8,1942.0,12147.0
2008-01-14 22:00:00,1942.0,1944.8,1854.7,1854.7,16677.0
2008-01-15 22:00:00,1854.7,1905.0,1845.6,1871.0,20099.0
2008-01-16 22:00:00,1871.0,1891.3,1835.5,1852.3,18966.0
2008-01-17 22:00:00,1852.3,1873.6,1826.0,1835.7,18451.0
2008-01-20 22:00:00,1835.7,1845.5,1743.3,1762.0,4549.0
2008-01-21 22:00:00,1762.0,1816.1,1732.8,1762.8,25333.0
2008-01-22 22:00:00,1762.8,1801.2,1687.4,1794.8,24940.0
2008-01-23 22:00:00,1794.8,1844.9,1787.2,1844.9,18057.0
2008-01-24 22:00:00,1844.9,1861.2,1779.8,1779.8,17048.0
2008-01-27 22:00:00,1779.8,1804.0,1750.9,1792.5,14532.0
2008-01-28 22:00:00,1792.5,1814.3,1787.0,1798.0,11884.0
2008-01-29 22:00:00,1798.0,1839.4,1786.1,1791.7,12922.0
2008-01-30 22:00:00,1791.7,1850.1,1773.8,1822.3,17280.0
2008-01-31 22:00:00,1822.3,1866.6,1820.9,1855.0,15569.0
2008-02-03 22:00:00,1855.0,1859.6,1814.6,1815.6,10489.0
2008-02-04 22:00:00,1815.6,1821.5,1769.8,1779.5,14477.0
2008-02-05 22:00:00,1779.5,1792.4,1719.5,1720.5,14529.0
2008-02-06 22:00:00,1720.5,1776.4,1704.7,1756.5,18124.0
2008-02-07 22:00:00,1756.5,1775.1,1741.8,1769.4,13229.0
2008-02-10 22:00:00,1769.4,1794.7,1755.9,1786.0,12262.0
2008-02-11 22:00:00,1786.0,1809.0,1765.5,1783.7,12803.0
2008-02-12 22:00:00,1783.7,1821.2,1777.0,1817.8,11964.0
2008-02-13 22:00:00,1817.8,1823.4,1780.8,1782.8,12190.0
2008-02-14 22:00:00,1782.8,1792.9,1763.1,1779.3,9840.0
2008-02-17 22:00:00,1779.3,1814.5,1773.3,1813.3,1272.0
2008-02-18 22:00:00,1813.3,1813.3,1756.5,1773.4,12225.0
2008-02-19 22:00:00,1773.4,1789.5,1746.9,1783.8,13680.0
2008-02-20 22:00:00,1783.8,1804.7,1759.1,1767.3,12236.0
2008-02-21 22:00:00,1767.3,1778.2,1736.6,1776.3,11848.0
2008-02-24 22:00:00,1776.3,1789.6,1759.6,1782.1,11074.0
2008-02-25 22:00:00,1782.1,1806.7,1761.3,1792.0,12990.0
2008-02-26 22:00:00,1792.0,1805.2,1773.0,1801.5,12249.0
2008-02-27 22:00:00,1801.5,1807.6,1778.7,1780.7,11835.0
2008-02-28 22:00:00,1780.7,1785.0,1738.8,1751.2,13142.0
2008-03-02 22:00:00,1751.2,1751.2,1714.9,1734.9,11713.0
2008-03-03 22:00:00,1734.9,1747.5,1705.8,1745.6,14549.0
2008-03-04 22:00:00,1745.6,1767.4,1735.8,1754.0,14250.0
2008-03-05 22:00:00,1754.0,1770.0,1708.5,1715.8,13098.0
2008-03-06 22:00:00,1715.8,1731.4,1679.7,1707.2,16190.0
2008-03-09 21:00:00,1707.2,1715.7,1666.8,1668.6,12877.0
2008-03-10 21:00:00,1668.6,1750.2,1667.1,1749.9,15491.0
2008-03-11 21:00:00,1749.9,1764.6,1730.2,1734.7,11820.0
2008-03-12 21:00:00,1734.7,1760.1,1698.1,1746.8,12292.0
2008-03-13 21:00:00,1746.8,1774.7,1695.6,1714.3,9361.0
2008-03-16 21:00:00,1714.3,1747.5,1668.2,1692.2,5596.0
2008-03-17 21:00:00,1692.2,1765.8,1690.2,1764.8,3657.0
2008-03-18 21:00:00,1764.8,1775.2,1716.0,1718.5,3299.0
2008-03-19 21:00:00,1718.5,1752.4,1703.6,1744.2,10928.0
2008-03-23 21:00:00,1744.2,1819.7,1742.2,1813.0,10633.0
2008-03-24 21:00:00,1813.0,1832.7,1800.3,1819.8,11599.0
2008-03-25 21:00:00,1819.8,1822.8,1799.2,1801.4,10681.0
2008-03-26 21:00:00,1801.4,1816.4,1776.6,1786.8,12327.0
2008-03-27 21:00:00,1786.8,1803.0,1761.7,1773.4,10408.0
2008-03-30 21:00:00,1773.4,1790.3,1761.4,1780.1,9823.0
2008-03-31 21:00:00,1780.1,1856.0,1771.2,1852.5,11578.0
2008-04-01 21:00:00,1852.5,1872.0,1837.3,1853.5,11160.0
2008-04-02 21:00:00,1853.5,1867.6,1836.4,1861.8,10439.0
2008-04-03 21:00:00,1861.8,1885.1,1846.7,1863.4,11265.0
2008-04-06 21:00:00,1863.4,1887.8,1853.9,1857.2,9709.0
2008-04-07 21:00:00,1857.2,1860.2,1838.1,1849.8,8907.0
2008-04-08 21:00:00,1849.8,1860.5,1815.0,1830.2,10643.0
2008-04-09 21:00:00,1830.2,1864.6,1818.5,1854.9,9986.0
2008-04-10 21:00:00,1854.9,1864.2,1793.9,1801.9,10989.0
2008-04-13 21:00:00,1801.9,1808.6,1786.4,1792.2,9192.0
2008-04-14 21:00:00,1792.2,1816.2,1776.5,1813.9,9807.0
2008-04-15 21:00:00,1813.9,1864.4,1809.5,1857.9,11452.0
2008-04-16 21:00:00,1857.9,1872.4,1829.5,1870.4,10184.0
2008-04-17 21:00:00,1870.4,1909.7,1865.7,1897.0,10665.0
2008-04-20 21:00:00,1897.0,1915.7,1888.9,1905.7,7629.0
2008-04-21 21:00:00,1905.7,1908.0,1868.1,1890.8,9645.0
2008-04-22 21:00:00,1890.8,1914.5,1884.6,1887.6,10421.0
2008-04-23 21:00:00,1887.6,1944.8,1882.4,1909.4,13655.0
2008-04-24 21:00:00,1909.4,1929.2,1894.3,1916.2,11030.0
2008-04-27 21:00:00,1916.2,1937.4,1914.4,1923.5,7451.0
2008-04-28 21:00:00,1923.5,1943.5,1914.8,1934.5,8756.0
2008-04-29 21:00:00,1934.5,1955.5,1912.6,1920.4,10936.0
2008-04-30 21:00:00,1920.4,1981.6,1917.4,1979.8,11157.0
2008-05-01 21:00:00,1979.8,2003.6,1965.9,1986.7,12060.0
2008-05-04 21:00:00,1986.7,1993.9,1966.1,1977.7,7551.0
2008-05-05 21:00:00,1977.7,2001.0,1958.3,1999.0,10959.0
2008-05-06 21:00:00,1999.0,2001.8,1946.4,1957.4,11365.0
2008-05-07 21:00:00,1957.4,1980.4,1954.7,1959.0,10969.0
2008-05-08 21:00:00,1959.0,1970.0,1947.8,1960.8,9122.0
2008-05-11 21:00:00,1960.8,2000.2,1958.2,1995.8,8488.0
2008-05-12 21:00:00,1995.8,2005.8,1982.3,2001.3,8790.0
2008-05-13 21:00:00,2001.3,2029.6,1992.4,1994.4,10180.0
2008-05-14 21:00:00,1994.4,2033.9,1991.2,2032.0,10794.0
2008-05-15 21:00:00,2032.0,2038.5,2009.8,2032.8,9410.0
2008-05-18 21:00:00,2032.8,2051.5,2005.6,2021.8,9362.0
2008-05-19 21:00:00,2021.8,2023.1,1987.7,2004.9,10226.0
2008-05-20 21:00:00,2004.9,2016.2,1951.8,1961.8,12818.0
2008-05-21 21:00:00,1961.8,1979.1,1955.4,1963.4,11784.0
2008-05-22 21:00:00,1963.4,1967.2,1943.7,1957.5,10034.0
2008-05-25 21:00:00,1957.5,1966.0,1951.9,1961.5,438.0
2008-05-26 21:00:00,1961.5,1996.5,1954.8,1991.8,10033.0
2008-05-27 21:00:00,1991.8,2006.8,1981.4,2000.6,10237.0
2008-05-28 21:00:00,2000.6,2031.2,1997.9,2024.4,10680.0
2008-05-29 21:00:00,2024.4,2042.0,2021.7,2033.0,8383.0
2008-06-01 21:00:00,2033.0,2036.7,1989.5,2010.5,9952.0
2008-06-02 21:00:00,2010.5,2027.8,1977.6,1996.1,12338.0
2008-06-03 21:00:00,1996.1,2036.7,1984.9,2018.5,12513.0
2008-06-04 21:00:00,2018.5,2059.0,2016.2,2055.8,10958.0
2008-06-05 21:00:00,2055.8,2061.1,1986.6,1987.6,14090.0
2008-06-08 21:00:00,1987.6,1999.6,1948.2,1985.4,14444.0
2008-06-09 21:00:00,1985.4,1988.7,1955.7,1972.0,13141.0
2008-06-10 21:00:00,1972.0,1983.0,1922.6,1924.8,12500.0
2008-06-11 21:00:00,1924.8,1954.1,1909.7,1930.9,9392.0
2008-06-12 21:00:00,1930.9,1969.7,1919.0,1963.2,6267.0
2008-06-15 21:00:00,1963.2,1992.2,1952.2,1977.0,4222.0
2008-06-16 21:00:00,1977.0,1995.5,1969.8,1975.6,3540.0
2008-06-17 21:00:00,1975.6,1979.4,1943.4,1948.9,3451.0
2008-06-18 21:00:00,1948.9,1992.0,1934.7,1983.0,3006.0
2008-06-19 21:00:00,1983.0,1984.0,1917.9,1931.1,13381.0
2008-06-22 21:00:00,1931.1,1942.6,1902.1,1906.8,11295.0
2008-06-23 21:00:00,1906.8,1925.6,1886.2,1905.4,13398.0
2008-06-24 21:00:00,1905.4,1951.3,1903.2,1918.0,12225.0
2008-06-25 21:00:00,1918.0,1919.3,1854.1,1859.3,14664.0
2008-06-26 21:00:00,1859.3,1869.1,1827.6,1856.5,14878.0
2008-06-29 21:00:00,1856.5,1864.7,1834.6,1841.6,12331.0
2008-06-30 21:00:00,1841.6,1863.8,1807.8,1862.6,16256.0
2008-07-01 21:00:00,1862.6,1879.1,1812.9,1814.7,14939.0
2008-07-02 21:00:00,1814.7,1830.9,1798.5,1815.8,10624.0
2008-07-03 21:00:00,1815.8,1820.8,1806.1,1807.4,656.0
2008-07-06 21:00:00,1807.4,1847.0,1796.7,1826.9,14258.0
2008-07-07 21:00:00,1826.9,1869.0,1803.5,1859.1,16061.0
2008-07-08 21:00:00,1859.1,1869.9,1816.6,1820.1,14243.0
2008-07-09 21:00:00,1820.1,1845.1,1803.0,1841.6,17034.0
2008-07-10 21:00:00,1841.6,1852.8,1781.2,1812.1,18476.0
2008-07-13 21:00:00,1812.1,1843.7,1790.4,1795.9,15609.0
2008-07-14 21:00:00,1795.9,1826.4,1758.9,1800.5,18778.0
2008-07-15 21:00:00,1800.5,1843.5,1779.4,1833.8,17095.0
2008-07-16 21:00:00,1833.8,1862.0,1819.9,1822.9,16132.0
2008-07-17 21:00:00,1822.9,1841.9,1814.2,1822.2,12994.0
2008-07-20 21:00:00,1822.2,1839.0,1794.4,1796.1,11849.0
2008-07-21 21:00:00,1796.1,1822.6,1782.2,1819.7,13124.0
2008-07-22 21:00:00,1819.7,1864.1,1816.5,1845.2,14028.0
2008-07-23 21:00:00,1845.2,1856.7,1806.9,1813.1,13272.0
2008-07-24 21:00:00,1813.1,1847.9,1809.7,1834.9,11335.0
2008-07-27 21:00:00,1834.9,1848.9,1795.3,1806.8,11364.0
2008-07-28 21:00:00,1806.8,1850.0,1801.6,1837.1,12162.0
2008-07-29 21:00:00,1837.1,1861.3,1823.2,1852.4,13199.0
2008-07-30 21:00:00,1852.4,1873.6,1827.5,1850.5,13860.0
2008-07-31 21:00:00,1850.5,1858.3,1803.2,1827.6,13372.0
2008-08-03 21:00:00,1827.6,1832.3,1799.5,1808.0,10553.0
2008-08-04 21:00:00,1808.0,1870.9,1805.5,1869.7,11890.0
2008-08-05 21:00:00,1869.7,1902.2,1851.6,1892.2,12962.0
2008-08-06 21:00:00,1892.2,1903.1,1872.6,1884.6,12079.0
2008-08-07 21:00:00,1884.6,1927.6,1875.0,1919.4,11695.0
2008-08-10 21:00:00,1919.4,1961.6,1914.6,1937.9,11813.0
2008-08-11 21:00:00,1937.9,1956.5,1927.8,1943.3,11946.0
2008-08-12 21:00:00,1943.3,1955.3,1919.9,1938.6,12599.0
2008-08-13 21:00:00,1938.6,1969.2,1929.7,1964.2,11729.0
2008-08-14 21:00:00,1964.2,1973.0,1948.8,1961.1,10974.0
2008-08-17 21:00:00,1961.1,1972.6,1920.5,1939.7,10939.0
2008-08-18 21:00:00,1939.7,1943.2,1899.8,1915.3,11935.0
2008-08-19 21:00:00,1915.3,1932.9,1899.4,1911.2,12051.0
2008-08-20 21:00:00,1911.2,1913.5,1885.5,1905.3,11628.0
2008-08-21 21:00:00,1905.3,1938.3,1898.3,1927.6,9626.0
2008-08-24 21:00:00,1927.6,1928.2,1884.5,1893.5,10493.0
2008-08-25 21:00:00,1893.5,1901.3,1874.3,1888.8,9583.0
2008-08-26 21:00:00,1888.8,1914.2,1879.7,1897.2,10376.0
2008-08-27 21:00:00,1897.2,1921.7,1888.8,1905.3,9613.0
2008-08-28 21:00:00,1905.3,1905.8,1865.4,1873.7,10062.0
2008-08-31 21:00:00,1873.7,1877.2,1865.9,1875.2,733.0
2008-09-01 21:00:00,1875.2,1913.5,1842.4,1851.4,13320.0
2008-09-02 21:00:00,1851.4,1857.7,1820.2,1832.5,12785.0
2008-09-03 21:00:00,1832.5,1834.5,1772.4,1774.4,13063.0
2008-09-04 21:00:00,1774.4,1779.2,1740.0,1767.7,15280.0
2008-09-07 21:00:00,1767.7,1814.2,1734.3,1758.3,17379.0
2008-09-08 21:00:00,1758.3,1779.3,1719.9,1728.9,14936.0
2008-09-09 21:00:00,1728.9,1755.0,1725.2,1736.7,14715.0
2008-09-10 21:00:00,1736.7,1779.3,1706.6,1779.3,12637.0
2008-09-11 21:00:00,1779.3,1779.3,1743.4,1773.7,7330.0
2008-09-14 21:00:00,1773.7,1773.7,1705.7,1715.0,5878.0
2008-09-15 21:00:00,1715.0,1740.5,1683.8,1709.1,6079.0
2008-09-16 21:00:00,1709.1,1739.1,1634.2,1642.9,4972.0
2008-09-17 21:00:00,1642.9,1706.2,1605.7,1698.0,4598.0
2008-09-18 21:00:00,1698.0,1791.8,1695.0,1729.7,20578.0
2008-09-21 21:00:00,1729.7,1742.9,1656.1,1663.3,13750.0
2008-09-22 21:00:00,1663.3,1693.3,1639.8,1642.5,16472.0
2008-09-23 21:00:00,1642.5,1673.7,1642.3,1664.3,15561.0
2008-09-24 21:00:00,1664.3,1705.7,1656.6,1664.9,15947.0
2008-09-25 21:00:00,1664.9,1675.9,1622.4,1668.9,15735.0
2008-09-28 21:00:00,1668.9,1679.3,1487.8,1503.3,20482.0
2008-09-29 21:00:00,1503.3,1598.4,1500.8,1588.2,16925.0
2008-09-30 21:00:00,1588.2,1592.7,1545.2,1572.4,15676.0
2008-10-01 21:00:00,1572.4,1583.4,1489.3,1503.0,16339.0
2008-10-02 21:00:00,1503.0,1554.1,1468.3,1470.7,18595.0
2008-10-05 21:00:00,1470.7,1473.4,1338.1,1401.5,23101.0
2008-10-06 21:00:00,1401.5,1433.7,1326.9,1330.2,23122.0
2008-10-07 21:00:00,1330.2,1387.5,1275.7,1306.3,28499.0
2008-10-08 21:00:00,1306.3,1367.4,1257.9,1264.6,22807.0
2008-10-09 21:00:00,1264.6,1320.9,1193.5,1270.9,29036.0
2008-10-12 21:00:00,1270.9,1453.9,1270.9,1447.9,19939.0
2008-10-13 21:00:00,1447.9,1493.1,1348.1,1384.3,24549.0
2008-10-14 21:00:00,1384.3,1386.0,1220.5,1225.2,22592.0
2008-10-15 21:00:00,1225.2,1325.4,1186.9,1312.9,27453.0
2008-10-16 21:00:00,1312.9,1366.8,1264.4,1307.8,23328.0
2008-10-19 21:00:00,1307.8,1357.8,1286.6,1346.6,19545.0
2008-10-20 21:00:00,1346.6,1351.4,1266.5,1268.5,19712.0
2008-10-21 21:00:00,1268.5,1319.6,1204.3,1242.9,21663.0
2008-10-22 21:00:00,1242.9,1261.1,1172.2,1247.7,25091.0
2008-10-23 21:00:00,1247.7,1249.7,1151.0,1188.9,22091.0
2008-10-26 21:00:00,1188.9,1224.8,1133.3,1156.3,21187.0
2008-10-27 21:00:00,1156.3,1304.9,1147.8,1294.2,21398.0
2008-10-28 21:00:00,1294.2,1342.3,1267.5,1296.7,21160.0
2008-10-29 21:00:00,1296.7,1350.8,1293.2,1336.4,20235.0
2008-10-30 21:00:00,1336.4,1357.0,1301.8,1332.8,18210.0
2008-11-02 22:00:00,1332.8,1352.9,1319.0,1338.3,13673.0
2008-11-03 22:00:00,1338.3,1380.2,1330.3,1374.5,15561.0
2008-11-04 22:00:00,1374.5,1385.5,1274.3,1275.8,17516.0
2008-11-05 22:00:00,1275.8,1291.8,1232.0,1245.2,20502.0
2008-11-06 22:00:00,1245.2,1286.9,1240.5,1286.7,17796.0
2008-11-09 22:00:00,1286.7,1318.3,1232.8,1252.7,15740.0
2008-11-10 22:00:00,1252.7,1259.2,1205.7,1219.1,16244.0
2008-11-11 22:00:00,1219.1,1242.1,1157.6,1158.8,17464.0
2008-11-12 22:00:00,1158.8,1241.0,1106.2,1232.5,22834.0
2008-11-13 22:00:00,1232.5,1234.5,1153.0,1153.5,20227.0
2008-11-16 22:00:00,1153.5,1186.6,1137.9,1151.9,18450.0
2008-11-17 22:00:00,1151.9,1173.5,1111.1,1166.2,20230.0
2008-11-18 22:00:00,1166.2,1170.0,1081.2,1086.4,19854.0
2008-11-19 22:00:00,1086.4,1112.7,1029.8,1045.5,23418.0
2008-11-20 22:00:00,1045.5,1090.8,1016.1,1085.3,22199.0
2008-11-23 22:00:00,1085.3,1162.4,1070.7,1141.2,19731.0
2008-11-24 22:00:00,1141.2,1170.2,1116.3,1135.7,19556.0
2008-11-25 22:00:00,1135.7,1193.5,1121.0,1190.0,17050.0
2008-11-26 22:00:00,1190.0,1194.5,1178.5,1192.8,892.0
2008-11-27 22:00:00,1192.8,1198.1,1169.9,1180.1,6359.0
2008-11-30 22:00:00,1180.1,1187.0,1088.4,1089.2,15115.0
2008-12-01 22:00:00,1089.2,1135.2,1088.4,1131.7,18097.0
2008-12-02 22:00:00,1131.7,1165.5,1095.3,1156.7,18963.0
2008-12-03 22:00:00,1156.7,1168.0,1108.1,1130.1,17950.0
2008-12-04 22:00:00,1130.1,1179.9,1094.2,1174.1,18737.0
2008-12-07 22:00:00,1174.1,1237.0,1170.0,1204.8,16835.0
2008-12-08 22:00:00,1204.8,1251.8,1199.8,1217.9,17924.0
2008-12-09 22:00:00,1217.9,1238.9,1202.7,1214.9,15656.0
2008-12-10 22:00:00,1214.9,1229.0,1170.5,1174.8,10507.0
2008-12-11 22:00:00,1174.8,1214.6,1133.6,1211.6,10457.0
2008-12-14 22:00:00,1211.6,1222.2,1166.5,1192.3,5804.0
2008-12-15 22:00:00,1192.3,1245.6,1187.8,1235.4,5632.0
2008-12-16 22:00:00,1235.4,1242.2,1204.4,1226.2,3198.0
2008-12-17 22:00:00,1226.2,1234.0,1193.0,1215.5,2146.0
2008-12-18 22:00:00,1215.5,1237.3,1208.8,1210.5,11934.0
2008-12-21 22:00:00,1210.5,1223.0,1169.3,1196.3,9759.0
2008-12-22 22:00:00,1196.3,1205.8,1175.8,1186.0,8881.0
2008-12-23 22:00:00,1186.0,1188.8,1178.3,1180.5,2791.0
2008-12-25 22:00:00,1180.5,1190.6,1178.3,1185.6,2459.0
2008-12-28 22:00:00,1185.6,1197.6,1155.8,1176.6,6344.0
2008-12-29 22:00:00,1176.6,1207.6,1175.1,1205.6,7701.0
2008-12-30 22:00:00,1205.6,1224.3,1196.3,1199.6,6597.0
2009-01-01 22:00:00,1199.6,1267.6,1199.6,1253.3,9026.0
2009-01-04 22:00:00,1253.3,1274.6,1243.8,1261.3,11010.0
2009-01-05 22:00:00,1261.3,1286.6,1259.1,1268.1,12035.0
2009-01-06 22:00:00,1268.1,1272.6,1227.4,1240.6,12074.0
2009-01-07 22:00:00,1240.6,1252.1,1222.9,1248.9,10919.0
2009-01-08 22:00:00,1248.9,1255.9,1215.6,1220.9,11624.0
2009-01-11 22:00:00,1220.9,1225.6,1186.2,1208.1,9887.0
2009-01-12 22:00:00,1208.1,1218.1,1184.7,1202.2,12978.0
2009-01-13 22:00:00,1202.2,1210.4,1143.2,1144.4,13676.0
2009-01-14 22:00:00,1144.4,1190.7,1138.2,1179.2,16751.0
2009-01-15 22:00:00,1179.2,1200.7,1164.2,1196.9,14950.0
2009-01-18 22:00:00,1196.9,1221.9,1182.2,1189.2,2220.0
2009-01-19 22:00:00,1189.2,1194.7,1131.7,1142.0,15004.0
2009-01-20 22:00:00,1142.0,1201.7,1139.7,1194.7,15441.0
2009-01-21 22:00:00,1194.7,1201.4,1146.2,1170.0,16614.0
2009-01-22 22:00:00,1170.0,1190.7,1141.2,1164.0,16652.0
2009-01-25 22:00:00,1164.0,1201.0,1146.5,1184.0,13730.0
2009-01-26 22:00:00,1184.0,1200.0,1176.0,1191.5,12830.0
2009-01-27 22:00:00,1191.5,1244.2,1191.2,1228.2,13112.0
2009-01-28 22:00:00,1228.2,1230.0,1195.7,1205.2,12851.0
2009-01-29 22:00:00,1205.2,1214.0,1173.8,1181.5,13675.0
2009-02-01 22:00:00,1181.5,1201.8,1153.3,1189.0,12959.0
2009-02-02 22:00:00,1189.0,1217.5,1177.3,1207.0,12792.0
2009-02-03 22:00:00,1207.0,1242.5,1203.5,1207.3,12336.0
2009-02-04 22:00:00,1207.3,1248.8,1184.8,1234.8,16255.0
2009-02-05 22:00:00,1234.8,1279.3,1230.0,1275.5,13082.0
2009-02-08 22:00:00,1275.5,1285.3,1257.8,1274.3,9346.0
2009-02-09 22:00:00,1274.3,1285.8,1221.3,1231.0,15135.0
2009-02-10 22:00:00,1231.0,1239.3,1206.3,1225.3,13168.0
2009-02-11 22:00:00,1225.3,1246.8,1202.6,1244.8,16297.0
2009-02-12 22:00:00,1244.8,1254.8,1226.1,1229.6,13329.0
2009-02-15 22:00:00,1229.6,1229.6,1206.3,1207.6,1539.0
2009-02-16 22:00:00,1207.6,1213.1,1179.1,1185.8,14533.0
2009-02-17 22:00:00,1185.8,1203.8,1171.3,1176.3,14946.0
2009-02-18 22:00:00,1176.3,1201.3,1165.1,1168.3,13709.0
2009-02-19 22:00:00,1168.3,1182.9,1149.9,1172.6,15862.0
2009-02-22 22:00:00,1172.6,1195.9,1125.4,1134.6,14945.0
2009-02-23 22:00:00,1134.6,1176.6,1133.6,1164.9,14645.0
2009-02-24 22:00:00,1164.9,1184.1,1141.9,1154.9,15388.0
2009-02-25 22:00:00,1154.9,1174.6,1126.6,1131.1,14455.0
2009-02-26 22:00:00,1131.1,1138.6,1107.2,1112.2,15722.0
2009-03-01 22:00:00,1112.2,1115.7,1074.2,1086.2,15091.0
2009-03-02 22:00:00,1086.2,1102.2,1061.9,1067.4,15296.0
2009-03-03 22:00:00,1067.4,1124.9,1065.4,1105.4,14758.0
2009-03-04 22:00:00,1105.4,1108.9,1071.9,1082.4,14941.0
2009-03-05 22:00:00,1082.4,1089.2,1042.9,1075.7,15603.0
2009-03-08 21:00:00,1075.7,1087.7,1040.2,1045.2,14849.0
2009-03-09 21:00:00,1045.2,1112.5,1044.0,1110.0,13436.0
2009-03-10 21:00:00,1110.0,1135.7,1105.0,1124.5,14875.0
2009-03-11 21:00:00,1124.5,1167.7,1111.7,1163.7,9988.0
2009-03-12 21:00:00,1163.7,1176.0,1149.2,1171.0,6116.0
2009-03-15 21:00:00,1171.0,1181.7,1144.0,1151.5,5003.0
2009-03-16 21:00:00,1151.5,1192.5,1148.5,1190.2,3995.0
2009-03-17 21:00:00,1190.2,1225.2,1180.0,1214.0,4188.0
2009-03-18 21:00:00,1214.0,1223.5,1196.0,1204.5,2141.0
2009-03-19 21:00:00,1204.5,1222.0,1179.4,1189.2,12317.0
2009-03-22 21:00:00,1189.2,1260.3,1188.7,1255.5,12645.0
2009-03-23 21:00:00,1255.5,1257.3,1233.9,1234.9,11605.0
2009-03-24 21:00:00,1234.9,1263.7,1207.4,1239.7,14420.0
2009-03-25 21:00:00,1239.7,1284.0,1239.4,1277.0,14180.0
2009-03-26 21:00:00,1277.0,1279.2,1250.1,1256.4,11962.0
2009-03-29 21:00:00,1256.4,1256.6,1205.5,1226.3,12690.0
2009-03-30 21:00:00,1226.3,1259.8,1224.0,1229.0,11874.0
2009-03-31 21:00:00,1229.0,1256.3,1212.0,1252.5,13254.0
2009-04-01 21:00:00,1252.5,1312.8,1251.0,1305.1,15326.0
2009-04-02 21:00:00,1305.1,1319.8,1295.3,1319.3,12014.0
2009-04-05 21:00:00,1319.3,1329.5,1287.7,1316.5,11383.0
2009-04-06 21:00:00,1316.5,1319.2,1269.1,1283.4,11400.0
2009-04-07 21:00:00,1283.4,1307.7,1268.9,1303.2,11090.0
2009-04-08 21:00:00,1303.2,1343.2,1301.2,1339.4,10555.0
2009-04-12 21:00:00,1339.4,1345.1,1323.3,1336.8,8254.0
2009-04-13 21:00:00,1336.8,1342.8,1307.0,1307.8,11907.0
2009-04-14 21:00:00,1307.8,1321.8,1295.5,1319.0,11641.0
2009-04-15 21:00:00,1319.0,1360.0,1309.0,1344.5,12772.0
2009-04-16 21:00:00,1344.5,1362.5,1338.5,1354.5,9728.0
2009-04-19 21:00:00,1354.5,1354.5,1303.1,1315.8,10662.0
2009-04-20 21:00:00,1315.8,1331.6,1301.3,1329.3,12027.0
2009-04-21 21:00:00,1329.3,1363.3,1316.3,1334.1,13527.0
2009-04-22 21:00:00,1334.1,1355.1,1320.5,1348.0,13896.0
2009-04-23 21:00:00,1348.0,1379.8,1337.0,1376.1,12778.0
2009-04-26 21:00:00,1376.1,1384.7,1351.7,1370.5,12430.0
2009-04-27 21:00:00,1370.5,1379.0,1352.9,1357.7,11008.0
2009-04-28 21:00:00,1357.7,1398.7,1356.7,1380.4,11078.0
2009-04-29 21:00:00,1380.4,1418.7,1377.9,1391.2,12937.0
2009-04-30 21:00:00,1391.2,1404.1,1382.4,1400.1,9030.0
2009-05-03 21:00:00,1400.1,1427.1,1398.8,1426.3,10620.0
2009-05-04 21:00:00,1426.3,1429.1,1407.5,1427.5,10569.0
2009-05-05 21:00:00,1427.5,1436.8,1400.3,1421.8,14250.0
2009-05-06 21:00:00,1421.8,1438.0,1376.7,1392.0,13126.0
2009-05-07 21:00:00,1392.0,1411.5,1376.9,1389.2,13506.0
2009-05-10 21:00:00,1389.2,1410.9,1367.1,1395.1,12249.0
2009-05-11 21:00:00,1395.1,1407.6,1361.8,1386.1,12357.0
2009-05-12 21:00:00,1386.1,1390.5,1339.2,1344.8,12215.0
2009-05-13 21:00:00,1344.8,1369.7,1337.7,1356.5,11768.0
2009-05-14 21:00:00,1356.5,1374.0,1342.5,1354.7,11254.0
2009-05-17 21:00:00,1354.7,1393.4,1343.4,1390.1,10363.0
2009-05-18 21:00:00,1390.1,1411.4,1379.9,1391.1,10812.0
2009-05-19 21:00:00,1391.1,1423.9,1387.3,1393.8,11889.0
2009-05-20 21:00:00,1393.8,1394.1,1352.8,1370.8,12474.0
2009-05-21 21:00:00,1370.8,1380.0,1353.3,1361.5,9477.0
2009-05-24 21:00:00,1361.5,1368.2,1349.9,1363.9,1100.0
2009-05-25 21:00:00,1363.9,1415.2,1343.4,1412.4,10992.0
2009-05-26 21:00:00,1412.4,1429.4,1398.4,1401.9,11788.0
2009-05-27 21:00:00,1401.9,1424.9,1389.9,1419.1,11724.0
2009-05-28 21:00:00,1419.1,1441.3,1411.8,1437.8,9876.0
2009-05-31 21:00:00,1437.8,1482.8,1430.5,1470.8,10780.0
2009-06-01 21:00:00,1470.8,1495.0,1465.0,1478.5,9540.0
2009-06-02 21:00:00,1478.5,1485.0,1459.5,1476.7,9481.0
2009-06-03 21:00:00,1476.7,1493.9,1474.2,1493.4,8929.0
2009-06-04 21:00:00,1493.4,1512.4,1478.9,1495.2,11368.0
2009-06-07 21:00:00,1495.2,1500.3,1467.1,1492.6,10149.0
2009-06-08 21:00:00,1492.6,1509.8,1486.8,1500.0,9601.0
2009-06-09 21:00:00,1500.0,1518.0,1473.8,1496.5,11089.0
2009-06-10 21:00:00,1496.5,1512.2,1488.5,1490.2,7582.0
2009-06-11 21:00:00,1490.2,1497.5,1469.9,1486.7,4412.0
2009-06-14 21:00:00,1486.7,1486.7,1444.8,1458.8,4060.0
2009-06-15 21:00:00,1458.8,1469.6,1442.8,1445.1,3523.0
2009-06-16 21:00:00,1445.1,1470.8,1439.5,1454.3,2727.0
2009-06-17 21:00:00,1454.3,1464.3,1444.8,1452.0,1418.0
2009-06-18 21:00:00,1452.0,1477.8,1450.3,1467.0,9372.0
2009-06-21 21:00:00,1467.0,1471.5,1422.4,1429.4,10022.0
2009-06-22 21:00:00,1429.4,1435.2,1412.9,1424.4,9689.0
2009-06-23 21:00:00,1424.4,1457.9,1420.9,1446.7,9422.0
2009-06-24 21:00:00,1446.7,1477.7,1433.9,1473.7,10625.0
2009-06-25 21:00:00,1473.7,1482.9,1464.9,1477.7,7753.0
2009-06-28 21:00:00,1477.7,1493.4,1467.6,1482.4,7904.0
2009-06-29 21:00:00,1482.4,1492.7,1466.6,1476.4,8793.0
2009-06-30 21:00:00,1476.4,1497.1,1475.1,1479.4,8802.0
2009-07-01 21:00:00,1479.4,1479.9,1442.1,1445.8,8001.0
2009-07-02 21:00:00,1445.8,1448.3,1443.1,1444.1,114.0
2009-07-05 21:00:00,1444.1,1444.8,1423.3,1441.0,8134.0
2009-07-06 21:00:00,1441.0,1447.5,1402.0,1407.0,8830.0
2009-07-07 21:00:00,1407.0,1416.0,1393.5,1410.8,10406.0
2009-07-08 21:00:00,1410.8,1422.0,1407.3,1414.3,8233.0
2009-07-09 21:00:00,1414.3,1427.0,1403.7,1416.5,8564.0
2009-07-12 21:00:00,1416.5,1447.5,1400.2,1442.7,10723.0
2009-07-13 21:00:00,1442.7,1475.0,1438.0,1473.5,9664.0
2009-07-14 21:00:00,1473.5,1500.2,1467.0,1496.5,10104.0
2009-07-15 21:00:00,1496.5,1521.0,1489.7,1511.2,10179.0
2009-07-16 21:00:00,1511.2,1529.7,1505.5,1529.2,8717.0
2009-07-19 21:00:00,1529.2,1544.4,1524.2,1538.7,8943.0
2009-07-20 21:00:00,1538.7,1560.2,1529.2,1559.9,10718.0
2009-07-21 21:00:00,1559.9,1571.9,1545.9,1559.2,10042.0
2009-07-22 21:00:00,1559.2,1604.4,1555.7,1573.9,11234.0
2009-07-23 21:00:00,1573.9,1600.9,1572.7,1599.4,9554.0
2009-07-26 21:00:00,1599.4,1609.6,1579.1,1598.1,9068.0
2009-07-27 21:00:00,1598.1,1608.6,1582.1,1601.4,10432.0
2009-07-28 21:00:00,1601.4,1604.1,1584.3,1601.4,10370.0
2009-07-29 21:00:00,1601.4,1632.6,1599.6,1607.8,10741.0
2009-07-30 21:00:00,1607.8,1619.3,1599.1,1601.6,9280.0
2009-08-02 21:00:00,1601.6,1628.8,1601.1,1627.3,9551.0
2009-08-03 21:00:00,1627.3,1632.8,1613.3,1631.5,8577.0
2009-08-04 21:00:00,1631.5,1632.0,1603.0,1607.0,9517.0
2009-08-05 21:00:00,1607.0,1623.3,1594.3,1601.3,10343.0
2009-08-06 21:00:00,1601.3,1628.3,1595.8,1619.8,9726.0
2009-08-09 21:00:00,1619.8,1620.0,1598.2,1612.0,7985.0
2009-08-10 21:00:00,1612.0,1618.2,1586.5,1597.7,9244.0
2009-08-11 21:00:00,1597.7,1634.2,1587.7,1621.7,10197.0
2009-08-12 21:00:00,1621.7,1638.9,1610.4,1632.9,8873.0
2009-08-13 21:00:00,1632.9,1634.4,1595.4,1616.4,8788.0
2009-08-16 21:00:00,1616.4,1616.4,1561.6,1567.1,11392.0
2009-08-17 21:00:00,1567.1,1588.6,1564.4,1584.9,9613.0
2009-08-18 21:00:00,1584.9,1600.6,1564.8,1597.6,9555.0
2009-08-19 21:00:00,1597.6,1618.6,1591.3,1613.8,7945.0
2009-08-20 21:00:00,1613.8,1639.8,1601.1,1635.8,8817.0
2009-08-23 21:00:00,1635.8,1648.3,1629.3,1633.3,9027.0
2009-08-24 21:00:00,1633.3,1655.8,1625.5,1637.0,8795.0
2009-08-25 21:00:00,1637.0,1649.5,1627.8,1636.8,8864.0
2009-08-26 21:00:00,1636.8,1643.8,1610.8,1639.8,9959.0
2009-08-27 21:00:00,1639.8,1668.8,1631.0,1643.0,9950.0
2009-08-30 21:00:00,1643.0,1645.2,1616.0,1624.2,8114.0
2009-08-31 21:00:00,1624.2,1649.2,1590.4,1595.7,12431.0
2009-09-01 21:00:00,1595.7,1603.2,1585.4,1592.7,10393.0
2009-09-02 21:00:00,1592.7,1608.4,1584.7,1605.7,7988.0
2009-09-03 21:00:00,1605.7,1640.7,1602.4,1636.4,8972.0
2009-09-06 21:00:00,1636.4,1647.6,1634.1,1646.4,1253.0
2009-09-07 21:00:00,1646.4,1656.6,1640.9,1652.4,7372.0
2009-09-08 21:00:00,1652.4,1677.1,1645.1,1667.3,9476.0
2009-09-09 21:00:00,1667.3,1686.3,1662.1,1684.8,6446.0
2009-09-10 21:00:00,1684.8,1691.1,1674.1,1685.8,4242.0
2009-09-13 21:00:00,1685.8,1693.5,1667.5,1688.0,3138.0
2009-09-14 21:00:00,1688.0,1703.5,1681.5,1695.0,2940.0
2009-09-15 21:00:00,1695.0,1725.0,1695.0,1718.5,2161.0
2009-09-16 21:00:00,1718.5,1737.0,1714.0,1722.5,1991.0
2009-09-17 21:00:00,1722.5,1732.2,1714.7,1722.5,7461.0
2009-09-20 21:00:00,1722.5,1735.7,1708.7,1728.4,8410.0
2009-09-21 21:00:00,1728.4,1743.2,1727.4,1735.9,7419.0
2009-09-22 21:00:00,1735.9,1755.2,1722.6,1725.6,9009.0
2009-09-23 21:00:00,1725.6,1738.6,1697.8,1700.1,11050.0
2009-09-24 21:00:00,1700.1,1710.6,1690.8,1698.8,10539.0
2009-09-27 21:00:00,1698.8,1734.3,1689.7,1724.5,8864.0
2009-09-28 21:00:00,1724.5,1732.5,1708.5,1715.7,8349.0
2009-09-29 21:00:00,1715.7,1731.7,1691.2,1715.5,11120.0
2009-09-30 21:00:00,1715.5,1723.5,1665.6,1671.1,11400.0
2009-10-01 21:00:00,1671.1,1676.4,1651.4,1663.4,10796.0
2009-10-04 21:00:00,1663.4,1682.8,1659.5,1676.8,8655.0
2009-10-05 21:00:00,1676.8,1712.8,1675.8,1703.6,10148.0
2009-10-06 21:00:00,1703.6,1715.8,1697.8,1713.0,8170.0
2009-10-07 21:00:00,1713.0,1732.0,1711.5,1715.0,9979.0
2009-10-08 21:00:00,1715.0,1729.3,1708.0,1728.0,8082.0
2009-10-11 21:00:00,1728.0,1742.0,1718.2,1728.5,6763.0
2009-10-12 21:00:00,1728.5,1746.5,1721.9,1742.5,7890.0
2009-10-13 21:00:00,1742.5,1755.9,1741.2,1750.7,8773.0
2009-10-14 21:00:00,1750.7,1755.7,1738.4,1750.4,7947.0
2009-10-15 21:00:00,1750.4,1758.2,1726.4,1734.1,9655.0
2009-10-18 21:00:00,1734.1,1774.6,1724.6,1773.1,9275.0
2009-10-19 21:00:00,1773.1,1773.8,1744.8,1757.8,9544.0
2009-10-20 21:00:00,1757.8,1780.5,1747.3,1751.8,10322.0
2009-10-21 21:00:00,1751.8,1767.5,1738.8,1764.8,10639.0
2009-10-22 21:00:00,1764.8,1779.5,1748.0,1753.7,11037.0
2009-10-25 21:00:00,1753.7,1778.2,1738.7,1747.9,11339.0
2009-10-26 21:00:00,1747.9,1752.9,1714.1,1721.9,12330.0
2009-10-27 21:00:00,1721.9,1724.1,1678.3,1681.1,13243.0
2009-10-28 21:00:00,1681.1,1714.1,1678.3,1706.8,10378.0
2009-10-29 21:00:00,1706.8,1712.6,1661.0,1663.5,13475.0
2009-11-01 22:00:00,1663.5,1688.7,1651.2,1672.7,13813.0
2009-11-02 22:00:00,1672.7,1678.4,1652.4,1675.7,11750.0
2009-11-03 22:00:00,1675.7,1700.7,1674.7,1686.2,10803.0
2009-11-04 22:00:00,1686.2,1722.9,1672.4,1721.2,9892.0
2009-11-05 22:00:00,1721.2,1737.4,1705.9,1730.9,9556.0
2009-11-08 22:00:00,1730.9,1768.4,1728.6,1767.4,8166.0
2009-11-09 22:00:00,1767.4,1777.3,1759.8,1774.8,8190.0
2009-11-10 22:00:00,1774.8,1793.1,1771.8,1784.1,8736.0
2009-11-11 22:00:00,1784.1,1794.3,1769.3,1773.3,9280.0
2009-11-12 22:00:00,1773.3,1793.3,1771.0,1788.0,7918.0
2009-11-15 22:00:00,1788.0,1814.5,1788.0,1803.7,8470.0
2009-11-16 22:00:00,1803.7,1812.4,1796.0,1809.7,7239.0
2009-11-17 22:00:00,1809.7,1813.9,1789.7,1801.7,7871.0
2009-11-18 22:00:00,1801.7,1802.7,1760.6,1769.9,8671.0
2009-11-19 22:00:00,1769.9,1774.6,1755.6,1764.1,7179.0
2009-11-22 22:00:00,1764.1,1802.1,1762.8,1790.5,7133.0
2009-11-23 22:00:00,1790.5,1794.0,1776.3,1787.3,6715.0
2009-11-24 22:00:00,1787.3,1800.0,1786.0,1794.8,5531.0
2009-11-25 22:00:00,1794.8,1797.5,1747.0,1750.2,2238.0
2009-11-26 22:00:00,1750.2,1780.2,1724.0,1759.5,8534.0
2009-11-29 22:00:00,1759.5,1775.2,1750.6,1768.1,10174.0
2009-11-30 22:00:00,1768.1,1799.4,1765.9,1790.4,7437.0
2009-12-01 22:00:00,1790.4,1806.8,1786.6,1792.1,7559.0
2009-12-02 22:00:00,1792.1,1807.1,1777.3,1777.3,7851.0
2009-12-03 22:00:00,1777.3,1816.6,1773.0,1795.0,10581.0
2009-12-06 22:00:00,1795.0,1799.0,1779.2,1788.0,7292.0
2009-12-07 22:00:00,1788.0,1790.0,1760.5,1769.0,9862.0
2009-12-08 22:00:00,1769.0,1793.4,1758.9,1793.4,8988.0
2009-12-09 22:00:00,1793.4,1808.7,1786.4,1800.7,6411.0
2009-12-10 22:00:00,1800.7,1812.7,1784.6,1794.1,4114.0
2009-12-13 22:00:00,1794.1,1811.1,1788.3,1807.1,2543.0
2009-12-14 22:00:00,1807.1,1813.8,1793.3,1798.3,2328.0
2009-12-15 22:00:00,1798.3,1815.0,1796.5,1800.8,2110.0
2009-12-16 22:00:00,1800.8,1804.0,1776.8,1786.8,1751.0
2009-12-17 22:00:00,1786.8,1809.3,1785.8,1807.8,8272.0
2009-12-20 22:00:00,1807.8,1835.5,1805.0,1827.0,7198.0
2009-12-21 22:00:00,1827.0,1842.7,1827.0,1842.2,5701.0
2009-12-22 22:00:00,1842.2,1854.7,1838.7,1854.7,5327.0
2009-12-23 22:00:00,1854.7,1871.2,1853.4,1870.2,3170.0
2009-12-27 22:00:00,1870.2,1883.1,1864.4,1876.1,4993.0
2009-12-28 22:00:00,1876.1,1882.9,1870.8,1873.6,3985.0
2009-12-29 22:00:00,1873.6,1881.8,1863.8,1879.1,4602.0
2009-12-30 22:00:00,1879.1,1883.3,1860.8,1868.5,3469.0
2010-01-03 22:00:00,1868.5,1890.5,1867.0,1888.5,6944.0
2010-01-04 22:00:00,1888.5,1891.0,1877.5,1886.0,6576.0
2010-01-05 22:00:00,1886.0,1893.0,1873.7,1879.2,7324.0
2010-01-06 22:00:00,1879.2,1881.9,1867.2,1878.9,7682.0
2010-01-07 22:00:00,1878.9,1893.9,1866.4,1891.2,7921.0
2010-01-10 22:00:00,1891.2,1901.4,1875.6,1879.8,7424.0
2010-01-11 22:00:00,1879.8,1885.1,1851.3,1866.8,9035.0
2010-01-12 22:00:00,1866.8,1890.8,1854.5,1883.3,8818.0
2010-01-13 22:00:00,1883.3,1895.3,1877.3,1893.0,6822.0
2010-01-14 22:00:00,1893.0,1894.3,1856.0,1864.2,9532.0
2010-01-17 22:00:00,1864.2,1876.2,1859.7,1875.4,1611.0
2010-01-18 22:00:00,1875.4,1896.4,1858.7,1888.7,8330.0
2010-01-19 22:00:00,1888.7,1893.4,1846.6,1870.2,10183.0
2010-01-20 22:00:00,1870.2,1884.6,1837.9,1839.9,13352.0
2010-01-21 22:00:00,1839.9,1850.4,1790.6,1798.1,14146.0
2010-01-24 22:00:00,1798.1,1814.0,1785.3,1804.8,11160.0
2010-01-25 22:00:00,1804.8,1824.8,1786.5,1802.7,12353.0
2010-01-26 22:00:00,1802.7,1822.5,1788.7,1810.5,13552.0
2010-01-27 22:00:00,1810.5,1821.0,1760.2,1779.2,15072.0
2010-01-28 22:00:00,1779.2,1790.2,1732.7,1739.7,15192.0
2010-01-31 22:00:00,1739.7,1759.1,1737.9,1758.3,10142.0
2010-02-01 22:00:00,1758.3,1778.8,1748.6,1772.1,9959.0
2010-02-02 22:00:00,1772.1,1791.8,1764.3,1790.1,9408.0
2010-02-03 22:00:00,1790.1,1792.8,1732.3,1733.8,12152.0
2010-02-04 22:00:00,1733.8,1748.5,1711.5,1745.8,15764.0
2010-02-07 22:00:00,1745.8,1754.5,1731.2,1733.2,10041.0
2010-02-08 22:00:00,1733.2,1768.0,1733.0,1754.7,12112.0
2010-02-09 22:00:00,1754.7,1763.4,1736.9,1746.9,10684.0
2010-02-10 22:00:00,1746.9,1779.4,1737.4,1777.9,11931.0
2010-02-11 22:00:00,1777.9,1784.2,1754.7,1783.9,11454.0
2010-02-14 22:00:00,1783.9,1785.1,1775.8,1778.1,1273.0
2010-02-15 22:00:00,1778.1,1802.1,1778.1,1800.1,8270.0
2010-02-16 22:00:00,1800.1,1813.3,1798.1,1811.6,8013.0
2010-02-17 22:00:00,1811.6,1825.3,1805.3,1809.3,8692.0
2010-02-18 22:00:00,1809.3,1830.5,1801.5,1819.5,8801.0
2010-02-21 22:00:00,1819.5,1833.2,1810.7,1820.0,7671.0
2010-02-22 22:00:00,1820.0,1829.5,1785.7,1800.4,9829.0
2010-02-23 22:00:00,1800.4,1820.2,1796.9,1813.2,8972.0
2010-02-24 22:00:00,1813.2,1816.4,1781.2,1812.4,11308.0
2010-02-25 22:00:00,1812.4,1822.6,1804.1,1822.6,7934.0
2010-02-28 22:00:00,1822.6,1848.6,1821.6,1845.3,7702.0
2010-03-01 22:00:00,1845.3,1862.6,1842.8,1853.1,7666.0
2010-03-02 22:00:00,1853.1,1861.6,1846.0,1850.8,6770.0
2010-03-03 22:00:00,1850.8,1861.0,1844.5,1858.3,6393.0
2010-03-04 22:00:00,1858.3,1889.8,1857.5,1885.0,7096.0
2010-03-07 22:00:00,1885.0,1895.0,1883.5,1888.7,5909.0
2010-03-08 22:00:00,1888.7,1912.2,1881.4,1902.2,8824.0
2010-03-09 22:00:00,1902.2,1921.2,1900.2,1917.7,8554.0
2010-03-10 22:00:00,1917.7,1926.9,1909.4,1925.9,6588.0
2010-03-11 22:00:00,1925.9,1932.4,1916.6,1926.1,3402.0
2010-03-14 21:00:00,1926.1,1927.8,1906.6,1919.8,2508.0
2010-03-15 21:00:00,1919.8,1934.5,1919.1,1930.3,2221.0
2010-03-16 21:00:00,1930.3,1946.3,1930.0,1936.5,1695.0
2010-03-17 21:00:00,1936.5,1945.5,1931.8,1944.5,1481.0
2010-03-18 21:00:00,1944.5,1951.0,1924.9,1933.7,7546.0
2010-03-21 21:00:00,1933.7,1956.9,1921.9,1951.1,7293.0
2010-03-22 21:00:00,1951.1,1964.6,1943.1,1964.4,6920.0
2010-03-23 21:00:00,1964.4,1964.6,1948.6,1953.6,7203.0
2010-03-24 21:00:00,1953.6,1976.3,1947.8,1948.3,8076.0
2010-03-25 21:00:00,1948.3,1965.5,1941.8,1952.8,8406.0
2010-03-28 21:00:00,1952.8,1968.7,1952.8,1962.2,6257.0
2010-03-29 21:00:00,1962.2,1974.4,1954.9,1965.2,6602.0
2010-03-30 21:00:00,1965.2,1969.9,1954.9,1960.4,6984.0
2010-03-31 21:00:00,1960.4,1979.6,1943.3,1956.1,8794.0
2010-04-01 21:00:00,1956.1,1964.3,1951.1,1963.8,673.0
2010-04-04 21:00:00,1963.8,1981.0,1957.5,1976.5,6092.0
2010-04-05 21:00:00,1976.5,1988.0,1967.5,1980.2,5935.0
2010-04-06 21:00:00,1980.2,1986.7,1966.7,1976.9,7197.0
2010-04-07 21:00:00,1976.9,1984.7,1961.4,1981.4,7714.0
2010-04-08 21:00:00,1981.4,1994.9,1977.1,1994.9,5805.0
2010-04-11 21:00:00,1994.9,2003.8,1990.0,1993.3,5671.0
2010-04-12 21:00:00,1993.3,2012.5,1986.3,2009.5,6442.0
2010-04-13 21:00:00,2009.5,2029.8,2009.5,2029.0,6596.0
2010-04-14 21:00:00,2029.0,2039.8,2020.0,2030.7,6506.0
2010-04-15 21:00:00,2030.7,2037.2,1999.7,2010.9,12049.0
2010-04-18 21:00:00,2010.9,2018.4,1987.6,2012.8,10212.0
2010-04-19 21:00:00,2012.8,2042.1,2009.1,2041.1,8293.0
2010-04-20 21:00:00,2041.1,2041.3,2019.5,2021.5,8857.0
2010-04-21 21:00:00,2021.5,2046.8,2002.3,2035.8,11414.0
2010-04-22 21:00:00,2035.8,2055.3,2031.3,2053.8,8672.0
2010-04-25 21:00:00,2053.8,2060.4,2044.7,2049.2,7126.0
2010-04-26 21:00:00,2049.2,2052.2,2000.3,2010.8,12052.0
2010-04-27 21:00:00,2010.8,2024.1,1991.1,2008.6,12256.0
2010-04-28 21:00:00,2008.6,2045.6,2006.3,2041.8,9919.0
2010-04-29 21:00:00,2041.8,2048.6,1999.5,2005.5,11351.0
2010-05-02 21:00:00,2005.5,2039.4,2000.7,2026.4,8894.0
2010-05-03 21:00:00,2026.4,2029.9,1953.6,1971.1,13127.0
2010-05-04 21:00:00,1971.1,1973.3,1936.0,1959.3,13874.0
2010-05-05 21:00:00,1959.3,1964.3,1733.9,1879.2,19122.0
2010-05-06 21:00:00,1879.2,1909.0,1807.2,1850.4,25669.0
2010-05-09 21:00:00,1850.4,1944.4,1850.4,1943.7,19164.0
2010-05-10 21:00:00,1943.7,1965.9,1916.1,1932.1,14975.0
2010-05-11 21:00:00,1932.1,1977.1,1918.1,1968.3,12973.0
2010-05-12 21:00:00,1968.3,1982.6,1939.6,1945.6,12716.0
2010-05-13 21:00:00,1945.6,1951.5,1884.3,1910.8,15727.0
2010-05-16 21:00:00,1910.8,1920.4,1871.4,1915.4,16053.0
2010-05-17 21:00:00,1915.4,1932.7,1877.6,1883.6,16202.0
2010-05-18 21:00:00,1883.6,1894.6,1850.3,1873.6,19547.0
2010-05-19 21:00:00,1873.6,1875.8,1791.5,1794.8,21791.0
2010-05-20 21:00:00,1794.8,1834.5,1766.8,1818.5,22107.0
2010-05-23 21:00:00,1818.5,1840.4,1796.7,1808.2,15727.0
2010-05-24 21:00:00,1808.2,1822.9,1755.9,1822.4,19898.0
2010-05-25 21:00:00,1822.4,1850.4,1787.1,1792.9,16921.0
2010-05-26 21:00:00,1792.9,1864.9,1783.1,1864.4,15297.0
2010-05-27 21:00:00,1864.4,1874.8,1836.1,1851.8,14460.0
2010-05-30 21:00:00,1851.8,1866.5,1850.8,1861.0,1733.0
2010-05-31 21:00:00,1861.0,1878.5,1825.0,1835.0,15797.0
2010-06-01 21:00:00,1835.0,1879.7,1832.0,1878.4,13382.0
2010-06-02 21:00:00,1878.4,1899.7,1871.4,1893.2,13399.0
2010-06-03 21:00:00,1893.2,1904.7,1824.6,1835.4,17164.0
2010-06-06 21:00:00,1835.4,1845.8,1794.3,1796.3,16505.0
2010-06-07 21:00:00,1796.3,1818.0,1770.3,1794.3,17665.0
2010-06-08 21:00:00,1794.3,1823.7,1774.0,1780.2,14851.0
2010-06-09 21:00:00,1780.2,1832.0,1775.7,1823.7,12111.0
2010-06-10 21:00:00,1823.7,1848.9,1808.2,1844.2,8424.0
2010-06-13 21:00:00,1844.2,1877.3,1844.1,1846.8,5032.0
2010-06-14 21:00:00,1846.8,1899.1,1846.3,1892.6,3829.0
2010-06-15 21:00:00,1892.6,1913.5,1880.0,1904.5,2891.0
2010-06-16 21:00:00,1904.5,1918.0,1894.0,1911.0,2211.0
2010-06-17 21:00:00,1911.0,1925.0,1905.5,1909.2,9803.0
2010-06-20 21:00:00,1909.2,1941.5,1884.2,1901.0,12899.0
2010-06-21 21:00:00,1901.0,1917.2,1877.0,1881.2,13287.0
2010-06-22 21:00:00,1881.2,1890.5,1858.2,1869.2,12527.0
2010-06-23 21:00:00,1869.2,1875.5,1837.9,1850.0,14254.0
2010-06-24 21:00:00,1850.0,1856.9,1827.9,1839.4,13869.0
2010-06-27 21:00:00,1839.4,1851.9,1821.7,1833.2,11489.0
2010-06-28 21:00:00,1833.2,1839.9,1750.7,1763.2,15298.0
2010-06-29 21:00:00,1763.2,1777.9,1733.4,1736.4,13681.0
2010-06-30 21:00:00,1736.4,1746.1,1698.6,1728.4,17135.0
2010-07-01 21:00:00,1728.4,1745.9,1710.6,1720.9,12991.0
2010-07-04 21:00:00,1720.9,1728.9,1717.9,1720.4,2366.0
2010-07-05 21:00:00,1720.4,1762.6,1706.1,1734.9,14019.0
2010-07-06 21:00:00,1734.9,1789.9,1722.6,1789.4,12112.0
2010-07-07 21:00:00,1789.4,1803.6,1774.9,1796.4,12382.0
2010-07-08 21:00:00,1796.4,1815.6,1789.6,1811.9,9273.0
2010-07-11 21:00:00,1811.9,1829.8,1801.6,1825.1,9394.0
2010-07-12 21:00:00,1825.1,1862.3,1818.3,1857.6,11958.0
2010-07-13 21:00:00,1857.6,1866.3,1838.6,1851.8,11803.0
2010-07-14 21:00:00,1851.8,1864.6,1829.1,1852.6,12926.0
2010-07-15 21:00:00,1852.6,1856.3,1800.3,1802.3,13269.0
2010-07-18 21:00:00,1802.3,1821.6,1784.3,1797.8,11645.0
2010-07-19 21:00:00,1797.8,1857.8,1782.8,1852.3,13937.0
2010-07-20 21:00:00,1852.3,1860.3,1811.5,1814.5,13772.0
2010-07-21 21:00:00,1814.5,1869.3,1812.8,1849.0,12129.0
2010-07-22 21:00:00,1849.0,1876.5,1844.8,1874.5,12584.0
2010-07-25 21:00:00,1874.5,1888.5,1866.3,1886.8,9991.0
2010-07-26 21:00:00,1886.8,1901.0,1878.5,1887.0,10056.0
2010-07-27 21:00:00,1887.0,1895.0,1865.0,1868.3,10514.0
2010-07-28 21:00:00,1868.3,1886.5,1839.3,1857.8,12618.0
2010-07-29 21:00:00,1857.8,1873.5,1832.0,1864.0,12459.0
2010-08-01 21:00:00,1864.0,1901.8,1864.0,1894.2,9348.0
2010-08-02 21:00:00,1894.2,1898.2,1880.2,1895.0,8518.0
2010-08-03 21:00:00,1895.0,1910.2,1883.5,1906.7,9654.0
2010-08-04 21:00:00,1906.7,1913.0,1891.2,1903.5,8032.0
2010-08-05 21:00:00,1903.5,1908.0,1872.2,1905.7,11737.0
2010-08-08 21:00:00,1905.7,1918.2,1898.7,1913.0,6691.0
2010-08-09 21:00:00,1913.0,1914.2,1881.0,1897.0,10452.0
2010-08-10 21:00:00,1897.0,1898.0,1824.2,1825.7,11823.0
2010-08-11 21:00:00,1825.7,1838.4,1806.9,1829.7,12548.0
2010-08-12 21:00:00,1829.7,1842.9,1815.4,1816.7,9446.0
2010-08-15 21:00:00,1816.7,1833.4,1800.4,1821.2,10066.0
2010-08-16 21:00:00,1821.2,1860.7,1817.2,1841.9,9727.0
2010-08-17 21:00:00,1841.9,1862.2,1831.2,1840.2,9983.0
2010-08-18 21:00:00,1840.2,1850.2,1810.7,1822.2,11420.0
2010-08-19 21:00:00,1822.2,1829.6,1808.6,1826.9,9783.0
2010-08-22 21:00:00,1826.9,1842.6,1804.9,1809.4,10161.0
2010-08-23 21:00:00,1809.4,1810.1,1766.4,1771.6,11493.0
2010-08-24 21:00:00,1771.6,1798.6,1756.9,1790.9,12244.0
2010-08-25 21:00:00,1790.9,1802.9,1763.6,1765.6,11605.0
2010-08-26 21:00:00,1765.6,1794.3,1746.1,1790.6,12543.0
2010-08-29 21:00:00,1790.6,1805.1,1768.3,1770.8,9561.0
2010-08-30 21:00:00,1770.8,1781.6,1754.8,1774.6,12139.0
2010-08-31 21:00:00,1774.6,1825.1,1771.8,1820.1,10715.0
2010-09-01 21:00:00,1820.1,1841.3,1813.1,1838.1,8889.0
2010-09-02 21:00:00,1838.1,1871.3,1834.6,1867.6,9958.0
2010-09-05 21:00:00,1867.6,1877.6,1865.8,1869.6,1282.0
2010-09-06 21:00:00,1869.6,1873.8,1854.0,1858.3,8961.0
2010-09-07 21:00:00,1858.3,1888.0,1852.3,1879.0,9955.0
2010-09-08 21:00:00,1879.0,1897.8,1874.8,1885.8,7182.0
2010-09-09 21:00:00,1885.8,1896.8,1880.0,1891.8,4738.0
2010-09-12 21:00:00,1891.8,1925.0,1891.8,1919.3,3513.0
2010-09-13 21:00:00,1919.3,1938.8,1912.5,1923.8,3180.0
2010-09-14 21:00:00,1923.8,1943.5,1917.0,1942.5,2297.0
2010-09-15 21:00:00,1942.5,1957.8,1932.3,1956.8,2371.0
2010-09-16 21:00:00,1956.8,1973.0,1945.7,1955.2,9854.0
2010-09-19 21:00:00,1955.2,1993.7,1951.6,1984.9,9242.0
2010-09-20 21:00:00,1984.9,2003.2,1979.9,1986.1,9711.0
2010-09-21 21:00:00,1986.1,1997.4,1973.3,1986.1,10833.0
2010-09-22 21:00:00,1986.1,2003.1,1965.5,1985.3,10778.0
2010-09-23 21:00:00,1985.3,2024.8,1981.5,2022.1,9817.0
2010-09-26 21:00:00,2022.1,2033.5,2009.7,2011.2,8498.0
2010-09-27 21:00:00,2011.2,2023.0,1980.2,2013.4,12296.0
2010-09-28 21:00:00,2013.4,2020.9,2001.1,2010.6,9986.0
2010-09-29 21:00:00,2010.6,2030.9,1986.1,1998.6,13778.0
2010-09-30 21:00:00,1998.6,2018.1,1987.8,1996.6,11222.0
2010-10-03 21:00:00,1996.6,2000.2,1963.4,1980.7,10616.0
2010-10-04 21:00:00,1980.7,2027.2,1978.2,2021.7,10571.0
2010-10-05 21:00:00,2021.7,2027.0,1992.6,2008.7,11252.0
2010-10-06 21:00:00,2008.7,2021.4,1996.1,2016.4,10488.0
2010-10-07 21:00:00,2016.4,2031.6,1984.3,2024.3,11431.0
2010-10-10 21:00:00,2024.3,2037.3,2021.0,2027.3,6322.0
2010-10-11 21:00:00,2027.3,2045.7,2006.5,2043.7,10499.0
2010-10-12 21:00:00,2043.7,2067.5,2038.0,2058.2,9445.0
2010-10-13 21:00:00,2058.2,2073.2,2043.7,2073.2,10985.0
2010-10-14 21:00:00,2073.2,2099.9,2062.4,2098.4,12165.0
2010-10-17 21:00:00,2098.4,2106.3,2059.6,2063.1,10111.0
2010-10-18 21:00:00,2063.1,2086.8,2053.5,2068.5,14732.0
2010-10-19 21:00:00,2068.5,2100.5,2064.5,2091.0,10253.0
2010-10-20 21:00:00,2091.0,2106.5,2068.7,2083.5,11410.0
2010-10-21 21:00:00,2083.5,2106.4,2079.2,2106.4,7937.0
2010-10-24 21:00:00,2106.4,2127.1,2103.9,2110.6,8339.0
2010-10-25 21:00:00,2110.6,2123.8,2094.3,2119.6,8808.0
2010-10-26 21:00:00,2119.6,2126.8,2104.0,2122.3,9900.0
2010-10-27 21:00:00,2122.3,2138.0,2111.0,2131.8,10169.0
2010-10-28 21:00:00,2131.8,2137.2,2118.5,2125.2,8509.0
2010-10-31 21:00:00,2125.2,2148.1,2116.9,2129.9,9665.0
2010-11-01 21:00:00,2129.9,2155.3,2127.9,2152.6,7648.0
2010-11-02 21:00:00,2152.6,2167.6,2131.6,2167.1,10941.0
2010-11-03 21:00:00,2167.1,2192.3,2164.3,2184.1,9391.0
2010-11-04 21:00:00,2184.1,2192.0,2178.3,2186.0,8719.0
2010-11-07 22:00:00,2186.0,2190.7,2175.2,2183.7,7039.0
2010-11-08 22:00:00,2183.7,2199.4,2165.6,2175.9,9171.0
2010-11-09 22:00:00,2175.9,2188.6,2161.3,2169.3,10557.0
2010-11-10 22:00:00,2169.3,2176.8,2143.5,2173.3,11098.0
2010-11-11 22:00:00,2173.3,2175.5,2120.5,2135.2,13684.0
2010-11-14 22:00:00,2135.2,2151.9,2123.9,2125.9,9599.0
2010-11-15 22:00:00,2125.9,2126.6,2084.6,2095.6,12618.0
2010-11-16 22:00:00,2095.6,2110.3,2089.0,2097.3,9753.0
2010-11-17 22:00:00,2097.3,2147.8,2096.8,2135.0,9622.0
2010-11-18 22:00:00,2135.0,2139.5,2120.7,2134.7,8197.0
2010-11-21 22:00:00,2134.7,2156.1,2121.9,2153.6,11318.0
2010-11-22 22:00:00,2153.6,2155.1,2105.6,2115.6,12532.0
2010-11-23 22:00:00,2115.6,2166.3,2114.1,2158.6,9821.0
2010-11-24 22:00:00,2158.6,2164.0,2153.8,2162.3,1517.0
2010-11-25 22:00:00,2162.3,2163.0,2135.5,2146.0,6056.0
2010-11-28 22:00:00,2146.0,2160.9,2118.6,2145.1,12155.0
2010-11-29 22:00:00,2145.1,2148.1,2110.1,2115.3,12390.0
2010-11-30 22:00:00,2115.3,2174.6,2111.6,2159.8,10631.0
2010-12-01 22:00:00,2159.8,2189.3,2157.5,2187.8,10035.0
2010-12-02 22:00:00,2187.8,2195.5,2168.5,2188.7,8331.0
2010-12-05 22:00:00,2188.7,2194.2,2177.4,2188.9,6997.0
2010-12-06 22:00:00,2188.9,2217.3,2185.9,2188.6,8712.0
2010-12-07 22:00:00,2188.6,2203.3,2180.6,2203.3,8245.0
2010-12-08 22:00:00,2203.3,2215.0,2194.0,2198.8,6804.0
2010-12-09 22:00:00,2198.8,2218.5,2198.0,2217.7,3996.0
2010-12-12 22:00:00,2217.7,2229.9,2206.9,2211.6,3097.0
2010-12-13 22:00:00,2211.6,2221.1,2205.8,2215.3,2285.0
2010-12-14 22:00:00,2215.3,2224.3,2197.0,2204.3,2707.0
2010-12-15 22:00:00,2204.3,2225.8,2197.8,2222.0,1850.0
2010-12-16 22:00:00,2222.0,2227.0,2212.7,2213.7,6126.0
2010-12-19 22:00:00,2213.7,2230.5,2206.0,2220.7,7414.0
2010-12-20 22:00:00,2220.7,2237.5,2219.7,2232.2,5040.0
2010-12-21 22:00:00,2232.2,2238.7,2231.2,2236.7,4019.0
2010-12-22 22:00:00,2236.7,2239.2,2224.2,2231.7,4103.0
2010-12-26 22:00:00,2231.7,2234.2,2207.7,2230.7,5807.0
2010-12-27 22:00:00,2230.7,2236.9,2221.7,2226.4,3833.0
2010-12-28 22:00:00,2226.4,2235.9,2224.7,2229.9,3435.0
2010-12-29 22:00:00,2229.9,2233.2,2221.9,2225.2,3748.0
2010-12-30 22:00:00,2225.2,2229.4,2208.2,2224.4,3763.0
2011-01-02 22:00:00,2224.4,2268.2,2219.7,2251.2,8705.0
2011-01-03 22:00:00,2251.2,2262.9,2237.2,2247.7,7885.0
2011-01-04 22:00:00,2247.7,2272.2,2229.9,2269.9,8652.0
2011-01-05 22:00:00,2269.9,2279.7,2267.6,2277.1,7201.0
2011-01-06 22:00:00,2277.1,2282.6,2252.9,2273.4,10375.0
2011-01-09 22:00:00,2273.4,2287.4,2261.4,2282.4,8237.0
2011-01-10 22:00:00,2282.4,2295.4,2278.6,2284.9,7772.0
2011-01-11 22:00:00,2284.9,2307.1,2284.4,2303.9,7081.0
2011-01-12 22:00:00,2303.9,2309.9,2297.1,2308.4,6923.0
2011-01-13 22:00:00,2308.4,2323.4,2297.8,2322.1,7283.0
2011-01-16 22:00:00,2322.1,2325.3,2287.3,2292.1,2791.0
2011-01-17 22:00:00,2292.1,2346.6,2292.1,2336.1,9734.0
2011-01-18 22:00:00,2336.1,2338.8,2293.3,2294.6,10341.0
2011-01-19 22:00:00,2294.6,2299.3,2267.6,2286.6,11623.0
2011-01-20 22:00:00,2286.6,2300.6,2266.1,2268.6,9083.0
2011-01-23 22:00:00,2268.6,2301.1,2265.1,2296.0,9235.0
2011-01-24 22:00:00,2296.0,2302.5,2282.5,2299.5,9344.0
2011-01-25 22:00:00,2299.5,2320.3,2298.5,2318.0,8500.0
2011-01-26 22:00:00,2318.0,2334.8,2313.5,2321.8,8670.0
2011-01-27 22:00:00,2321.8,2331.3,2258.3,2267.0,13148.0
2011-01-30 22:00:00,2267.0,2286.3,2250.8,2282.3,11654.0
2011-01-31 22:00:00,2282.3,2328.5,2281.5,2321.0,9608.0
2011-02-01 22:00:00,2321.0,2328.0,2312.8,2320.0,7264.0
2011-02-02 22:00:00,2320.0,2326.5,2296.2,2323.2,8548.0
2011-02-03 22:00:00,2323.2,2338.5,2316.7,2336.7,7845.0
2011-02-06 22:00:00,2336.7,2359.7,2334.7,2342.2,7702.0
2011-02-07 22:00:00,2342.2,2364.0,2341.7,2362.7,7130.0
2011-02-08 22:00:00,2362.7,2365.7,2350.7,2356.0,8104.0
2011-02-09 22:00:00,2356.0,2365.2,2338.5,2355.2,10322.0
2011-02-10 22:00:00,2355.2,2380.7,2347.9,2377.9,8040.0
2011-02-13 22:00:00,2377.9,2387.7,2375.7,2378.9,6360.0
2011-02-14 22:00:00,2378.9,2385.7,2370.9,2380.7,6840.0
2011-02-15 22:00:00,2380.7,2403.2,2380.4,2391.7,7888.0
2011-02-16 22:00:00,2391.7,2400.9,2383.7,2394.4,7154.0
2011-02-17 22:00:00,2394.4,2400.7,2382.2,2395.4,7084.0
2011-02-20 22:00:00,2395.4,2395.4,2366.1,2368.6,2115.0
2011-02-21 22:00:00,2368.6,2369.4,2315.9,2322.6,13668.0
2011-02-22 22:00:00,2322.6,2334.6,2285.1,2305.1,13453.0
2011-02-23 22:00:00,2305.1,2321.1,2280.9,2307.1,14282.0
2011-02-24 22:00:00,2307.1,2350.1,2306.6,2345.4,9322.0
2011-02-27 22:00:00,2345.4,2363.1,2336.8,2352.1,9884.0
2011-02-28 22:00:00,2352.1,2371.8,2305.8,2306.8,13224.0
2011-03-01 22:00:00,2306.8,2341.1,2302.3,2322.6,13042.0
2011-03-02 22:00:00,2322.6,2376.1,2321.3,2372.3,10613.0
2011-03-03 22:00:00,2372.3,2378.8,2344.3,2361.1,11808.0
2011-03-06 22:00:00,2361.1,2373.8,2306.6,2325.3,13913.0
2011-03-07 22:00:00,2325.3,2347.8,2310.6,2332.8,11641.0
2011-03-08 22:00:00,2332.8,2340.3,2308.6,2312.8,12921.0
2011-03-09 22:00:00,2312.8,2315.5,2275.5,2284.5,12204.0
2011-03-10 22:00:00,2284.5,2306.3,2265.0,2305.0,8515.0
2011-03-13 21:00:00,2305.0,2305.0,2274.3,2292.8,6435.0
2011-03-14 21:00:00,2292.8,2295.5,2216.8,2249.8,6209.0
2011-03-15 21:00:00,2249.8,2263.5,2188.5,2212.8,6129.0
2011-03-16 21:00:00,2212.8,2248.0,2188.8,2225.0,2959.0
2011-03-17 21:00:00,2225.0,2255.8,2217.0,2222.0,13807.0
2011-03-20 21:00:00,2222.0,2273.5,2220.9,2257.2,10397.0
2011-03-21 21:00:00,2257.2,2266.2,2251.4,2258.7,9021.0
2011-03-22 21:00:00,2258.7,2276.4,2233.9,2266.7,11079.0
2011-03-23 21:00:00,2266.7,2315.4,2264.4,2308.9,10731.0
2011-03-24 21:00:00,2308.9,2331.9,2308.7,2318.9,9705.0
2011-03-27 21:00:00,2318.9,2330.1,2296.8,2299.8,8516.0
2011-03-28 21:00:00,2299.8,2329.1,2291.3,2325.8,9068.0
2011-03-29 21:00:00,2325.8,2344.6,2322.1,2336.3,8159.0
2011-03-30 21:00:00,2336.3,2343.3,2329.3,2339.8,7537.0
2011-03-31 21:00:00,2339.8,2359.5,2335.0,2339.5,8932.0
2011-04-03 21:00:00,2339.5,2351.5,2323.7,2343.2,8105.0
2011-04-04 21:00:00,2343.2,2344.7,2319.9,2325.4,9436.0
2011-04-05 21:00:00,2325.4,2351.7,2318.9,2326.4,9474.0
2011-04-06 21:00:00,2326.4,2345.9,2313.6,2331.9,10599.0
2011-04-07 21:00:00,2331.9,2344.4,2306.6,2321.3,8684.0
2011-04-10 21:00:00,2321.3,2334.8,2303.5,2307.0,9626.0
2011-04-11 21:00:00,2307.0,2307.8,2286.5,2295.7,10814.0
2011-04-12 21:00:00,2295.7,2321.0,2294.7,2309.7,10509.0
2011-04-13 21:00:00,2309.7,2313.4,2289.2,2302.7,10574.0
2011-04-14 21:00:00,2302.7,2315.2,2290.9,2311.4,8780.0
2011-04-17 21:00:00,2311.4,2311.4,2251.8,2289.1,12645.0
2011-04-18 21:00:00,2289.1,2321.1,2279.1,2318.3,9304.0
2011-04-19 21:00:00,2318.3,2374.3,2317.1,2373.6,10688.0
2011-04-20 21:00:00,2373.6,2383.8,2368.1,2374.8,8295.0
2011-04-24 21:00:00,2374.8,2383.5,2373.0,2380.0,4899.0
2011-04-25 21:00:00,2380.0,2403.2,2374.0,2392.5,8010.0
2011-04-26 21:00:00,2392.5,2413.9,2388.4,2409.4,7726.0
2011-04-27 21:00:00,2409.4,2416.9,2397.4,2401.7,7673.0
2011-04-28 21:00:00,2401.7,2413.7,2398.7,2408.4,6008.0
2011-05-01 21:00:00,2408.4,2428.3,2394.8,2402.6,8943.0
2011-05-02 21:00:00,2402.6,2404.1,2375.0,2388.0,9150.0
2011-05-03 21:00:00,2388.0,2397.0,2365.8,2386.8,10930.0
2011-05-04 21:00:00,2386.8,2400.8,2364.5,2379.0,12429.0
2011-05-05 21:00:00,2379.0,2410.5,2373.7,2374.2,12713.0
2011-05-08 21:00:00,2374.2,2398.7,2374.2,2389.4,9352.0
2011-05-09 21:00:00,2389.4,2412.9,2383.6,2409.9,8572.0
2011-05-10 21:00:00,2409.9,2416.1,2375.1,2383.3,10909.0
2011-05-11 21:00:00,2383.3,2409.8,2370.3,2407.8,11191.0
2011-05-12 21:00:00,2407.8,2415.1,2369.8,2371.8,11026.0
2011-05-15 21:00:00,2371.8,2373.5,2327.0,2328.7,12297.0
2011-05-16 21:00:00,2328.7,2346.5,2318.9,2343.4,12408.0
2011-05-17 21:00:00,2343.4,2365.7,2334.2,2365.2,8925.0
2011-05-18 21:00:00,2365.2,2373.9,2354.2,2368.4,9134.0
2011-05-19 21:00:00,2368.4,2373.4,2343.4,2345.1,9181.0
2011-05-22 21:00:00,2345.1,2345.1,2305.1,2315.8,10561.0
2011-05-23 21:00:00,2315.8,2324.5,2297.0,2300.0,9281.0
2011-05-24 21:00:00,2300.0,2321.3,2281.5,2309.3,9778.0
2011-05-25 21:00:00,2309.3,2331.5,2303.2,2327.7,9265.0
2011-05-26 21:00:00,2327.7,2339.0,2322.7,2332.7,6546.0
2011-05-29 21:00:00,2332.7,2337.9,2331.2,2333.4,897.0
2011-05-30 21:00:00,2333.4,2378.1,2333.4,2375.1,8451.0
2011-05-31 21:00:00,2375.1,2381.1,2318.3,2320.3,11489.0
2011-06-01 21:00:00,2320.3,2335.8,2314.3,2327.8,11505.0
2011-06-02 21:00:00,2327.8,2328.1,2286.8,2287.3,10903.0
2011-06-05 21:00:00,2287.3,2299.2,2271.5,2273.2,10329.0
2011-06-06 21:00:00,2273.2,2288.5,2268.2,2275.2,9163.0
2011-06-07 21:00:00,2275.2,2278.2,2245.7,2246.2,10702.0
2011-06-08 21:00:00,2246.2,2267.7,2246.2,2252.7,7850.0
2011-06-09 21:00:00,2252.7,2255.7,2218.6,2222.6,7587.0
2011-06-12 21:00:00,2222.6,2234.1,2214.6,2223.6,3780.0
2011-06-13 21:00:00,2223.6,2256.3,2220.3,2248.8,2671.0
2011-06-14 21:00:00,2248.8,2250.0,2204.3,2209.0,3111.0
2011-06-15 21:00:00,2209.0,2217.5,2181.0,2201.8,2007.0
2011-06-16 21:00:00,2201.8,2222.3,2185.9,2194.2,11141.0
2011-06-19 21:00:00,2194.2,2210.4,2177.3,2204.8,8765.0
2011-06-20 21:00:00,2204.8,2253.1,2201.3,2246.6,9555.0
2011-06-21 21:00:00,2246.6,2254.1,2230.6,2231.1,8468.0
2011-06-22 21:00:00,2231.1,2256.3,2203.0,2244.3,13862.0
2011-06-23 21:00:00,2244.3,2259.8,2210.0,2212.0,11535.0
2011-06-26 21:00:00,2212.0,2262.9,2198.4,2255.9,10341.0
2011-06-27 21:00:00,2255.9,2288.2,2244.6,2287.9,9311.0
2011-06-28 21:00:00,2287.9,2303.7,2278.1,2295.6,10545.0
2011-06-29 21:00:00,2295.6,2326.6,2291.4,2321.9,8246.0
2011-06-30 21:00:00,2321.9,2363.9,2319.8,2357.1,12520.0
2011-07-03 21:00:00,2357.1,2371.3,2354.5,2368.3,2187.0
2011-07-04 21:00:00,2368.3,2375.0,2357.0,2372.7,11935.0
2011-07-05 21:00:00,2372.7,2383.7,2361.4,2382.0,13236.0
2011-07-06 21:00:00,2382.0,2419.2,2380.7,2418.0,12326.0
2011-07-07 21:00:00,2418.0,2424.7,2378.6,2411.4,16968.0
2011-07-10 21:00:00,2411.4,2411.4,2354.0,2366.5,16253.0
2011-07-11 21:00:00,2366.5,2369.2,2333.2,2345.7,21528.0
2011-07-12 21:00:00,2345.7,2377.7,2340.7,2348.6,16694.0
2011-07-13 21:00:00,2348.6,2370.9,2317.1,2339.6,22996.0
2011-07-14 21:00:00,2339.6,2361.1,2334.1,2358.1,17809.0
2011-07-17 21:00:00,2358.1,2358.1,2321.2,2345.4,16910.0
2011-07-18 21:00:00,2345.4,2413.4,2341.4,2406.4,17171.0
2011-07-19 21:00:00,2406.4,2415.9,2372.4,2373.1,15158.0
2011-07-20 21:00:00,2373.1,2416.9,2367.4,2410.4,20709.0
2011-07-21 21:00:00,2410.4,2432.1,2398.6,2430.3,12970.0
2011-07-24 21:00:00,2430.3,2436.7,2382.2,2428.0,15261.0
2011-07-25 21:00:00,2428.0,2437.7,2414.9,2425.2,13489.0
2011-07-26 21:00:00,2425.2,2427.9,2360.3,2363.3,20005.0
2011-07-27 21:00:00,2363.3,2400.8,2357.8,2375.0,19702.0
2011-07-28 21:00:00,2375.0,2387.3,2340.0,2365.7,26847.0
2011-07-31 21:00:00,2365.7,2396.9,2322.8,2348.3,28470.0
2011-08-01 21:00:00,2348.3,2357.1,2285.3,2286.5,26158.0
2011-08-02 21:00:00,2286.5,2316.3,2254.7,2306.7,33224.0
2011-08-03 21:00:00,2306.7,2321.2,2196.6,2208.6,46141.0
2011-08-04 21:00:00,2208.6,2240.9,2130.3,2191.8,80686.0
2011-08-07 21:00:00,2191.8,2191.8,2033.1,2041.1,82582.0
2011-08-08 21:00:00,2041.1,2162.7,1973.5,2159.9,91205.0
2011-08-09 21:00:00,2159.9,2169.4,2067.3,2091.8,76480.0
2011-08-10 21:00:00,2091.8,2185.8,2058.8,2162.8,60200.0
2011-08-11 21:00:00,2162.8,2193.8,2115.3,2179.1,40928.0
2011-08-14 21:00:00,2179.1,2212.7,2177.7,2207.9,22541.0
2011-08-15 21:00:00,2207.9,2212.4,2164.6,2194.2,31574.0
2011-08-16 21:00:00,2194.2,2215.1,2158.6,2168.6,25491.0
2011-08-17 21:00:00,2168.6,2171.8,2054.3,2084.0,44052.0
2011-08-18 21:00:00,2084.0,2103.0,2034.7,2043.7,39463.0
2011-08-21 21:00:00,2043.7,2086.4,2023.1,2045.4,31384.0
2011-08-22 21:00:00,2045.4,2130.1,2037.8,2126.9,31903.0
2011-08-23 21:00:00,2126.9,2148.3,2097.1,2138.6,29318.0
2011-08-24 21:00:00,2138.6,2152.8,2101.8,2109.8,36241.0
2011-08-25 21:00:00,2109.8,2169.8,2081.5,2166.3,40962.0
2011-08-28 21:00:00,2166.3,2225.7,2158.7,2220.7,19094.0
2011-08-29 21:00:00,2220.7,2250.1,2201.9,2225.6,26925.0
2011-08-30 21:00:00,2225.6,2269.1,2221.9,2244.8,26770.0
2011-08-31 21:00:00,2244.8,2264.3,2215.3,2217.3,27912.0
2011-09-01 21:00:00,2217.3,2222.3,2156.2,2165.5,26733.0
2011-09-04 21:00:00,2165.5,2165.5,2108.6,2129.4,6695.0
2011-09-05 21:00:00,2129.4,2171.6,2111.6,2167.8,34208.0
2011-09-06 21:00:00,2167.8,2226.3,2166.8,2224.3,22728.0
2011-09-07 21:00:00,2224.3,2244.3,2205.5,2213.8,23929.0
2011-09-08 21:00:00,2213.8,2228.0,2150.0,2169.5,16427.0
2011-09-11 21:00:00,2169.5,2200.6,2122.1,2197.1,11280.0
2011-09-12 21:00:00,2197.1,2225.8,2166.8,2217.1,8579.0
2011-09-13 21:00:00,2217.1,2278.3,2191.8,2250.8,6715.0
2011-09-14 21:00:00,2250.8,2292.5,2245.0,2287.0,4987.0
2011-09-15 21:00:00,2287.0,2315.0,2275.9,2313.8,26276.0
2011-09-18 21:00:00,2313.8,2321.1,2260.7,2309.3,28077.0
2011-09-19 21:00:00,2309.3,2339.0,2290.2,2306.2,30240.0
2011-09-20 21:00:00,2306.2,2324.4,2250.7,2252.5,39468.0
2011-09-21 21:00:00,2252.5,2255.4,2150.4,2189.5,55603.0
2011-09-22 21:00:00,2189.5,2216.2,2139.8,2209.4,46691.0
2011-09-25 21:00:00,2209.4,2238.1,2167.9,2232.5,45409.0
2011-09-26 21:00:00,2232.5,2290.9,2227.0,2258.0,34216.0
2011-09-27 21:00:00,2258.0,2281.5,2217.6,2222.4,36369.0
2011-09-28 21:00:00,2222.4,2265.4,2158.2,2199.7,46233.0
2011-09-29 21:00:00,2199.7,2204.0,2127.5,2128.8,40032.0
2011-10-02 21:00:00,2128.8,2153.1,2067.7,2070.9,48653.0
2011-10-03 21:00:00,2070.9,2131.7,2040.8,2118.4,59188.0
2011-10-04 21:00:00,2118.4,2186.8,2104.1,2176.0,44894.0
2011-10-05 21:00:00,2176.0,2218.8,2153.4,2212.0,40755.0
2011-10-06 21:00:00,2212.0,2232.0,2188.7,2209.4,39332.0
2011-10-09 21:00:00,2209.4,2283.1,2209.4,2279.9,22896.0
2011-10-10 21:00:00,2279.9,2301.1,2267.1,2288.3,27374.0
2011-10-11 21:00:00,2288.3,2333.8,2279.3,2303.8,30243.0
2011-10-12 21:00:00,2303.8,2341.0,2293.7,2332.8,29233.0
2011-10-13 21:00:00,2332.8,2373.8,2325.0,2372.0,24043.0
2011-10-16 21:00:00,2372.0,2393.1,2321.2,2323.4,27184.0
2011-10-17 21:00:00,2323.4,2376.0,2309.4,2345.9,35277.0
2011-10-18 21:00:00,2345.9,2360.7,2310.0,2322.3,30114.0
2011-10-19 21:00:00,2322.3,2336.8,2272.6,2302.4,36317.0
2011-10-20 21:00:00,2302.4,2349.7,2301.7,2338.7,23299.0
2011-10-23 21:00:00,2338.7,2389.8,2324.2,2376.5,21789.0
2011-10-24 21:00:00,2376.5,2390.7,2319.8,2324.8,30948.0
2011-10-25 21:00:00,2324.8,2354.1,2290.7,2340.3,32467.0
2011-10-26 21:00:00,2340.3,2412.6,2333.8,2400.6,29421.0
2011-10-27 21:00:00,2400.6,2405.5,2382.2,2403.5,21053.0
2011-10-30 21:00:00,2403.5,2403.5,2350.2,2351.2,23642.0
2011-10-31 21:00:00,2351.2,2359.2,2286.0,2309.1,44693.0
2011-11-01 21:00:00,2309.1,2333.0,2296.5,2323.0,28549.0
2011-11-02 21:00:00,2323.0,2369.7,2282.2,2364.2,35648.0
2011-11-03 21:00:00,2364.2,2367.7,2330.1,2356.1,24644.0
2011-11-06 22:00:00,2356.1,2376.4,2322.4,2376.2,25217.0
2011-11-07 22:00:00,2376.2,2402.1,2358.1,2398.6,23811.0
2011-11-08 22:00:00,2398.6,2400.4,2305.2,2319.0,33903.0
2011-11-09 22:00:00,2319.0,2346.4,2289.1,2312.1,30681.0
2011-11-10 22:00:00,2312.1,2362.9,2304.1,2355.3,18441.0
2011-11-13 22:00:00,2355.3,2368.9,2332.1,2346.4,18344.0
2011-11-14 22:00:00,2346.4,2376.3,2312.3,2365.1,23395.0
2011-11-15 22:00:00,2365.1,2373.8,2307.2,2313.9,27325.0
2011-11-16 22:00:00,2313.9,2334.9,2258.1,2272.8,36180.0
2011-11-17 22:00:00,2272.8,2292.0,2251.0,2253.0,24403.0
2011-11-20 22:00:00,2253.0,2253.0,2188.7,2212.7,26655.0
2011-11-21 22:00:00,2212.7,2228.5,2192.4,2215.9,24507.0
2011-11-22 22:00:00,2215.9,2218.4,2163.3,2167.3,24902.0
2011-11-23 22:00:00,2167.3,2186.0,2152.5,2158.7,5853.0
2011-11-24 22:00:00,2158.7,2183.9,2137.2,2150.9,15783.0
2011-11-27 22:00:00,2150.9,2229.2,2150.9,2222.7,21222.0
2011-11-28 22:00:00,2222.7,2246.2,2202.6,2205.6,25117.0
2011-11-29 22:00:00,2205.6,2297.6,2197.4,2296.9,27968.0
2011-11-30 22:00:00,2296.9,2316.6,2285.1,2310.1,19582.0
2011-12-01 22:00:00,2310.1,2345.8,2301.7,2305.7,20392.0
2011-12-04 22:00:00,2305.7,2344.5,2305.7,2323.8,19564.0
2011-12-05 22:00:00,2323.8,2342.2,2313.5,2324.9,18154.0
2011-12-06 22:00:00,2324.9,2344.4,2292.1,2323.6,21627.0
2011-12-07 22:00:00,2323.6,2341.6,2275.8,2276.3,21598.0
2011-12-08 22:00:00,2276.3,2327.0,2269.5,2324.2,13453.0
2011-12-11 22:00:00,2324.2,2325.8,2273.5,2294.7,5684.0
2011-12-12 22:00:00,2294.7,2318.2,2258.4,2271.9,4794.0
2011-12-13 22:00:00,2271.9,2279.9,2220.1,2232.1,3370.0
2011-12-14 22:00:00,2232.1,2255.8,2219.6,2226.8,1741.0
2011-12-15 22:00:00,2226.8,2268.3,2226.5,2236.7,19144.0
2011-12-18 22:00:00,2236.7,2254.9,2208.0,2218.3,17554.0
2011-12-19 22:00:00,2218.3,2287.1,2217.6,2275.1,17540.0
2011-12-20 22:00:00,2275.1,2295.1,2221.5,2243.8,20872.0
2011-12-21 22:00:00,2243.8,2268.0,2238.2,2267.8,12172.0
2011-12-22 22:00:00,2267.8,2286.8,2265.7,2283.2,7302.0
2011-12-26 22:00:00,2283.2,2300.1,2278.6,2287.1,6527.0
2011-12-27 22:00:00,2287.1,2295.8,2257.2,2267.5,11041.0
2011-12-28 22:00:00,2267.5,2285.5,2262.0,2283.0,8810.0
2011-12-29 22:00:00,2283.0,2288.0,2273.7,2278.2,7101.0
2012-01-02 22:00:00,2278.2,2331.6,2278.2,2320.6,12300.0
2012-01-03 22:00:00,2320.6,2332.8,2305.7,2331.8,11749.0
2012-01-04 22:00:00,2331.8,2350.8,2312.5,2344.2,14977.0
2012-01-05 22:00:00,2344.2,2362.0,2335.7,2357.2,13525.0
2012-01-08 22:00:00,2357.2,2366.6,2341.6,2350.8,12295.0
2012-01-09 22:00:00,2350.8,2381.3,2349.8,2363.0,11994.0
2012-01-10 22:00:00,2363.0,2376.3,2355.5,2370.0,13002.0
2012-01-11 22:00:00,2370.0,2386.0,2358.7,2382.5,11786.0
2012-01-12 22:00:00,2382.5,2389.4,2351.4,2377.7,14552.0
2012-01-15 22:00:00,2377.7,2388.3,2364.3,2387.0,2877.0
2012-01-16 22:00:00,2387.0,2403.8,2382.8,2394.7,12026.0
2012-01-17 22:00:00,2394.7,2425.7,2390.5,2423.5,14416.0
2012-01-18 22:00:00,2423.5,2445.2,2421.2,2433.7,12942.0
2012-01-19 22:00:00,2433.7,2439.7,2425.4,2438.4,11075.0
2012-01-22 22:00:00,2438.4,2454.8,2423.3,2435.8,11575.0
2012-01-23 22:00:00,2435.8,2471.5,2421.9,2464.5,12504.0
2012-01-24 22:00:00,2464.5,2469.7,2439.2,2461.7,17280.0
2012-01-25 22:00:00,2461.7,2478.4,2443.4,2454.9,13872.0
2012-01-26 22:00:00,2454.9,2466.8,2447.1,2457.8,12797.0
2012-01-29 22:00:00,2457.8,2467.7,2431.4,2464.9,14275.0
2012-01-30 22:00:00,2464.9,2480.7,2450.9,2457.9,16264.0
2012-01-31 22:00:00,2457.9,2496.4,2455.6,2491.4,14096.0
2012-02-01 22:00:00,2491.4,2502.8,2481.6,2494.8,12986.0
2012-02-02 22:00:00,2494.8,2532.1,2491.8,2525.5,11272.0
2012-02-05 22:00:00,2525.5,2529.2,2512.4,2528.9,10197.0
2012-02-06 22:00:00,2528.9,2536.6,2513.6,2531.1,12036.0
2012-02-07 22:00:00,2531.1,2549.3,2522.8,2543.6,11039.0
2012-02-08 22:00:00,2543.6,2566.8,2537.1,2562.0,15910.0
2012-02-09 22:00:00,2562.0,2562.5,2537.0,2551.0,14011.0
2012-02-12 22:00:00,2551.0,2572.8,2551.0,2570.3,11748.0
2012-02-13 22:00:00,2570.3,2579.0,2554.8,2578.3,12562.0
2012-02-14 22:00:00,2578.3,2602.0,2552.0,2552.2,23401.0
2012-02-15 22:00:00,2552.2,2595.7,2544.2,2594.4,19097.0
2012-02-16 22:00:00,2594.4,2598.7,2573.4,2583.6,11797.0
2012-02-19 22:00:00,2583.6,2601.0,2583.6,2593.7,2573.0
2012-02-20 22:00:00,2593.7,2602.9,2575.4,2592.4,12651.0
2012-02-21 22:00:00,2592.4,2601.7,2576.4,2582.1,12785.0
2012-02-22 22:00:00,2582.1,2603.1,2570.3,2602.1,14512.0
2012-02-23 22:00:00,2602.1,2610.5,2599.0,2602.5,8717.0
2012-02-26 22:00:00,2602.5,2617.6,2579.6,2609.9,13941.0
2012-02-27 22:00:00,2609.9,2635.8,2608.3,2633.8,13502.0
2012-02-28 22:00:00,2633.8,2645.9,2615.2,2620.7,17736.0
2012-02-29 22:00:00,2620.7,2649.9,2617.1,2647.4,16119.0
2012-03-01 22:00:00,2647.4,2650.6,2633.6,2644.6,11661.0
2012-03-04 22:00:00,2644.6,2644.6,2606.2,2615.8,12905.0
2012-03-05 22:00:00,2615.8,2617.9,2575.6,2590.6,18137.0
2012-03-06 22:00:00,2590.6,2615.1,2588.8,2607.2,12527.0
2012-03-07 22:00:00,2607.2,2644.5,2605.2,2636.2,9830.0
2012-03-08 22:00:00,2636.2,2652.4,2631.7,2648.4,7537.0
2012-03-11 21:00:00,2648.4,2651.8,2635.3,2651.0,9338.0
2012-03-12 21:00:00,2651.0,2702.6,2650.0,2700.8,14632.0
2012-03-13 21:00:00,2700.8,2718.3,2691.3,2704.8,15259.0
2012-03-14 21:00:00,2704.8,2721.8,2701.8,2714.8,16592.0
2012-03-15 21:00:00,2714.8,2724.5,2707.7,2713.6,3809.0
2012-03-18 21:00:00,2713.6,2739.35,2704.85,2735.25,4284.0
2012-03-19 21:00:00,2735.25,2742.95,2712.35,2742.25,4026.0
2012-03-20 21:00:00,2742.25,2753.05,2734.45,2739.15,6692.0
2012-03-21 21:00:00,2739.15,2744.9,2719.9,2737.7,14088.0
2012-03-22 21:00:00,2737.7,2750.9,2714.9,2732.1,10329.0
2012-03-25 21:00:00,2732.1,2781.6,2732.1,2780.9,3981.0
2012-03-26 21:00:00,2780.9,2793.3,2776.6,2780.6,3712.0
2012-03-27 21:00:00,2780.6,2793.9,2754.4,2770.8,8596.0
2012-03-28 21:00:00,2770.8,2777.4,2740.8,2763.4,11760.0
2012-03-29 21:00:00,2763.4,2777.1,2744.1,2759.1,12550.0
2012-04-01 21:00:00,2759.1,2787.5,2747.4,2779.7,10166.0
2012-04-02 21:00:00,2779.7,2795.2,2766.6,2781.3,12461.0
2012-04-03 21:00:00,2781.3,2781.6,2728.5,2740.8,11927.0
2012-04-04 21:00:00,2740.8,2764.3,2726.2,2760.05,11577.0
2012-04-05 21:00:00,2760.05,2765.05,2722.65,2726.8,2648.0
2012-04-08 21:00:00,2726.8,2751.05,2722.25,2733.85,8649.0
2012-04-09 21:00:00,2733.85,2749.0,2687.7,2704.7,17051.0
2012-04-10 21:00:00,2704.7,2727.2,2701.7,2711.6,15276.0
2012-04-11 21:00:00,2711.6,2743.3,2708.1,2741.2,15071.0
2012-04-12 21:00:00,2741.2,2745.9,2696.8,2698.0,14515.0
2012-04-15 21:00:00,2698.0,2712.9,2659.3,2668.3,21173.0
2012-04-16 21:00:00,2668.3,2730.9,2657.1,2716.8,13652.0
2012-04-17 21:00:00,2716.8,2731.1,2699.1,2707.9,13422.0
2012-04-18 21:00:00,2707.9,2737.8,2674.5,2691.2,22426.0
2012-04-19 21:00:00,2691.2,2710.7,2672.6,2677.7,20163.0
2012-04-22 21:00:00,2677.7,2677.8,2627.8,2657.5,18048.0
2012-04-23 21:00:00,2657.5,2677.5,2627.4,2675.7,17129.0
2012-04-24 21:00:00,2675.7,2709.4,2667.9,2708.9,17188.0
2012-04-25 21:00:00,2708.9,2732.2,2697.6,2726.1,12706.0
2012-04-26 21:00:00,2726.1,2748.4,2711.4,2740.2,14396.0
2012-04-29 21:00:00,2740.2,2746.3,2717.9,2722.7,8734.0
2012-04-30 21:00:00,2722.7,2755.4,2713.1,2721.6,8829.0
2012-05-01 21:00:00,2721.6,2733.9,2704.6,2731.3,13801.0
2012-05-02 21:00:00,2731.3,2740.3,2695.6,2698.6,10427.0
2012-05-03 21:00:00,2698.6,2702.7,2630.2,2630.4,15535.0
2012-05-06 21:00:00,2630.4,2650.0,2589.0,2641.5,8971.0
2012-05-07 21:00:00,2641.5,2643.5,2585.2,2627.5,13855.0
2012-05-08 21:00:00,2627.5,2633.9,2586.2,2610.9,23997.0
2012-05-09 21:00:00,2610.9,2638.1,2602.7,2611.7,17860.0
2012-05-10 21:00:00,2611.7,2642.1,2599.6,2614.6,18467.0
2012-05-13 21:00:00,2614.6,2614.6,2583.6,2586.4,17681.0
2012-05-14 21:00:00,2586.4,2617.9,2576.1,2581.8,21917.0
2012-05-15 21:00:00,2581.8,2597.6,2558.0,2561.75,19780.0
2012-05-16 21:00:00,2561.75,2572.55,2506.7,2510.5,22214.0
2012-05-17 21:00:00,2510.5,2522.7,2469.6,2473.2,27050.0
2012-05-20 21:00:00,2473.2,2547.3,2466.3,2545.3,11688.0
2012-05-21 21:00:00,2545.3,2562.3,2523.4,2537.5,19053.0
2012-05-22 21:00:00,2537.5,2553.0,2498.7,2539.9,22301.0
2012-05-23 21:00:00,2539.9,2557.2,2511.6,2540.4,26814.0
2012-05-24 21:00:00,2540.4,2552.4,2519.3,2527.05,17956.0
2012-05-27 21:00:00,2527.05,2550.65,2527.05,2539.8,7485.0
2012-05-28 21:00:00,2539.8,2570.7,2532.7,2559.9,21074.0
2012-05-29 21:00:00,2559.9,2559.9,2521.1,2530.9,22502.0
2012-05-30 21:00:00,2530.9,2543.1,2506.8,2522.1,25378.0
2012-05-31 21:00:00,2522.1,2522.6,2456.25,2459.55,24095.0
2012-06-03 21:00:00,2459.55,2480.6,2434.35,2472.9,24157.0
2012-06-04 21:00:00,2472.9,2492.1,2460.3,2489.8,23186.0
2012-06-05 21:00:00,2489.8,2552.9,2487.6,2550.4,15179.0
2012-06-06 21:00:00,2550.4,2570.8,2532.7,2539.0,20049.0
2012-06-07 21:00:00,2539.0,2563.2,2518.2,2561.9,12647.0
2012-06-10 21:00:00,2561.9,2603.3,2513.6,2516.0,19340.0
2012-06-11 21:00:00,2516.0,2551.4,2510.2,2548.1,25087.0
2012-06-12 21:00:00,2548.1,2557.8,2519.2,2526.1,18864.0
2012-06-13 21:00:00,2526.1,2547.6,2514.3,2543.7,19595.0
2012-06-14 21:00:00,2543.7,2573.0,2538.5,2569.5,12975.0
2012-06-17 21:00:00,2569.5,2599.4,2554.3,2595.6,21836.0
2012-06-18 21:00:00,2595.6,2630.9,2590.05,2617.9,17144.0
2012-06-19 21:00:00,2617.9,2632.9,2602.5,2624.6,25596.0
2012-06-20 21:00:00,2624.6,2625.3,2553.6,2557.35,16938.0
2012-06-21 21:00:00,2557.35,2586.4,2553.35,2580.6,14643.0
2012-06-24 21:00:00,2580.6,2580.95,2525.6,2533.6,18069.0
2012-06-25 21:00:00,2533.6,2555.9,2529.9,2551.85,14887.0
2012-06-26 21:00:00,2551.85,2575.9,2547.15,2563.45,13210.0
2012-06-27 21:00:00,2563.45,2569.35,2507.8,2529.95,14851.0
2012-06-28 21:00:00,2529.95,2620.6,2523.35,2617.1,21583.0
2012-07-01 21:00:00,2617.1,2624.4,2603.9,2617.95,17982.0
2012-07-02 21:00:00,2617.95,2646.7,2617.65,2641.7,10191.0
2012-07-03 21:00:00,2641.7,2648.7,2636.9,2645.7,3977.0
2012-07-04 21:00:00,2645.7,2659.8,2628.5,2647.3,19894.0
2012-07-05 21:00:00,2647.3,2648.1,2594.7,2612.7,16408.0
2012-07-08 21:00:00,2612.7,2619.3,2595.5,2607.0,10049.0
2012-07-09 21:00:00,2607.0,2629.0,2572.4,2581.9,16220.0
2012-07-10 21:00:00,2581.9,2592.9,2546.6,2569.6,16312.0
2012-07-11 21:00:00,2569.6,2572.9,2520.0,2544.2,14232.0
2012-07-12 21:00:00,2544.2,2588.3,2543.0,2581.8,11237.0
2012-07-15 21:00:00,2581.8,2587.9,2564.9,2575.4,10137.0
2012-07-16 21:00:00,2575.4,2597.3,2551.5,2590.3,20040.0
2012-07-17 21:00:00,2590.3,2633.3,2580.0,2633.1,15947.0
2012-07-18 21:00:00,2633.1,2661.3,2631.6,2658.3,19906.0
2012-07-19 21:00:00,2658.3,2661.0,2616.2,2618.3,13880.0
2012-07-22 21:00:00,2618.3,2618.3,2546.1,2577.9,18031.0
2012-07-23 21:00:00,2577.9,2592.9,2520.0,2521.1,24503.0
2012-07-24 21:00:00,2521.1,2563.5,2520.9,2547.9,21283.0
2012-07-25 21:00:00,2547.9,2596.4,2532.8,2578.05,27950.0
2012-07-26 21:00:00,2578.05,2648.9,2575.6,2647.9,20933.0
2012-07-29 21:00:00,2647.9,2660.5,2631.3,2640.95,13487.0
2012-07-30 21:00:00,2640.95,2655.2,2634.1,2638.6,19064.0
2012-07-31 21:00:00,2638.6,2658.9,2621.1,2628.05,20245.0
2012-08-01 21:00:00,2628.05,2651.1,2603.0,2621.3,24284.0
2012-08-02 21:00:00,2621.3,2684.0,2618.8,2674.6,17561.0
2012-08-05 21:00:00,2674.6,2704.1,2674.4,2690.6,12369.0
2012-08-06 21:00:00,2690.6,2725.3,2688.6,2712.6,14040.0
2012-08-07 21:00:00,2712.6,2719.2,2703.5,2709.75,7436.0
2012-08-08 21:00:00,2709.75,2725.8,2706.2,2720.35,7639.0
2012-08-09 21:00:00,2720.35,2725.2,2704.4,2723.4,11419.0
2012-08-12 21:00:00,2723.4,2731.55,2707.8,2730.55,8062.0
2012-08-13 21:00:00,2730.55,2745.0,2722.9,2726.95,9235.0
2012-08-14 21:00:00,2726.95,2744.15,2720.65,2743.45,10374.0
2012-08-15 21:00:00,2743.45,2775.9,2740.35,2768.7,9651.0
2012-08-16 21:00:00,2768.7,2782.3,2765.4,2778.6,10669.0
2012-08-19 21:00:00,2778.6,2785.9,2768.9,2782.1,10518.0
2012-08-20 21:00:00,2782.1,2803.9,2763.6,2776.1,12688.0
2012-08-21 21:00:00,2776.1,2791.3,2761.0,2784.2,8943.0
2012-08-22 21:00:00,2784.2,2793.8,2756.0,2761.85,12180.0
2012-08-23 21:00:00,2761.85,2786.9,2752.2,2778.2,14228.0
2012-08-26 21:00:00,2778.2,2797.3,2777.95,2784.25,7814.0
2012-08-27 21:00:00,2784.25,2792.0,2772.5,2782.65,8312.0
2012-08-28 21:00:00,2782.65,2791.4,2772.6,2782.35,9136.0
2012-08-29 21:00:00,2782.35,2783.65,2751.6,2754.8,12443.0
2012-08-30 21:00:00,2754.8,2786.3,2746.5,2774.3,11144.0
2012-09-02 21:00:00,2774.3,2782.5,2760.6,2780.7,5030.0
2012-09-03 21:00:00,2780.7,2783.6,2744.0,2773.9,10181.0
2012-09-04 21:00:00,2773.9,2781.5,2758.0,2770.4,11925.0
2012-09-05 21:00:00,2770.4,2830.2,2768.0,2829.9,14839.0
2012-09-06 21:00:00,2829.9,2836.9,2818.1,2824.6,11721.0
2012-09-09 21:00:00,2824.6,2824.6,2782.45,2784.15,6282.0
2012-09-10 21:00:00,2784.15,2800.2,2778.45,2780.85,10987.0
2012-09-11 21:00:00,2780.85,2800.65,2775.8,2795.55,18468.0
2012-09-12 21:00:00,2795.55,2842.3,2785.85,2828.2,11180.0
2012-09-13 21:00:00,2828.2,2865.5,2828.2,2857.5,10715.0
2012-09-16 21:00:00,2857.45,2858.6,2846.2,2852.75,7573.0
2012-09-17 21:00:00,2852.75,2860.2,2844.15,2859.7,8752.0
2012-09-18 21:00:00,2859.7,2872.2,2850.4,2859.55,9850.0
2012-09-19 21:00:00,2859.55,2863.65,2843.1,2861.35,10235.0
2012-09-20 21:00:00,2861.35,2877.4,2858.1,2858.5,9893.0
2012-09-23 21:00:00,2858.5,2862.75,2832.1,2845.9,11931.0
2012-09-24 21:00:00,2845.9,2858.3,2803.95,2811.65,11484.0
2012-09-25 21:00:00,2811.65,2812.45,2767.5,2783.85,13532.0
2012-09-26 21:00:00,2783.85,2826.3,2783.3,2819.85,10871.0
2012-09-27 21:00:00,2819.85,2824.45,2793.7,2797.2,11337.0
2012-09-30 21:00:00,2797.2,2827.3,2782.6,2792.6,14637.0
2012-10-01 21:00:00,2792.6,2810.9,2777.7,2799.5,3782.0
2012-10-02 21:00:00,2799.5,2822.0,2792.9,2814.95,9203.0
2012-10-03 21:00:00,2814.95,2834.75,2812.8,2827.15,10425.0
2012-10-04 21:00:00,2827.15,2845.4,2804.7,2811.3,10487.0
2012-10-07 21:00:00,2811.3,2812.8,2779.3,2781.1,11198.0
2012-10-08 21:00:00,2781.1,2791.3,2734.35,2740.75,12305.0
2012-10-09 21:00:00,2740.75,2747.95,2718.9,2723.4,13029.0
2012-10-10 21:00:00,2723.4,2749.3,2716.4,2720.0,9350.0
2012-10-11 21:00:00,2720.0,2732.55,2711.45,2717.25,7492.0
2012-10-14 21:00:00,2717.25,2739.85,2709.05,2736.05,8454.0
2012-10-15 21:00:00,2736.05,2781.05,2733.85,2769.85,9713.0
2012-10-16 21:00:00,2769.85,2782.55,2757.75,2775.5,6312.0
2012-10-17 21:00:00,2775.5,2777.9,2731.6,2735.65,9390.0
2012-10-18 21:00:00,2735.65,2741.05,2669.8,2670.5,9233.0
2012-10-21 21:00:00,2670.5,2697.4,2661.1,2696.4,15212.0
2012-10-22 21:00:00,2696.4,2698.65,2655.0,2666.8,13366.0
2012-10-23 21:00:00,2666.8,2683.75,2649.7,2657.9,11614.0
2012-10-24 21:00:00,2657.9,2676.7,2607.8,2640.9,18124.0
2012-10-25 21:00:00,2640.9,2672.35,2626.8,2664.05,17047.0
2012-10-28 21:00:00,2664.05,2664.05,2637.15,2647.15,3910.0
2012-10-29 21:00:00,2647.15,2659.85,2629.45,2658.4,3321.0
2012-10-30 21:00:00,2658.4,2679.6,2634.8,2635.75,8809.0
2012-10-31 21:00:00,2635.75,2691.55,2630.45,2690.05,12306.0
2012-11-01 21:00:00,2690.05,2696.65,2644.65,2645.05,12032.0
2012-11-04 22:00:00,2645.05,2676.3,2639.45,2661.7,8565.0
2012-11-05 22:00:00,2661.7,2694.2,2655.7,2680.3,6279.0
2012-11-06 22:00:00,2680.3,2690.15,2601.6,2617.0,20066.0
2012-11-07 22:00:00,2617.0,2624.9,2571.05,2578.15,7241.0
2012-11-08 22:00:00,2578.15,2609.5,2558.65,2586.2,9832.0
2012-11-11 22:00:00,2586.2,2599.6,2574.0,2584.55,6732.0
2012-11-12 22:00:00,2584.55,2587.5,2555.2,2575.75,8665.0
2012-11-13 22:00:00,2575.75,2587.85,2528.7,2534.35,11610.0
2012-11-14 22:00:00,2534.35,2543.1,2514.8,2526.35,17390.0
2012-11-15 22:00:00,2526.35,2540.8,2493.7,2536.75,15669.0
2012-11-18 22:00:00,2536.75,2595.8,2536.75,2592.15,8918.0
2012-11-19 22:00:00,2592.15,2598.3,2570.1,2593.85,11722.0
2012-11-20 22:00:00,2593.85,2603.8,2579.05,2601.95,5862.0
2012-11-21 22:00:00,2601.95,2607.85,2598.95,2602.2,912.0
2012-11-22 22:00:00,2602.2,2640.15,2598.05,2639.65,3332.0
2012-11-25 22:00:00,2639.65,2651.8,2624.7,2650.15,6977.0
2012-11-26 22:00:00,2650.15,2659.8,2637.7,2642.65,7112.0
2012-11-27 22:00:00,2642.65,2666.9,2613.0,2663.35,12166.0
2012-11-28 22:00:00,2663.35,2689.8,2661.25,2680.15,7947.0
2012-11-29 22:00:00,2680.15,2690.85,2668.65,2679.2,6317.0
2012-12-02 22:00:00,2679.2,2699.3,2667.95,2669.35,8521.0
2012-12-03 22:00:00,2669.35,2676.3,2651.1,2664.95,9974.0
2012-12-04 22:00:00,2664.95,2680.3,2624.2,2636.55,13342.0
2012-12-05 22:00:00,2636.55,2662.7,2623.5,2656.05,11301.0
2012-12-06 22:00:00,2656.05,2673.8,2630.4,2638.9,12747.0
2012-12-09 22:00:00,2638.9,2661.2,2626.4,2649.25,6711.0
2012-12-10 22:00:00,2649.25,2696.9,2644.85,2688.55,9995.0
2012-12-11 22:00:00,2688.55,2696.4,2668.5,2670.65,11630.0
2012-12-12 22:00:00,2670.65,2689.4,2642.9,2650.35,7353.0
2012-12-13 22:00:00,2650.35,2662.9,2620.6,2629.7,8186.0
2012-12-16 22:00:00,2629.7,2669.15,2614.4,2668.85,8042.0
2012-12-17 22:00:00,2668.85,2711.3,2666.45,2706.45,10534.0
2012-12-18 22:00:00,2706.45,2718.3,2695.1,2695.75,6128.0
2012-12-19 22:00:00,2695.75,2706.7,2682.7,2695.45,7140.0
2012-12-20 22:00:00,2695.45,2697.45,2640.6,2665.9,15289.0
2012-12-23 22:00:00,2665.9,2666.65,2650.8,2657.1,2943.0
2012-12-25 22:00:00,2657.1,2662.4,2626.1,2634.85,5045.0
2012-12-26 22:00:00,2634.85,2641.5,2597.6,2630.85,10988.0
2012-12-27 22:00:00,2630.85,2634.45,2588.3,2592.8,8139.0
2012-12-30 22:00:00,2592.8,2644.3,2584.05,2634.9,7138.0
2013-01-01 22:00:00,2634.9,2746.15,2634.9,2745.05,11862.0
2013-01-02 22:00:00,2745.05,2750.8,2723.0,2730.65,9020.0
2013-01-03 22:00:00,2730.65,2739.4,2715.2,2719.2,8999.0
2013-01-06 22:00:00,2719.2,2725.9,2705.9,2721.45,7965.0
2013-01-07 22:00:00,2721.45,2727.8,2701.9,2716.85,7886.0
2013-01-08 22:00:00,2716.85,2733.4,2714.7,2726.35,5547.0
2013-01-09 22:00:00,2726.35,2746.6,2717.2,2743.45,10310.0
2013-01-10 22:00:00,2743.45,2747.65,2735.6,2747.1,7616.0
2013-01-13 22:00:00,2747.1,2753.35,2722.6,2734.25,6062.0
2013-01-14 22:00:00,2734.25,2735.35,2708.4,2720.45,9714.0
2013-01-15 22:00:00,2720.45,2740.4,2713.7,2729.45,8693.0
2013-01-16 22:00:00,2729.45,2754.8,2719.95,2739.05,9615.0
2013-01-17 22:00:00,2739.05,2744.65,2725.6,2738.1,6919.0
2013-01-20 22:00:00,2738.1,2745.4,2735.1,2745.4,1470.0
2013-01-21 22:00:00,2745.4,2756.95,2723.5,2756.15,6760.0
2013-01-22 22:00:00,2756.15,2771.05,2733.75,2734.35,5238.0
2013-01-23 22:00:00,2734.35,2745.5,2711.25,2715.65,8459.0
2013-01-24 22:00:00,2715.65,2742.1,2715.15,2730.7,10603.0
2013-01-27 22:00:00,2730.7,2749.8,2728.75,2736.45,7147.0
2013-01-28 22:00:00,2736.45,2748.55,2718.4,2747.85,7406.0
2013-01-29 22:00:00,2747.85,2753.9,2728.6,2737.35,9140.0
2013-01-30 22:00:00,2737.35,2748.5,2726.3,2732.55,9454.0
2013-01-31 22:00:00,2732.55,2766.1,2732.5,2759.7,5042.0
2013-02-03 22:00:00,2759.7,2760.45,2711.3,2712.75,9423.0
2013-02-04 22:00:00,2712.75,2761.3,2711.55,2755.65,9232.0
2013-02-05 22:00:00,2755.65,2759.1,2735.1,2742.75,7079.0
2013-02-06 22:00:00,2742.75,2750.4,2714.8,2747.45,7705.0
2013-02-07 22:00:00,2747.45,2780.2,2742.95,2774.4,6479.0
2013-02-10 22:00:00,2774.4,2782.4,2765.5,2773.25,4520.0
2013-02-11 22:00:00,2773.25,2775.8,2760.4,2766.55,6105.0
2013-02-12 22:00:00,2766.55,2783.2,2764.3,2771.45,7694.0
2013-02-13 22:00:00,2771.45,2776.2,2757.6,2770.15,6884.0
2013-02-14 22:00:00,2770.15,2778.3,2755.9,2764.6,7140.0
2013-02-17 22:00:00,2764.6,2766.2,2759.55,2766.2,1424.0
2013-02-18 22:00:00,2766.2,2786.75,2761.55,2785.45,6925.0
2013-02-19 22:00:00,2785.45,2787.65,2736.05,2736.95,6209.0
2013-02-20 22:00:00,2736.95,2741.95,2700.7,2717.25,9233.0
2013-02-21 22:00:00,2717.25,2740.2,2715.4,2737.4,10204.0
2013-02-24 22:00:00,2737.4,2765.4,2693.85,2699.75,12048.0
2013-02-25 22:00:00,2699.75,2718.9,2690.2,2711.85,12838.0
2013-02-26 22:00:00,2711.85,2758.6,2704.2,2742.45,15617.0
2013-02-27 22:00:00,2742.45,2762.1,2733.55,2733.55,9379.0
2013-02-28 22:00:00,2733.55,2751.8,2712.6,2749.3,14417.0
2013-03-03 22:00:00,2749.3,2763.85,2733.45,2763.85,11404.0
2013-03-04 22:00:00,2763.85,2803.9,2761.65,2800.15,10408.0
2013-03-05 22:00:00,2800.15,2809.6,2789.4,2791.25,10124.0
2013-03-06 22:00:00,2791.25,2804.8,2789.45,2799.95,5962.0
2013-03-07 22:00:00,2799.95,2819.3,2793.4,2801.4,11083.0
2013-03-10 21:00:00,2801.4,2812.4,2792.3,2811.05,4143.0
2013-03-11 21:00:00,2811.05,2811.95,2787.3,2803.15,5586.0
2013-03-12 21:00:00,2803.15,2807.8,2787.2,2799.75,6385.0
2013-03-13 21:00:00,2799.75,2811.9,2796.85,2804.25,5646.0
2013-03-14 21:00:00,2804.25,2809.65,2789.3,2796.3,9930.0
2013-03-17 21:00:00,2796.3,2801.3,2752.85,2792.85,10490.0
2013-03-18 21:00:00,2792.85,2804.2,2759.6,2781.55,13296.0
2013-03-19 21:00:00,2781.55,2810.4,2776.35,2792.15,9421.0
2013-03-20 21:00:00,2792.15,2792.15,2765.3,2774.55,7054.0
2013-03-21 21:00:00,2774.55,2801.8,2767.75,2798.6,9070.0
2013-03-24 21:00:00,2798.6,2815.4,2774.8,2791.15,12048.0
2013-03-25 21:00:00,2791.15,2805.75,2788.75,2805.75,9080.0
2013-03-26 21:00:00,2805.75,2809.85,2780.6,2806.05,5264.0
2013-03-27 21:00:00,2806.05,2818.3,2795.45,2817.15,8389.0
2013-03-28 21:00:00,2817.15,2817.95,2817.15,2817.95,3.0
2013-03-31 21:00:00,2817.95,2819.3,2788.2,2792.95,4780.0
2013-04-01 21:00:00,2792.95,2826.7,2790.15,2817.75,4988.0
2013-04-02 21:00:00,2817.75,2822.8,2783.9,2791.15,9285.0
2013-04-03 21:00:00,2791.15,2804.9,2776.1,2787.35,12828.0
2013-04-04 21:00:00,2787.35,2788.85,2741.1,2767.7,14772.0
2013-04-07 21:00:00,2767.7,2791.35,2760.6,2791.35,4525.0
2013-04-08 21:00:00,2791.35,2813.1,2776.4,2802.65,8830.0
2013-04-09 21:00:00,2802.65,2860.7,2798.35,2855.15,6408.0
2013-04-10 21:00:00,2855.15,2861.7,2846.7,2857.65,10717.0
2013-04-11 21:00:00,2857.65,2859.35,2831.3,2850.9,11115.0
2013-04-14 21:00:00,2850.9,2853.95,2781.45,2787.75,16939.0
2013-04-15 21:00:00,2787.75,2836.95,2785.85,2831.85,16974.0
2013-04-16 21:00:00,2831.85,2833.15,2761.4,2776.45,21554.0
2013-04-17 21:00:00,2776.45,2790.8,2726.7,2753.35,18270.0
2013-04-18 21:00:00,2753.35,2782.2,2739.7,2772.2,12427.0
2013-04-21 21:00:00,2772.2,2814.9,2772.2,2804.85,20197.0
2013-04-22 21:00:00,2804.85,2845.35,2787.8,2843.15,23508.0
2013-04-23 21:00:00,2843.15,2846.05,2818.6,2826.15,9924.0
2013-04-24 21:00:00,2826.15,2856.8,2819.55,2847.35,15483.0
2013-04-25 21:00:00,2847.35,2847.35,2824.7,2835.4,14379.0
2013-04-28 21:00:00,2835.4,2874.1,2830.15,2863.35,12585.0
2013-04-29 21:00:00,2863.35,2885.45,2855.8,2885.45,6043.0
2013-04-30 21:00:00,2885.45,2889.3,2864.7,2868.95,9402.0
2013-05-01 21:00:00,2868.95,2912.6,2868.95,2905.25,7713.0
2013-05-02 21:00:00,2905.25,2949.8,2902.4,2939.4,8760.0
2013-05-05 21:00:00,2939.4,2956.3,2938.55,2950.35,8161.0
2013-05-06 21:00:00,2950.35,2958.8,2939.6,2949.75,9972.0
2013-05-07 21:00:00,2949.75,2966.8,2943.8,2963.95,6562.0
2013-05-08 21:00:00,2963.95,2980.2,2952.2,2964.85,13575.0
2013-05-09 21:00:00,2964.85,2979.9,2961.1,2978.4,12209.0
2013-05-12 21:00:00,2978.4,2989.2,2962.7,2982.95,10051.0
2013-05-13 21:00:00,2982.95,3006.6,2973.3,2998.95,7022.0
2013-05-14 21:00:00,2998.95,3006.95,2984.6,3006.55,13831.0
2013-05-15 21:00:00,3006.55,3020.4,2997.6,3002.95,13221.0
2013-05-16 21:00:00,3002.95,3030.1,2999.85,3025.8,12823.0
2013-05-19 21:00:00,3025.8,3033.4,3011.7,3023.65,11461.0
2013-05-20 21:00:00,3023.65,3038.2,3011.6,3023.35,11012.0
2013-05-21 21:00:00,3023.35,3054.8,2985.4,3008.45,26754.0
2013-05-22 21:00:00,3008.45,3009.55,2962.8,2997.55,29786.0
2013-05-23 21:00:00,2997.55,3004.55,2965.1,2995.1,10393.0
2013-05-26 21:00:00,2995.1,3005.75,2986.3,3001.8,3692.0
2013-05-27 21:00:00,3001.8,3038.0,2999.55,3008.05,10457.0
2013-05-28 21:00:00,3008.05,3009.85,2979.6,2995.05,11475.0
2013-05-29 21:00:00,2995.05,3026.4,2982.85,3011.15,16905.0
2013-05-30 21:00:00,3011.15,3023.6,2980.2,2982.2,17209.0
2013-06-02 21:00:00,2982.2,2996.0,2951.1,2988.25,15158.0
2013-06-03 21:00:00,2988.25,3007.7,2961.9,2977.35,20690.0
2013-06-04 21:00:00,2977.35,2978.45,2932.7,2939.75,24452.0
2013-06-05 21:00:00,2939.75,2954.45,2911.3,2947.85,23361.0
2013-06-06 21:00:00,2947.85,2992.9,2936.6,2984.3,23652.0
2013-06-09 21:00:00,2984.3,3004.4,2977.35,2988.25,16342.0
2013-06-10 21:00:00,2988.25,2989.75,2950.2,2966.95,21554.0
2013-06-11 21:00:00,2966.95,2979.8,2921.4,2922.95,18495.0
2013-06-12 21:00:00,2922.95,2970.3,2898.35,2963.75,13533.0
2013-06-13 21:00:00,2963.75,2968.55,2939.4,2943.2,16406.0
2013-06-16 21:00:00,2943.2,2990.6,2942.35,2973.25,13837.0
2013-06-17 21:00:00,2973.25,3003.3,2971.3,2998.55,11099.0
2013-06-18 21:00:00,2998.55,3004.4,2958.75,2960.25,20931.0
2013-06-19 21:00:00,2960.25,2961.85,2881.2,2884.45,26197.0
2013-06-20 21:00:00,2884.45,2904.7,2851.3,2872.2,29100.0
2013-06-23 21:00:00,2872.2,2875.55,2823.1,2851.65,32030.0
2013-06-24 21:00:00,2851.65,2878.7,2835.85,2864.15,23025.0
2013-06-25 21:00:00,2864.15,2897.9,2850.95,2890.45,17550.0
2013-06-26 21:00:00,2890.45,2922.9,2887.3,2905.05,16906.0
2013-06-27 21:00:00,2905.05,2926.7,2889.2,2905.7,14443.0
2013-06-30 21:00:00,2905.7,2951.4,2898.85,2923.85,17453.0
2013-07-01 21:00:00,2923.85,2946.1,2912.2,2927.55,16910.0
2013-07-02 21:00:00,2927.55,2953.4,2901.7,2941.5,14235.0
2013-07-03 21:00:00,2941.5,2971.6,2939.75,2970.1,4603.0
2013-07-04 21:00:00,2970.1,2975.6,2932.2,2962.9,17474.0
2013-07-07 21:00:00,2962.9,2982.6,2953.2,2966.85,11578.0
2013-07-08 21:00:00,2966.85,2989.2,2963.75,2980.45,10474.0
2013-07-09 21:00:00,2980.45,3010.35,2973.2,3009.55,16033.0
2013-07-10 21:00:00,3009.55,3062.05,3008.75,3058.65,12274.0
2013-07-11 21:00:00,3058.65,3074.9,3053.6,3068.3,11382.0
2013-07-14 21:00:00,3068.3,3080.7,3067.2,3078.15,8701.0
2013-07-15 21:00:00,3078.15,3084.5,3067.9,3076.95,9588.0
2013-07-16 21:00:00,3076.95,3090.3,3069.6,3078.95,13544.0
2013-07-17 21:00:00,3078.95,3090.6,3050.15,3053.35,11624.0
2013-07-18 21:00:00,3053.35,3053.35,3034.6,3046.2,7459.0
2013-07-21 21:00:00,3046.2,3058.8,3042.3,3052.55,5791.0
2013-07-22 21:00:00,3052.55,3063.65,3027.2,3047.25,6389.0
2013-07-23 21:00:00,3047.25,3060.8,3032.1,3056.55,12232.0
2013-07-24 21:00:00,3056.55,3061.8,3030.8,3057.75,13891.0
2013-07-25 21:00:00,3057.75,3076.8,3041.2,3074.6,6302.0
2013-07-28 21:00:00,3074.6,3081.6,3059.9,3071.35,9446.0
2013-07-29 21:00:00,3071.35,3097.8,3069.05,3087.75,11297.0
2013-07-30 21:00:00,3087.75,3108.1,3082.3,3095.75,12700.0
2013-07-31 21:00:00,3095.75,3126.5,3093.05,3121.95,9905.0
2013-08-01 21:00:00,3121.95,3140.7,3115.4,3140.2,11592.0
2013-08-04 21:00:00,3140.2,3143.3,3130.7,3139.45,7764.0
2013-08-05 21:00:00,3139.45,3142.1,3109.2,3120.75,9412.0
2013-08-06 21:00:00,3120.75,3121.9,3093.6,3120.55,12579.0
2013-08-07 21:00:00,3120.55,3139.0,3111.2,3132.55,8166.0
2013-08-08 21:00:00,3132.55,3137.4,3109.7,3118.0,10138.0
2013-08-11 21:00:00,3118.0,3131.7,3096.8,3128.85,5351.0
2013-08-12 21:00:00,3128.85,3150.2,3107.4,3140.75,11299.0
2013-08-13 21:00:00,3140.75,3146.2,3120.95,3121.65,15565.0
2013-08-14 21:00:00,3121.65,3121.65,3068.8,3074.95,18993.0
2013-08-15 21:00:00,3074.95,3092.3,3070.55,3071.4,13003.0
2013-08-18 21:00:00,3071.4,3102.5,3067.45,3073.05,15022.0
2013-08-19 21:00:00,3073.05,3098.8,3065.7,3084.25,13217.0
2013-08-20 21:00:00,3084.25,3100.4,3061.7,3062.95,15110.0
2013-08-21 21:00:00,3062.95,3108.65,3057.15,3106.55,12241.0
2013-08-22 21:00:00,3106.55,3128.4,3098.2,3124.3,15742.0
2013-08-25 21:00:00,3124.3,3148.9,3119.1,3124.05,11754.0
2013-08-26 21:00:00,3124.05,3126.25,3054.2,3063.35,22122.0
2013-08-27 21:00:00,3063.35,3085.8,3057.6,3067.45,15686.0
2013-08-28 21:00:00,3067.45,3110.1,3065.45,3094.15,9905.0
2013-08-29 21:00:00,3094.15,3104.45,3063.1,3082.2,16104.0
2013-09-01 21:00:00,3082.2,3114.5,3082.2,3110.3,3779.0
2013-09-02 21:00:00,3110.3,3114.2,3077.1,3090.15,21707.0
2013-09-03 21:00:00,3090.15,3132.05,3084.6,3131.95,16852.0
2013-09-04 21:00:00,3131.95,3138.4,3125.0,3129.85,9054.0
2013-09-05 21:00:00,3129.85,3150.5,3097.7,3131.8,11712.0
2013-09-08 21:00:00,3131.8,3175.8,3131.8,3170.55,8428.0
2013-09-09 21:00:00,3170.55,3189.8,3168.05,3184.95,9885.0
2013-09-10 21:00:00,3184.95,3188.95,3160.4,3183.95,16207.0
2013-09-11 21:00:00,3183.95,3187.1,3170.8,3179.35,14417.0
2013-09-12 21:00:00,3179.35,3182.8,3161.9,3179.2,8232.0
2013-09-15 21:00:00,3179.2,3219.35,3162.6,3167.85,13629.0
2013-09-16 21:00:00,3167.85,3195.3,3162.6,3192.35,9118.0
2013-09-17 21:00:00,3192.35,3235.9,3189.6,3231.65,19851.0
2013-09-18 21:00:00,3231.65,3243.9,3230.8,3236.95,15155.0
2013-09-19 21:00:00,3236.95,3247.4,3223.7,3225.2,10068.0
2013-09-22 21:00:00,3225.2,3242.8,3203.8,3216.25,12188.0
2013-09-23 21:00:00,3216.25,3236.4,3208.6,3220.05,12275.0
2013-09-24 21:00:00,3220.05,3226.4,3201.6,3207.35,17911.0
2013-09-25 21:00:00,3207.35,3241.1,3207.35,3234.85,14547.0
2013-09-26 21:00:00,3234.85,3239.15,3208.6,3229.9,10525.0
2013-09-29 21:00:00,3229.9,3229.9,3183.8,3224.65,16187.0
2013-09-30 21:00:00,3224.65,3256.35,3218.6,3254.45,11825.0
2013-10-01 21:00:00,3254.45,3256.25,3226.3,3244.75,11004.0
2013-10-02 21:00:00,3244.75,3253.4,3194.6,3206.05,31972.0
2013-10-03 21:00:00,3206.05,3244.6,3204.55,3241.6,16578.0
2013-10-06 21:00:00,3241.6,3241.6,3206.8,3212.15,18949.0
2013-10-07 21:00:00,3212.15,3219.4,3149.2,3150.35,30618.0
2013-10-08 21:00:00,3150.35,3168.9,3115.4,3138.25,33666.0
2013-10-09 21:00:00,3138.25,3213.7,3137.85,3196.95,25927.0
2013-10-10 21:00:00,3196.95,3234.8,3180.65,3232.1,21287.0
2013-10-13 21:00:00,3232.1,3258.95,3201.45,3257.25,18040.0
2013-10-14 21:00:00,3257.25,3267.9,3238.6,3247.75,29941.0
2013-10-15 21:00:00,3247.75,3280.7,3239.05,3267.15,18047.0
2013-10-16 21:00:00,3267.15,3310.95,3259.7,3310.95,16713.0
2013-10-17 21:00:00,3310.95,3352.3,3310.95,3348.1,16371.0
2013-10-20 21:00:00,3348.1,3366.3,3347.15,3358.05,15768.0
2013-10-21 21:00:00,3358.05,3381.3,3342.3,3362.35,22067.0
2013-10-22 21:00:00,3362.35,3362.75,3326.6,3346.65,23069.0
2013-10-23 21:00:00,3346.65,3383.65,3339.6,3381.35,20071.0
2013-10-24 21:00:00,3381.35,3396.8,3365.4,3380.0,17204.0
2013-10-27 21:00:00,3380.0,3393.45,3364.55,3374.45,18121.0
2013-10-28 21:00:00,3374.45,3395.7,3372.35,3391.55,12260.0
2013-10-29 21:00:00,3391.55,3405.2,3368.4,3392.25,19991.0
2013-10-30 21:00:00,3392.25,3397.6,3364.6,3381.25,21076.0
2013-10-31 21:00:00,3381.25,3391.8,3360.9,3372.4,14870.0
2013-11-03 22:00:00,3372.4,3390.4,3369.8,3381.35,13617.0
2013-11-04 22:00:00,3381.35,3393.3,3358.8,3383.95,13231.0
2013-11-05 22:00:00,3383.95,3401.05,3373.4,3378.85,13916.0
2013-11-06 22:00:00,3378.85,3389.9,3317.1,3325.45,29233.0
2013-11-07 22:00:00,3325.45,3365.8,3313.1,3363.3,15327.0
2013-11-10 22:00:00,3363.3,3368.1,3348.3,3357.65,15530.0
2013-11-11 22:00:00,3357.65,3369.3,3346.6,3366.85,16599.0
2013-11-12 22:00:00,3366.85,3409.25,3340.7,3403.05,16312.0
2013-11-13 22:00:00,3403.05,3418.3,3389.4,3413.95,19601.0
2013-11-14 22:00:00,3413.95,3423.9,3407.8,3419.8,15659.0
2013-11-17 22:00:00,3419.8,3427.8,3382.3,3388.75,16324.0
2013-11-18 22:00:00,3388.75,3402.7,3372.8,3378.45,11879.0
2013-11-19 22:00:00,3378.45,3400.6,3360.6,3369.85,16102.0
2013-11-20 22:00:00,3369.85,3407.8,3362.1,3404.85,15692.0
2013-11-21 22:00:00,3404.85,3424.6,3401.8,3422.6,17429.0
2013-11-24 22:00:00,3422.6,3439.1,3422.2,3430.35,11416.0
2013-11-25 22:00:00,3430.35,3457.6,3424.3,3449.85,11788.0
2013-11-26 22:00:00,3449.85,3473.7,3447.65,3471.75,9872.0
2013-11-27 22:00:00,3471.75,3485.8,3470.75,3484.4,1757.0
2013-11-28 22:00:00,3484.4,3497.9,3482.2,3492.9,5751.0
2013-12-01 22:00:00,3492.9,3502.4,3478.1,3485.05,14187.0
2013-12-02 22:00:00,3485.05,3489.8,3467.4,3478.25,19213.0
2013-12-03 22:00:00,3478.25,3495.2,3454.6,3484.75,20504.0
2013-12-04 22:00:00,3484.75,3492.9,3469.9,3478.15,27800.0
2013-12-05 22:00:00,3478.15,3511.8,3478.15,3506.3,24002.0
2013-12-08 22:00:00,3506.3,3525.4,3506.3,3520.15,9907.0
2013-12-09 22:00:00,3520.15,3525.1,3508.6,3517.65,9283.0
2013-12-10 22:00:00,3517.65,3522.95,3465.7,3472.15,13221.0
2013-12-11 22:00:00,3472.15,3480.8,3457.35,3457.35,10419.0
2013-12-12 22:00:00,3457.35,3479.8,3451.3,3458.6,14387.0
2013-12-15 22:00:00,3458.6,3496.9,3435.65,3473.65,12686.0
2013-12-16 22:00:00,3473.65,3484.6,3462.2,3465.45,12435.0
2013-12-17 22:00:00,3465.45,3515.25,3423.1,3512.85,28097.0
2013-12-18 22:00:00,3512.85,3518.45,3483.8,3498.25,11654.0
2013-12-19 22:00:00,3498.25,3542.8,3498.25,3538.3,7908.0
2013-12-22 22:00:00,3538.3,3572.95,3538.3,3572.05,10072.0
2013-12-23 22:00:00,3572.05,3576.1,3566.6,3575.1,4548.0
2013-12-25 22:00:00,3575.1,3588.4,3573.7,3588.35,4541.0
2013-12-26 22:00:00,3588.35,3592.6,3572.1,3577.7,8563.0
2013-12-29 22:00:00,3577.7,3578.55,3561.1,3572.75,3877.0
2013-12-30 22:00:00,3572.75,3593.2,3570.05,3588.9,2904.0
2014-01-01 22:00:00,3588.9,3588.9,3554.2,3565.55,13435.0
2014-01-02 22:00:00,3565.55,3571.4,3536.4,3536.7,8877.0
2014-01-05 22:00:00,3536.7,3544.8,3510.4,3520.05,10169.0
2014-01-06 22:00:00,3520.05,3561.7,3520.05,3554.35,12647.0
2014-01-07 22:00:00,3554.35,3574.2,3548.6,3567.85,13992.0
2014-01-08 22:00:00,3567.85,3581.4,3540.0,3553.45,14877.0
2014-01-09 22:00:00,3553.45,3576.3,3534.2,3565.5,15849.0
2014-01-12 22:00:00,3565.5,3570.8,3496.7,3513.55,15037.0
2014-01-13 22:00:00,3513.55,3580.3,3507.3,3577.65,11151.0
2014-01-14 22:00:00,3577.65,3614.2,3575.05,3602.85,11502.0
2014-01-15 22:00:00,3602.85,3612.2,3597.9,3600.55,12030.0
2014-01-16 22:00:00,3600.55,3612.8,3578.3,3588.8,12429.0
2014-01-19 22:00:00,3588.8,3592.7,3581.4,3591.55,1888.0
2014-01-20 22:00:00,3591.55,3615.7,3583.3,3611.45,15431.0
2014-01-21 22:00:00,3611.45,3632.85,3608.8,3630.25,15908.0
2014-01-22 22:00:00,3630.25,3638.85,3585.3,3618.85,13038.0
2014-01-23 22:00:00,3618.85,3624.65,3536.3,3537.1,32537.0
2014-01-26 22:00:00,3537.1,3548.1,3476.65,3482.15,36700.0
2014-01-27 22:00:00,3482.15,3508.85,3471.45,3505.35,18350.0
2014-01-28 22:00:00,3505.35,3531.9,3457.45,3478.8,98886.0
2014-01-29 22:00:00,3478.8,3540.25,3474.25,3513.65,76216.0
2014-01-30 22:00:00,3513.65,3535.65,3482.35,3522.9,95716.0
2014-02-02 22:00:00,3522.9,3532.55,3428.15,3440.55,110750.0
2014-02-03 22:00:00,3440.55,3476.15,3434.35,3455.4,82037.0
2014-02-04 22:00:00,3455.4,3465.75,3414.75,3451.8,92407.0
2014-02-05 22:00:00,3451.8,3502.05,3450.55,3493.5,70380.0
2014-02-06 22:00:00,3493.5,3562.25,3482.1,3560.45,78369.0
2014-02-09 22:00:00,3560.45,3582.25,3552.75,3582.2,82825.0
2014-02-10 22:00:00,3582.2,3628.05,3580.85,3615.65,98120.0
2014-02-11 22:00:00,3615.65,3635.75,3612.45,3624.6,72502.0
2014-02-12 22:00:00,3624.6,3658.15,3599.15,3655.35,70072.0
2014-02-13 22:00:00,3655.35,3670.05,3640.35,3662.85,68008.0
2014-02-16 22:00:00,3662.85,3674.5,3658.6,3669.15,15717.0
2014-02-17 22:00:00,3669.15,3686.55,3655.85,3678.25,66768.0
2014-02-18 22:00:00,3678.25,3681.45,3647.3,3658.35,90008.0
2014-02-19 22:00:00,3658.35,3678.75,3640.25,3671.5,82488.0
2014-02-20 22:00:00,3671.5,3688.6,3662.65,3666.65,62985.0
2014-02-23 22:00:00,3666.65,3702.95,3656.35,3689.1,61296.0
2014-02-24 22:00:00,3689.1,3698.85,3670.15,3691.7,69242.0
2014-02-25 22:00:00,3691.7,3703.5,3663.9,3679.6,73073.0
2014-02-26 22:00:00,3679.6,3706.1,3662.85,3705.8,84857.0
2014-02-27 22:00:00,3705.8,3723.75,3666.45,3699.1,81121.0
2014-03-02 22:00:00,3699.1,3699.1,3638.2,3671.5,136392.0
2014-03-03 22:00:00,3671.5,3724.25,3670.9,3718.5,99753.0
2014-03-04 22:00:00,3718.5,3733.35,3713.45,3730.95,63619.0
2014-03-05 22:00:00,3730.95,3738.1,3710.3,3724.7,64440.0
2014-03-06 22:00:00,3724.7,3741.3,3686.7,3706.5,94664.0
2014-03-09 21:00:00,3706.5,3712.8,3684.9,3710.45,68084.0
2014-03-10 21:00:00,3710.45,3727.1,3681.9,3687.3,79715.0
2014-03-11 21:00:00,3687.3,3710.25,3662.2,3709.95,75503.0
2014-03-12 21:00:00,3709.95,3723.1,3636.9,3655.5,83159.0
2014-03-13 21:00:00,3655.5,3662.1,3626.6,3628.1,116758.0
2014-03-16 21:00:00,3628.1,3680.2,3609.3,3661.1,94090.0
2014-03-17 21:00:00,3661.1,3709.5,3647.0,3703.3,81329.0
2014-03-18 21:00:00,3703.3,3712.4,3659.45,3676.95,102757.0
2014-03-19 21:00:00,3676.95,3704.9,3664.4,3698.4,90173.0
2014-03-20 21:00:00,3698.4,3719.9,3640.5,3647.4,99294.0
2014-03-23 21:00:00,3647.4,3663.6,3582.1,3619.7,115639.0
2014-03-24 21:00:00,3619.7,3658.55,3597.65,3630.65,108916.0
2014-03-25 21:00:00,3630.65,3653.95,3577.3,3581.8,123502.0
2014-03-26 21:00:00,3581.8,3591.7,3541.5,3564.2,165280.0
2014-03-27 21:00:00,3564.2,3607.4,3557.8,3570.4,98017.0
2014-03-30 21:00:00,3570.4,3617.2,3570.4,3589.2,86618.0
2014-03-31 21:00:00,3589.2,3658.55,3584.4,3658.0,70127.0
2014-04-01 21:00:00,3658.0,3674.4,3648.6,3666.1,70190.0
2014-04-02 21:00:00,3666.1,3675.1,3615.1,3640.7,77440.0
2014-04-03 21:00:00,3640.7,3663.5,3528.5,3544.4,163395.0
2014-04-06 21:00:00,3544.4,3548.1,3480.0,3505.6,159492.0
2014-04-07 21:00:00,3505.6,3541.3,3496.1,3534.2,127801.0
2014-04-08 21:00:00,3534.2,3599.5,3531.9,3598.9,97744.0
2014-04-09 21:00:00,3598.9,3604.7,3475.4,3490.5,163442.0
2014-04-10 21:00:00,3490.5,3498.7,3436.4,3449.0,197981.0
2014-04-13 21:00:00,3449.0,3489.7,3430.4,3475.8,143963.0
2014-04-14 21:00:00,3475.8,3505.7,3409.8,3504.1,225637.0
2014-04-15 21:00:00,3504.1,3529.1,3484.3,3505.8,154581.0
2014-04-16 21:00:00,3505.8,3547.2,3497.3,3529.5,104921.0
2014-04-17 21:00:00,3529.5,3530.7,3528.45,3528.65,90.0
2014-04-20 21:00:00,3528.65,3558.5,3521.3,3557.3,42553.0
2014-04-21 21:00:00,3557.3,3592.8,3550.1,3589.4,65314.0
2014-04-22 21:00:00,3589.4,3596.2,3550.4,3593.5,86205.0
2014-04-23 21:00:00,3593.5,3622.6,3548.3,3597.2,125003.0
2014-04-24 21:00:00,3597.2,3597.6,3520.7,3533.3,119144.0
2014-04-27 21:00:00,3533.3,3566.3,3484.5,3545.2,152063.0
2014-04-28 21:00:00,3545.2,3575.2,3533.9,3560.85,109765.0
2014-04-29 21:00:00,3560.85,3581.6,3542.6,3581.0,115499.0
2014-04-30 21:00:00,3581.0,3609.1,3574.5,3593.1,48108.0
2014-05-01 21:00:00,3593.1,3607.9,3573.3,3583.0,122222.0
2014-05-04 21:00:00,3583.0,3601.3,3551.6,3598.3,81832.0
2014-05-05 21:00:00,3598.3,3607.0,3549.9,3554.6,89647.0
2014-05-06 21:00:00,3554.6,3569.9,3500.7,3544.5,130982.0
2014-05-07 21:00:00,3544.5,3582.7,3521.7,3536.4,112025.0
2014-05-08 21:00:00,3536.4,3555.2,3513.6,3552.5,115753.0
2014-05-11 21:00:00,3552.5,3613.8,3552.15,3613.7,67069.0
2014-05-12 21:00:00,3613.7,3626.9,3606.5,3612.65,81846.0
2014-05-13 21:00:00,3612.65,3617.65,3586.35,3600.85,81036.0
2014-05-14 21:00:00,3600.85,3609.65,3543.0,3565.6,135829.0
2014-05-15 21:00:00,3565.6,3591.85,3545.7,3585.95,110265.0
2014-05-18 21:00:00,3585.95,3619.75,3567.85,3613.45,77762.0
2014-05-19 21:00:00,3613.45,3625.95,3586.75,3601.45,101006.0
2014-05-20 21:00:00,3601.45,3637.9,3595.65,3634.2,84254.0
2014-05-21 21:00:00,3634.2,3661.75,3633.4,3651.05,62916.0
2014-05-22 21:00:00,3651.05,3678.95,3647.25,3677.95,43961.0
2014-05-25 21:00:00,3677.95,3694.25,3677.95,3692.6,6446.0
2014-05-26 21:00:00,3692.6,3724.65,3687.85,3724.55,54379.0
2014-05-27 21:00:00,3724.55,3731.9,3709.35,3718.45,64640.0
2014-05-28 21:00:00,3718.45,3738.75,3714.85,3737.95,53215.0
2014-05-29 21:00:00,3737.95,3741.95,3716.65,3733.55,60924.0
2014-06-01 21:00:00,3733.55,3742.65,3708.75,3729.85,68995.0
2014-06-02 21:00:00,3729.85,3736.85,3715.15,3734.05,57224.0
2014-06-03 21:00:00,3734.05,3750.55,3715.45,3745.35,48585.0
2014-06-04 21:00:00,3745.35,3783.25,3735.25,3777.45,84999.0
2014-06-05 21:00:00,3777.45,3799.45,3776.95,3798.95,66952.0
2014-06-08 21:00:00,3798.95,3803.65,3783.95,3793.35,34475.0
2014-06-09 21:00:00,3793.35,3803.35,3785.65,3803.35,42954.0
2014-06-10 21:00:00,3803.35,3805.25,3780.25,3799.85,48640.0
2014-06-11 21:00:00,3799.85,3806.95,3752.25,3774.75,63507.0
2014-06-12 21:00:00,3774.75,3786.15,3760.35,3776.95,38939.0
2014-06-15 21:00:00,3776.95,3790.65,3757.6,3780.05,58744.0
2014-06-16 21:00:00,3780.05,3792.45,3770.15,3781.25,61337.0
2014-06-17 21:00:00,3781.25,3807.15,3762.75,3802.45,68612.0
2014-06-18 21:00:00,3802.45,3810.15,3781.15,3794.55,52499.0
2014-06-19 21:00:00,3794.55,3806.15,3791.65,3801.05,39263.0
2014-06-22 21:00:00,3801.05,3813.35,3791.85,3800.45,47033.0
2014-06-23 21:00:00,3800.45,3834.45,3787.85,3798.95,49878.0
2014-06-24 21:00:00,3798.95,3830.25,3789.55,3820.65,66002.0
2014-06-25 21:00:00,3820.65,3828.35,3795.45,3825.15,71149.0
2014-06-26 21:00:00,3825.15,3844.05,3814.55,3837.95,54572.0
2014-06-29 21:00:00,3837.95,3857.25,3834.05,3853.25,45705.0
2014-06-30 21:00:00,3853.25,3900.55,3851.05,3891.95,47461.0
2014-07-01 21:00:00,3891.95,3902.25,3889.15,3897.55,47483.0
2014-07-02 21:00:00,3897.55,3923.85,3894.25,3921.65,40599.0
2014-07-03 21:00:00,3921.65,3922.65,3917.55,3919.75,4414.0
2014-07-06 21:00:00,3919.75,3921.35,3901.85,3909.85,50194.0
2014-07-07 21:00:00,3909.85,3912.25,3846.85,3867.85,76287.0
2014-07-08 21:00:00,3867.85,3896.05,3862.25,3892.75,75290.0
2014-07-09 21:00:00,3892.75,3894.85,3837.05,3878.35,102703.0
2014-07-10 21:00:00,3878.35,3904.15,3877.25,3903.55,69639.0
2014-07-13 21:00:00,3903.55,3935.75,3903.05,3926.25,45574.0
2014-07-14 21:00:00,3926.25,3938.75,3885.15,3922.95,98284.0
2014-07-15 21:00:00,3922.95,3945.95,3918.35,3925.35,64491.0
2014-07-16 21:00:00,3925.35,3932.35,3864.35,3872.45,128586.0
2014-07-17 21:00:00,3872.45,3940.55,3859.0,3936.55,86954.0
2014-07-20 21:00:00,3936.55,3939.05,3914.55,3928.85,78066.0
2014-07-21 21:00:00,3928.85,3963.95,3928.05,3947.9,63358.0
2014-07-22 21:00:00,3947.9,3987.65,3947.9,3982.15,65654.0
2014-07-23 21:00:00,3982.15,3995.65,3967.85,3970.75,65217.0
2014-07-24 21:00:00,3970.75,3970.85,3941.75,3961.65,66971.0
2014-07-27 21:00:00,3961.65,3974.55,3933.25,3963.45,76948.0
2014-07-28 21:00:00,3963.45,3981.35,3952.45,3962.05,78730.0
2014-07-29 21:00:00,3962.05,3987.05,3957.05,3973.25,115621.0
2014-07-30 21:00:00,3973.25,3974.35,3885.65,3891.45,144388.0
2014-07-31 21:00:00,3891.45,3904.85,3851.05,3878.75,178165.0
2014-08-03 21:00:00,3878.75,3919.05,3870.65,3899.45,103481.0
2014-08-04 21:00:00,3899.45,3903.45,3855.25,3877.25,141461.0
2014-08-05 21:00:00,3877.25,3894.55,3845.45,3872.45,122650.0
2014-08-06 21:00:00,3872.45,3895.65,3844.15,3857.65,147101.0
2014-08-07 21:00:00,3857.65,3889.95,3829.85,3877.35,138850.0
2014-08-10 21:00:00,3877.35,3920.65,3877.35,3910.05,65016.0
2014-08-11 21:00:00,3910.05,3920.35,3886.35,3909.95,83005.0
2014-08-12 21:00:00,3909.95,3952.05,3905.35,3950.95,62288.0
2014-08-13 21:00:00,3950.95,3975.95,3942.45,3974.35,56252.0
2014-08-14 21:00:00,3974.35,3997.35,3950.05,3988.35,128717.0
2014-08-17 21:00:00,3988.35,4021.85,3988.35,4017.95,48903.0
2014-08-18 21:00:00,4017.95,4042.85,4017.75,4036.95,42604.0
2014-08-19 21:00:00,4036.95,4048.95,4031.25,4042.45,51578.0
2014-08-20 21:00:00,4042.45,4050.85,4034.95,4050.85,46162.0
2014-08-21 21:00:00,4050.85,4063.05,4038.85,4056.35,72426.0
2014-08-24 21:00:00,4056.35,4080.35,4056.35,4065.25,38783.0
2014-08-25 21:00:00,4065.25,4077.55,4063.65,4074.95,42763.0
2014-08-26 21:00:00,4074.95,4078.75,4065.45,4074.35,34941.0
2014-08-27 21:00:00,4074.35,4076.05,4056.05,4075.55,55717.0
2014-08-28 21:00:00,4075.55,4087.55,4063.55,4083.65,42108.0
2014-08-31 21:00:00,4083.65,4086.25,4077.25,4086.05,13268.0
2014-09-01 21:00:00,4086.05,4097.15,4079.15,4096.25,46695.0
2014-09-02 21:00:00,4096.25,4115.15,4063.95,4072.75,70535.0
2014-09-03 21:00:00,4072.75,4102.05,4057.55,4073.65,72744.0
2014-09-04 21:00:00,4073.65,4090.45,4053.15,4087.45,85298.0
2014-09-07 21:00:00,4087.45,4105.75,4076.55,4096.15,48033.0
2014-09-08 21:00:00,4096.15,4111.15,4053.95,4066.05,121785.0
2014-09-09 21:00:00,4066.05,4096.75,4055.25,4094.35,79717.0
2014-09-10 21:00:00,4094.35,4096.65,4060.75,4096.65,72498.0
2014-09-11 21:00:00,4096.65,4097.45,4057.35,4070.55,60187.0
2014-09-14 21:00:00,4070.55,4076.65,4018.45,4034.45,74971.0
2014-09-15 21:00:00,4034.45,4074.45,4012.35,4067.15,67499.0
2014-09-16 21:00:00,4067.15,4092.0,4047.4,4075.0,83136.0
2014-09-17 21:00:00,4075.0,4107.85,4069.1,4107.55,59068.0
2014-09-18 21:00:00,4107.55,4126.65,4083.95,4102.65,78081.0
2014-09-21 21:00:00,4102.65,4102.65,4043.35,4057.25,80570.0
2014-09-22 21:00:00,4057.25,4068.35,4035.35,4036.75,78707.0
2014-09-23 21:00:00,4036.75,4097.35,4035.2,4094.25,71742.0
2014-09-24 21:00:00,4094.25,4095.95,4005.55,4013.35,113230.0
2014-09-25 21:00:00,4013.35,4057.75,4009.05,4054.55,96101.0
2014-09-28 21:00:00,4054.55,4058.1,4005.15,4040.45,101689.0
2014-09-29 21:00:00,4040.45,4071.65,4031.15,4044.05,100193.0
2014-09-30 21:00:00,4044.05,4052.65,3972.05,3990.75,131423.0
2014-10-01 21:00:00,3990.75,4001.3,3934.55,3981.45,167824.0
2014-10-02 21:00:00,3981.45,4041.15,3977.15,4022.55,68889.0
2014-10-05 21:00:00,4022.55,4046.65,4002.65,4009.65,129869.0
2014-10-06 21:00:00,4009.65,4016.65,3955.25,3956.25,153731.0
2014-10-07 21:00:00,3956.25,4048.05,3936.65,4039.95,175179.0
2014-10-08 21:00:00,4039.95,4053.75,3953.05,3957.25,255689.0
2014-10-09 21:00:00,3957.25,3972.75,3860.3,3866.0,277875.0
2014-10-12 21:00:00,3866.0,3891.3,3800.0,3800.9,306487.0
2014-10-13 21:00:00,3800.9,3857.95,3797.9,3823.35,300043.0
2014-10-14 21:00:00,3823.35,3836.65,3696.4,3749.4,486063.0
2014-10-15 21:00:00,3749.4,3791.5,3689.2,3748.6,516729.0
2014-10-16 21:00:00,3748.6,3845.5,3746.7,3804.9,242242.0
2014-10-19 21:00:00,3804.9,3883.0,3798.1,3881.3,203009.0
2014-10-20 21:00:00,3881.3,3980.4,3850.8,3979.7,179448.0
2014-10-21 21:00:00,3979.7,3987.95,3944.4,3953.85,192095.0
2014-10-22 21:00:00,3953.85,4029.3,3944.5,4009.6,178691.0
2014-10-23 21:00:00,4009.6,4043.1,3975.55,4039.8,174508.0
2014-10-26 21:00:00,4039.8,4054.2,4014.1,4045.4,144576.0
2014-10-27 21:00:00,4045.4,4104.1,4042.3,4097.9,110516.0
2014-10-28 21:00:00,4097.9,4100.5,4059.2,4076.3,163654.0
2014-10-29 21:00:00,4076.3,4106.9,4047.5,4097.7,164262.0
2014-10-30 21:00:00,4097.7,4167.6,4094.45,4149.7,137727.0
2014-11-02 22:00:00,4149.7,4177.5,4146.0,4160.3,106757.0
2014-11-03 22:00:00,4160.3,4168.3,4123.8,4148.3,123760.0
2014-11-04 22:00:00,4148.3,4180.0,4137.7,4146.3,125489.0
2014-11-05 22:00:00,4146.3,4170.8,4133.9,4169.8,122933.0
2014-11-06 22:00:00,4169.8,4183.1,4139.5,4156.4,110119.0
2014-11-09 22:00:00,4156.4,4181.8,4147.5,4174.7,77930.0
2014-11-10 22:00:00,4174.7,4189.6,4165.2,4187.9,57052.0
2014-11-11 22:00:00,4187.9,4201.8,4169.7,4197.7,75486.0
2014-11-12 22:00:00,4197.7,4230.1,4194.5,4207.3,104073.0
2014-11-13 22:00:00,4207.3,4227.1,4199.1,4225.9,99459.0
2014-11-16 22:00:00,4225.9,4226.9,4194.4,4215.5,97622.0
2014-11-17 22:00:00,4215.5,4251.4,4205.6,4241.8,79557.0
2014-11-18 22:00:00,4241.8,4245.0,4207.0,4228.1,99546.0
2014-11-19 22:00:00,4228.1,4250.7,4204.4,4248.5,83730.0
2014-11-20 22:00:00,4248.5,4286.7,4239.8,4251.4,108231.0
2014-11-23 22:00:00,4251.4,4288.6,4250.3,4285.3,64442.0
2014-11-24 22:00:00,4285.3,4305.3,4279.0,4296.4,76468.0
2014-11-25 22:00:00,4296.4,4325.6,4292.4,4325.1,56275.0
2014-11-26 22:00:00,4325.1,4333.8,4314.4,4332.9,12327.0
2014-11-27 22:00:00,4332.9,4349.8,4320.5,4341.1,51176.0
2014-11-30 22:00:00,4341.1,4341.1,4275.0,4287.9,140066.0
2014-12-01 22:00:00,4287.9,4316.1,4286.7,4310.0,99649.0
2014-12-02 22:00:00,4310.0,4321.5,4288.8,4313.8,69093.0
2014-12-03 22:00:00,4313.8,4329.7,4294.7,4315.5,101384.0
2014-12-04 22:00:00,4315.5,4327.75,4304.1,4315.5,79265.0
2014-12-07 22:00:00,4315.5,4321.3,4259.8,4283.5,95018.0
2014-12-08 22:00:00,4283.5,4299.2,4217.7,4293.6,124013.0
2014-12-09 22:00:00,4293.6,4298.9,4219.9,4226.9,186375.0
2014-12-10 22:00:00,4226.9,4298.7,4220.8,4229.1,145993.0
2014-12-11 22:00:00,4229.1,4255.4,4188.7,4192.2,137302.0
2014-12-14 22:00:00,4192.2,4237.9,4145.2,4159.85,222876.0
2014-12-15 22:00:00,4159.85,4193.1,4084.5,4092.0,327817.0
2014-12-16 22:00:00,4092.0,4176.6,4086.05,4163.6,321860.0
2014-12-17 22:00:00,4163.6,4275.2,4154.0,4274.3,172644.0
2014-12-18 22:00:00,4274.3,4308.2,4259.3,4288.5,150918.0
2014-12-21 22:00:00,4288.5,4304.7,4279.7,4296.3,87060.0
2014-12-22 22:00:00,4296.3,4315.6,4278.2,4283.1,72052.0
2014-12-23 22:00:00,4283.1,4301.8,4280.0,4286.45,20368.0
2014-12-25 22:00:00,4286.45,4325.35,4286.45,4315.55,17312.0
2014-12-28 22:00:00,4315.55,4324.05,4301.5,4320.2,65301.0
2014-12-29 22:00:00,4320.2,4321.2,4277.1,4286.4,60150.0
2014-12-30 22:00:00,4286.4,4308.0,4268.8,4272.0,27723.0
2015-01-01 22:00:00,4272.0,4275.8,4204.2,4218.5,159172.0
2015-01-04 22:00:00,4218.5,4223.7,4148.0,4169.0,210911.0
2015-01-05 22:00:00,4169.0,4175.1,4085.15,4102.6,278840.0
2015-01-06 22:00:00,4102.6,4166.2,4101.4,4155.7,211981.0
2015-01-07 22:00:00,4155.7,4245.5,4155.0,4233.6,135416.0
2015-01-08 22:00:00,4233.6,4255.4,4183.9,4204.5,193218.0
2015-01-11 22:00:00,4204.5,4230.1,4153.8,4171.9,182741.0
2015-01-12 22:00:00,4171.9,4250.5,4129.3,4167.2,238343.0
2015-01-13 22:00:00,4167.2,4171.7,4103.0,4152.4,305423.0
2015-01-14 22:00:00,4152.4,4192.7,4080.6,4081.55,338156.0
2015-01-15 22:00:00,4081.55,4139.6,4044.1,4135.2,231762.0
2015-01-18 22:00:00,4135.2,4157.3,4115.5,4129.0,60142.0
2015-01-19 22:00:00,4129.0,4177.4,4111.4,4167.9,205795.0
2015-01-20 22:00:00,4167.9,4207.7,4139.1,4186.8,221124.0
2015-01-21 22:00:00,4186.8,4271.2,4166.9,4271.2,224557.0
2015-01-22 22:00:00,4271.2,4288.4,4252.9,4270.9,150953.0
2015-01-25 22:00:00,4270.9,4280.5,4233.9,4271.0,129497.0
2015-01-26 22:00:00,4271.0,4273.1,4144.7,4211.65,181555.0
2015-01-27 22:00:00,4211.65,4236.6,4121.55,4127.6,238053.0
2015-01-28 22:00:00,4127.6,4199.3,4097.7,4197.85,228424.0
2015-01-29 22:00:00,4197.85,4209.6,4138.0,4147.25,232392.0
2015-02-01 22:00:00,4147.25,4189.7,4087.5,4183.7,262467.0
2015-02-02 22:00:00,4183.7,4224.5,4167.6,4214.2,197530.0
2015-02-03 22:00:00,4214.2,4244.6,4189.55,4194.3,191692.0
2015-02-04 22:00:00,4194.3,4256.3,4183.25,4254.6,146292.0
2015-02-05 22:00:00,4254.6,4270.1,4211.6,4231.1,149988.0
2015-02-08 22:00:00,4231.1,4233.4,4203.2,4218.45,152360.0
2015-02-09 22:00:00,4218.45,4285.4,4212.7,4279.95,127146.0
2015-02-10 22:00:00,4279.95,4323.4,4272.6,4313.9,123670.0
2015-02-11 22:00:00,4313.9,4347.5,4287.5,4344.4,133134.0
2015-02-12 22:00:00,4344.4,4383.3,4342.3,4378.7,84302.0
2015-02-15 22:00:00,4378.7,4389.4,4370.8,4376.1,20038.0
2015-02-16 22:00:00,4376.1,4389.1,4366.1,4386.15,89844.0
2015-02-17 22:00:00,4386.15,4394.8,4375.2,4390.3,76771.0
2015-02-18 22:00:00,4390.3,4418.2,4377.0,4418.2,80769.0
2015-02-19 22:00:00,4418.2,4446.0,4397.3,4439.8,112714.0
2015-02-22 22:00:00,4439.8,4450.2,4430.8,4447.2,68707.0
2015-02-23 22:00:00,4447.2,4456.3,4428.2,4451.4,73215.0
2015-02-24 22:00:00,4451.4,4461.9,4430.4,4439.0,85579.0
2015-02-25 22:00:00,4439.0,4465.5,4432.0,4463.7,86691.0
2015-02-26 22:00:00,4463.7,4463.8,4436.0,4446.8,71268.0
2015-03-01 22:00:00,4446.8,4484.0,4446.8,4479.2,64819.0
2015-03-02 22:00:00,4479.2,4480.1,4433.1,4458.4,76380.0
2015-03-03 22:00:00,4458.4,4458.6,4420.0,4444.2,93261.0
2015-03-04 22:00:00,4444.2,4465.5,4433.5,4450.9,83592.0
2015-03-05 22:00:00,4450.9,4460.65,4389.7,4406.0,124658.0
2015-03-08 21:00:00,4406.0,4425.2,4392.3,4414.2,97227.0
2015-03-09 21:00:00,4414.2,4416.2,4329.0,4334.7,134888.0
2015-03-10 21:00:00,4334.7,4347.7,4304.8,4312.3,114166.0
2015-03-11 21:00:00,4312.3,4339.7,4299.2,4333.65,96719.0
2015-03-12 21:00:00,4333.65,4347.6,4288.5,4309.8,101426.0
2015-03-15 21:00:00,4309.8,4372.4,4299.35,4359.55,67202.0
2015-03-16 21:00:00,4359.55,4384.4,4348.6,4377.7,85424.0
2015-03-17 21:00:00,4377.7,4441.2,4342.6,4429.6,147374.0
2015-03-18 21:00:00,4429.6,4441.65,4418.3,4427.7,105656.0
2015-03-19 21:00:00,4427.7,4479.0,4422.6,4454.7,81936.0
2015-03-22 21:00:00,4454.7,4467.8,4442.5,4444.1,75954.0
2015-03-23 21:00:00,4444.1,4467.4,4430.5,4435.9,88279.0
2015-03-24 21:00:00,4435.9,4444.6,4326.1,4332.3,122422.0
2015-03-25 21:00:00,4332.3,4337.0,4276.0,4319.2,171469.0
2015-03-26 21:00:00,4319.2,4339.6,4303.4,4329.4,122948.0
2015-03-29 21:00:00,4329.4,4387.4,4321.7,4376.5,96266.0
2015-03-30 21:00:00,4376.5,4381.5,4326.6,4329.0,105493.0
2015-03-31 21:00:00,4329.0,4339.9,4267.65,4319.8,176998.0
2015-04-01 21:00:00,4319.8,4326.6,4294.3,4314.7,97880.0
2015-04-02 21:00:00,4314.7,4319.2,4267.8,4268.85,13367.0
2015-04-05 21:00:00,4268.85,4359.9,4268.85,4345.5,46891.0
2015-04-06 21:00:00,4345.5,4377.4,4335.6,4339.5,77886.0
2015-04-07 21:00:00,4339.5,4382.3,4332.85,4381.8,122092.0
2015-04-08 21:00:00,4381.8,4406.1,4358.1,4403.55,107627.0
2015-04-09 21:00:00,4403.55,4421.0,4390.7,4419.0,68737.0
2015-04-12 21:00:00,4419.0,4446.5,4404.4,4408.2,69519.0
2015-04-13 21:00:00,4408.2,4419.5,4371.7,4401.2,95580.0
2015-04-14 21:00:00,4401.2,4433.7,4393.4,4428.4,76530.0
2015-04-15 21:00:00,4428.4,4434.1,4402.8,4419.1,80832.0
2015-04-16 21:00:00,4419.1,4422.3,4328.4,4352.5,131897.0
2015-04-19 21:00:00,4352.5,4421.2,4352.5,4410.9,80836.0
2015-04-20 21:00:00,4410.9,4447.0,4407.8,4434.7,91642.0
2015-04-21 21:00:00,4434.7,4463.6,4402.8,4442.1,104003.0
2015-04-22 21:00:00,4442.1,4500.7,4422.0,4497.8,103719.0
2015-04-23 21:00:00,4497.8,4540.3,4493.65,4533.7,88664.0
2015-04-26 21:00:00,4533.7,4559.4,4513.2,4527.5,97626.0
2015-04-27 21:00:00,4527.5,4534.9,4475.7,4518.5,140589.0
2015-04-28 21:00:00,4518.5,4519.0,4459.9,4478.0,178476.0
2015-04-29 21:00:00,4478.0,4481.75,4390.0,4418.2,185631.0
2015-04-30 21:00:00,4418.2,4474.2,4413.5,4471.4,63577.0
2015-05-03 21:00:00,4471.4,4506.8,4460.4,4477.7,83133.0
2015-05-04 21:00:00,4477.7,4483.5,4402.6,4413.6,135893.0
2015-05-05 21:00:00,4413.6,4426.9,4344.6,4376.1,158376.0
2015-05-06 21:00:00,4376.1,4412.5,4335.7,4403.2,136427.0
2015-05-07 21:00:00,4403.2,4465.7,4403.1,4451.7,96507.0
2015-05-10 21:00:00,4451.7,4467.3,4429.6,4432.1,84952.0
2015-05-11 21:00:00,4432.1,4440.5,4377.3,4424.3,135968.0
2015-05-12 21:00:00,4424.3,4460.5,4420.3,4430.0,108684.0
2015-05-13 21:00:00,4430.0,4495.4,4415.5,4492.5,71454.0
2015-05-14 21:00:00,4492.5,4510.1,4480.6,4490.2,74295.0
2015-05-17 21:00:00,4490.2,4520.0,4473.0,4511.3,63576.0
2015-05-18 21:00:00,4511.3,4528.6,4498.9,4502.75,68550.0
2015-05-19 21:00:00,4502.75,4535.9,4484.4,4504.8,77963.0
2015-05-20 21:00:00,4504.8,4538.5,4488.9,4531.2,51174.0
2015-05-21 21:00:00,4531.2,4544.2,4524.3,4530.5,52197.0
2015-05-24 21:00:00,4530.5,4538.9,4519.6,4527.2,5197.0
2015-05-25 21:00:00,4527.2,4530.1,4456.9,4482.1,102091.0
2015-05-26 21:00:00,4482.1,4552.5,4475.0,4541.9,74566.0
2015-05-27 21:00:00,4541.9,4549.0,4523.6,4545.4,84235.0
2015-05-28 21:00:00,4545.4,4546.9,4499.0,4515.0,102101.0
2015-05-31 21:00:00,4515.0,4539.5,4487.7,4526.3,118291.0
2015-06-01 21:00:00,4526.3,4532.95,4482.5,4504.45,128956.0
2015-06-02 21:00:00,4504.45,4541.95,4502.85,4528.25,111491.0
2015-06-03 21:00:00,4528.25,4529.75,4474.45,4496.45,151526.0
2015-06-04 21:00:00,4496.45,4507.5,4450.5,4480.8,137825.0
2015-06-07 21:00:00,4480.8,4483.75,4422.95,4436.65,111016.0
2015-06-08 21:00:00,4436.65,4441.95,4390.85,4432.55,112777.0
2015-06-09 21:00:00,4432.55,4498.65,4431.05,4488.95,77690.0
2015-06-10 21:00:00,4488.95,4512.55,4480.3,4492.45,82344.0
2015-06-11 21:00:00,4492.45,4493.45,4448.45,4453.95,70132.0
2015-06-14 21:00:00,4453.95,4453.95,4394.45,4434.85,95235.0
2015-06-15 21:00:00,4434.85,4464.35,4403.3,4459.25,80548.0
2015-06-16 21:00:00,4459.25,4483.7,4439.65,4460.2,114049.0
2015-06-17 21:00:00,4460.2,4542.95,4447.95,4538.1,94821.0
2015-06-18 21:00:00,4538.1,4547.0,4506.2,4506.9,59898.0
2015-06-21 21:00:00,4506.9,4559.5,4506.9,4543.9,75697.0
2015-06-22 21:00:00,4543.9,4555.8,4530.1,4549.5,58459.0
2015-06-23 21:00:00,4549.5,4562.3,4522.2,4527.2,121390.0
2015-06-24 21:00:00,4527.2,4554.7,4507.3,4512.7,123714.0
2015-06-25 21:00:00,4512.7,4523.8,4466.5,4486.0,113410.0
2015-06-28 21:00:00,4486.0,4486.0,4375.0,4389.35,191627.0
2015-06-29 21:00:00,4389.35,4418.6,4378.6,4400.75,201460.0
2015-06-30 21:00:00,4400.75,4448.65,4395.6,4429.95,127184.0
2015-07-01 21:00:00,4429.95,4447.9,4414.7,4434.9,90996.0
2015-07-02 21:00:00,4434.9,4442.3,4418.0,4423.65,26419.0
2015-07-05 21:00:00,4423.65,4443.2,4351.6,4433.35,155607.0
2015-07-06 21:00:00,4433.35,4454.3,4340.1,4427.35,228418.0
2015-07-07 21:00:00,4427.35,4429.2,4342.4,4352.5,221496.0
2015-07-08 21:00:00,4352.5,4413.6,4337.5,4346.05,171681.0
2015-07-09 21:00:00,4346.05,4432.1,4344.9,4413.5,106288.0
2015-07-12 21:00:00,4413.5,4497.3,4384.6,4492.7,97116.0
2015-07-13 21:00:00,4492.7,4535.2,4490.6,4525.9,53108.0
2015-07-14 21:00:00,4525.9,4545.2,4514.8,4541.3,71007.0
2015-07-15 21:00:00,4541.3,4613.5,4536.5,4610.8,62085.0
2015-07-16 21:00:00,4610.8,4658.65,4610.8,4655.05,57753.0
2015-07-19 21:00:00,4655.05,4691.0,4653.6,4675.8,53968.0
2015-07-20 21:00:00,4675.8,4688.2,4619.6,4625.7,81842.0
2015-07-21 21:00:00,4625.7,4641.7,4593.8,4627.2,95963.0
2015-07-22 21:00:00,4627.2,4639.7,4589.1,4637.4,97944.0
2015-07-23 21:00:00,4637.4,4643.65,4549.25,4565.25,99398.0
2015-07-26 21:00:00,4565.25,4572.55,4508.1,4524.2,118785.0
2015-07-27 21:00:00,4524.2,4565.75,4501.45,4563.85,121650.0
2015-07-28 21:00:00,4563.85,4583.75,4548.55,4569.7,130320.0
2015-07-29 21:00:00,4569.7,4602.85,4535.15,4599.25,104087.0
2015-07-30 21:00:00,4599.25,4612.75,4580.25,4587.05,103848.0
2015-08-02 21:00:00,4587.05,4602.9,4544.5,4577.0,125816.0
2015-08-03 21:00:00,4577.0,4585.0,4547.35,4558.75,149359.0
2015-08-04 21:00:00,4558.75,4632.85,4555.05,4598.35,118809.0
2015-08-05 21:00:00,4598.35,4612.5,4506.2,4531.0,117419.0
2015-08-06 21:00:00,4531.0,4537.1,4484.15,4522.75,130033.0
2015-08-09 21:00:00,4522.75,4583.3,4516.25,4579.9,84315.0
2015-08-10 21:00:00,4579.9,4587.9,4488.5,4516.7,160655.0
2015-08-11 21:00:00,4516.7,4538.5,4434.9,4535.3,237213.0
2015-08-12 21:00:00,4535.3,4560.1,4512.0,4521.6,130994.0
2015-08-13 21:00:00,4521.6,4535.5,4502.0,4534.4,91749.0
2015-08-16 21:00:00,4534.4,4570.3,4505.7,4566.6,88197.0
2015-08-17 21:00:00,4566.6,4576.0,4536.4,4544.7,96514.0
2015-08-18 21:00:00,4544.7,4554.7,4485.8,4506.9,161147.0
2015-08-19 21:00:00,4506.9,4515.25,4362.3,4365.95,192761.0
2015-08-20 21:00:00,4365.95,4370.4,4197.1,4210.7,341605.0
2015-08-23 21:00:00,4210.7,4210.7,3905.9,4011.2,725942.0
2015-08-24 21:00:00,4011.2,4206.2,3999.45,4019.95,724582.0
2015-08-25 21:00:00,4019.95,4230.95,3960.75,4211.05,791166.0
2015-08-26 21:00:00,4211.05,4330.9,4207.3,4327.75,415366.0
2015-08-27 21:00:00,4327.75,4342.2,4283.4,4333.6,323613.0
2015-08-30 21:00:00,4333.6,4333.6,4260.0,4268.0,241448.0
2015-08-31 21:00:00,4268.0,4269.2,4119.7,4152.15,473050.0
2015-09-01 21:00:00,4152.15,4264.85,4136.9,4263.15,347701.0
2015-09-02 21:00:00,4263.15,4305.45,4220.75,4232.25,300627.0
2015-09-03 21:00:00,4232.25,4238.0,4156.2,4194.7,346274.0
2015-09-06 21:00:00,4194.7,4244.25,4182.35,4209.75,73526.0
2015-09-07 21:00:00,4209.75,4305.85,4209.25,4300.45,181412.0
2015-09-08 21:00:00,4300.45,4370.3,4240.8,4255.55,248493.0
2015-09-09 21:00:00,4255.55,4327.8,4227.0,4297.4,304204.0
2015-09-10 21:00:00,4297.4,4326.95,4259.95,4325.1,171600.0
2015-09-13 21:00:00,4325.1,4357.45,4292.7,4308.6,138749.0
2015-09-14 21:00:00,4308.6,4374.35,4291.1,4364.35,156745.0
2015-09-15 21:00:00,4364.35,4391.35,4345.45,4388.85,122097.0
2015-09-16 21:00:00,4388.85,4451.65,4367.05,4378.95,273132.0
2015-09-17 21:00:00,4378.95,4392.75,4309.65,4336.05,242306.0
2015-09-20 21:00:00,4336.05,4371.15,4296.25,4352.95,176859.0
2015-09-21 21:00:00,4352.95,4354.95,4229.95,4272.1,234450.0
2015-09-22 21:00:00,4272.1,4302.1,4230.85,4277.8,183474.0
2015-09-23 21:00:00,4277.8,4287.9,4194.7,4257.0,262481.0
2015-09-24 21:00:00,4257.0,4325.0,4194.6,4213.3,280229.0
2015-09-27 21:00:00,4213.3,4247.85,4088.15,4109.25,274765.0
2015-09-28 21:00:00,4109.25,4152.4,4049.1,4081.4,313226.0
2015-09-29 21:00:00,4081.4,4177.55,4074.0,4162.15,226496.0
2015-09-30 21:00:00,4162.15,4233.9,4124.55,4200.35,256919.0
2015-10-01 21:00:00,4200.35,4271.85,4119.55,4270.65,290517.0
2015-10-04 21:00:00,4270.65,4337.7,4258.75,4318.9,169534.0
2015-10-05 21:00:00,4318.9,4330.15,4271.35,4289.55,193451.0
2015-10-06 21:00:00,4289.55,4341.55,4276.05,4335.25,221153.0
2015-10-07 21:00:00,4335.25,4355.95,4272.85,4350.1,207014.0
2015-10-08 21:00:00,4350.1,4377.15,4332.35,4363.95,142133.0
2015-10-11 21:00:00,4363.95,4388.75,4353.85,4385.6,102619.0
2015-10-12 21:00:00,4385.6,4398.25,4345.55,4347.45,134943.0
2015-10-13 21:00:00,4347.45,4372.4,4324.7,4338.85,173095.0
2015-10-14 21:00:00,4338.85,4419.2,4338.85,4418.7,157284.0
2015-10-15 21:00:00,4418.7,4446.2,4403.3,4445.9,120456.0
2015-10-18 21:00:00,4445.9,4462.25,4417.9,4460.45,124572.0
2015-10-19 21:00:00,4460.45,4462.6,4420.95,4430.15,120868.0
2015-10-20 21:00:00,4430.15,4462.75,4401.25,4411.55,163926.0
2015-10-21 21:00:00,4411.55,4571.9,4408.35,4571.45,179270.0
2015-10-22 21:00:00,4571.45,4643.95,4568.45,4617.45,193505.0
2015-10-25 21:00:00,4617.45,4636.0,4598.8,4625.3,126681.0
2015-10-26 21:00:00,4625.3,4657.8,4607.4,4647.4,130368.0
2015-10-27 21:00:00,4647.4,4684.1,4606.9,4674.0,195888.0
2015-10-28 21:00:00,4674.0,4676.0,4648.6,4671.1,115222.0
2015-10-29 21:00:00,4671.1,4696.1,4641.8,4650.3,121367.0
2015-11-01 22:00:00,4650.3,4704.9,4630.55,4693.9,100102.0
2015-11-02 22:00:00,4693.9,4732.7,4682.5,4717.4,106514.0
2015-11-03 22:00:00,4717.4,4735.0,4696.6,4714.1,151563.0
2015-11-04 22:00:00,4714.1,4732.6,4678.8,4705.3,151171.0
2015-11-05 22:00:00,4705.3,4713.6,4663.9,4707.6,193933.0
2015-11-08 22:00:00,4707.6,4717.6,4626.6,4651.6,151306.0
2015-11-09 22:00:00,4651.6,4666.8,4617.0,4646.0,146787.0
2015-11-10 22:00:00,4646.0,4679.0,4629.7,4635.9,131280.0
2015-11-11 22:00:00,4635.9,4657.2,4585.5,4587.6,155404.0
2015-11-12 22:00:00,4587.6,4594.6,4489.9,4493.1,197802.0
2015-11-15 22:00:00,4493.1,4569.0,4458.35,4565.5,205374.0
2015-11-16 22:00:00,4565.5,4601.3,4555.5,4574.3,168500.0
2015-11-17 22:00:00,4574.3,4660.4,4559.9,4654.7,159464.0
2015-11-18 22:00:00,4654.7,4680.3,4650.2,4663.3,137292.0
2015-11-19 22:00:00,4663.3,4694.6,4655.7,4693.3,118494.0
2015-11-22 22:00:00,4693.3,4709.8,4656.8,4677.2,116223.0
2015-11-23 22:00:00,4677.2,4687.4,4623.0,4667.9,151498.0
2015-11-24 22:00:00,4667.9,4687.1,4662.2,4680.5,97594.0
2015-11-25 22:00:00,4680.5,4705.75,4680.5,4696.6,23327.0
2015-11-26 22:00:00,4696.6,4701.45,4667.3,4685.5,74820.0
2015-11-29 22:00:00,4685.5,4702.5,4655.5,4681.9,106680.0
2015-11-30 22:00:00,4681.9,4718.5,4678.7,4717.4,107975.0
2015-12-01 22:00:00,4717.4,4741.4,4680.4,4699.2,138072.0
2015-12-02 22:00:00,4699.2,4731.9,4580.7,4618.1,269076.0
2015-12-03 22:00:00,4618.1,4724.6,4604.6,4716.4,217306.0
2015-12-06 22:00:00,4716.4,4731.0,4671.8,4702.0,198968.0
2015-12-07 22:00:00,4702.0,4710.0,4642.3,4693.4,220956.0
2015-12-08 22:00:00,4693.4,4708.2,4594.4,4625.1,294464.0
2015-12-09 22:00:00,4625.1,4675.3,4619.5,4647.1,227153.0
2015-12-10 22:00:00,4647.1,4660.1,4529.35,4534.9,221106.0
2015-12-13 22:00:00,4534.9,4580.0,4477.8,4572.3,314020.0
2015-12-14 22:00:00,4572.3,4639.6,4567.4,4609.25,222031.0
2015-12-15 22:00:00,4609.25,4676.3,4583.05,4657.9,277988.0
2015-12-16 22:00:00,4657.9,4690.6,4571.4,4575.0,232053.0
2015-12-17 22:00:00,4575.0,4594.8,4508.6,4516.5,281446.0
2015-12-20 22:00:00,4516.5,4577.5,4516.5,4576.9,170885.0
2015-12-21 22:00:00,4576.9,4600.5,4547.7,4595.7,163831.0
2015-12-22 22:00:00,4595.7,4626.3,4589.3,4613.85,118966.0
2015-12-23 22:00:00,4613.85,4635.9,4606.7,4616.9,47066.0
2015-12-27 22:00:00,4616.9,4625.2,4577.3,4623.0,84117.0
2015-12-28 22:00:00,4623.0,4703.4,4616.2,4696.3,91563.0
2015-12-29 22:00:00,4696.3,4700.7,4649.2,4654.25,91152.0
2015-12-30 22:00:00,4654.25,4660.3,4605.0,4625.9,81773.0
2016-01-03 22:00:00,4599.6,4613.6,4434.75,4511.35,290286.0
2016-01-04 22:00:00,4511.35,4528.15,4462.4,4485.8,254114.0
2016-01-05 22:00:00,4485.8,4492.7,4391.05,4454.95,299554.0
2016-01-06 22:00:00,4454.95,4463.5,4287.6,4296.2,409732.0
2016-01-07 22:00:00,4296.2,4374.4,4260.5,4269.05,436211.0
2016-01-10 22:00:00,4269.05,4308.6,4213.4,4274.95,409569.0
2016-01-11 22:00:00,4274.95,4350.3,4241.3,4313.3,397847.0
2016-01-12 22:00:00,4313.3,4369.2,4171.5,4182.05,442686.0
2016-01-13 22:00:00,4182.05,4304.6,4128.0,4254.15,476723.0
2016-01-14 22:00:00,4254.15,4272.9,4079.6,4149.75,583537.0
2016-01-17 22:00:00,4149.75,4181.3,4111.4,4136.6,173513.0
2016-01-18 22:00:00,4136.6,4219.7,4094.7,4145.3,383759.0
2016-01-19 22:00:00,4145.3,4175.1,3987.2,4131.25,658364.0
2016-01-20 22:00:00,4131.25,4195.7,4089.35,4133.45,680715.0
2016-01-21 22:00:00,4133.45,4256.3,4122.35,4250.6,348215.0
2016-01-24 22:00:00,4250.6,4263.15,4183.05,4192.6,299011.0
2016-01-25 22:00:00,4192.6,4247.2,4136.6,4214.3,319684.0
2016-01-26 22:00:00,4214.3,4221.9,4105.3,4145.65,389348.0
2016-01-27 22:00:00,4145.65,4201.95,4110.0,4150.4,417869.0
2016-01-28 22:00:00,4150.4,4274.1,4132.1,4273.25,335513.0
2016-01-31 22:00:00,4273.25,4312.4,4231.4,4289.8,319271.0
2016-02-01 22:00:00,4289.8,4289.8,4173.8,4190.9,312471.0
2016-02-02 22:00:00,4190.9,4217.55,4093.4,4175.15,474623.0
2016-02-03 22:00:00,4175.15,4208.6,4116.3,4151.0,501452.0
2016-02-04 22:00:00,4151.0,4176.15,4003.8,4022.15,459108.0
2016-02-07 22:00:00,4022.15,4047.95,3885.3,3965.7,543696.0
2016-02-08 22:00:00,3965.7,4006.3,3899.7,3944.3,520760.0
2016-02-09 22:00:00,3944.3,4043.2,3924.5,3965.05,486153.0
2016-02-10 22:00:00,3965.05,3987.2,3864.5,3965.6,552212.0
2016-02-11 22:00:00,3965.6,4019.7,3955.5,4017.0,316309.0
2016-02-14 22:00:00,4017.0,4093.2,4017.0,4080.9,93845.0
2016-02-15 22:00:00,4080.9,4106.5,4049.1,4093.2,297879.0
2016-02-16 22:00:00,4093.2,4211.05,4070.3,4210.7,265869.0
2016-02-17 22:00:00,4210.7,4229.2,4146.2,4161.0,264968.0
2016-02-18 22:00:00,4161.0,4176.5,4121.9,4163.1,246590.0
2016-02-21 22:00:00,4163.1,4235.5,4148.1,4209.65,193140.0
2016-02-22 22:00:00,4209.65,4217.8,4155.9,4158.2,241503.0
2016-02-23 22:00:00,4158.2,4219.3,4086.2,4219.3,294000.0
2016-02-24 22:00:00,4219.3,4249.2,4171.9,4246.15,259061.0
2016-02-25 22:00:00,4246.15,4294.4,4226.5,4228.8,227463.0
2016-02-28 22:00:00,4228.8,4264.1,4185.7,4201.15,247675.0
2016-02-29 22:00:00,4201.15,4339.9,4181.5,4338.5,237380.0
2016-03-01 22:00:00,4338.5,4358.65,4300.3,4326.85,230556.0
2016-03-02 22:00:00,4326.85,4345.6,4294.6,4325.0,192669.0
2016-03-03 22:00:00,4325.0,4355.8,4298.8,4321.2,240340.0
2016-03-06 22:00:00,4321.2,4330.6,4269.5,4303.25,198008.0
2016-03-07 22:00:00,4303.25,4309.2,4252.0,4273.7,250775.0
2016-03-08 22:00:00,4273.7,4299.4,4257.4,4295.2,220006.0
2016-03-09 22:00:00,4295.2,4348.1,4230.1,4290.95,337197.0
2016-03-10 22:00:00,4290.95,4361.5,4283.25,4357.05,162047.0
2016-03-13 21:00:00,4357.05,4378.9,4340.7,4366.65,129143.0
2016-03-14 21:00:00,4366.65,4371.5,4338.2,4366.85,152198.0
2016-03-15 21:00:00,4366.85,4416.3,4349.4,4398.9,215703.0
2016-03-16 21:00:00,4398.9,4421.7,4368.4,4407.0,178158.0
2016-03-17 21:00:00,4407.0,4419.1,4384.6,4405.4,155763.0
2016-03-20 21:00:00,4405.4,4429.5,4385.3,4424.7,160040.0
2016-03-21 21:00:00,4424.7,4448.7,4392.1,4444.25,173544.0
2016-03-22 21:00:00,4444.25,4449.3,4391.5,4402.5,165077.0
2016-03-23 21:00:00,4402.5,4408.7,4373.2,4408.5,158867.0
2016-03-27 21:00:00,4408.5,4433.4,4389.3,4397.9,96956.0
2016-03-28 21:00:00,4397.9,4471.4,4381.5,4469.3,186696.0
2016-03-29 21:00:00,4469.3,4517.9,4464.3,4489.7,163637.0
2016-03-30 21:00:00,4489.7,4503.0,4470.0,4483.1,164438.0
2016-03-31 21:00:00,4483.1,4536.9,4449.1,4536.4,200275.0
2016-04-03 21:00:00,4536.4,4550.9,4502.6,4505.3,147301.0
2016-04-04 21:00:00,4505.3,4507.9,4463.5,4483.2,187566.0
2016-04-05 21:00:00,4483.2,4544.7,4474.5,4540.4,187569.0
2016-04-06 21:00:00,4540.4,4546.3,4457.7,4475.2,188877.0
2016-04-07 21:00:00,4475.2,4516.4,4458.4,4476.3,177941.0
2016-04-10 21:00:00,4476.3,4516.2,4452.6,4453.9,207244.0
2016-04-11 21:00:00,4453.9,4504.0,4433.0,4495.7,194602.0
2016-04-12 21:00:00,4495.7,4560.0,4493.15,4555.1,171586.0
2016-04-13 21:00:00,4555.1,4569.4,4537.2,4555.0,135360.0
2016-04-14 21:00:00,4555.0,4560.6,4529.3,4544.0,118824.0
2016-04-17 21:00:00,4544.0,4566.5,4507.1,4552.1,132112.0
2016-04-18 21:00:00,4552.1,4590.2,4512.6,4534.9,142596.0
2016-04-19 21:00:00,4534.9,4561.6,4514.9,4540.4,137522.0
2016-04-20 21:00:00,4540.4,4557.2,4493.8,4504.3,192483.0
2016-04-21 21:00:00,4504.3,4507.0,4436.5,4472.2,174771.0
2016-04-24 21:00:00,4472.2,4484.5,4441.3,4479.0,133807.0
2016-04-25 21:00:00,4479.0,4494.8,4413.0,4418.0,135849.0
2016-04-26 21:00:00,4418.0,4438.2,4376.9,4438.2,168876.0
2016-04-27 21:00:00,4438.2,4447.0,4351.1,4389.6,178142.0
2016-04-28 21:00:00,4389.6,4396.1,4301.4,4341.0,202658.0
2016-05-01 21:00:00,4341.0,4382.9,4322.4,4376.8,150789.0
2016-05-02 21:00:00,4376.8,4378.15,4323.8,4340.6,170434.0
2016-05-03 21:00:00,4340.6,4346.0,4296.2,4313.5,165245.0
2016-05-04 21:00:00,4313.5,4346.6,4296.6,4302.0,163687.0
2016-05-05 21:00:00,4302.0,4337.8,4275.1,4336.75,186687.0
2016-05-08 21:00:00,4336.75,4360.3,4321.8,4339.55,140483.0
2016-05-09 21:00:00,4339.55,4402.3,4327.3,4399.3,119968.0
2016-05-10 21:00:00,4399.3,4406.1,4354.5,4355.7,134943.0
2016-05-11 21:00:00,4355.7,4385.2,4309.1,4340.0,156655.0
2016-05-12 21:00:00,4340.0,4363.6,4307.1,4325.8,199755.0
2016-05-15 21:00:00,4325.8,4395.1,4308.4,4376.65,109809.0
2016-05-16 21:00:00,4376.65,4396.5,4311.0,4324.8,175784.0
2016-05-17 21:00:00,4324.8,4361.7,4304.2,4338.8,229495.0
2016-05-18 21:00:00,4338.8,4343.6,4283.5,4320.0,207497.0
2016-05-19 21:00:00,4320.0,4381.5,4316.9,4366.05,140049.0
2016-05-22 21:00:00,4366.05,4383.6,4350.7,4354.8,130416.0
2016-05-23 21:00:00,4354.8,4450.7,4343.9,4448.5,114658.0
2016-05-24 21:00:00,4448.5,4491.3,4445.1,4480.0,124152.0
2016-05-25 21:00:00,4480.0,4497.4,4465.8,4496.5,109180.0
2016-05-26 21:00:00,4496.5,4515.4,4492.2,4515.2,86068.0
2016-05-29 21:00:00,4515.2,4526.3,4515.1,4524.3,20545.0
2016-05-30 21:00:00,4524.3,4530.0,4499.0,4525.1,104714.0
2016-05-31 21:00:00,4525.1,4538.7,4504.4,4522.9,106190.0
2016-06-01 21:00:00,4522.9,4534.3,4488.3,4532.65,113207.0
2016-06-02 21:00:00,4532.65,4536.0,4480.2,4509.7,135209.0
2016-06-05 21:00:00,4509.7,4537.6,4505.1,4527.2,95930.0
2016-06-06 21:00:00,4527.2,4546.6,4512.0,4514.3,80999.0
2016-06-07 21:00:00,4514.3,4531.0,4505.0,4519.4,77785.0
2016-06-08 21:00:00,4519.4,4523.2,4494.3,4514.0,89808.0
2016-06-09 21:00:00,4514.0,4514.0,4447.1,4466.0,77419.0
2016-06-12 21:00:00,4466.0,4466.0,4419.8,4420.75,121756.0
2016-06-13 21:00:00,4420.75,4440.55,4392.1,4423.05,127322.0
2016-06-14 21:00:00,4423.05,4443.9,4403.4,4410.3,131993.0
2016-06-15 21:00:00,4410.3,4428.1,4359.7,4422.1,178783.0
2016-06-16 21:00:00,4422.1,4439.3,4360.4,4368.9,150951.0
2016-06-19 21:00:00,4368.9,4443.6,4368.9,4414.8,114060.0
2016-06-20 21:00:00,4414.8,4422.7,4395.3,4405.05,130280.0
2016-06-21 21:00:00,4405.05,4440.9,4398.2,4402.2,121393.0
2016-06-22 21:00:00,4402.2,4483.35,4402.2,4483.35,161122.0
2016-06-23 21:00:00,4483.35,4500.8,4240.8,4268.9,544959.0
2016-06-26 21:00:00,4268.9,4275.3,4175.1,4181.45,324462.0
2016-06-27 21:00:00,4181.45,4291.4,4181.45,4288.7,175128.0
2016-06-28 21:00:00,4288.7,4384.4,4275.3,4383.8,143688.0
2016-06-29 21:00:00,4383.8,4416.9,4345.6,4408.3,176514.0
2016-06-30 21:00:00,4408.3,4453.1,4393.3,4441.3,123287.0
2016-07-03 21:00:00,4441.3,4458.5,4433.3,4446.7,31974.0
2016-07-04 21:00:00,4446.7,4446.7,4384.5,4414.6,147833.0
2016-07-05 21:00:00,4414.6,4446.4,4372.5,4441.9,210207.0
2016-07-06 21:00:00,4441.9,4467.1,4433.5,4458.3,154539.0
2016-07-07 21:00:00,4458.3,4529.4,4445.9,4523.3,146293.0
2016-07-10 21:00:00,4523.3,4569.4,4522.05,4557.1,112635.0
2016-07-11 21:00:00,4557.1,4587.9,4552.7,4576.1,101650.0
2016-07-12 21:00:00,4576.1,4590.4,4564.9,4566.3,114953.0
2016-07-13 21:00:00,4566.3,4614.1,4559.7,4595.8,119038.0
2016-07-14 21:00:00,4595.8,4609.3,4548.0,4567.8,105362.0
2016-07-17 21:00:00,4567.8,4627.6,4567.8,4613.8,87758.0
2016-07-18 21:00:00,4613.8,4617.2,4594.1,4613.9,94318.0
2016-07-19 21:00:00,4613.9,4665.1,4603.6,4662.2,70954.0
2016-07-20 21:00:00,4662.2,4667.9,4632.9,4645.6,94322.0
2016-07-21 21:00:00,4645.6,4670.4,4634.6,4663.9,76822.0
2016-07-24 21:00:00,4663.9,4675.45,4649.6,4664.4,84684.0
2016-07-25 21:00:00,4664.4,4694.1,4646.9,4692.4,101277.0
2016-07-26 21:00:00,4692.4,4719.6,4683.05,4719.55,135181.0
2016-07-27 21:00:00,4719.55,4737.8,4695.7,4737.4,126714.0
2016-07-28 21:00:00,4737.4,4742.4,4715.2,4735.55,119230.0
2016-07-31 21:00:00,4735.55,4766.4,4727.1,4752.6,101990.0
2016-08-01 21:00:00,4752.6,4765.3,4687.9,4720.85,131057.0
2016-08-02 21:00:00,4720.85,4734.4,4704.1,4732.6,110053.0
2016-08-03 21:00:00,4732.6,4751.4,4720.0,4750.7,97356.0
2016-08-04 21:00:00,4750.7,4800.2,4748.2,4786.7,81417.0
2016-08-07 21:00:00,4786.7,4803.4,4768.7,4782.7,58915.0
2016-08-08 21:00:00,4782.7,4810.2,4780.3,4795.7,64106.0
2016-08-09 21:00:00,4795.7,4803.0,4770.0,4783.4,75260.0
2016-08-10 21:00:00,4783.4,4813.5,4778.2,4803.75,66275.0
2016-08-11 21:00:00,4803.75,4809.0,4789.7,4808.5,62170.0
2016-08-14 21:00:00,4808.5,4837.8,4807.7,4826.8,49912.0
2016-08-15 21:00:00,4826.8,4827.0,4799.0,4804.3,72431.0
2016-08-16 21:00:00,4804.3,4812.2,4774.6,4810.4,81030.0
2016-08-17 21:00:00,4810.4,4816.7,4795.3,4810.4,65876.0
2016-08-18 21:00:00,4810.4,4818.2,4786.7,4809.95,71518.0
2016-08-21 21:00:00,4809.95,4819.5,4791.2,4814.8,90573.0
2016-08-22 21:00:00,4814.8,4838.2,4809.4,4821.1,73807.0
2016-08-23 21:00:00,4821.1,4825.0,4771.9,4786.4,87509.0
2016-08-24 21:00:00,4786.4,4794.9,4769.4,4784.3,94455.0
2016-08-25 21:00:00,4784.3,4818.2,4758.4,4785.05,139189.0
2016-08-28 21:00:00,4785.05,4806.3,4775.1,4796.3,69063.0
2016-08-29 21:00:00,4796.3,4799.2,4760.7,4778.9,79662.0
2016-08-30 21:00:00,4778.9,4779.55,4752.2,4772.8,85704.0
2016-08-31 21:00:00,4772.8,4795.7,4750.2,4776.4,108663.0
2016-09-01 21:00:00,4776.4,4818.2,4774.8,4799.2,109333.0
2016-09-04 21:00:00,4799.2,4806.4,4782.1,4792.5,24298.0
2016-09-05 21:00:00,4792.5,4831.4,4789.4,4830.9,77696.0
2016-09-06 21:00:00,4830.9,4839.7,4812.7,4828.9,74931.0
2016-09-07 21:00:00,4828.9,4837.0,4789.7,4797.1,101508.0
2016-09-08 21:00:00,4797.1,4798.0,4666.1,4668.5,129921.0
2016-09-11 21:00:00,4668.5,4772.2,4629.35,4766.7,168034.0
2016-09-12 21:00:00,4766.7,4766.7,4699.5,4733.35,203839.0
2016-09-13 21:00:00,4733.35,4770.5,4723.4,4735.5,189438.0
2016-09-14 21:00:00,4735.5,4826.2,4719.2,4814.1,162197.0
2016-09-15 21:00:00,4814.1,4822.2,4791.4,4818.7,150089.0
2016-09-18 21:00:00,4818.7,4844.4,4785.3,4799.1,110554.0
2016-09-19 21:00:00,4799.1,4823.4,4792.7,4801.7,110552.0
2016-09-20 21:00:00,4801.7,4857.2,4791.2,4853.4,162324.0
2016-09-21 21:00:00,4853.4,4894.9,4845.6,4891.4,81750.0
2016-09-22 21:00:00,4891.4,4892.6,4851.3,4859.4,84278.0
2016-09-25 21:00:00,4859.4,4862.4,4810.2,4817.0,96626.0
2016-09-26 21:00:00,4817.0,4867.4,4803.9,4862.6,114795.0
2016-09-27 21:00:00,4862.6,4876.1,4847.7,4871.5,114527.0
2016-09-28 21:00:00,4871.5,4879.1,4815.5,4844.4,171912.0
2016-09-29 21:00:00,4844.4,4888.1,4814.8,4866.3,122400.0
2016-10-02 21:00:00,4866.3,4882.0,4845.7,4871.4,83685.0
2016-10-03 21:00:00,4871.4,4890.6,4838.8,4857.7,148794.0
2016-10-04 21:00:00,4857.7,4890.7,4851.7,4879.2,86271.0
2016-10-05 21:00:00,4879.2,4883.1,4847.9,4873.2,89331.0
2016-10-06 21:00:00,4873.2,4885.7,4836.9,4861.65,145949.0
2016-10-09 21:00:00,4861.65,4903.7,4861.65,4895.1,66092.0
2016-10-10 21:00:00,4895.1,4899.4,4800.4,4827.5,130372.0
2016-10-11 21:00:00,4827.5,4842.4,4802.7,4810.1,123181.0
2016-10-12 21:00:00,4810.1,4815.0,4756.9,4798.0,140344.0
2016-10-13 21:00:00,4798.0,4843.2,4788.5,4804.75,128292.0
2016-10-16 21:00:00,4804.75,4812.7,4783.5,4805.5,110947.0
2016-10-17 21:00:00,4805.5,4858.9,4802.1,4828.4,87055.0
2016-10-18 21:00:00,4828.4,4842.5,4813.2,4832.5,69940.0
2016-10-19 21:00:00,4832.5,4849.4,4801.2,4846.7,106944.0
2016-10-20 21:00:00,4846.7,4851.1,4816.9,4847.75,88757.0
2016-10-23 21:00:00,4847.75,4910.8,4845.0,4910.5,68026.0
2016-10-24 21:00:00,4910.5,4921.7,4876.0,4880.4,81419.0
2016-10-25 21:00:00,4880.4,4883.9,4841.9,4855.9,99053.0
2016-10-26 21:00:00,4855.9,4882.7,4806.7,4825.85,123429.0
2016-10-27 21:00:00,4825.85,4845.6,4788.9,4807.4,181431.0
2016-10-30 21:00:00,4807.4,4832.2,4791.15,4805.9,93193.0
2016-10-31 21:00:00,4805.9,4819.2,4720.9,4757.7,134593.0
2016-11-01 21:00:00,4757.7,4770.4,4710.6,4722.4,170869.0
2016-11-02 21:00:00,4722.4,4731.5,4670.95,4673.4,129241.0
2016-11-03 21:00:00,4673.4,4696.9,4653.3,4662.35,137850.0
2016-11-06 22:00:00,4662.35,4783.1,4662.35,4782.4,80544.0
2016-11-07 22:00:00,4782.4,4823.9,4754.6,4803.4,119954.0
2016-11-08 22:00:00,4803.4,4839.1,4559.55,4822.2,710370.0
2016-11-09 22:00:00,4822.2,4881.0,4680.9,4741.1,381999.0
2016-11-10 22:00:00,4741.1,4759.1,4683.5,4743.75,247136.0
2016-11-13 22:00:00,4743.75,4785.8,4674.3,4695.6,236649.0
2016-11-14 22:00:00,4695.6,4780.3,4689.3,4767.1,148189.0
2016-11-15 22:00:00,4767.1,4795.8,4737.5,4784.35,134443.0
2016-11-16 22:00:00,4784.35,4831.8,4779.4,4831.5,122334.0
2016-11-17 22:00:00,4831.5,4841.1,4803.7,4811.2,97899.0
2016-11-20 22:00:00,4811.2,4862.6,4804.3,4858.6,89761.0
2016-11-21 22:00:00,4858.6,4885.4,4857.8,4879.0,79595.0
2016-11-22 22:00:00,4879.0,4883.2,4831.2,4851.4,83640.0
2016-11-23 22:00:00,4851.4,4863.3,4840.2,4863.05,20292.0
2016-11-24 22:00:00,4863.05,4870.5,4852.8,4869.9,44176.0
2016-11-27 22:00:00,4869.9,4879.6,4842.8,4858.9,93660.0
2016-11-28 22:00:00,4858.9,4897.6,4847.7,4874.45,91961.0
2016-11-29 22:00:00,4874.45,4885.6,4812.8,4818.8,121588.0
2016-11-30 22:00:00,4818.8,4827.3,4722.9,4735.3,174915.0
2016-12-01 22:00:00,4735.3,4758.9,4707.4,4733.8,132598.0
2016-12-04 22:00:00,4733.8,4795.7,4701.6,4782.6,141508.0
2016-12-05 22:00:00,4782.6,4796.4,4767.9,4789.85,102431.0
2016-12-06 22:00:00,4789.85,4854.9,4763.6,4844.6,127644.0
2016-12-07 22:00:00,4844.6,4869.2,4836.3,4862.6,122846.0
2016-12-08 22:00:00,4862.6,4897.3,4852.7,4894.65,65589.0
2016-12-11 22:00:00,4894.65,4916.8,4852.4,4867.15,81494.0
2016-12-12 22:00:00,4867.15,4963.1,4861.3,4941.8,122387.0
2016-12-13 22:00:00,4941.8,4958.7,4912.4,4933.5,193088.0
2016-12-14 22:00:00,4933.5,4963.0,4919.7,4940.3,202836.0
2016-12-15 22:00:00,4940.3,4953.1,4905.8,4916.5,117332.0
2016-12-18 22:00:00,4916.5,4967.5,4913.8,4942.1,82110.0
2016-12-19 22:00:00,4942.1,4964.8,4940.1,4958.1,66748.0
2016-12-20 22:00:00,4958.1,4961.3,4940.7,4947.9,52471.0
2016-12-21 22:00:00,4947.9,4954.3,4918.6,4935.5,66567.0
2016-12-22 22:00:00,4935.5,4944.3,4924.3,4944.3,38632.0
2016-12-26 22:00:00,4944.3,4995.5,4941.7,4961.45,44320.0
2016-12-27 22:00:00,4961.45,4980.7,4921.8,4924.4,78001.0
2016-12-28 22:00:00,4924.4,4934.7,4902.7,4921.2,80934.0
2016-12-29 22:00:00,4921.2,4941.4,4850.3,4865.3,110417.0
2017-01-02 22:00:00,4865.3,4927.2,4865.3,4906.15,137299.0
2017-01-03 22:00:00,4906.15,4942.4,4902.9,4933.4,92866.0
2017-01-04 22:00:00,4933.4,4964.1,4920.4,4962.8,102650.0
2017-01-05 22:00:00,4962.8,5017.4,4952.7,5005.0,109675.0
2017-01-08 22:00:00,5005.0,5029.6,5002.6,5020.8,82051.0
2017-01-09 22:00:00,5020.8,5046.9,5007.4,5033.3,90547.0
2017-01-10 22:00:00,5033.3,5048.3,5007.7,5047.7,153330.0
2017-01-11 22:00:00,5047.7,5047.7,4990.4,5037.6,135748.0
2017-01-12 22:00:00,5037.6,5063.1,5036.2,5060.7,91916.0
2017-01-15 22:00:00,5060.7,5060.7,5044.2,5050.55,17573.0
2017-01-16 22:00:00,5050.55,5053.4,5025.1,5040.6,114637.0
2017-01-17 22:00:00,5040.6,5057.3,5034.1,5054.4,97033.0
2017-01-18 22:00:00,5054.4,5074.6,5036.4,5055.2,98173.0
2017-01-19 22:00:00,5055.2,5082.6,5044.9,5060.7,130664.0
2017-01-22 22:00:00,5060.7,5069.6,5030.4,5064.3,113807.0
2017-01-23 22:00:00,5064.3,5104.6,5060.1,5101.7,78770.0
2017-01-24 22:00:00,5101.7,5150.4,5100.7,5150.4,79202.0
2017-01-25 22:00:00,5150.4,5169.4,5142.9,5147.1,95794.0
2017-01-26 22:00:00,5147.1,5168.6,5140.4,5166.3,81627.0
2017-01-29 22:00:00,5166.3,5166.3,5095.7,5125.8,112122.0
2017-01-30 22:00:00,5125.8,5134.8,5084.4,5133.9,113008.0
2017-01-31 22:00:00,5133.9,5159.2,5123.9,5150.6,135570.0
2017-02-01 22:00:00,5150.6,5158.6,5120.8,5131.15,118742.0
2017-02-02 22:00:00,5131.15,5163.3,5120.9,5158.65,100862.0
2017-02-05 22:00:00,5158.65,5164.4,5141.4,5159.9,80610.0
2017-02-06 22:00:00,5159.9,5192.6,5155.4,5176.4,70966.0
2017-02-07 22:00:00,5176.4,5197.4,5164.4,5190.9,77775.0
2017-02-08 22:00:00,5190.9,5219.9,5187.1,5212.5,73644.0
2017-02-09 22:00:00,5212.5,5233.1,5210.5,5228.1,73014.0
2017-02-12 22:00:00,5228.1,5262.3,5227.6,5261.5,56558.0
2017-02-13 22:00:00,5261.5,5278.6,5240.3,5275.1,69015.0
2017-02-14 22:00:00,5275.1,5314.1,5266.1,5313.5,68908.0
2017-02-15 22:00:00,5313.5,5317.2,5288.8,5301.4,85307.0
2017-02-16 22:00:00,5301.4,5328.8,5287.4,5328.5,74295.0
2017-02-19 22:00:00,5328.5,5345.9,5321.0,5341.1,19362.0
2017-02-20 22:00:00,5341.1,5353.6,5331.6,5344.8,58188.0
2017-02-21 22:00:00,5344.8,5355.3,5336.4,5353.5,67150.0
2017-02-22 22:00:00,5353.5,5361.1,5310.9,5331.4,78655.0
2017-02-23 22:00:00,5331.4,5344.4,5299.1,5342.8,81658.0
2017-02-26 22:00:00,5342.8,5352.3,5323.6,5343.6,80493.0
2017-02-27 22:00:00,5343.6,5349.9,5317.2,5335.7,71346.0
2017-02-28 22:00:00,5335.7,5399.8,5331.9,5386.1,98809.0
2017-03-01 22:00:00,5386.1,5393.8,5356.2,5361.7,85555.0
2017-03-02 22:00:00,5361.7,5373.4,5344.3,5372.7,85614.0
2017-03-05 22:00:00,5372.7,5372.7,5339.2,5354.1,56904.0
2017-03-06 22:00:00,5354.1,5374.2,5341.4,5350.4,57566.0
2017-03-07 22:00:00,5350.4,5377.1,5333.9,5363.3,81408.0
2017-03-08 22:00:00,5363.3,5371.9,5335.4,5370.3,85540.0
2017-03-09 22:00:00,5370.3,5395.1,5362.9,5382.6,79613.0
2017-03-12 21:00:00,5382.6,5396.5,5371.7,5396.05,51695.0
2017-03-13 21:00:00,5396.05,5396.6,5359.9,5380.9,63832.0
2017-03-14 21:00:00,5380.9,5427.3,5376.1,5412.8,79501.0
2017-03-15 21:00:00,5412.8,5435.3,5398.1,5412.0,66399.0
2017-03-16 21:00:00,5412.0,5420.8,5402.4,5404.7,53873.0
2017-03-19 21:00:00,5404.7,5423.6,5391.7,5412.8,49778.0
2017-03-20 21:00:00,5412.8,5436.7,5325.9,5331.2,159681.0
2017-03-21 21:00:00,5331.2,5371.9,5310.9,5360.9,141442.0
2017-03-22 21:00:00,5360.9,5374.1,5343.2,5352.1,128759.0
2017-03-23 21:00:00,5352.1,5390.7,5343.2,5368.6,128184.0
2017-03-26 21:00:00,5368.6,5381.4,5313.2,5378.5,125375.0
2017-03-27 21:00:00,5378.5,5420.4,5359.4,5404.0,98018.0
2017-03-28 21:00:00,5404.0,5433.1,5400.8,5432.1,70725.0
2017-03-29 21:00:00,5432.1,5446.6,5422.5,5436.5,63619.0
2017-03-30 21:00:00,5436.5,5448.5,5417.1,5432.05,63976.0
2017-04-02 21:00:00,5432.05,5450.8,5399.3,5427.6,99840.0
2017-04-03 21:00:00,5427.6,5451.8,5402.7,5451.5,80495.0
2017-04-04 21:00:00,5451.5,5485.2,5413.0,5416.8,113541.0
2017-04-05 21:00:00,5416.8,5436.1,5394.8,5424.5,126124.0
2017-04-06 21:00:00,5424.5,5434.9,5381.8,5419.6,136421.0
2017-04-09 21:00:00,5419.6,5442.6,5404.9,5425.4,89024.0
2017-04-10 21:00:00,5425.4,5428.1,5357.1,5403.1,166501.0
2017-04-11 21:00:00,5403.1,5411.9,5368.4,5369.0,140838.0
2017-04-12 21:00:00,5369.0,5398.4,5347.4,5356.2,128670.0
2017-04-16 21:00:00,5356.2,5398.4,5346.9,5396.5,65863.0
2017-04-17 21:00:00,5396.5,5404.4,5374.6,5390.4,117611.0
2017-04-18 21:00:00,5390.4,5429.6,5387.9,5393.4,86913.0
2017-04-19 21:00:00,5393.4,5453.8,5393.4,5442.9,95128.0
2017-04-20 21:00:00,5442.9,5453.6,5426.6,5435.5,90581.0
2017-04-23 21:00:00,5435.5,5511.7,5435.5,5502.15,96488.0
2017-04-24 21:00:00,5502.15,5556.1,5498.1,5546.7,61279.0
2017-04-25 21:00:00,5546.7,5561.2,5534.4,5534.55,109043.0
2017-04-26 21:00:00,5534.55,5597.8,5533.6,5586.2,85261.0
2017-04-27 21:00:00,5586.2,5596.6,5570.6,5580.2,78673.0
2017-04-30 21:00:00,5580.2,5636.4,5572.7,5631.2,57808.0
2017-05-01 21:00:00,5631.2,5640.6,5621.6,5622.6,66079.0
2017-05-02 21:00:00,5622.6,5629.9,5605.1,5608.2,72658.0
2017-05-03 21:00:00,5608.2,5634.1,5603.9,5627.7,97533.0
2017-05-04 21:00:00,5627.7,5649.3,5612.4,5649.1,72727.0
2017-05-07 21:00:00,5649.1,5660.4,5634.6,5655.4,77272.0
2017-05-08 21:00:00,5655.4,5687.6,5650.7,5680.7,66155.0
2017-05-09 21:00:00,5680.7,5680.7,5658.1,5675.3,68819.0
2017-05-10 21:00:00,5675.3,5675.7,5636.3,5670.7,78215.0
2017-05-11 21:00:00,5670.7,5689.4,5656.7,5689.1,72257.0
2017-05-14 21:00:00,5689.1,5706.6,5682.6,5705.2,60204.0
2017-05-15 21:00:00,5705.2,5727.4,5696.3,5724.1,70115.0
2017-05-16 21:00:00,5724.1,5724.1,5574.7,5575.3,201293.0
2017-05-17 21:00:00,5575.3,5648.4,5550.6,5633.3,238031.0
2017-05-18 21:00:00,5633.3,5676.6,5622.4,5654.9,110284.0
2017-05-21 21:00:00,5654.9,5704.0,5648.8,5703.7,92201.0
2017-05-22 21:00:00,5703.7,5718.3,5688.7,5710.4,91171.0
2017-05-23 21:00:00,5710.4,5734.4,5705.2,5733.1,76058.0
2017-05-24 21:00:00,5733.1,5795.5,5731.4,5783.9,87718.0
2017-05-25 21:00:00,5783.9,5795.9,5772.7,5795.3,67179.0
2017-05-28 21:00:00,5795.3,5803.0,5792.1,5795.45,11450.0
2017-05-29 21:00:00,5795.45,5802.8,5778.4,5794.3,74163.0
2017-05-30 21:00:00,5794.3,5819.2,5763.6,5804.2,111706.0
2017-05-31 21:00:00,5804.2,5823.7,5780.5,5823.0,97636.0
2017-06-01 21:00:00,5823.0,5886.6,5822.2,5885.4,110004.0
2017-06-04 21:00:00,5885.4,5891.1,5872.6,5881.6,66648.0
2017-06-05 21:00:00,5881.6,5892.9,5848.8,5862.9,92219.0
2017-06-06 21:00:00,5862.9,5884.6,5845.9,5880.0,104832.0
2017-06-07 21:00:00,5880.0,5897.8,5853.4,5891.7,93234.0
2017-06-08 21:00:00,5891.7,5898.6,5660.3,5737.65,235274.0
2017-06-11 21:00:00,5737.65,5742.2,5634.9,5714.4,295036.0
2017-06-12 21:00:00,5714.4,5760.4,5707.2,5753.9,139108.0
2017-06-13 21:00:00,5753.9,5780.6,5679.1,5721.8,243597.0
2017-06-14 21:00:00,5721.8,5724.3,5633.9,5703.4,225506.0
2017-06-15 21:00:00,5703.4,5719.9,5653.4,5684.0,168546.0
2017-06-18 21:00:00,5684.0,5775.1,5675.9,5762.75,112785.0
2017-06-19 21:00:00,5762.75,5776.4,5721.4,5724.4,136115.0
2017-06-20 21:00:00,5724.4,5788.9,5691.4,5788.5,170115.0
2017-06-21 21:00:00,5788.5,5806.8,5763.4,5777.8,121457.0
2017-06-22 21:00:00,5777.8,5807.9,5755.6,5798.1,105340.0
2017-06-25 21:00:00,5798.1,5844.4,5760.6,5771.3,156147.0
2017-06-26 21:00:00,5771.3,5776.4,5661.5,5666.1,219399.0
2017-06-27 21:00:00,5666.1,5759.9,5624.6,5759.8,196375.0
2017-06-28 21:00:00,5759.8,5768.1,5593.6,5642.5,332274.0
2017-06-29 21:00:00,5642.5,5679.1,5616.1,5649.55,210183.0
2017-07-02 21:00:00,5648.8,5683.1,5574.5,5582.3,130401.0
2017-07-03 21:00:00,5582.3,5611.4,5553.5,5572.3,47709.0
2017-07-04 21:00:00,5572.3,5660.5,5560.1,5645.15,203435.0
2017-07-05 21:00:00,5645.15,5645.15,5573.1,5590.1,214336.0
2017-07-06 21:00:00,5590.1,5670.1,5584.6,5650.15,140038.0
2017-07-09 21:00:00,5650.15,5704.9,5643.6,5686.85,124624.0
2017-07-10 21:00:00,5686.85,5715.9,5660.9,5713.85,150416.0
2017-07-11 21:00:00,5713.85,5783.2,5706.4,5782.0,140927.0
2017-07-12 21:00:00,5782.0,5805.4,5771.1,5792.8,128761.0
2017-07-13 21:00:00,5792.8,5841.1,5781.4,5840.4,107493.0
2017-07-16 21:00:00,5840.4,5857.1,5824.9,5852.6,102803.0
2017-07-17 21:00:00,5852.6,5892.1,5813.9,5890.6,125055.0
2017-07-18 21:00:00,5890.6,5918.4,5882.6,5913.1,107423.0
2017-07-19 21:00:00,5913.1,5931.9,5890.6,5924.55,118008.0
2017-07-20 21:00:00,5924.55,5924.6,5884.2,5916.0,115444.0
2017-07-23 21:00:00,5916.0,5948.1,5898.4,5920.1,93224.0
2017-07-24 21:00:00,5920.1,5939.6,5909.4,5926.3,110982.0
2017-07-25 21:00:00,5926.3,5951.3,5920.5,5947.4,101663.0
2017-07-26 21:00:00,5947.4,5989.4,5838.4,5898.4,301655.0
2017-07-27 21:00:00,5898.4,5912.0,5843.6,5907.1,191339.0
2017-07-30 21:00:00,5907.1,5927.3,5864.4,5878.1,152548.0
2017-07-31 21:00:00,5878.1,5925.1,5869.6,5924.4,131966.0
2017-08-01 21:00:00,5924.4,5941.4,5850.4,5908.1,203668.0
2017-08-02 21:00:00,5908.1,5918.4,5871.9,5883.35,132968.0
2017-08-03 21:00:00,5883.35,5906.5,5868.6,5891.65,132018.0
2017-08-06 21:00:00,5891.65,5932.1,5891.65,5931.3,70109.0
2017-08-07 21:00:00,5931.3,5967.4,5902.1,5909.3,123409.0
2017-08-08 21:00:00,5909.3,5919.4,5856.9,5918.5,194888.0
2017-08-09 21:00:00,5918.5,5918.5,5762.8,5768.55,256099.0
2017-08-10 21:00:00,5768.55,5841.0,5756.3,5833.1,218664.0
2017-08-13 21:00:00,5833.1,5913.3,5833.1,5911.3,119547.0
2017-08-14 21:00:00,5911.3,5940.8,5892.9,5910.7,123292.0
2017-08-15 21:00:00,5910.7,5947.3,5899.7,5917.3,138199.0
2017-08-16 21:00:00,5917.3,5921.7,5785.4,5790.7,233202.0
2017-08-17 21:00:00,5790.7,5833.9,5771.4,5796.6,243604.0
2017-08-20 21:00:00,5796.6,5815.4,5751.3,5794.85,178564.0
2017-08-21 21:00:00,5794.85,5881.0,5793.3,5878.9,99967.0
2017-08-22 21:00:00,5878.9,5883.0,5840.5,5842.3,131313.0
2017-08-23 21:00:00,5842.3,5873.1,5802.6,5844.9,176866.0
2017-08-24 21:00:00,5844.9,5872.9,5815.6,5824.0,163591.0
2017-08-27 21:00:00,5824.0,5855.1,5800.4,5846.05,119243.0
2017-08-28 21:00:00,5846.05,5874.9,5776.4,5870.1,197587.0
2017-08-29 21:00:00,5870.1,5943.4,5862.4,5934.6,121735.0
2017-08-30 21:00:00,5934.6,5997.3,5932.3,5995.4,114472.0
2017-08-31 21:00:00,5995.4,6019.3,5972.9,5987.05,111774.0
2017-09-03 21:00:00,5987.05,5987.05,5945.9,5978.05,44384.0
2017-09-04 21:00:00,5978.05,5984.4,5889.2,5942.4,214627.0
2017-09-05 21:00:00,5942.4,5965.2,5908.9,5952.2,172579.0
2017-09-06 21:00:00,5952.2,5981.3,5932.0,5970.0,158009.0
2017-09-07 21:00:00,5970.0,5971.9,5907.5,5917.9,90068.0
2017-09-10 21:00:00,5917.9,5991.6,5917.9,5985.1,78516.0
2017-09-11 21:00:00,5985.1,6004.0,5967.5,6000.8,119414.0
2017-09-12 21:00:00,6000.8,6004.9,5976.7,6003.4,98226.0
2017-09-13 21:00:00,6003.4,6003.4,5961.9,5964.2,96149.0
2017-09-14 21:00:00,5964.2,6008.6,5937.0,5990.8,104569.0
2017-09-17 21:00:00,5990.8,6011.1,5960.4,5981.85,88994.0
2017-09-18 21:00:00,5981.85,5997.4,5968.1,5986.7,97880.0
2017-09-19 21:00:00,5986.7,5993.4,5923.6,5970.5,148182.0
2017-09-20 21:00:00,5970.5,5973.2,5912.2,5937.8,131113.0
2017-09-21 21:00:00,5937.8,5938.3,5904.3,5928.7,114091.0
2017-09-24 21:00:00,5928.7,5947.1,5835.1,5871.8,189026.0
2017-09-25 21:00:00,5871.8,5905.6,5855.7,5882.4,139419.0
2017-09-26 21:00:00,5882.4,5955.9,5879.4,5930.7,134217.0
2017-09-27 21:00:00,5930.7,5941.4,5904.4,5933.6,114441.0
2017-09-28 21:00:00,5933.6,5978.9,5926.6,5973.6,92088.0
2017-10-01 21:00:00,5973.6,6003.1,5951.9,5979.1,101988.0
2017-10-02 21:00:00,5979.1,5998.1,5972.2,5991.8,74335.0
2017-10-03 21:00:00,5991.8,6008.9,5973.1,5998.4,83076.0
2017-10-04 21:00:00,5998.4,6061.9,5994.4,6057.1,82327.0
2017-10-05 21:00:00,6057.1,6065.3,6031.6,6059.95,80607.0
2017-10-08 21:00:00,6059.95,6077.9,6048.9,6056.5,64551.0
2017-10-09 21:00:00,6056.5,6082.4,6033.3,6059.6,102279.0
2017-10-10 21:00:00,6059.6,6080.1,6047.4,6076.7,73180.0
2017-10-11 21:00:00,6076.7,6090.7,6060.4,6068.6,70265.0
2017-10-12 21:00:00,6068.6,6097.9,6062.6,6093.9,68449.0
2017-10-15 21:00:00,6093.9,6115.4,6091.9,6114.8,63754.0
2017-10-16 21:00:00,6114.8,6119.4,6099.1,6116.6,56903.0
2017-10-17 21:00:00,6116.6,6126.6,6102.4,6113.5,62249.0
2017-10-18 21:00:00,6113.5,6115.9,6045.2,6092.2,138309.0
2017-10-19 21:00:00,6092.2,6123.6,6084.7,6103.9,87445.0
2017-10-22 21:00:00,6103.9,6119.0,6054.9,6058.7,78506.0
2017-10-23 21:00:00,6058.7,6086.4,6050.9,6067.4,90578.0
2017-10-24 21:00:00,6067.4,6081.4,6005.3,6059.3,163055.0
2017-10-25 21:00:00,6059.3,6090.1,6029.2,6083.6,145035.0
2017-10-26 21:00:00,6083.6,6220.0,6072.9,6208.9,147859.0
2017-10-29 21:00:00,6208.9,6245.7,6196.7,6215.6,135185.0
2017-10-30 21:00:00,6215.6,6253.1,6213.9,6246.1,81296.0
2017-10-31 21:00:00,6246.1,6278.8,6218.1,6230.4,132200.0
2017-11-01 21:00:00,6230.4,6257.0,6187.2,6254.1,159949.0
2017-11-02 21:00:00,6254.1,6291.1,6230.4,6283.55,113658.0
2017-11-05 22:00:00,6283.55,6311.9,6262.7,6307.6,93547.0
2017-11-06 22:00:00,6307.6,6325.8,6290.9,6309.7,117231.0
2017-11-07 22:00:00,6309.7,6340.6,6296.0,6335.9,89060.0
2017-11-08 22:00:00,6335.9,6346.3,6239.9,6308.2,236378.0
2017-11-09 22:00:00,6308.2,6315.8,6276.3,6302.4,125864.0
2017-11-12 22:00:00,6302.4,6321.3,6277.5,6308.5,99353.0
2017-11-13 22:00:00,6308.5,6314.5,6260.0,6291.2,125355.0
2017-11-14 22:00:00,6291.2,6291.6,6227.6,6261.4,163427.0
2017-11-15 22:00:00,6261.4,6356.6,6258.1,6344.8,100624.0
2017-11-16 22:00:00,6344.8,6349.9,6307.1,6308.6,110103.0
2017-11-19 22:00:00,6308.6,6327.4,6290.1,6315.5,95838.0
2017-11-20 22:00:00,6315.5,6383.7,6309.6,6377.6,73491.0
2017-11-21 22:00:00,6377.6,6393.4,6373.7,6386.1,65087.0
2017-11-22 22:00:00,6386.1,6396.2,6374.2,6383.4,20483.0
2017-11-23 22:00:00,6383.4,6414.2,6378.2,6411.2,44796.0
2017-11-26 22:00:00,6411.75,6422.8,6393.3,6412.5,79706.0
2017-11-27 22:00:00,6412.5,6428.2,6387.8,6422.4,91993.0
2017-11-28 22:00:00,6422.4,6427.3,6282.0,6303.8,241388.0
2017-11-29 22:00:00,6303.8,6376.1,6287.9,6353.7,184542.0
2017-11-30 22:00:00,6353.7,6367.8,6245.2,6343.45,422220.0
2017-12-03 22:00:00,6343.45,6390.0,6249.6,6260.1,279427.0
2017-12-04 22:00:00,6260.1,6338.5,6230.8,6267.2,232164.0
2017-12-05 22:00:00,6267.2,6306.2,6231.3,6299.6,214967.0
2017-12-06 22:00:00,6299.6,6335.1,6287.9,6323.9,160157.0
2017-12-07 22:00:00,6323.9,6378.6,6320.1,6343.1,81124.0
2017-12-10 22:00:00,6343.1,6409.7,6341.2,6405.1,100812.0
2017-12-11 22:00:00,6405.1,6407.9,6372.1,6385.3,105582.0
2017-12-12 22:00:00,6385.3,6419.6,6365.3,6400.4,125957.0
2017-12-13 22:00:00,6400.4,6425.6,6384.6,6384.7,119889.0
2017-12-14 22:00:00,6384.7,6484.8,6382.9,6482.15,102504.0
2017-12-17 22:00:00,6482.15,6523.9,6480.8,6517.1,89019.0
2017-12-18 22:00:00,6517.1,6527.6,6461.8,6485.6,97252.0
2017-12-19 22:00:00,6485.6,6510.8,6445.4,6466.9,104360.0
2017-12-20 22:00:00,6466.9,6502.6,6458.2,6471.8,86448.0
2017-12-21 22:00:00,6471.8,6483.5,6449.6,6465.7,68593.0
2017-12-25 22:00:00,6465.7,6473.9,6414.4,6442.6,57355.0
2017-12-26 22:00:00,6442.6,6457.4,6424.1,6435.45,68526.0
2017-12-27 22:00:00,6435.45,6459.4,6424.4,6426.4,44516.0
2017-12-28 22:00:00,6426.4,6449.6,6365.6,6367.4,74593.0
2018-01-01 22:00:00,6367.4,6505.1,6367.4,6497.85,84633.0
2018-01-02 22:00:00,6497.85,6575.0,6493.7,6566.3,79299.0
2018-01-03 22:00:00,6566.3,6601.2,6564.2,6590.2,98646.0
2018-01-04 22:00:00,6590.2,6653.1,6583.9,6650.1,79126.0
2018-01-07 22:00:00,6650.1,6674.5,6637.4,6673.0,81431.0
2018-01-08 22:00:00,6673.0,6691.2,6651.3,6663.9,103811.0
2018-01-09 22:00:00,6663.9,6670.7,6612.2,6660.6,148726.0
2018-01-10 22:00:00,6660.6,6713.6,6648.3,6709.4,94462.0
2018-01-11 22:00:00,6709.4,6762.4,6688.2,6757.65,109674.0
2018-01-14 22:00:00,6757.65,6783.3,6757.65,6765.35,32513.0
2018-01-15 22:00:00,6765.35,6830.6,6714.2,6747.8,232892.0
2018-01-16 22:00:00,6747.8,6819.4,6729.9,6805.4,191667.0
2018-01-17 22:00:00,6805.4,6823.0,6781.0,6801.5,179670.0
2018-01-18 22:00:00,6801.5,6841.4,6786.7,6834.8,150487.0
2018-01-21 22:00:00,6834.8,6926.3,6809.3,6918.6,110596.0
2018-01-22 22:00:00,6918.6,6966.2,6905.1,6944.65,157501.0
2018-01-23 22:00:00,6944.65,6988.8,6873.6,6920.2,287202.0
2018-01-24 22:00:00,6920.2,6972.4,6887.2,6923.3,250420.0
2018-01-25 22:00:00,6923.3,7019.4,6919.4,7015.95,150694.0
2018-01-28 22:00:00,7015.95,7032.1,6965.2,6979.8,277218.0
2018-01-29 22:00:00,6979.8,6991.4,6887.8,6925.3,465074.0
2018-01-30 22:00:00,6925.3,6976.8,6907.8,6917.2,351564.0
2018-01-31 22:00:00,6917.2,6973.8,6870.6,6924.55,419472.0
2018-02-01 22:00:00,6924.55,6949.2,6738.4,6739.05,630944.0
2018-02-04 22:00:00,6739.05,6799.6,6375.3,6440.7,960363.0
2018-02-05 22:00:00,6440.7,6664.2,6246.8,6623.95,1326733.0
2018-02-06 22:00:00,6623.95,6705.8,6520.2,6536.95,751648.0
2018-02-07 22:00:00,6536.95,6606.3,6289.2,6317.15,753866.0
2018-02-08 22:00:00,6317.15,6444.4,6153.4,6414.9,1007977.0
2018-02-11 22:00:00,6414.9,6558.8,6403.3,6518.6,605429.0
2018-02-12 22:00:00,6518.6,6562.2,6462.3,6551.85,552679.0
2018-02-13 22:00:00,6551.85,6685.1,6446.5,6673.2,639422.0
2018-02-14 22:00:00,6673.2,6822.0,6664.4,6813.6,515482.0
2018-02-15 22:00:00,6813.6,6854.0,6759.2,6778.95,493034.0
2018-02-18 22:00:00,6778.95,6816.2,6755.4,6777.65,84055.0
2018-02-19 22:00:00,6777.65,6840.6,6720.4,6789.8,450326.0
2018-02-20 22:00:00,6789.8,6882.6,6738.7,6749.75,456889.0
2018-02-21 22:00:00,6749.75,6829.0,6692.8,6793.75,474485.0
2018-02-22 22:00:00,6793.75,6910.9,6780.2,6900.5,315681.0
2018-02-25 22:00:00,6900.5,7005.0,6887.7,7001.5,301550.0
2018-02-26 22:00:00,7001.5,7006.5,6901.8,6910.25,579687.0
2018-02-27 22:00:00,6910.25,6968.8,6856.4,6879.85,521091.0
2018-02-28 22:00:00,6879.85,6897.0,6687.8,6764.3,1024715.0
2018-03-01 22:00:00,6764.3,6822.6,6645.4,6807.85,900258.0
2018-03-04 22:00:00,6807.85,6903.6,6741.6,6879.65,609417.0
2018-03-05 22:00:00,6879.65,6938.6,6871.2,6908.4,515985.0
2018-03-06 22:00:00,6908.4,6936.2,6797.6,6920.3,582318.0
2018-03-07 22:00:00,6920.3,6976.4,6912.9,6972.2,382148.0
2018-03-08 22:00:00,6972.2,7103.3,6962.4,7097.0,213800.0
2018-03-11 21:00:00,7097.0,7158.6,7093.7,7134.65,209023.0
2018-03-12 21:00:00,7134.65,7188.0,7025.4,7046.35,349230.0
2018-03-13 21:00:00,7046.35,7097.5,7011.8,7033.4,524539.0
2018-03-14 21:00:00,7033.4,7075.2,7002.3,7050.75,347407.0
2018-03-15 21:00:00,7050.75,7059.6,7008.2,7020.35,256280.0
2018-03-18 21:00:00,7020.35,7020.35,6796.2,6889.8,560111.0
2018-03-19 21:00:00,6889.8,6902.8,6838.2,6892.5,410194.0
2018-03-20 21:00:00,6892.5,6925.8,6817.6,6858.2,465990.0
2018-03-21 21:00:00,6858.2,6890.9,6662.1,6670.4,804589.0
2018-03-22 21:00:00,6670.4,6697.2,6495.3,6524.55,1043186.0
2018-03-25 21:00:00,6524.55,6755.8,6501.1,6753.9,763274.0
2018-03-26 21:00:00,6753.9,6826.2,6467.0,6526.65,931647.0
2018-03-27 21:00:00,6526.65,6559.0,6398.0,6466.05,1301881.0
2018-03-28 21:00:00,6466.05,6630.2,6420.8,6546.85,818486.0
2018-04-01 21:00:00,6546.85,6564.6,6303.8,6390.3,850137.0
2018-04-02 21:00:00,6390.3,6473.4,6328.4,6448.25,801936.0
2018-04-03 21:00:00,6448.25,6569.6,6283.7,6559.8,772382.0
2018-04-04 21:00:00,6559.8,6632.2,6539.4,6586.7,557172.0
2018-04-05 21:00:00,6586.7,6591.1,6388.9,6436.2,754701.0
2018-04-08 21:00:00,6436.2,6598.0,6436.2,6473.2,491194.0
2018-04-09 21:00:00,6473.2,6631.6,6451.8,6604.7,701816.0
2018-04-10 21:00:00,6604.7,6643.4,6531.2,6574.8,492582.0
2018-04-11 21:00:00,6574.8,6673.8,6569.9,6656.35,364952.0
2018-04-12 21:00:00,6656.35,6692.8,6586.4,6622.5,410533.0
2018-04-15 21:00:00,6622.5,6701.6,6619.4,6686.3,311316.0
2018-04-16 21:00:00,6686.3,6824.6,6678.6,6806.2,253330.0
2018-04-17 21:00:00,6806.2,6847.2,6777.0,6826.8,253440.0
2018-04-18 21:00:00,6826.8,6846.3,6735.4,6758.3,367591.0
2018-04-19 21:00:00,6758.3,6770.0,6626.6,6655.8,348654.0
2018-04-22 21:00:00,6655.8,6707.8,6596.8,6642.1,371978.0
2018-04-23 21:00:00,6642.1,6697.6,6447.4,6507.3,654623.0
2018-04-24 21:00:00,6507.3,6556.1,6409.4,6551.8,604551.0
2018-04-25 21:00:00,6551.8,6728.8,6539.5,6722.9,411929.0
2018-04-26 21:00:00,6722.9,6752.1,6602.8,6651.6,410235.0
2018-04-29 21:00:00,6651.6,6697.8,6575.6,6583.8,398569.0
2018-04-30 21:00:00,6583.8,6719.7,6558.8,6695.9,377153.0
2018-05-01 21:00:00,6695.9,6709.3,6606.4,6609.6,430485.0
2018-05-02 21:00:00,6609.6,6650.8,6519.0,6648.2,630838.0
2018-05-03 21:00:00,6648.2,6769.4,6591.6,6759.2,410880.0
2018-05-06 21:00:00,6759.2,6832.2,6753.8,6799.6,340108.0
2018-05-07 21:00:00,6799.6,6818.4,6753.2,6804.6,440309.0
2018-05-08 21:00:00,6804.6,6884.1,6791.4,6880.2,295691.0
2018-05-09 21:00:00,6880.2,6955.2,6871.8,6937.1,306258.0
2018-05-10 21:00:00,6937.1,6963.4,6913.6,6943.2,261630.0
2018-05-13 21:00:00,6943.2,6998.6,6940.6,6953.6,210562.0
2018-05-14 21:00:00,6953.6,6961.6,6841.4,6878.2,379656.0
2018-05-15 21:00:00,6878.2,6943.2,6862.5,6924.8,236711.0
2018-05-16 21:00:00,6924.8,6953.4,6866.6,6897.4,257912.0
2018-05-17 21:00:00,6897.4,6927.3,6855.6,6867.3,279219.0
2018-05-20 21:00:00,6867.3,6950.4,6867.3,6908.8,215626.0
2018-05-21 21:00:00,6908.8,6948.4,6883.8,6901.4,203326.0
2018-05-22 21:00:00,6901.4,6956.1,6823.4,6951.6,324093.0
2018-05-23 21:00:00,6951.6,6968.3,6879.8,6951.8,327456.0
2018-05-24 21:00:00,6951.8,6999.1,6940.2,6963.4,270169.0
2018-05-27 21:00:00,6963.4,7004.4,6963.4,6990.2,73065.0
2018-05-28 21:00:00,6990.2,6992.0,6887.8,6945.3,541565.0
2018-05-29 21:00:00,6945.3,6993.2,6915.9,6982.0,305782.0
2018-05-30 21:00:00,6982.0,7022.6,6957.2,6979.1,368605.0
2018-05-31 21:00:00,6979.1,7089.4,6976.3,7084.4,240122.0
2018-06-03 21:00:00,7084.4,7150.4,7071.7,7148.0,206731.0
2018-06-04 21:00:00,7148.0,7186.2,7136.3,7183.7,187837.0
2018-06-05 21:00:00,7183.7,7221.2,7141.2,7217.6,209323.0
2018-06-06 21:00:00,7217.6,7233.1,7115.8,7161.1,315229.0
2018-06-07 21:00:00,7161.1,7163.0,7076.9,7149.8,196817.0
2018-06-10 21:00:00,7149.8,7188.8,7127.7,7164.9,151983.0
2018-06-11 21:00:00,7164.9,7218.3,7155.4,7216.8,120078.0
2018-06-12 21:00:00,7216.8,7263.2,7192.6,7206.4,200368.0
2018-06-13 21:00:00,7206.4,7294.8,7178.2,7285.7,250023.0
2018-06-14 21:00:00,7285.7,7292.3,7219.2,7251.8,320567.0
2018-06-17 21:00:00,7251.8,7263.1,7182.8,7249.0,227274.0
2018-06-18 21:00:00,7249.0,7252.4,7132.0,7229.8,423298.0
2018-06-19 21:00:00,7229.8,7310.2,7201.0,7288.3,286391.0
2018-06-20 21:00:00,7288.3,7332.0,7201.4,7204.0,443766.0
2018-06-21 21:00:00,7204.0,7249.1,7173.4,7193.9,309918.0
2018-06-24 21:00:00,7193.9,7197.6,6970.6,7043.6,650794.0
2018-06-25 21:00:00,7043.6,7105.0,7015.5,7065.0,469475.0
2018-06-26 21:00:00,7065.0,7126.6,6963.3,6973.2,644477.0
2018-06-27 21:00:00,6973.2,7052.0,6931.0,7034.6,645614.0
2018-06-28 21:00:00,7034.6,7099.4,7021.4,7043.4,407934.0
2018-07-01 21:00:00,7043.4,7095.4,6963.4,7093.2,429050.0
2018-07-02 21:00:00,7093.2,7140.8,6999.6,7000.0,319307.0
2018-07-03 21:00:00,7000.0,7029.8,6992.6,7019.4,77916.0
2018-07-04 21:00:00,7019.4,7104.6,6994.3,7102.7,390077.0
2018-07-05 21:00:00,7102.7,7216.6,7078.3,7210.0,340145.0
2018-07-08 21:00:00,7210.0,7282.3,7210.0,7281.5,228793.0
2018-07-09 21:00:00,7281.5,7314.2,7238.5,7250.6,238477.0
2018-07-10 21:00:00,7250.6,7268.8,7183.5,7235.8,384592.0
2018-07-11 21:00:00,7235.8,7365.8,7228.4,7362.2,266199.0
2018-07-12 21:00:00,7362.2,7393.0,7346.2,7375.7,244746.0
2018-07-15 21:00:00,7375.7,7392.4,7294.9,7299.7,250859.0
2018-07-16 21:00:00,7299.7,7414.8,7271.7,7403.4,281782.0
2018-07-17 21:00:00,7403.4,7416.6,7360.8,7378.2,222464.0
2018-07-18 21:00:00,7378.2,7395.1,7333.9,7347.2,288562.0
2018-07-19 21:00:00,7347.2,7392.6,7329.9,7344.7,278771.0
2018-07-22 21:00:00,7344.7,7411.6,7290.6,7401.0,264711.0
2018-07-23 21:00:00,7401.0,7468.8,7365.6,7389.3,348723.0
2018-07-24 21:00:00,7389.3,7508.6,7376.1,7460.8,304970.0
2018-07-25 21:00:00,7460.8,7460.8,7340.5,7404.0,371335.0
2018-07-26 21:00:00,7404.0,7446.6,7243.4,7280.6,487557.0
2018-07-29 21:00:00,7280.6,7289.3,7146.8,7187.4,461032.0
2018-07-30 21:00:00,7187.4,7277.8,7169.3,7274.0,399140.0
2018-07-31 21:00:00,7274.0,7283.8,7221.2,7265.7,366749.0
2018-08-01 21:00:00,7265.7,7374.4,7194.2,7372.8,397943.0
2018-08-02 21:00:00,7372.8,7394.9,7342.4,7386.0,302428.0
2018-08-05 21:00:00,7386.0,7429.6,7367.6,7424.8,272154.0
2018-08-06 21:00:00,7424.8,7468.6,7420.3,7461.4,243209.0
2018-08-07 21:00:00,7461.4,7478.6,7425.6,7445.8,215028.0
2018-08-08 21:00:00,7445.8,7488.4,7441.9,7453.9,205508.0
2018-08-09 21:00:00,7453.9,7455.4,7373.6,7415.6,356170.0
2018-08-12 21:00:00,7415.6,7466.8,7362.0,7406.2,395086.0
2018-08-13 21:00:00,7406.2,7453.4,7386.2,7450.6,285683.0
2018-08-14 21:00:00,7450.6,7453.8,7308.1,7372.0,518285.0
2018-08-15 21:00:00,7372.0,7426.6,7354.4,7374.8,318880.0
2018-08-16 21:00:00,7374.8,7399.4,7314.4,7382.8,339799.0
2018-08-19 21:00:00,7382.8,7413.4,7347.6,7378.3,219802.0
2018-08-20 21:00:00,7378.3,7448.4,7365.0,7374.2,174168.0
2018-08-21 21:00:00,7374.2,7441.0,7348.1,7429.4,211287.0
2018-08-22 21:00:00,7429.4,7471.4,7408.0,7420.4,214299.0
2018-08-23 21:00:00,7420.4,7496.0,7419.2,7492.6,174999.0
2018-08-26 21:00:00,7492.6,7565.5,7492.6,7564.1,172739.0
2018-08-27 21:00:00,7564.1,7593.8,7561.0,7578.2,168738.0
2018-08-28 21:00:00,7578.2,7672.2,7578.0,7669.2,169044.0
2018-08-29 21:00:00,7669.2,7695.0,7624.2,7641.9,267731.0
2018-08-30 21:00:00,7641.9,7680.2,7631.2,7671.2,231583.0
2018-09-02 21:00:00,7671.2,7684.8,7656.5,7680.2,53143.0
2018-09-03 21:00:00,7680.2,7691.2,7584.8,7641.9,316558.0
2018-09-04 21:00:00,7641.9,7641.9,7501.8,7535.0,394509.0
2018-09-05 21:00:00,7535.0,7543.0,7406.4,7454.6,550497.0
2018-09-06 21:00:00,7454.6,7494.0,7393.1,7433.2,620377.0
2018-09-09 21:00:00,7433.2,7483.1,7413.6,7460.1,428383.0
2018-09-10 21:00:00,7460.1,7524.2,7404.2,7513.9,353198.0
2018-09-11 21:00:00,7513.9,7540.5,7424.4,7482.8,498899.0
2018-09-12 21:00:00,7482.8,7582.6,7470.1,7565.4,357474.0
2018-09-13 21:00:00,7565.4,7598.6,7515.4,7544.8,221594.0
2018-09-16 21:00:00,7544.8,7547.0,7429.6,7435.4,227467.0
2018-09-17 21:00:00,7435.4,7535.0,7393.8,7500.6,213860.0
2018-09-18 21:00:00,7500.6,7519.0,7444.0,7501.2,287200.0
2018-09-19 21:00:00,7501.2,7589.6,7486.9,7587.6,271153.0
2018-09-20 21:00:00,7587.6,7610.3,7520.8,7520.8,287903.0
2018-09-23 21:00:00,7520.8,7566.9,7446.8,7564.8,350511.0
2018-09-24 21:00:00,7564.8,7576.3,7523.6,7571.3,264655.0
2018-09-25 21:00:00,7571.3,7640.8,7550.4,7562.9,306940.0
2018-09-26 21:00:00,7562.9,7659.4,7559.3,7637.2,256562.0
2018-09-27 21:00:00,7637.2,7649.6,7590.1,7641.0,324163.0
2018-09-30 21:00:00,7641.0,7701.6,7625.0,7646.0,285986.0
2018-10-01 21:00:00,7646.0,7685.8,7603.4,7630.3,367947.0
2018-10-02 21:00:00,7630.3,7677.6,7614.7,7623.4,350496.0
2018-10-03 21:00:00,7623.4,7623.4,7430.6,7497.8,629304.0
2018-10-04 21:00:00,7497.8,7513.8,7321.2,7412.2,784755.0
2018-10-07 21:00:00,7412.2,7426.4,7260.6,7365.7,819886.0
2018-10-08 21:00:00,7365.7,7431.4,7311.1,7371.2,688895.0
2018-10-09 21:00:00,7371.2,7387.9,6976.1,6980.2,1264018.0
2018-10-10 21:00:00,6980.2,7113.6,6884.2,7028.0,1673422.0
2018-10-11 21:00:00,7028.0,7174.4,7010.4,7160.7,1071981.0
2018-10-14 21:00:00,7160.7,7160.7,7037.8,7048.9,861362.0
2018-10-15 21:00:00,7048.9,7332.3,7041.1,7317.1,643787.0
2018-10-16 21:00:00,7317.1,7345.4,7198.6,7291.4,853661.0
2018-10-17 21:00:00,7291.4,7291.4,7071.6,7131.9,947308.0
2018-10-18 21:00:00,7131.9,7221.0,7070.4,7082.1,856647.0
2018-10-21 21:00:00,7082.1,7187.4,7034.1,7134.9,933667.0
2018-10-22 21:00:00,7134.9,7140.6,6921.2,7114.3,1176603.0
2018-10-23 21:00:00,7114.3,7151.4,6763.0,6851.5,1345128.0
2018-10-24 21:00:00,6851.5,7052.6,6794.3,6865.2,1175014.0
2018-10-25 21:00:00,6865.2,6963.4,6711.8,6846.4,1807559.0
2018-10-28 21:00:00,6846.4,6968.6,6557.6,6699.0,1450045.0
2018-10-29 21:00:00,6699.0,6826.1,6638.0,6819.4,1577899.0
2018-10-30 21:00:00,6819.4,7017.2,6793.9,6935.8,1178968.0
2018-10-31 21:00:00,6935.8,7057.6,6914.6,6998.2,1001581.0
2018-11-01 21:00:00,6998.2,7121.3,6889.8,6954.1,1255655.0
2018-11-04 22:00:00,6954.1,6976.5,6843.2,6926.7,745999.0
2018-11-05 22:00:00,6926.7,7012.6,6884.9,6994.4,691275.0
2018-11-06 22:00:00,6994.4,7204.6,6949.8,7199.7,855984.0
2018-11-07 22:00:00,7199.7,7211.0,7112.4,7136.5,725506.0
2018-11-08 22:00:00,7136.5,7146.3,6971.2,7011.6,822556.0
2018-11-11 22:00:00,7011.6,7085.6,6811.0,6826.2,1066035.0
2018-11-12 22:00:00,6826.2,6946.6,6786.3,6843.0,1248586.0
2018-11-13 22:00:00,6843.0,6916.4,6733.4,6768.3,1266874.0
2018-11-14 22:00:00,6768.3,6909.6,6701.2,6872.9,1262227.0
2018-11-15 22:00:00,6872.9,6905.8,6795.3,6888.7,1003346.0
2018-11-18 22:00:00,6888.7,6926.2,6624.6,6666.1,1205190.0
2018-11-19 22:00:00,6666.1,6666.1,6441.6,6517.4,1619373.0
2018-11-20 22:00:00,6517.4,6639.6,6501.0,6569.4,972220.0
2018-11-21 22:00:00,6569.4,6589.8,6499.4,6514.2,197663.0
2018-11-22 22:00:00,6514.2,6593.8,6487.7,6523.4,509460.0
2018-11-25 22:00:00,6523.4,6689.3,6523.1,6634.1,725580.0
2018-11-26 22:00:00,6634.1,6716.0,6606.4,6712.7,852990.0
2018-11-27 22:00:00,6712.7,6916.3,6702.4,6909.4,827146.0
2018-11-28 22:00:00,6909.4,6937.0,6836.8,6900.2,774291.0
2018-11-29 22:00:00,6900.2,6961.1,6865.2,6959.8,551034.0
2018-12-02 22:00:00,6959.8,7132.8,6959.8,7051.4,821694.0
2018-12-03 22:00:00,7051.4,7051.4,6777.3,6795.4,1262577.0
2018-12-04 22:00:00,6795.4,6855.6,6786.0,6844.0,116154.0
2018-12-05 22:00:00,6844.0,6850.1,6625.5,6838.6,1513532.0
2018-12-06 22:00:00,6838.6,6852.4,6592.0,6628.4,1325159.0
2018-12-09 22:00:00,6628.4,6712.8,6533.8,6692.9,1317367.0
2018-12-10 22:00:00,6692.9,6807.1,6649.4,6681.0,979711.0
2018-12-11 22:00:00,6681.0,6870.4,6681.0,6758.9,852220.0
2018-12-12 22:00:00,6758.9,6836.8,6721.8,6745.4,811056.0
2018-12-13 22:00:00,6745.4,6759.2,6584.0,6584.0,599817.0
2018-12-16 22:00:00,6584.0,6635.2,6401.2,6471.2,699569.0
2018-12-17 22:00:00,6471.2,6555.6,6436.1,6443.9,568181.0
2018-12-18 22:00:00,6443.9,6589.6,6281.1,6327.3,936526.0
2018-12-19 22:00:00,6327.3,6385.6,6161.8,6303.4,1490317.0
2018-12-20 22:00:00,6303.4,6318.0,6010.2,6060.4,1278081.0
2018-12-23 22:00:00,6060.4,6103.2,5869.0,5871.6,877572.0
2018-12-25 22:00:00,5871.6,6288.8,5802.4,6256.7,1160203.0
2018-12-26 22:00:00,6256.7,6312.7,6034.2,6290.2,1385736.0
2018-12-27 22:00:00,6290.2,6382.6,6223.8,6275.5,1249983.0
2018-12-30 22:00:00,6275.5,6356.4,6263.2,6332.1,656291.0
2019-01-01 22:00:00,6332.1,6389.6,6134.2,6246.9,1138932.0
2019-01-02 22:00:00,6246.9,6285.2,6130.1,6151.9,1225657.0
2019-01-03 22:00:00,6151.9,6445.0,6118.2,6414.7,1053396.0
2019-01-06 22:00:00,6414.7,6518.6,6386.1,6486.9,842182.0
2019-01-07 22:00:00,6486.9,6569.0,6450.4,6537.6,880503.0
2019-01-08 22:00:00,6537.6,6627.8,6530.4,6585.4,877274.0
2019-01-09 22:00:00,6585.4,6624.4,6510.6,6610.7,809615.0
2019-01-10 22:00:00,6610.7,6615.4,6555.2,6597.9,575529.0
2019-01-13 22:00:00,6597.9,6597.9,6504.8,6531.3,496408.0
2019-01-14 22:00:00,6531.3,6671.4,6525.5,6662.4,643275.0
2019-01-15 22:00:00,6662.4,6719.2,6647.0,6654.8,527553.0
2019-01-16 22:00:00,6654.8,6742.8,6595.4,6714.2,612573.0
2019-01-17 22:00:00,6714.2,6810.6,6695.2,6789.8,607273.0
2019-01-20 22:00:00,6789.8,6789.8,6724.4,6745.9,148618.0
2019-01-21 22:00:00,6745.9,6760.8,6594.6,6638.2,681142.0
2019-01-22 22:00:00,6638.2,6706.8,6575.4,6654.2,684070.0
2019-01-23 22:00:00,6654.2,6701.2,6636.5,6668.1,662164.0
2019-01-24 22:00:00,6668.1,6793.2,6660.0,6778.8,513863.0
2019-01-27 22:00:00,6778.8,6778.8,6631.4,6681.7,612345.0
2019-01-28 22:00:00,6681.7,6703.9,6599.8,6664.6,521661.0
2019-01-29 22:00:00,6664.6,6829.1,6640.7,6824.3,614006.0
2019-01-30 22:00:00,6824.3,6926.8,6823.4,6916.4,577587.0
2019-01-31 22:00:00,6916.4,6916.4,6844.6,6863.0,590403.0
2019-02-03 22:00:00,6863.0,6965.5,6842.3,6925.7,346879.0
2019-02-04 22:00:00,6925.7,7017.6,6912.4,6997.7,344247.0
2019-02-05 22:00:00,6997.7,7022.6,6957.4,6975.4,382781.0
2019-02-06 22:00:00,6975.4,6979.9,6843.4,6891.8,636905.0
2019-02-07 22:00:00,6891.8,6914.1,6829.2,6912.2,524877.0
2019-02-10 22:00:00,6912.2,6957.3,6884.3,6900.8,441623.0
2019-02-11 22:00:00,6900.8,7017.4,6892.3,7010.1,324185.0
2019-02-12 22:00:00,7010.1,7058.6,7001.1,7009.7,344768.0
2019-02-13 22:00:00,7009.7,7046.4,6961.2,7009.9,546417.0
2019-02-14 22:00:00,7009.9,7085.9,6965.6,7056.2,450116.0
2019-02-17 22:00:00,7056.2,7074.0,7046.7,7072.0,116788.0
2019-02-18 22:00:00,7072.0,7086.0,7026.9,7060.0,292741.0
2019-02-19 22:00:00,7060.0,7098.0,7025.4,7065.2,422103.0
2019-02-20 22:00:00,7065.2,7106.6,6999.2,7031.4,476686.0
2019-02-21 22:00:00,7031.4,7096.4,7013.4,7095.8,347363.0
2019-02-24 22:00:00,7095.8,7163.8,7095.8,7116.3,328646.0
2019-02-25 22:00:00,7116.3,7146.6,7068.8,7106.6,363228.0
2019-02-26 22:00:00,7106.6,7127.2,7043.6,7119.6,341777.0
2019-02-27 22:00:00,7119.6,7126.4,7068.1,7106.5,337420.0
2019-02-28 22:00:00,7106.5,7160.6,7094.2,7154.8,322585.0
2019-03-03 22:00:00,7154.8,7207.4,7070.8,7140.7,507035.0
2019-03-04 22:00:00,7140.7,7178.0,7120.4,7155.0,394499.0
2019-03-05 22:00:00,7155.0,7167.2,7103.4,7106.5,416054.0
2019-03-06 22:00:00,7106.5,7119.4,7000.4,7025.4,502144.0
2019-03-07 22:00:00,7025.4,7031.2,6936.2,7029.0,404517.0
2019-03-10 21:00:00,7029.0,7176.6,6995.6,7173.2,310172.0
2019-03-11 21:00:00,7173.2,7224.0,7160.9,7212.9,387374.0
2019-03-12 21:00:00,7212.9,7298.0,7185.1,7272.8,381565.0
2019-03-13 21:00:00,7272.8,7292.6,7239.7,7244.9,358704.0
2019-03-14 21:00:00,7244.9,7335.8,7243.9,7320.6,354523.0
2019-03-17 21:00:00,7320.6,7355.4,7297.8,7338.6,297914.0
2019-03-18 21:00:00,7338.6,7397.4,7327.2,7354.6,388176.0
2019-03-19 21:00:00,7354.6,7434.4,7327.0,7377.2,505383.0
2019-03-20 21:00:00,7377.2,7517.7,7345.1,7506.9,483742.0
2019-03-21 21:00:00,7506.9,7521.6,7330.2,7336.2,755473.0
2019-03-24 21:00:00,7336.2,7367.4,7267.1,7338.8,771706.0
2019-03-25 21:00:00,7338.8,7424.4,7317.4,7360.6,547755.0
2019-03-26 21:00:00,7360.6,7381.6,7253.8,7302.7,685249.0
2019-03-27 21:00:00,7302.7,7349.4,7266.6,7331.1,553002.0
2019-03-28 21:00:00,7331.1,7392.3,7327.3,7389.8,430783.0
2019-03-31 21:00:00,7389.8,7484.4,7389.8,7475.9,415398.0
2019-04-01 21:00:00,7475.9,7510.4,7461.7,7494.8,312072.0
2019-04-02 21:00:00,7494.8,7595.2,7491.2,7560.2,387341.0
2019-04-03 21:00:00,7560.2,7576.8,7501.2,7542.1,372317.0
2019-04-04 21:00:00,7542.1,7593.2,7534.9,7592.9,320217.0
2019-04-07 21:00:00,7592.9,7610.0,7542.4,7606.2,276373.0
2019-04-08 21:00:00,7606.2,7614.4,7559.8,7571.9,293872.0
2019-04-09 21:00:00,7571.9,7626.6,7556.9,7625.3,271733.0
2019-04-10 21:00:00,7625.3,7641.8,7582.6,7600.2,284381.0
2019-04-11 21:00:00,7600.2,7645.8,7592.0,7634.6,259279.0
2019-04-14 21:00:00,7634.6,7640.0,7580.0,7631.1,225817.0
2019-04-15 21:00:00,7631.1,7675.9,7629.9,7657.7,260982.0
2019-04-16 21:00:00,7657.7,7714.6,7649.7,7667.3,331848.0
2019-04-17 21:00:00,7667.3,7703.7,7641.2,7696.5,314276.0
2019-04-21 21:00:00,7696.5,7726.8,7650.8,7721.3,217421.0
2019-04-22 21:00:00,7721.3,7824.3,7705.6,7814.2,275049.0
2019-04-23 21:00:00,7814.2,7833.6,7783.4,7821.2,298918.0
2019-04-24 21:00:00,7821.2,7860.4,7773.2,7776.2,379114.0
2019-04-25 21:00:00,7776.2,7826.3,7736.6,7818.1,402643.0
2019-04-28 21:00:00,7818.1,7849.6,7788.0,7789.3,266563.0
2019-04-29 21:00:00,7789.3,7838.9,7722.2,7833.6,373783.0
2019-04-30 21:00:00,7833.6,7849.2,7718.6,7720.3,428789.0
2019-05-01 21:00:00,7720.3,7787.8,7665.6,7720.1,588667.0
2019-05-02 21:00:00,7720.1,7855.3,7718.4,7855.3,328241.0
2019-05-05 21:00:00,7855.3,7855.3,7650.4,7783.4,751184.0
2019-05-06 21:00:00,7783.4,7786.9,7564.4,7652.4,1026931.0
2019-05-07 21:00:00,7652.4,7680.9,7583.5,7623.7,859512.0
2019-05-08 21:00:00,7623.7,7627.5,7466.2,7578.8,1018220.0
2019-05-09 21:00:00,7578.8,7639.4,7423.0,7597.9,1268115.0
2019-05-12 21:00:00,7597.9,7597.9,7294.3,7302.4,1308024.0
2019-05-13 21:00:00,7302.4,7449.6,7280.2,7415.6,783214.0
2019-05-14 21:00:00,7415.6,7529.6,7343.9,7518.3,739781.0
2019-05-15 21:00:00,7518.3,7633.4,7464.4,7595.7,667390.0
2019-05-16 21:00:00,7595.7,7612.4,7500.4,7505.8,910722.0
2019-05-19 21:00:00,7505.8,7553.3,7355.6,7400.8,999040.0
2019-05-20 21:00:00,7400.8,7480.4,7396.3,7458.3,571647.0
2019-05-21 21:00:00,7458.3,7470.2,7386.7,7422.6,610572.0
2019-05-22 21:00:00,7422.6,7429.8,7264.0,7310.0,914446.0
2019-05-23 21:00:00,7310.0,7375.4,7296.4,7308.4,562722.0
2019-05-26 21:00:00,7308.4,7334.0,7288.8,7313.6,141720.0
2019-05-27 21:00:00,7313.6,7367.2,7276.8,7288.0,628505.0
2019-05-28 21:00:00,7288.0,7291.8,7179.0,7211.6,710107.0
2019-05-29 21:00:00,7211.6,7267.0,7204.6,7250.6,485111.0
2019-05-30 21:00:00,7250.6,7252.4,7127.7,7135.6,700239.0
2019-06-02 21:00:00,7135.6,7135.6,6939.6,7005.5,1096679.0
2019-06-03 21:00:00,7005.5,7184.6,6980.1,7183.4,674803.0
2019-06-04 21:00:00,7183.4,7243.4,7148.4,7231.2,688746.0
2019-06-05 21:00:00,7231.2,7298.2,7179.5,7260.8,585374.0
2019-06-06 21:00:00,7260.8,7452.5,7257.2,7428.4,559528.0
2019-06-09 21:00:00,7428.4,7578.4,7428.4,7518.8,508000.0
2019-06-10 21:00:00,7518.8,7600.6,7492.8,7520.3,553173.0
2019-06-11 21:00:00,7520.3,7530.8,7461.2,7476.9,452693.0
2019-06-12 21:00:00,7476.9,7535.8,7421.0,7510.9,510940.0
2019-06-13 21:00:00,7510.9,7520.8,7451.7,7483.8,435223.0
2019-06-16 21:00:00,7483.8,7550.4,7481.0,7539.5,230111.0
2019-06-17 21:00:00,7539.5,7694.6,7514.8,7649.2,557006.0
2019-06-18 21:00:00,7649.2,7684.2,7603.4,7668.8,515561.0
2019-06-19 21:00:00,7668.8,7792.9,7664.9,7735.8,492647.0
2019-06-20 21:00:00,7735.8,7775.2,7698.1,7718.2,451444.0
2019-06-23 21:00:00,7718.2,7766.3,7714.4,7729.2,304626.0
2019-06-24 21:00:00,7729.2,7752.5,7583.4,7606.8,462573.0
2019-06-25 21:00:00,7606.8,7691.8,7589.4,7616.4,419686.0
2019-06-26 21:00:00,7616.4,7687.2,7616.4,7657.6,363177.0
2019-06-27 21:00:00,7657.6,7699.9,7637.6,7697.0,303065.0
2019-06-30 21:00:00,7697.0,7823.8,7697.0,7766.3,396319.0
2019-07-01 21:00:00,7766.3,7816.9,7737.2,7815.3,288348.0
2019-07-02 21:00:00,7815.3,7867.6,7798.6,7862.0,201043.0
2019-07-03 21:00:00,7862.0,7883.6,7856.3,7877.6,63744.0
2019-07-04 21:00:00,7877.6,7886.4,7774.4,7832.0,311055.0
2019-07-07 21:00:00,7832.0,7840.0,7754.6,7778.6,289784.0
2019-07-08 21:00:00,7778.6,7835.4,7720.1,7824.6,275363.0
2019-07-09 21:00:00,7824.6,7926.4,7788.5,7902.2,396632.0
2019-07-10 21:00:00,7902.2,7939.9,7871.4,7895.4,337351.0
2019-07-11 21:00:00,7895.4,7944.5,7888.9,7934.6,240918.0
2019-07-14 21:00:00,7934.6,7969.0,7918.2,7962.0,213039.0
2019-07-15 21:00:00,7962.0,7978.3,7901.2,7916.3,241196.0
2019-07-16 21:00:00,7916.3,7943.4,7845.3,7846.9,248041.0
2019-07-17 21:00:00,7846.9,7931.5,7810.1,7927.0,383344.0
2019-07-18 21:00:00,7927.0,7957.7,7793.4,7796.6,454386.0
2019-07-21 21:00:00,7796.6,7913.2,7796.6,7904.0,390929.0
2019-07-22 21:00:00,7904.0,7962.6,7885.2,7918.3,341260.0
2019-07-23 21:00:00,7918.3,8029.2,7902.4,7979.9,334152.0
2019-07-24 21:00:00,7979.9,8012.2,7895.2,7958.8,475465.0
2019-07-25 21:00:00,7958.8,8018.6,7958.8,7993.4,308626.0
2019-07-28 21:00:00,7993.4,8009.5,7929.6,7983.1,293477.0
2019-07-29 21:00:00,7983.1,7997.9,7906.4,7965.2,416121.0
2019-07-30 21:00:00,7965.2,7979.3,7760.4,7820.1,760309.0
2019-07-31 21:00:00,7820.1,7992.4,7755.0,7771.0,1120634.0
2019-08-01 21:00:00,7771.0,7783.9,7628.2,7685.8,1252208.0
2019-08-04 21:00:00,7685.8,7685.8,7338.9,7348.6,1270970.0
2019-08-05 21:00:00,7348.6,7528.8,7203.6,7498.3,1476687.0
2019-08-06 21:00:00,7498.3,7557.4,7367.6,7531.7,1570664.0
2019-08-07 21:00:00,7531.7,7719.0,7506.1,7710.3,763523.0
2019-08-08 21:00:00,7710.3,7710.3,7579.6,7651.8,949112.0
2019-08-11 21:00:00,7651.8,7693.1,7521.0,7557.8,882065.0
2019-08-12 21:00:00,7557.8,7775.4,7499.9,7737.3,1173403.0
2019-08-13 21:00:00,7737.3,7753.3,7465.5,7465.6,1306830.0
2019-08-14 21:00:00,7465.6,7558.6,7376.4,7498.9,1474706.0
2019-08-15 21:00:00,7498.9,7624.4,7492.5,7603.2,674300.0
2019-08-18 21:00:00,7603.2,7742.4,7603.2,7713.6,464602.0
2019-08-19 21:00:00,7713.6,7744.2,7648.4,7652.2,556487.0
2019-08-20 21:00:00,7652.2,7758.6,7645.7,7750.4,431670.0
2019-08-21 21:00:00,7750.4,7775.0,7647.6,7700.2,635112.0
2019-08-22 21:00:00,7700.2,7755.5,7441.4,7484.0,1285035.0
2019-08-25 21:00:00,7484.0,7619.3,7347.6,7582.6,1024864.0
2019-08-26 21:00:00,7582.6,7641.8,7530.6,7559.1,772206.0
2019-08-27 21:00:00,7559.1,7599.2,7497.6,7573.2,689033.0
2019-08-28 21:00:00,7573.2,7723.6,7542.1,7699.4,588993.0
2019-08-29 21:00:00,7699.4,7763.8,7641.2,7671.0,598589.0
2019-09-01 21:00:00,7671.0,7690.3,7576.6,7609.8,247241.0
2019-09-02 21:00:00,7609.8,7671.6,7582.6,7613.2,803846.0
2019-09-03 21:00:00,7613.2,7724.9,7603.4,7718.4,459287.0
2019-09-04 21:00:00,7718.4,7882.4,7712.6,7848.0,537823.0
2019-09-05 21:00:00,7848.0,7890.7,7836.2,7862.5,454804.0
2019-09-08 21:00:00,7862.5,7884.5,7796.4,7831.9,421447.0
2019-09-09 21:00:00,7831.9,7855.3,7742.2,7816.4,594707.0
2019-09-10 21:00:00,7816.4,7902.6,7784.7,7890.8,486700.0
2019-09-11 21:00:00,7890.8,7980.2,7885.1,7908.4,671504.0
2019-09-12 21:00:00,7908.4,7956.2,7881.8,7888.8,449763.0
2019-09-15 21:00:00,7888.8,7888.8,7776.6,7863.4,500075.0
2019-09-16 21:00:00,7863.4,7897.4,7828.1,7892.9,270503.0
2019-09-17 21:00:00,7892.9,7903.5,7789.6,7900.3,495049.0
2019-09-18 21:00:00,7900.3,7949.6,7828.3,7895.1,482916.0
2019-09-19 21:00:00,7895.1,7928.3,7787.6,7808.1,594108.0
2019-09-22 21:00:00,7808.1,7873.4,7784.8,7844.8,452440.0
2019-09-23 21:00:00,7844.8,7879.6,7678.6,7715.1,769303.0
2019-09-24 21:00:00,7715.1,7820.8,7640.6,7799.9,657835.0
2019-09-25 21:00:00,7799.9,7819.7,7711.6,7762.6,588253.0
2019-09-26 21:00:00,7762.6,7798.8,7617.8,7693.8,780846.0
2019-09-29 21:00:00,7693.8,7765.6,7682.9,7762.8,425814.0
2019-09-30 21:00:00,7762.8,7819.6,7669.0,7687.1,630297.0
2019-10-01 21:00:00,7687.1,7708.1,7504.6,7535.2,789598.0
2019-10-02 21:00:00,7535.2,7640.7,7454.6,7639.3,854050.0
2019-10-03 21:00:00,7639.3,7754.5,7604.1,7749.4,561622.0
2019-10-06 21:00:00,7749.4,7780.6,7679.0,7720.8,557068.0
2019-10-07 21:00:00,7720.8,7765.5,7594.8,7604.4,868704.0
2019-10-08 21:00:00,7604.4,7712.6,7586.5,7685.3,635629.0
2019-10-09 21:00:00,7685.3,7779.4,7564.7,7770.1,870040.0
2019-10-10 21:00:00,7770.1,7899.4,7748.3,7840.4,715141.0
2019-10-13 21:00:00,7840.4,7875.5,7788.1,7840.3,430687.0
2019-10-14 21:00:00,7840.3,7952.8,7840.3,7940.8,376285.0
2019-10-15 21:00:00,7940.8,7941.3,7888.6,7931.8,432448.0
2019-10-16 21:00:00,7931.8,7975.6,7903.8,7935.1,465742.0
2019-10-17 21:00:00,7935.1,7939.0,7816.8,7864.7,463982.0
2019-10-20 21:00:00,7864.7,7932.2,7849.3,7929.6,325004.0
2019-10-21 21:00:00,7929.6,7969.6,7818.4,7823.8,411819.0
2019-10-22 21:00:00,7823.8,7898.8,7791.4,7896.0,433253.0
2019-10-23 21:00:00,7896.0,7964.9,7894.2,7906.2,404225.0
2019-10-24 21:00:00,7906.2,8022.4,7899.4,8018.8,340343.0
2019-10-27 21:00:00,8018.8,8107.6,8018.8,8090.1,277759.0
2019-10-28 21:00:00,8090.1,8099.7,8031.9,8036.3,296505.0
2019-10-29 21:00:00,8036.3,8122.9,8002.8,8098.5,396723.0
2019-10-30 21:00:00,8098.5,8120.7,8028.2,8074.3,479757.0
2019-10-31 21:00:00,8074.3,8149.8,8066.9,8145.2,308708.0
2019-11-03 22:00:00,8145.2,8215.6,8145.2,8200.4,277224.0
2019-11-04 22:00:00,8200.4,8229.9,8175.4,8194.1,253438.0
2019-11-05 22:00:00,8194.1,8210.1,8143.2,8195.6,298150.0
2019-11-06 22:00:00,8195.6,8265.6,8172.1,8215.3,350931.0
2019-11-07 22:00:00,8215.3,8250.1,8176.2,8247.6,311017.0
2019-11-10 22:00:00,8247.6,8247.6,8192.6,8241.6,235597.0
2019-11-11 22:00:00,8241.6,8288.0,8216.6,8259.1,292562.0
2019-11-12 22:00:00,8259.1,8271.4,8208.1,8259.8,362209.0
2019-11-13 22:00:00,8259.8,8275.3,8207.8,8260.4,348937.0
2019-11-14 22:00:00,8260.4,8315.9,8252.7,8315.9,255165.0
2019-11-17 22:00:00,8315.9,8359.8,8272.8,8328.6,298635.0
2019-11-18 22:00:00,8328.6,8372.5,8306.0,8328.4,302892.0
2019-11-19 22:00:00,8328.4,8341.8,8225.1,8283.2,505664.0
2019-11-20 22:00:00,8283.2,8301.4,8234.1,8272.3,505930.0
2019-11-21 22:00:00,8272.3,8307.8,8227.8,8277.0,334156.0
2019-11-24 22:00:00,8277.0,8373.6,8277.0,8370.6,208258.0
2019-11-25 22:00:00,8370.6,8415.2,8360.9,8397.7,302837.0
2019-11-26 22:00:00,8397.7,8453.4,8392.3,8451.3,218709.0
2019-11-27 22:00:00,8451.3,8452.6,8409.1,8439.0,79525.0
2019-11-28 22:00:00,8439.0,8445.8,8402.4,8416.9,179747.0
2019-12-01 22:00:00,8416.9,8452.9,8272.6,8306.0,525524.0
2019-12-02 22:00:00,8306.0,8333.1,8164.0,8250.7,672748.0
2019-12-03 22:00:00,8250.7,8315.2,8216.5,8293.2,445249.0
2019-12-04 22:00:00,8293.2,8335.8,8269.2,8307.3,402735.0
2019-12-05 22:00:00,8307.3,8406.8,8303.8,8401.1,276225.0
2019-12-08 22:00:00,8401.1,8425.6,8345.7,8348.6,53196.0
2019-12-09 22:00:00,8348.6,8396.4,8295.8,8366.4,80370.0
2019-12-10 22:00:00,8366.4,8409.8,8344.3,8407.0,65852.0
2019-12-11 22:00:00,8407.0,8495.6,8379.6,8469.4,93843.0
2019-12-12 22:00:00,8469.4,8522.1,8435.1,8493.7,77557.0
2019-12-15 22:00:00,8493.7,8587.8,8493.7,8578.0,51137.0
2019-12-16 22:00:00,8578.0,8597.1,8564.0,8574.1,55153.0
2019-12-17 22:00:00,8574.1,8622.6,8574.1,8606.3,45748.0
2019-12-18 22:00:00,8606.3,8663.8,8590.1,8662.6,44149.0
2019-12-19 22:00:00,8662.6,8704.4,8645.8,8690.6,54635.0
2019-12-22 22:00:00,8690.6,8724.2,8688.8,8710.2,36144.0
2019-12-23 22:00:00,8710.2,8716.9,8688.4,8710.4,22174.0
2019-12-25 22:00:00,8710.4,8786.4,8710.4,8783.2,25367.0
2019-12-26 22:00:00,8783.2,8825.0,8751.3,8760.6,44819.0
2019-12-29 22:00:00,8760.6,8792.6,8674.5,8715.0,67205.0
2019-12-30 22:00:00,8715.0,8755.9,8676.8,8755.8,49622.0
2020-01-01 22:00:00,8755.8,8884.4,8753.3,8884.4,58041.0
2020-01-02 22:00:00,8884.4,8890.8,8719.1,8792.2,97813.0
2020-01-05 22:00:00,8792.2,8858.3,8709.0,8838.6,99503.0
2020-01-06 22:00:00,8838.6,8879.4,8810.9,8829.6,70334.0
2020-01-07 22:00:00,8829.6,8957.1,8664.0,8934.6,124950.0
2020-01-08 22:00:00,8934.6,9008.3,8919.3,8994.8,69437.0
2020-01-09 22:00:00,8994.8,9041.5,8953.0,8963.6,76896.0
2020-01-12 22:00:00,8963.6,9083.1,8963.6,9078.8,56870.0
2020-01-13 22:00:00,9078.8,9102.9,9023.3,9051.8,76875.0
2020-01-14 22:00:00,9051.8,9084.0,9011.7,9049.2,87587.0
2020-01-15 22:00:00,9049.2,9129.3,9049.2,9127.2,59336.0
2020-01-16 22:00:00,9127.2,9178.6,9119.6,9161.0,54992.0
2020-01-19 22:00:00,9161.0,9177.6,9151.0,9165.4,22786.0
2020-01-20 22:00:00,9165.4,9190.6,9106.4,9164.2,85896.0
2020-01-21 22:00:00,9164.2,9245.8,9164.2,9180.6,68817.0
2020-01-22 22:00:00,9180.6,9245.8,9144.2,9244.8,89588.0
2020-01-23 22:00:00,9244.8,9280.45,9102.8,9130.8,108835.0
2020-01-26 22:00:00,9130.8,9130.8,8920.6,8955.9,138087.0
2020-01-27 22:00:00,8955.9,9131.8,8949.2,9116.4,101067.0
2020-01-28 22:00:00,9116.4,9154.5,9068.4,9100.2,97303.0
2020-01-29 22:00:00,9100.2,9235.0,8998.8,9231.8,146532.0
2020-01-30 22:00:00,9231.8,9244.1,8961.9,9009.2,162922.0
2020-02-02 22:00:00,9009.2,9152.8,8987.1,9102.8,134542.0
2020-02-03 22:00:00,9102.8,9366.75,9071.2,9356.9,114388.0
2020-02-04 22:00:00,9356.9,9459.85,9315.4,9386.0,131512.0
2020-02-05 22:00:00,9386.0,9458.85,9358.6,9458.2,123938.0
2020-02-06 22:00:00,9458.2,9463.2,9378.6,9394.0,104231.0
2020-02-09 22:00:00,9394.0,9526.1,9325.8,9521.2,99344.0
2020-02-10 22:00:00,9521.2,9604.4,9496.4,9527.6,110528.0
2020-02-11 22:00:00,9527.6,9623.4,9519.5,9619.3,94919.0
2020-02-12 22:00:00,9619.3,9639.3,9506.1,9619.4,112830.0
2020-02-13 22:00:00,9619.4,9654.5,9584.2,9629.5,86559.0
2020-02-16 22:00:00,9629.5,9684.0,9629.5,9664.0,3348.0
2020-02-17 22:00:00,9664.0,9664.0,9531.0,9638.4,25904.0
2020-02-18 22:00:00,9638.4,9741.65,9635.6,9726.6,14914.0
2020-02-19 22:00:00,9726.6,9756.1,9511.1,9614.0,42289.0
2020-02-20 22:00:00,9614.0,9618.0,9406.0,9449.6,54004.0
2020-02-23 22:00:00,9449.6,9449.6,9037.6,9098.0,95552.0
2020-02-24 22:00:00,9098.0,9220.7,8807.4,8870.0,124472.0
2020-02-25 22:00:00,8870.0,9034.8,8707.4,8816.8,179562.0
2020-02-26 22:00:00,8816.8,8875.2,8337.75,8338.5,187343.0
2020-02-27 22:00:00,8338.5,8571.7,8127.4,8543.6,316516.0
2020-03-01 22:00:00,8543.6,8882.4,8228.2,8816.8,255811.0
2020-03-02 22:00:00,8816.8,9002.0,8512.1,8561.0,308289.0
2020-03-03 22:00:00,8561.0,8949.8,8509.0,8888.2,194659.0
2020-03-04 22:00:00,8888.2,8899.4,8610.8,8673.2,203528.0
2020-03-05 22:00:00,8673.2,8725.3,8312.3,8504.4,279319.0
2020-03-08 21:00:00,8504.4,8504.4,7824.9,7921.8,166475.0
2020-03-09 21:00:00,7921.8,8380.1,7817.8,8353.8,264606.0
2020-03-10 21:00:00,8353.8,8353.8,7894.8,8011.0,275303.0
2020-03-11 21:00:00,8011.0,8107.0,7133.0,7160.6,248193.0
2020-03-12 21:00:00,7160.6,7976.2,6945.0,7829.8,216326.0
2020-03-15 21:00:00,7829.8,7876.0,6928.2,7077.1,141418.0
2020-03-16 21:00:00,7077.1,7551.4,6950.8,7367.0,208383.0
2020-03-17 21:00:00,7367.0,7383.6,6815.0,7243.8,194362.0
2020-03-18 21:00:00,7243.8,7505.2,6879.8,7186.4,262352.0
2020-03-19 21:00:00,7186.4,7631.6,6891.5,6928.2,257505.0
2020-03-22 21:00:00,6928.2,7316.4,6629.3,6979.2,279127.0
2020-03-23 21:00:00,6979.2,7573.8,6979.2,7556.0,273720.0
2020-03-24 21:00:00,7556.0,7760.2,7373.0,7479.2,323459.0
2020-03-25 21:00:00,7479.2,7892.9,7310.5,7858.6,284824.0
2020-03-26 21:00:00,7858.6,7889.0,7549.0,7552.8,264840.0
2020-03-29 21:00:00,7552.8,7880.6,7392.5,7851.0,246825.0
2020-03-30 21:00:00,7851.0,7990.0,7742.8,7776.0,241770.0
2020-03-31 21:00:00,7776.0,7776.0,7400.0,7461.6,220884.0
2020-04-01 21:00:00,7461.6,7651.1,7372.2,7619.0,248785.0
2020-04-02 21:00:00,7619.0,7655.8,7420.0,7518.7,204276.0
2020-04-05 21:00:00,7518.7,8095.8,7518.7,8030.2,176338.0
2020-04-06 21:00:00,8030.2,8299.6,7944.4,7995.2,260838.0
2020-04-07 21:00:00,7995.2,8239.0,7950.6,8193.8,207962.0
2020-04-08 21:00:00,8193.8,8323.4,8100.6,8233.6,214252.0
2020-04-12 21:00:00,8233.6,8334.0,8075.7,8333.4,137100.0
2020-04-13 21:00:00,8333.4,8702.2,8318.5,8701.0,125355.0
2020-04-14 21:00:00,8701.0,8703.2,8486.6,8573.2,171284.0
2020-04-15 21:00:00,8573.2,8843.3,8501.9,8836.2,176917.0
2020-04-16 21:00:00,8836.2,8967.4,8691.0,8811.6,149140.0
2020-04-19 21:00:00,8811.6,8847.6,8689.4,8716.2,144368.0
2020-04-20 21:00:00,8716.2,8765.3,8345.4,8429.6,218971.0
2020-04-21 21:00:00,8429.6,8702.6,8405.2,8639.2,139717.0
2020-04-22 21:00:00,8639.2,8790.8,8586.8,8610.2,152388.0
2020-04-23 21:00:00,8610.2,8785.0,8503.8,8771.2,129248.0
2020-04-26 21:00:00,8771.2,8904.0,8737.5,8826.8,104249.0
2020-04-27 21:00:00,8826.8,8953.2,8662.4,8708.0,123494.0
2020-04-28 21:00:00,8708.0,9126.0,8708.0,9125.0,125418.0
2020-04-29 21:00:00,9125.0,9154.2,8866.4,8878.0,161119.0
2020-04-30 21:00:00,8878.0,8889.2,8683.0,8716.0,133874.0
2020-05-03 21:00:00,8716.0,8838.4,8568.7,8820.8,122621.0
2020-05-04 21:00:00,8820.8,9031.2,8810.8,8942.0,95858.0
2020-05-05 21:00:00,8942.0,9067.0,8888.6,8963.1,110010.0
2020-05-06 21:00:00,8963.1,9136.2,8941.2,9129.0,95591.0
2020-05-07 21:00:00,9129.0,9245.2,9111.9,9228.4,76965.0
2020-05-10 21:00:00,9228.4,9346.8,9126.8,9289.8,90485.0
2020-05-11 21:00:00,9289.8,9353.0,9048.8,9051.6,111557.0
2020-05-12 21:00:00,9051.6,9211.0,8887.0,9020.0,167983.0
2020-05-13 21:00:00,9020.0,9112.0,8855.4,9094.2,185145.0
2020-05-14 21:00:00,9094.2,9155.8,8933.0,9124.5,155424.0
2020-05-17 21:00:00,9124.5,9368.8,9118.8,9327.3,112422.0
2020-05-18 21:00:00,9327.3,9423.8,9291.0,9305.0,140173.0
2020-05-19 21:00:00,9305.0,9501.2,9277.2,9499.2,97799.0
2020-05-20 21:00:00,9499.2,9514.4,9357.6,9362.6,105879.0
2020-05-21 21:00:00,9362.6,9426.2,9246.3,9425.2,107797.0
2020-05-24 21:00:00,9425.2,9540.6,9401.4,9533.5,43033.0
2020-05-25 21:00:00,9533.5,9607.8,9377.6,9413.8,91191.0
2020-05-26 21:00:00,9413.8,9512.0,9177.8,9445.0,133438.0
2020-05-27 21:00:00,9445.0,9569.0,9324.0,9464.8,128463.0
2020-05-28 21:00:00,9464.8,9593.8,9375.8,9591.6,150841.0
2020-05-31 21:00:00,9591.6,9609.2,9454.5,9599.8,98883.0
2020-06-01 21:00:00,9599.8,9673.4,9509.0,9662.7,81448.0
2020-06-02 21:00:00,9662.7,9730.8,9639.0,9691.4,81281.0
2020-06-03 21:00:00,9691.4,9744.2,9574.4,9646.5,95312.0
2020-06-04 21:00:00,9646.5,9847.8,9604.4,9808.2,110283.0
2020-06-07 21:00:00,9808.2,9902.8,9749.6,9886.0,83366.0
2020-06-08 21:00:00,9886.0,10007.2,9814.2,9962.6,94627.0
2020-06-09 21:00:00,9962.6,10157.8,9961.0,10089.0,111960.0
2020-06-10 21:00:00,10089.0,10107.6,9586.6,9627.0,201931.0
2020-06-11 21:00:00,9627.0,9850.0,9496.2,9648.0,217174.0
2020-06-14 21:00:00,9648.0,9816.3,9383.6,9813.4,193236.0
2020-06-15 21:00:00,9813.4,10014.3,9800.0,9970.6,182000.0
2020-06-16 21:00:00,9970.6,10062.4,9930.6,10001.8,117661.0
2020-06-17 21:00:00,10001.8,10043.2,9881.8,10004.6,118324.0
2020-06-18 21:00:00,10004.6,10125.5,9933.7,9940.4,111508.0
2020-06-21 21:00:00,9940.4,10146.6,9858.0,10142.2,104604.0
2020-06-22 21:00:00,10142.2,10310.0,9987.2,10189.8,111812.0
2020-06-23 21:00:00,10189.8,10255.6,9941.8,10027.0,145738.0
2020-06-24 21:00:00,10027.0,10121.6,9900.6,10111.6,141277.0
2020-06-25 21:00:00,10111.6,10134.6,9838.2,9858.6,140169.0
2020-06-28 21:00:00,9858.6,10011.1,9743.8,10003.8,132191.0
2020-06-29 21:00:00,10003.8,10184.8,9953.8,10152.8,94608.0
2020-06-30 21:00:00,10152.8,10321.8,10089.8,10270.1,92353.0
2020-07-01 21:00:00,10270.1,10432.4,10260.2,10360.3,89384.0
2020-07-02 21:00:00,10360.3,10401.2,10321.2,10339.8,41836.0
2020-07-05 21:00:00,10339.8,10627.0,10339.8,10611.6,81754.0
2020-07-06 21:00:00,10611.6,10706.8,10518.4,10540.2,95349.0
2020-07-07 21:00:00,10540.2,10685.0,10518.8,10684.7,95791.0
2020-07-08 21:00:00,10684.7,10785.8,10572.8,10737.2,110227.0
2020-07-09 21:00:00,10737.2,10859.8,10638.4,10854.8,97079.0
2020-07-12 21:00:00,10854.8,11071.2,10575.6,10615.2,126970.0
2020-07-13 21:00:00,10615.2,10705.8,10372.0,10658.2,191460.0
2020-07-14 21:00:00,10658.2,10779.4,10565.0,10702.7,143356.0
2020-07-15 21:00:00,10702.7,10711.0,10489.2,10545.2,136081.0
2020-07-16 21:00:00,10545.2,10682.0,10537.5,10637.2,84791.0
2020-07-19 21:00:00,10637.2,10974.0,10560.0,10960.0,90923.0
2020-07-20 21:00:00,10960.0,11071.2,10798.8,10861.8,114989.0
2020-07-21 21:00:00,10861.8,10929.2,10775.4,10858.6,111600.0
2020-07-22 21:00:00,10858.6,10951.6,10528.2,10579.2,145735.0
2020-07-23 21:00:00,10579.2,10611.6,10316.6,10478.6,160990.0
2020-07-26 21:00:00,10478.6,10697.8,10445.2,10696.8,97989.0
2020-07-27 21:00:00,10696.8,10772.1,10528.0,10562.8,116173.0
2020-07-28 21:00:00,10562.8,10713.2,10527.0,10712.6,91145.0
2020-07-29 21:00:00,10712.6,10908.5,10516.3,10904.8,138388.0
2020-07-30 21:00:00,10904.8,10952.0,10704.6,10932.4,158150.0
2020-08-02 21:00:00,10932.4,11086.2,10889.8,11066.0,105879.0
2020-08-03 21:00:00,11066.0,11107.5,10996.6,11093.2,94866.0
2020-08-04 21:00:00,11093.2,11157.0,11069.4,11108.8,76267.0
2020-08-05 21:00:00,11108.8,11283.2,11063.6,11270.7,85950.0
2020-08-06 21:00:00,11270.7,11291.8,11044.4,11140.5,123596.0
2020-08-09 21:00:00,11140.5,11155.4,10937.8,11088.8,186335.0
2020-08-10 21:00:00,11088.8,11166.4,10854.4,10919.9,259847.0
2020-08-11 21:00:00,10919.9,11193.4,10888.0,11125.8,221650.0
2020-08-12 21:00:00,11125.8,11274.2,11103.2,11190.0,222077.0
2020-08-13 21:00:00,11190.0,11245.0,11103.8,11153.6,184174.0
2020-08-16 21:00:00,11153.6,11307.8,11153.6,11294.4,89761.0
2020-08-17 21:00:00,11294.4,11422.0,11275.8,11421.0,98384.0
2020-08-18 21:00:00,11421.0,11441.6,11303.2,11324.8,132648.0
2020-08-19 21:00:00,11324.8,11500.0,11225.8,11484.4,144063.0
2020-08-20 21:00:00,11484.4,11577.0,11410.8,11568.0,131980.0
2020-08-23 21:00:00,11568.0,11726.0,11532.0,11637.4,155527.0
2020-08-24 21:00:00,11637.4,11745.8,11578.8,11740.0,121956.0
2020-08-25 21:00:00,11740.0,12004.8,11730.6,11988.4,108148.0
2020-08-26 21:00:00,11988.4,12048.4,11837.4,11949.8,253590.0
2020-08-27 21:00:00,11949.8,12020.6,11922.8,12002.8,214799.0
2020-08-30 21:00:00,12002.8,12167.0,11991.2,12107.6,179356.0
2020-08-31 21:00:00,12107.6,12330.6,12095.4,12330.4,159817.0
2020-09-01 21:00:00,12330.4,12466.6,12174.0,12409.3,315252.0
2020-09-02 21:00:00,12409.3,12437.9,11658.6,11801.6,1007287.0
2020-09-03 21:00:00,11801.6,11842.8,11142.4,11540.3,1530531.0
2020-09-06 21:00:00,11540.3,11547.4,11308.4,11501.6,376932.0
2020-09-07 21:00:00,11501.6,11584.6,11041.8,11044.6,1342682.0
2020-09-08 21:00:00,11044.6,11478.6,10936.2,11370.6,805404.0
2020-09-09 21:00:00,11370.6,11566.2,11088.2,11177.0,903871.0
2020-09-10 21:00:00,11177.0,11355.4,10937.5,11071.2,1058532.0
2020-09-13 21:00:00,11071.2,11360.4,11071.2,11273.2,726419.0
2020-09-14 21:00:00,11273.2,11495.0,11247.0,11462.6,435017.0
2020-09-15 21:00:00,11462.6,11550.0,11240.8,11267.6,351778.0
2020-09-16 21:00:00,11267.6,11305.6,10921.4,11085.0,895559.0
2020-09-17 21:00:00,11085.0,11180.4,10760.2,10953.6,646827.0
2020-09-20 21:00:00,10953.6,11026.0,10673.4,10998.0,760472.0
2020-09-21 21:00:00,10998.0,11207.4,10914.6,11169.4,503090.0
2020-09-22 21:00:00,11169.4,11238.4,10802.8,10835.4,528389.0
2020-09-23 21:00:00,10835.4,11028.2,10678.0,10925.4,790043.0
2020-09-24 21:00:00,10925.4,11182.6,10831.0,11148.8,552708.0
2020-09-27 21:00:00,11148.8,11420.4,11148.8,11410.8,310023.0
2020-09-28 21:00:00,11410.8,11464.4,11305.6,11335.6,306158.0
2020-09-29 21:00:00,11335.6,11541.4,11183.6,11373.2,610879.0
2020-09-30 21:00:00,11373.2,11613.4,11373.2,11587.8,421556.0
2020-10-01 21:00:00,11587.8,11619.2,11220.8,11269.8,879437.0
2020-10-04 21:00:00,11269.8,11512.6,11269.8,11485.2,225026.0
2020-10-05 21:00:00,11485.2,11538.8,11212.4,11221.6,461517.0
2020-10-06 21:00:00,11221.6,11520.6,11221.6,11489.2,234723.0
2020-10-07 21:00:00,11489.2,11592.2,11484.8,11573.5,179422.0
2020-10-08 21:00:00,11573.5,11753.0,11567.0,11741.2,108861.0
2020-10-11 21:00:00,11741.2,12211.0,11707.2,12104.0,186221.0
2020-10-12 21:00:00,12104.0,12262.8,12033.6,12095.2,463482.0
2020-10-13 21:00:00,12095.2,12191.4,11916.4,11958.0,347715.0
2020-10-14 21:00:00,11958.0,11996.7,11752.0,11898.0,441696.0
2020-10-15 21:00:00,11898.0,12036.0,11806.8,11810.2,288499.0
2020-10-18 21:00:00,11810.2,11964.4,11608.6,11709.6,335664.0
2020-10-19 21:00:00,11709.6,11807.6,11614.2,11666.5,446795.0
2020-10-20 21:00:00,11666.5,11794.4,11601.0,11702.9,397996.0
2020-10-21 21:00:00,11702.9,11739.2,11526.8,11672.2,350006.0
2020-10-22 21:00:00,11672.2,11706.8,11566.8,11684.8,263314.0
2020-10-25 21:00:00,11684.8,11710.6,11359.2,11512.6,346659.0
2020-10-26 21:00:00,11512.6,11638.2,11493.8,11569.2,313384.0
2020-10-27 21:00:00,11569.2,11581.8,11139.2,11192.7,450108.0
2020-10-28 21:00:00,11192.7,11471.8,11159.4,11258.6,511384.0
2020-10-29 21:00:00,11258.6,11295.0,10959.3,11100.8,693432.0
2020-11-01 22:00:00,11100.8,11225.6,10957.4,11089.0,573203.0
2020-11-02 22:00:00,11089.0,11362.0,11081.6,11261.8,421329.0
2020-11-03 22:00:00,11261.8,11858.2,11245.8,11829.2,1800196.0
2020-11-04 22:00:00,11829.2,12131.6,11784.8,12104.4,655337.0
2020-11-05 22:00:00,12104.4,12118.8,11879.8,12104.4,633268.0
2020-11-08 22:00:00,12104.4,12418.4,11822.8,11856.0,1453184.0
2020-11-09 22:00:00,11856.0,11910.7,11513.2,11633.2,965216.0
2020-11-10 22:00:00,11633.2,11927.0,11585.4,11903.2,540297.0
2020-11-11 22:00:00,11903.2,11984.2,11785.8,11872.4,456903.0
2020-11-12 22:00:00,11872.4,11960.8,11810.2,11953.8,283739.0
2020-11-15 22:00:00,11953.8,12072.6,11861.0,12049.2,369992.0
2020-11-16 22:00:00,12049.2,12094.6,11965.0,11980.0,231244.0
2020-11-17 22:00:00,11980.0,12036.2,11872.4,11883.8,235770.0
2020-11-18 22:00:00,11883.8,12008.6,11813.9,11974.4,248612.0
2020-11-19 22:00:00,11974.4,12029.8,11882.8,11917.6,174330.0
2020-11-22 22:00:00,11917.6,12011.4,11818.6,11927.4,191382.0
2020-11-23 22:00:00,11927.4,12114.2,11883.0,12111.6,170667.0
2020-11-24 22:00:00,12111.6,12186.6,12087.8,12178.2,178184.0
2020-11-25 22:00:00,12178.2,12232.6,12136.4,12158.8,56801.0
2020-11-26 22:00:00,12158.8,12316.8,12146.2,12283.2,87755.0
2020-11-29 22:00:00,12283.2,12345.6,12095.4,12327.6,320520.0
2020-11-30 22:00:00,12327.6,12516.2,12317.0,12463.0,213218.0
2020-12-01 22:00:00,12463.0,12475.8,12317.6,12466.2,212829.0
2020-12-02 22:00:00,12466.2,12542.2,12446.4,12490.4,158147.0
2020-12-03 22:00:00,12490.4,12537.6,12450.8,12511.4,111493.0
2020-12-06 22:00:00,12511.4,12614.2,12476.6,12594.4,124402.0
2020-12-07 22:00:00,12594.4,12654.4,12504.4,12649.6,96058.0
2020-12-08 22:00:00,12649.6,12676.2,12308.6,12353.2,200582.0
2020-12-09 22:00:00,12353.2,12450.2,12220.0,12390.2,273017.0
2020-12-10 22:00:00,12390.2,12415.6,12236.0,12371.0,243068.0
2020-12-13 22:00:00,12371.0,12543.4,12371.0,12464.5,141770.0
2020-12-14 22:00:00,12464.5,12602.0,12416.2,12592.3,184852.0
2020-12-15 22:00:00,12592.3,12699.2,12565.8,12672.6,100869.0
2020-12-16 22:00:00,12672.6,12763.8,12668.0,12750.9,74217.0
2020-12-17 22:00:00,12750.9,12785.2,12609.2,12748.7,124646.0
2020-12-20 22:00:00,12748.7,12780.4,12461.8,12691.9,366371.0
2020-12-21 22:00:00,12691.9,12761.4,12595.4,12711.3,175213.0
2020-12-22 22:00:00,12711.3,12743.2,12631.4,12663.6,118126.0
2020-12-23 22:00:00,12663.6,12734.4,12639.0,12711.2,55512.0
2020-12-27 22:00:00,12711.2,12868.6,12684.4,12855.8,79493.0
2020-12-28 22:00:00,12855.8,12932.6,12824.8,12874.0,92743.0
2020-12-29 22:00:00,12874.0,12925.6,12836.8,12857.9,76335.0
2020-12-30 22:00:00,12857.9,12911.6,12812.8,12901.0,63105.0
2021-01-03 22:00:00,12901.0,12974.0,12536.8,12704.0,248983.0
2021-01-04 22:00:00,12704.0,12822.8,12626.6,12818.4,178012.0
2021-01-05 22:00:00,12818.4,12858.0,12506.0,12672.4,688738.0
2021-01-06 22:00:00,12672.4,12972.8,12660.8,12940.4,219498.0
2021-01-07 22:00:00,12940.4,13138.6,12933.4,13137.8,234053.0
2021-01-10 22:00:00,13137.8,13137.8,12886.2,12919.0,292721.0
2021-01-11 22:00:00,12919.0,12972.8,12781.4,12896.3,204466.0
2021-01-12 22:00:00,12896.3,13016.8,12834.6,12988.4,162563.0
2021-01-13 22:00:00,12988.4,13043.4,12896.0,12914.2,177601.0
2021-01-14 22:00:00,12914.2,12945.6,12758.6,12774.7,300502.0
2021-01-17 22:00:00,12774.7,12831.6,12742.4,12826.5,127556.0
2021-01-18 22:00:00,12826.5,13047.0,12826.5,13046.6,171300.0
2021-01-19 22:00:00,13046.6,13341.6,13033.1,13304.5,160644.0
2021-01-20 22:00:00,13304.5,13438.4,13298.2,13411.2,165792.0
2021-01-21 22:00:00,13411.2,13416.0,13315.6,13368.5,167174.0
2021-01-24 22:00:00,13368.5,13569.2,13205.5,13479.7,556802.0
2021-01-25 22:00:00,13479.7,13615.6,13396.9,13567.2,239657.0
2021-01-26 22:00:00,13567.2,13602.8,12901.1,13077.4,904261.0
2021-01-27 22:00:00,13077.4,13409.8,12922.6,13168.6,1088221.0
2021-01-28 22:00:00,13168.6,13201.4,12845.4,12887.0,1151392.0
2021-01-31 22:00:00,12887.0,13285.8,12742.4,13249.3,620905.0
2021-02-01 22:00:00,13249.3,13522.8,13246.6,13513.2,325859.0
2021-02-02 22:00:00,13513.2,13598.7,13402.0,13430.2,292216.0
2021-02-03 22:00:00,13430.2,13581.0,13358.3,13575.6,233766.0
2021-02-04 22:00:00,13575.6,13648.6,13529.8,13614.8,159757.0
2021-02-07 22:00:00,13614.8,13702.4,13607.6,13696.8,146065.0
2021-02-08 22:00:00,13696.8,13745.6,13644.8,13708.6,105389.0
2021-02-09 22:00:00,13708.6,13779.6,13528.0,13675.4,226658.0
2021-02-10 22:00:00,13675.4,13753.0,13623.4,13720.3,179973.0
2021-02-11 22:00:00,13720.3,13829.0,13655.6,13829.0,113004.0
2021-02-14 22:00:00,13829.0,13887.6,13819.6,13881.6,24156.0
2021-02-15 22:00:00,13881.6,13909.8,13726.0,13764.4,134404.0
2021-02-16 22:00:00,13764.4,13791.2,13549.6,13703.6,251870.0
2021-02-17 22:00:00,13703.6,13728.6,13474.4,13647.2,245103.0
2021-02-18 22:00:00,13647.2,13735.6,13541.4,13577.4,242991.0
2021-02-21 22:00:00,13577.4,13635.1,13221.8,13228.2,418113.0
2021-02-22 22:00:00,13228.2,13342.2,12764.4,13164.0,915330.0
2021-02-23 22:00:00,13164.0,13338.6,12964.8,13320.0,1029454.0
2021-02-24 22:00:00,13320.0,13359.6,12770.0,12794.1,1252130.0
2021-02-25 22:00:00,12794.1,13095.2,12668.8,12913.6,2046087.0
2021-02-28 22:00:00,12913.6,13323.0,12913.6,13319.1,423929.0
2021-03-01 22:00:00,13319.1,13333.8,13054.0,13060.4,499040.0
2021-03-02 22:00:00,13060.4,13196.0,12668.4,12683.8,645423.0
2021-03-03 22:00:00,12683.8,12800.2,12309.8,12435.0,2068055.0
2021-03-04 22:00:00,12435.0,12700.6,12210.8,12658.4,1746970.0
2021-03-07 22:00:00,12658.4,12763.4,12285.9,12334.6,1552172.0
2021-03-08 22:00:00,12334.6,12870.0,12328.8,12791.2,988546.0
2021-03-09 22:00:00,12791.2,12995.5,12706.5,12792.0,1793888.0
2021-03-10 22:00:00,12792.0,13121.0,12726.2,13047.1,872177.0
2021-03-11 22:00:00,13047.1,13095.0,12769.2,12935.8,849635.0
2021-03-14 21:00:00,12935.8,13099.2,12872.8,13084.6,527649.0
2021-03-15 21:00:00,13084.6,13297.0,13056.8,13167.0,367014.0
2021-03-16 21:00:00,13167.0,13286.8,12947.4,13188.9,772980.0
2021-03-17 21:00:00,13188.9,13284.6,12781.8,12810.7,683905.0
2021-03-18 21:00:00,12810.7,12916.0,12700.0,12846.0,806433.0
2021-03-21 21:00:00,12846.0,13174.8,12808.7,13079.8,431029.0
2021-03-22 21:00:00,13079.8,13189.8,12997.2,13049.3,455611.0
2021-03-23 21:00:00,13049.3,13162.8,12802.2,12814.8,457262.0
2021-03-24 21:00:00,12814.8,12877.4,12628.0,12808.9,647871.0
2021-03-25 21:00:00,12808.9,13006.6,12694.4,12977.6,518029.0
2021-03-28 21:00:00,12977.6,13020.4,12825.4,12981.8,648195.0
2021-03-29 21:00:00,12981.8,13001.4,12794.6,12908.0,445228.0
2021-03-30 21:00:00,12908.0,13175.6,12877.0,13107.6,308371.0
2021-03-31 21:00:00,13107.6,13350.2,13107.6,13345.8,234300.0
2021-04-01 21:00:00,13345.8,13409.2,13343.4,13366.6,69217.0
2021-04-04 21:00:00,13366.6,13631.4,13321.3,13615.6,224756.0
2021-04-05 21:00:00,13615.6,13669.0,13539.6,13599.2,243620.0
2021-04-06 21:00:00,13599.2,13656.2,13528.4,13636.8,194472.0
2021-04-07 21:00:00,13636.8,13804.8,13631.0,13804.0,156560.0
2021-04-08 21:00:00,13804.0,13856.2,13664.0,13825.2,189271.0
2021-04-11 21:00:00,13825.2,13847.0,13747.4,13839.2,192242.0
2021-04-12 21:00:00,13839.2,14008.8,13788.0,13989.8,162217.0
2021-04-13 21:00:00,13989.8,14043.4,13787.6,13841.4,171032.0
2021-04-14 21:00:00,13841.4,14048.4,13804.2,14013.8,152662.0
2021-04-15 21:00:00,14013.8,14073.8,13967.4,14043.2,149184.0
2021-04-18 21:00:00,14043.2,14067.8,13837.0,13908.9,202923.0
2021-04-19 21:00:00,13908.9,13949.0,13735.2,13750.2,250854.0
2021-04-20 21:00:00,13750.2,13942.2,13716.4,13907.6,174408.0
2021-04-21 21:00:00,13907.6,13959.4,13717.4,13777.8,257729.0
2021-04-22 21:00:00,13777.8,13996.4,13753.4,13921.2,134064.0
2021-04-25 21:00:00,13921.2,14053.2,13881.2,14036.3,147384.0
2021-04-26 21:00:00,14036.3,14065.4,13928.2,13966.4,150297.0
2021-04-27 21:00:00,13966.4,14008.3,13893.8,13984.2,179673.0
2021-04-28 21:00:00,13984.2,14079.0,13833.8,13961.5,203256.0
2021-04-29 21:00:00,13961.5,13971.8,13834.8,13880.1,206112.0
2021-05-02 21:00:00,13880.1,13962.4,13787.2,13800.4,150875.0
2021-05-03 21:00:00,13800.4,13807.0,13396.2,13536.0,293034.0
2021-05-04 21:00:00,13536.0,13680.2,13478.0,13499.4,213319.0
2021-05-05 21:00:00,13499.4,13624.8,13402.6,13617.8,311040.0
2021-05-06 21:00:00,13617.8,13828.0,13599.2,13727.4,297377.0
2021-05-09 21:00:00,13727.4,13762.8,13317.2,13322.4,293618.0
2021-05-10 21:00:00,13322.4,13386.6,13076.6,13327.6,714765.0
2021-05-11 21:00:00,13327.6,13362.2,12970.6,12974.6,893539.0
2021-05-12 21:00:00,12974.6,13233.8,12925.4,13100.7,753013.0
2021-05-13 21:00:00,13100.7,13434.8,13080.4,13407.4,408008.0
2021-05-16 21:00:00,13407.4,13456.8,13191.6,13321.5,459913.0
2021-05-17 21:00:00,13321.5,13440.8,13187.4,13196.2,251650.0
2021-05-18 21:00:00,13196.2,13248.0,12960.2,13223.5,737577.0
2021-05-19 21:00:00,13223.5,13527.8,13156.4,13494.6,331165.0
2021-05-20 21:00:00,13494.6,13574.6,13401.2,13418.8,308705.0
2021-05-23 21:00:00,13418.8,13692.0,13361.8,13658.0,232245.0
2021-05-24 21:00:00,13658.0,13744.6,13613.2,13674.8,227029.0
2021-05-25 21:00:00,13674.8,13734.6,13662.2,13709.7,147982.0
2021-05-26 21:00:00,13709.7,13725.6,13625.6,13698.0,186546.0
2021-05-27 21:00:00,13698.0,13768.2,13667.8,13692.0,96107.0
2021-05-30 21:00:00,13692.0,13724.2,13656.8,13660.6,63387.0
2021-05-31 21:00:00,13660.6,13777.4,13597.6,13653.4,116198.0
2021-06-01 21:00:00,13653.4,13716.2,13607.0,13681.6,129913.0
2021-06-02 21:00:00,13681.6,13709.6,13464.8,13533.0,180602.0
2021-06-03 21:00:00,13533.0,13786.0,13470.2,13766.8,139190.0
2021-06-06 21:00:00,13766.8,13825.2,13693.8,13824.0,106948.0
2021-06-07 21:00:00,13824.0,13919.0,13744.4,13814.6,106582.0
2021-06-08 21:00:00,13814.6,13906.2,13806.2,13813.2,90630.0
2021-06-09 21:00:00,13813.2,13977.6,13728.6,13973.6,136910.0
2021-06-10 21:00:00,13973.6,13999.2,13934.0,13993.2,71298.0
2021-06-13 21:00:00,13993.2,14133.6,13965.8,14117.2,74901.0
2021-06-14 21:00:00,14117.2,14163.0,14009.8,14046.0,104111.0
2021-06-15 21:00:00,14046.0,14106.6,13841.6,13943.2,245019.0
2021-06-16 21:00:00,13943.2,14212.6,13853.2,14190.0,198895.0
2021-06-17 21:00:00,14190.0,14218.4,14024.2,14032.8,258625.0
2021-06-20 21:00:00,14032.8,14161.0,13974.0,14153.2,202561.0
2021-06-21 21:00:00,14153.2,14296.0,14083.8,14286.2,113751.0
2021-06-22 21:00:00,14286.2,14333.6,14249.8,14291.8,82440.0
2021-06-23 21:00:00,14291.8,14439.8,14288.2,14376.8,71701.0
2021-06-24 21:00:00,14376.8,14411.6,14331.2,14348.2,76812.0
2021-06-27 21:00:00,14348.2,14537.2,14348.2,14521.0,72530.0
2021-06-28 21:00:00,14521.0,14600.8,14486.4,14598.4,62773.0
2021-06-29 21:00:00,14598.4,14614.2,14534.6,14571.8,74929.0
2021-06-30 21:00:00,14571.8,14622.0,14487.0,14556.4,77697.0
2021-07-01 21:00:00,14556.4,14744.0,14529.0,14716.6,75138.0
2021-07-04 21:00:00,14716.6,14736.8,14690.4,14708.4,14792.0
2021-07-05 21:00:00,14708.4,14803.8,14639.6,14776.6,94072.0
2021-07-06 21:00:00,14776.6,14897.6,14740.6,14826.2,133716.0
2021-07-07 21:00:00,14826.2,14836.8,14556.0,14728.6,344377.0
2021-07-08 21:00:00,14728.6,14846.4,14655.8,14828.4,195334.0
2021-07-11 21:00:00,14828.4,14903.2,14800.4,14890.6,108156.0
2021-07-12 21:00:00,14890.6,15009.4,14809.6,14881.0,149505.0
2021-07-13 21:00:00,14881.0,15011.2,14857.0,14910.6,156592.0
2021-07-14 21:00:00,14910.6,14977.8,14723.8,14790.8,198034.0
2021-07-15 21:00:00,14790.8,14884.6,14673.0,14684.0,200659.0
2021-07-18 21:00:00,14684.0,14697.8,14460.8,14608.2,471210.0
2021-07-19 21:00:00,14608.2,14798.0,14532.4,14742.6,256218.0
2021-07-20 21:00:00,14742.6,14854.6,14684.2,14853.6,138823.0
2021-07-21 21:00:00,14853.6,14999.0,14842.4,14994.0,99383.0
2021-07-22 21:00:00,14994.0,15132.6,14949.6,15107.0,80533.0
2021-07-25 21:00:00,15107.0,15148.6,15054.2,15138.8,115311.0
2021-07-26 21:00:00,15138.8,15146.4,14789.8,14897.8,273649.0
2021-07-27 21:00:00,14897.8,15089.4,14884.2,14999.4,338240.0
2021-07-28 21:00:00,14999.4,15098.6,14920.0,14927.3,162445.0
2021-07-29 21:00:00,14927.3,14994.2,14826.2,14979.6,246633.0
2021-08-01 21:00:00,14979.6,15071.0,14947.6,14976.2,135129.0
2021-08-02 21:00:00,14976.2,15066.8,14866.0,15051.8,159814.0
2021-08-03 21:00:00,15051.8,15124.6,15014.0,15097.8,117890.0
2021-08-04 21:00:00,15097.8,15187.4,15085.2,15186.8,73995.0
2021-08-05 21:00:00,15186.8,15186.8,15060.6,15105.6,87861.0
2021-08-08 21:00:00,15105.6,15157.8,15016.0,15139.6,76349.0
2021-08-09 21:00:00,15139.6,15169.4,15007.0,15059.6,91773.0
2021-08-10 21:00:00,15059.6,15130.4,14974.8,15019.8,112578.0
2021-08-11 21:00:00,15019.8,15101.0,14952.0,15090.0,69542.0
2021-08-12 21:00:00,15090.0,15152.0,15066.2,15132.2,52467.0
2021-08-15 21:00:00,15132.2,15147.8,14926.4,15142.8,89890.0
2021-08-16 21:00:00,15142.8,15142.8,14906.0,14977.6,171711.0
2021-08-17 21:00:00,14977.6,15043.2,14812.8,14844.7,140119.0
2021-08-18 21:00:00,14844.7,15004.2,14716.4,14949.4,261336.0
2021-08-19 21:00:00,14949.4,15105.2,14857.4,15100.2,123862.0
2021-08-22 21:00:00,15100.2,15342.8,15094.4,15333.8,55816.0
2021-08-23 21:00:00,15333.8,15388.8,15314.8,15368.4,56991.0
2021-08-24 21:00:00,15368.4,15402.0,15338.0,15372.4,49340.0
2021-08-25 21:00:00,15372.4,15372.4,15260.4,15291.6,102723.0
2021-08-26 21:00:00,15291.6,15448.6,15270.6,15432.8,77730.0
2021-08-29 21:00:00,15432.8,15622.2,15425.2,15612.0,45023.0
2021-08-30 21:00:00,15612.0,15680.8,15522.4,15604.6,86927.0
2021-08-31 21:00:00,15604.6,15702.0,15582.8,15615.0,60309.0
2021-09-01 21:00:00,15615.0,15684.6,15554.4,15602.2,61938.0
2021-09-02 21:00:00,15602.2,15679.4,15555.2,15657.2,88520.0
2021-09-05 21:00:00,15657.2,15710.8,15645.6,15703.5,4464.0
2021-09-06 21:00:00,15703.5,15704.0,15609.6,15673.4,64054.0
2021-09-07 21:00:00,15673.4,15693.4,15525.2,15609.2,97635.0
2021-09-08 21:00:00,15609.2,15677.0,15547.0,15563.2,83572.0
2021-09-09 21:00:00,15563.2,15668.6,15434.6,15448.8,113482.0
2021-09-12 21:00:00,15448.8,15566.0,15351.6,15453.2,194603.0
2021-09-13 21:00:00,15453.2,15530.2,15352.4,15397.4,156289.0
2021-09-14 21:00:00,15397.4,15523.8,15315.6,15517.2,106709.0
2021-09-15 21:00:00,15517.2,15543.8,15368.6,15509.8,113271.0
2021-09-16 21:00:00,15509.8,15541.4,15291.8,15299.2,167799.0
2021-09-19 21:00:00,15299.2,15354.6,14826.2,15009.8,470772.0
2021-09-20 21:00:00,15009.8,15180.0,14983.6,15011.6,325605.0
2021-09-21 21:00:00,15011.6,15246.6,14950.4,15199.4,410149.0
2021-09-22 21:00:00,15199.4,15366.4,15195.6,15317.6,214609.0
2021-09-23 21:00:00,15317.6,15353.8,15197.0,15338.8,199772.0
2021-09-26 21:00:00,15338.8,15418.2,15104.2,15192.2,192492.0
2021-09-27 21:00:00,15192.2,15211.6,14760.8,14787.2,486337.0
2021-09-28 21:00:00,14787.2,14944.6,14730.8,14783.2,449549.0
2021-09-29 21:00:00,14783.2,14902.0,14690.4,14710.6,376199.0
2021-09-30 21:00:00,14710.6,14836.4,14556.0,14796.8,681213.0
2021-10-03 21:00:00,14796.8,14851.8,14385.0,14505.4,755845.0
2021-10-04 21:00:00,14505.4,14771.2,14426.8,14678.2,524526.0
2021-10-05 21:00:00,14678.2,14786.2,14439.8,14783.0,540408.0
2021-10-06 21:00:00,14783.0,15017.4,14783.0,14906.8,243074.0
2021-10-07 21:00:00,14906.8,15011.8,14807.4,14822.0,392478.0
2021-10-10 21:00:00,14822.0,14913.2,14693.2,14700.4,393076.0
2021-10-11 21:00:00,14700.4,14799.2,14602.2,14614.8,452110.0
2021-10-12 21:00:00,14614.8,14811.4,14608.0,14784.2,336669.0
2021-10-13 21:00:00,14784.2,15087.8,14784.2,15081.4,176077.0
2021-10-14 21:00:00,15081.4,15160.0,15037.4,15159.8,169282.0
2021-10-17 21:00:00,15159.8,15313.4,15055.2,15303.0,205532.0
2021-10-18 21:00:00,15303.0,15444.6,15286.2,15428.2,135610.0
2021-10-19 21:00:00,15428.2,15462.8,15335.8,15372.6,98834.0
2021-10-20 21:00:00,15372.6,15500.0,15318.0,15399.0,102608.0
2021-10-21 21:00:00,15399.0,15479.8,15290.6,15338.8,164613.0
2021-10-24 21:00:00,15338.8,15561.8,15312.6,15558.6,148874.0
2021-10-25 21:00:00,15558.6,15716.8,15519.4,15543.4,168069.0
2021-10-26 21:00:00,15543.4,15733.6,15524.0,15609.8,187526.0
2021-10-27 21:00:00,15609.8,15792.6,15607.8,15684.2,164375.0
2021-10-28 21:00:00,15684.2,15880.0,15611.2,15878.6,130493.0
2021-10-31 21:00:00,15878.6,15930.0,15784.2,15903.8,160914.0
2021-11-01 21:00:00,15903.8,15995.6,15865.2,15973.8,123636.0
2021-11-02 21:00:00,15973.8,16161.0,15951.0,16148.6,153924.0
2021-11-03 21:00:00,16148.6,16389.6,16144.4,16350.8,132230.0
2021-11-04 21:00:00,16350.8,16459.6,16303.4,16356.0,200996.0
2021-11-07 22:00:00,16356.0,16404.2,16283.6,16334.4,239435.0
2021-11-08 22:00:00,16334.4,16402.0,16170.8,16208.4,270151.0
2021-11-09 22:00:00,16208.4,16252.0,15907.0,15994.8,299428.0
2021-11-10 22:00:00,15994.8,16123.0,15985.2,16047.2,157347.0
2021-11-11 22:00:00,16047.2,16221.4,16010.0,16210.6,141717.0
2021-11-14 22:00:00,16210.6,16283.4,16090.0,16203.2,142866.0
2021-11-15 22:00:00,16203.2,16330.6,16149.4,16300.4,107396.0
2021-11-16 22:00:00,16300.4,16399.8,16273.4,16325.8,109317.0
2021-11-17 22:00:00,16325.8,16511.0,16307.0,16507.6,152894.0
2021-11-18 22:00:00,16507.6,16632.6,16494.0,16591.0,161976.0
2021-11-21 22:00:00,16591.0,16771.6,16369.2,16403.2,213823.0
2021-11-22 22:00:00,16403.2,16422.8,16122.8,16302.4,442964.0
2021-11-23 22:00:00,16302.4,16372.4,16106.4,16359.0,346305.0
2021-11-24 22:00:00,16359.0,16439.8,16356.6,16411.8,37804.0
2021-11-25 22:00:00,16411.8,16417.8,15992.4,16048.4,711860.0
2021-11-28 22:00:00,16048.4,16441.6,16048.4,16418.2,534508.0
2021-11-29 22:00:00,16418.2,16460.0,16072.6,16242.6,821842.0
2021-11-30 22:00:00,16242.6,16430.4,15830.0,15861.9,608680.0
2021-12-01 22:00:00,15861.9,16067.0,15764.0,16016.8,1032760.0
2021-12-02 22:00:00,16016.8,16122.4,15537.2,15687.2,1040323.0
2021-12-05 22:00:00,15687.2,15898.4,15560.4,15850.4,887020.0
2021-12-06 22:00:00,15850.4,16375.4,15825.6,16367.0,335027.0
2021-12-07 22:00:00,16367.0,16436.3,16253.0,16381.4,438315.0
2021-12-08 22:00:00,16381.4,16420.6,16121.6,16157.4,312637.0
2021-12-09 22:00:00,16157.4,16336.6,16134.6,16323.2,309209.0
2021-12-12 22:00:00,16323.2,16411.6,16066.0,16097.0,429270.0
2021-12-13 22:00:00,16097.0,16133.6,15738.6,15939.4,641682.0
2021-12-14 22:00:00,15939.4,16312.2,15753.0,16298.6,651943.0
2021-12-15 22:00:00,16298.6,16468.8,15806.8,15894.6,586324.0
2021-12-16 22:00:00,15894.6,15972.8,15665.6,15844.8,827815.0
2021-12-19 22:00:00,15844.8,15867.9,15510.8,15692.8,839034.0
2021-12-20 22:00:00,15692.8,16003.4,15621.8,15991.2,392645.0
2021-12-21 22:00:00,15991.2,16201.0,15898.6,16197.8,297954.0
2021-12-22 22:00:00,16197.8,16373.8,16163.8,16319.8,170138.0
2021-12-26 22:00:00,16319.8,16598.6,16319.8,16589.2,145073.0
2021-12-27 22:00:00,16589.2,16677.4,16471.2,16529.8,228020.0
2021-12-28 22:00:00,16529.8,16582.0,16406.2,16498.4,232600.0
2021-12-29 22:00:00,16498.4,16585.0,16429.2,16449.6,197470.0
2021-12-30 22:00:00,16449.6,16481.4,16332.2,16350.2,207139.0
2022-01-02 22:00:00,16350.2,16526.0,16310.6,16512.8,266085.0
2022-01-03 22:00:00,16512.8,16579.4,16155.2,16276.6,308507.0
2022-01-04 22:00:00,16276.6,16283.8,15768.0,15768.6,518170.0
2022-01-05 22:00:00,15768.6,15910.6,15613.8,15808.3,858735.0
2022-01-06 22:00:00,15808.3,15867.8,15525.2,15586.6,601638.0
2022-01-09 22:00:00,15586.6,15683.0,15167.4,15631.6,737572.0
2022-01-10 22:00:00,15631.6,15853.6,15490.0,15840.0,667435.0
2022-01-11 22:00:00,15840.0,16024.0,15777.4,15911.4,490822.0
2022-01-12 22:00:00,15911.4,15994.2,15473.4,15515.6,541955.0
2022-01-13 22:00:00,15515.6,15634.7,15327.6,15633.0,861445.0
2022-01-16 22:00:00,15633.0,15661.2,15522.6,15572.9,241405.0
2022-01-17 22:00:00,15572.9,15617.6,15185.8,15254.8,866472.0
2022-01-18 22:00:00,15254.8,15386.4,15026.6,15049.8,921974.0
2022-01-19 22:00:00,15049.8,15355.0,14661.8,14736.8,854458.0
2022-01-20 22:00:00,14736.8,14873.0,14423.5,14426.6,2103039.0
2022-01-23 22:00:00,14426.6,14595.3,13721.0,14532.6,2287550.0
2022-01-24 22:00:00,14532.6,14532.6,13905.5,13937.9,2246737.0
2022-01-25 22:00:00,13937.9,14654.8,13937.9,14167.0,1887790.0
2022-01-26 22:00:00,14167.0,14424.2,13860.7,14125.6,2629000.0
2022-01-27 22:00:00,14125.6,14455.6,13844.8,14444.2,2282495.0
2022-01-30 22:00:00,14444.2,14928.0,14367.0,14880.8,1031637.0
2022-01-31 22:00:00,14880.8,15150.0,14742.6,15130.0,1046594.0
2022-02-01 22:00:00,15130.0,15273.2,14840.2,14875.1,1131156.0
2022-02-02 22:00:00,14875.1,14882.6,14469.6,14814.8,1057634.0
2022-02-03 22:00:00,14814.8,14834.4,14372.4,14651.8,1350041.0
2022-02-06 22:00:00,14651.8,14814.6,14520.2,14609.8,1115081.0
2022-02-07 22:00:00,14609.8,14784.4,14476.2,14754.4,706409.0
2022-02-08 22:00:00,14754.4,15075.8,14749.8,15061.4,391909.0
2022-02-09 22:00:00,15061.4,15064.2,14628.6,14702.2,1273522.0
2022-02-10 22:00:00,14702.2,14772.8,14187.6,14263.6,1554198.0
2022-02-13 22:00:00,14263.6,14398.8,14035.5,14263.6,1827789.0
2022-02-14 22:00:00,14263.6,14619.2,14228.4,14587.9,749530.0
2022-02-15 22:00:00,14587.9,14670.4,14383.2,14595.6,733506.0
2022-02-16 22:00:00,14595.6,14620.6,14135.1,14156.8,764808.0
2022-02-17 22:00:00,14156.8,14299.6,13907.2,13994.9,950542.0
2022-02-20 22:00:00,13994.9,14158.4,13717.4,13734.5,723316.0
2022-02-21 22:00:00,13734.5,14109.4,13582.4,13921.8,1396194.0
2022-02-22 22:00:00,13921.8,14069.4,13472.6,13485.8,784503.0
2022-02-23 22:00:00,13485.8,13982.0,13024.4,13911.6,2938194.0
2022-02-24 22:00:00,13911.6,14194.6,13759.2,14184.3,1578292.0
2022-02-27 22:00:00,14184.3,14290.4,13673.4,14217.0,1347157.0
2022-02-28 22:00:00,14217.0,14325.1,13898.8,14023.6,1315976.0
2022-03-01 22:00:00,14023.6,14287.4,13909.0,14193.6,1218645.0
2022-03-02 22:00:00,14193.6,14386.8,13951.5,14057.0,894852.0
2022-03-03 22:00:00,14057.0,14082.2,13729.8,13796.5,1225038.0
2022-03-06 22:00:00,13796.5,13875.2,13261.2,13267.8,1371790.0
2022-03-07 22:00:00,13267.8,13661.8,13100.2,13196.6,1951442.0
2022-03-08 22:00:00,13196.6,13817.3,13188.4,13771.0,1305335.0
2022-03-09 22:00:00,13771.0,13771.0,13391.2,13568.0,1283483.0
2022-03-10 22:00:00,13568.0,13855.0,13277.0,13300.5,774198.0
2022-03-13 21:00:00,13300.5,13438.6,13009.6,13074.4,739466.0
2022-03-14 21:00:00,13074.4,13481.4,12937.0,13437.6,646419.0
2022-03-15 21:00:00,13437.6,14020.6,13412.8,13993.2,945512.0
2022-03-16 21:00:00,13993.2,14127.6,13814.0,14048.8,986180.0
2022-03-17 21:00:00,14048.8,14436.6,13962.1,14430.8,673562.0
2022-03-20 21:00:00,14430.8,14460.0,14177.4,14386.6,770829.0
2022-03-21 21:00:00,14386.6,14683.8,14286.6,14647.6,507973.0
2022-03-22 21:00:00,14647.6,14675.2,14434.6,14456.6,538978.0
2022-03-23 21:00:00,14456.6,14762.8,14427.0,14755.2,610783.0
2022-03-24 21:00:00,14755.2,14833.6,14566.0,14743.2,542048.0
2022-03-27 21:00:00,14743.2,14989.6,14652.0,14974.8,628153.0
2022-03-28 21:00:00,14974.8,15261.8,14949.8,15217.0,628816.0
2022-03-29 21:00:00,15217.0,15254.6,15011.4,15110.6,509340.0
2022-03-30 21:00:00,15110.6,15183.6,14860.2,14922.2,478633.0
2022-03-31 21:00:00,14922.2,14963.6,14729.8,14857.2,506318.0
2022-04-03 21:00:00,14857.2,15180.4,14806.0,15163.8,308795.0
2022-04-04 21:00:00,15163.8,15200.6,14784.0,14863.8,362255.0
2022-04-05 21:00:00,14863.8,14863.8,14399.6,14498.2,736429.0
2022-04-06 21:00:00,14498.2,14637.6,14322.2,14538.8,707603.0
2022-04-07 21:00:00,14538.8,14645.4,14313.8,14333.0,474342.0
2022-04-10 21:00:00,14333.0,14374.4,13988.0,14006.8,689644.0
2022-04-11 21:00:00,14006.8,14287.2,13884.6,13957.4,729974.0
2022-04-12 21:00:00,13957.4,14269.6,13924.6,14214.6,566942.0
2022-04-13 21:00:00,14214.6,14299.0,13880.1,13895.0,507769.0
2022-04-17 21:00:00,13895.0,14005.2,13732.8,13967.6,521741.0
2022-04-18 21:00:00,13967.6,14244.3,13831.4,14097.6,610028.0
2022-04-19 21:00:00,14097.6,14300.6,13963.6,14076.2,713032.0
2022-04-20 21:00:00,14076.2,14287.4,13672.8,13723.4,697668.0
2022-04-21 21:00:00,13723.4,13784.4,13302.8,13319.4,1081422.0
2022-04-24 21:00:00,13319.4,13554.6,13189.4,13533.6,1822224.0
2022-04-25 21:00:00,13533.6,13588.7,12806.8,12817.7,1035171.0
2022-04-26 21:00:00,12817.7,13260.2,12817.7,13169.4,2268854.0
2022-04-27 21:00:00,13169.4,13547.2,13038.4,13316.8,1240638.0
2022-04-28 21:00:00,13316.8,13438.0,12837.6,12896.2,1335440.0
2022-05-01 21:00:00,12896.2,13089.8,12715.2,13056.8,2254629.0
2022-05-02 21:00:00,13056.8,13188.4,12973.6,13124.2,1381070.0
2022-05-03 21:00:00,13124.2,13560.4,12888.4,13501.2,1224664.0
2022-05-04 21:00:00,13501.2,13551.2,12708.8,12901.7,1468082.0
2022-05-05 21:00:00,12901.7,12928.4,12519.2,12666.2,2716862.0
2022-05-08 21:00:00,12666.2,12666.2,12134.6,12204.4,2078920.0
2022-05-09 21:00:00,12204.4,12546.0,12101.9,12329.2,2324159.0
2022-05-10 21:00:00,12329.2,12552.2,11937.8,12007.8,2350548.0
2022-05-11 21:00:00,12007.8,12129.6,11686.6,11870.3,2653714.0
2022-05-12 21:00:00,11870.3,12428.6,11870.3,12359.6,1199094.0
2022-05-15 21:00:00,12359.6,12494.2,12186.0,12232.8,1691995.0
2022-05-16 21:00:00,12232.8,12573.6,12232.8,12569.6,1030786.0
2022-05-17 21:00:00,12569.6,12586.4,11859.2,11891.2,872906.0
2022-05-18 21:00:00,11891.2,12071.0,11698.8,11896.2,2157047.0
2022-05-19 21:00:00,11896.2,12091.0,11490.6,11836.0,1623378.0
2022-05-22 21:00:00,11836.0,12075.2,11782.8,12055.4,1442512.0
2022-05-23 21:00:00,12055.4,12055.4,11576.6,11811.4,1328615.0
2022-05-24 21:00:00,11811.4,12033.8,11671.6,11886.6,1383040.0
2022-05-25 21:00:00,11886.6,12342.4,11847.8,12259.0,768269.0
2022-05-26 21:00:00,12259.0,12718.6,12221.0,12716.0,575735.0
2022-05-29 21:00:00,12716.0,12881.0,12671.6,12808.4,340306.0
2022-05-30 21:00:00,12808.4,12824.0,12478.8,12654.2,1485389.0
2022-05-31 21:00:00,12654.2,12820.6,12454.8,12547.8,1203869.0
2022-06-01 21:00:00,12547.8,12901.3,12440.8,12895.0,1070505.0
2022-06-02 21:00:00,12895.0,12943.2,12501.6,12547.0,934925.0
2022-06-05 21:00:00,12547.0,12808.2,12525.4,12604.4,826758.0
2022-06-06 21:00:00,12604.4,12738.4,12410.6,12678.8,743077.0
2022-06-07 21:00:00,12678.8,12782.2,12578.2,12622.2,661791.0
2022-06-08 21:00:00,12622.2,12724.2,12254.2,12297.0,724281.0
2022-06-09 21:00:00,12297.0,12337.2,11821.6,11861.8,783555.0
2022-06-12 21:00:00,11861.8,11861.8,11254.4,11330.5,1526209.0
2022-06-13 21:00:00,11330.5,11503.0,11202.8,11327.2,1187612.0
2022-06-14 21:00:00,11327.2,11760.6,11325.6,11591.2,292234.0
2022-06-15 21:00:00,11591.2,11739.4,11038.2,11173.6,253809.0
2022-06-16 21:00:00,11173.6,11364.6,11088.6,11277.6,244641.0
2022-06-19 21:00:00,11277.6,11407.0,11244.4,11395.1,110276.0
2022-06-20 21:00:00,11395.1,11646.2,11366.6,11551.0,140569.0
2022-06-21 21:00:00,11551.0,11713.6,11288.8,11511.4,182252.0
2022-06-22 21:00:00,11511.4,11735.0,11429.0,11654.8,227928.0
2022-06-23 21:00:00,11654.8,12116.2,11653.6,12099.4,144973.0
2022-06-26 21:00:00,12099.4,12230.0,11962.8,12042.0,178236.0
2022-06-27 21:00:00,12042.0,12141.8,11633.8,11654.8,175814.0
2022-06-28 21:00:00,11654.8,11719.0,11535.2,11662.0,182798.0
2022-06-29 21:00:00,11662.0,11666.8,11321.8,11481.0,201777.0
2022-06-30 21:00:00,11481.0,11600.6,11352.4,11589.4,213415.0
2022-07-03 21:00:00,11589.4,11589.4,11474.1,11527.4,86307.0
2022-07-04 21:00:00,11527.4,11789.4,11359.2,11785.0,193133.0
2022-07-05 21:00:00,11785.0,11947.6,11702.4,11878.0,203072.0
2022-07-06 21:00:00,11878.0,12141.6,11811.0,12093.3,129334.0
2022-07-07 21:00:00,12093.3,12184.2,11926.4,12134.5,149585.0
2022-07-10 21:00:00,12134.5,12134.5,11826.8,11873.8,133919.0
2022-07-11 21:00:00,11873.8,11998.6,11688.0,11754.4,155205.0
2022-07-12 21:00:00,11754.4,11943.6,11455.2,11708.8,205153.0
2022-07-13 21:00:00,11708.8,11809.8,11486.8,11782.8,191741.0
2022-07-14 21:00:00,11782.8,11996.2,11716.4,11994.4,153833.0
2022-07-17 21:00:00,11994.4,12161.4,11833.8,11891.2,124767.0
2022-07-18 21:00:00,11891.2,12303.4,11864.6,12293.6,117703.0
2022-07-19 21:00:00,12293.6,12492.6,12211.3,12403.0,141938.0
2022-07-20 21:00:00,12403.0,12630.0,12349.0,12547.8,167447.0
2022-07-21 21:00:00,12547.8,12673.4,12319.0,12401.4,140461.0
2022-07-24 21:00:00,12401.4,12473.4,12242.0,12300.4,141090.0
2022-07-25 21:00:00,12300.4,12308.4,12047.6,12171.4,123942.0
2022-07-26 21:00:00,12171.4,12664.8,12170.4,12556.0,125906.0
2022-07-27 21:00:00,12556.0,12927.6,12424.2,12902.4,140196.0
2022-07-28 21:00:00,12902.4,12987.2,12723.2,12954.8,125592.0
2022-07-31 21:00:00,12954.8,13086.4,12830.6,12960.0,122617.0
2022-08-01 21:00:00,12960.0,13075.6,12795.2,12898.4,146631.0
2022-08-02 21:00:00,12898.4,13289.6,12846.2,13228.8,117267.0
2022-08-03 21:00:00,13228.8,13333.6,13163.0,13305.8,120810.0
2022-08-04 21:00:00,13305.8,13360.0,13061.4,13192.4,120601.0
2022-08-07 21:00:00,13192.4,13395.0,13096.6,13189.0,129577.0
2022-08-08 21:00:00,13189.0,13208.8,12945.6,13038.2,122103.0
2022-08-09 21:00:00,13038.2,13389.4,12964.4,13362.2,119896.0
2022-08-10 21:00:00,13362.2,13555.0,13266.0,13326.8,118297.0
2022-08-11 21:00:00,13326.8,13561.6,13291.8,13559.2,103481.0
2022-08-14 21:00:00,13559.2,13688.0,13475.0,13660.2,88186.0
2022-08-15 21:00:00,13660.2,13722.6,13505.2,13645.4,100138.0
2022-08-16 21:00:00,13645.4,13649.8,13384.8,13488.8,130475.0
2022-08-17 21:00:00,13488.8,13555.2,13388.4,13518.6,111467.0
2022-08-18 21:00:00,13518.6,13518.6,13209.2,13231.6,104065.0
2022-08-21 21:00:00,13231.6,13231.6,12855.6,12913.6,109196.0
2022-08-22 21:00:00,12913.6,12998.2,12803.8,12868.4,129332.0
2022-08-23 21:00:00,12868.4,12992.8,12805.8,12940.2,111800.0
2022-08-24 21:00:00,12940.2,13147.8,12909.4,13131.0,104503.0
2022-08-25 21:00:00,13131.0,13205.6,12544.6,12547.4,145809.0
2022-08-28 21:00:00,12547.4,12595.4,12388.6,12491.2,162488.0
2022-08-29 21:00:00,12491.2,12643.6,12233.6,12345.9,152892.0
2022-08-30 21:00:00,12345.9,12497.0,12266.6,12296.6,182631.0
2022-08-31 21:00:00,12296.6,12296.6,12007.0,12279.2,162620.0
2022-09-01 21:00:00,12279.2,12449.8,12029.0,12119.2,162574.0
2022-09-04 21:00:00,12119.2,12155.4,12043.4,12125.1,86464.0
2022-09-05 21:00:00,12125.1,12232.4,11918.6,12012.8,179629.0
2022-09-06 21:00:00,12012.8,12297.6,11914.8,12255.2,152276.0
2022-09-07 21:00:00,12255.2,12370.6,12109.2,12340.6,166180.0
2022-09-08 21:00:00,12340.6,12607.6,12323.8,12584.0,83861.0
2022-09-11 21:00:00,12584.0,12767.6,12567.6,12765.8,106885.0
2022-09-12 21:00:00,12765.8,12877.2,11997.4,12041.9,128441.0
2022-09-13 21:00:00,12041.9,12166.6,11994.8,12164.0,166316.0
2022-09-14 21:00:00,12164.0,12182.0,11852.8,11888.4,149114.0
2022-09-15 21:00:00,11888.4,11888.4,11693.4,11877.3,150711.0
2022-09-18 21:00:00,11877.3,11988.0,11714.2,11968.6,126992.0
2022-09-19 21:00:00,11968.6,12014.2,11750.4,11870.2,106854.0
2022-09-20 21:00:00,11870.2,12065.4,11574.8,11593.2,158128.0
2022-09-21 21:00:00,11593.2,11722.8,11437.2,11492.8,197019.0
2022-09-22 21:00:00,11492.8,11527.0,11156.4,11314.6,174106.0
2022-09-25 21:00:00,11314.6,11464.6,11183.8,11240.8,220346.0
2022-09-26 21:00:00,11240.8,11494.2,11160.8,11289.8,187249.0
2022-09-27 21:00:00,11289.8,11551.4,11077.0,11479.0,236214.0
2022-09-28 21:00:00,11479.0,11503.4,11030.8,11171.4,204423.0
2022-09-29 21:00:00,11171.4,11295.6,10965.8,10998.8,220286.0
2022-10-02 21:00:00,10998.8,11304.0,10831.2,11255.8,185509.0
2022-10-03 21:00:00,11255.8,11617.2,11226.2,11584.8,156676.0
2022-10-04 21:00:00,11584.8,11650.2,11308.8,11569.0,158852.0
2022-10-05 21:00:00,11569.0,11669.0,11448.2,11449.0,175616.0
2022-10-06 21:00:00,11449.0,11505.9,10985.2,11038.6,167611.0
2022-10-09 21:00:00,11038.6,11076.0,10819.2,10936.8,163797.0
2022-10-10 21:00:00,10936.8,10981.2,10710.2,10822.2,203341.0
2022-10-11 21:00:00,10822.2,10917.8,10747.8,10795.2,195056.0
2022-10-12 21:00:00,10795.2,11084.6,10427.0,11007.8,216744.0
2022-10-13 21:00:00,11007.8,11195.2,10668.8,10688.6,224794.0
2022-10-16 21:00:00,10688.6,11092.0,10674.8,11081.2,159464.0
2022-10-17 21:00:00,11081.2,11378.2,11028.8,11272.2,195923.0
2022-10-18 21:00:00,11272.2,11329.2,11005.5,11106.4,192533.0
2022-10-19 21:00:00,11106.4,11283.4,10963.4,11014.6,203519.0
2022-10-20 21:00:00,11014.6,11341.0,10892.8,11333.2,201917.0
2022-10-23 21:00:00,11333.2,11485.6,11163.4,11415.4,231492.0
2022-10-24 21:00:00,11415.4,11686.8,11385.8,11541.2,161714.0
2022-10-25 21:00:00,11541.2,11657.8,11370.2,11430.4,174781.0
2022-10-26 21:00:00,11430.4,11491.8,10880.9,11050.4,201869.0
2022-10-27 21:00:00,11050.4,11578.4,11015.4,11578.2,166932.0
2022-10-30 21:00:00,11578.2,11578.2,11320.8,11413.2,133845.0
2022-10-31 21:00:00,11413.2,11576.8,11251.2,11283.6,137651.0
2022-11-01 21:00:00,11283.6,11421.2,10871.0,10904.6,159080.0
2022-11-02 21:00:00,10904.6,10958.0,10671.2,10695.4,143721.0
2022-11-03 21:00:00,10695.4,10935.8,10600.0,10841.4,181367.0
2022-11-06 22:00:00,10841.4,11008.0,10749.6,10984.4,153663.0
2022-11-07 22:00:00,10984.4,11200.6,10898.6,11058.0,112516.0
2022-11-08 22:00:00,11058.0,11131.8,10790.0,10810.4,163706.0
2022-11-09 22:00:00,10810.4,11644.6,10770.5,11644.6,155254.0
2022-11-10 22:00:00,11644.6,11844.0,11537.4,11803.4,168919.0
2022-11-13 22:00:00,11803.4,11864.8,11668.4,11735.2,130255.0
2022-11-14 22:00:00,11735.2,12084.8,11728.2,11865.6,162550.0
2022-11-15 22:00:00,11865.6,11929.0,11674.0,11741.0,149399.0
2022-11-16 22:00:00,11741.0,11794.8,11496.0,11712.6,132493.0
2022-11-17 22:00:00,11712.6,11810.2,11574.2,11678.4,123533.0
2022-11-20 22:00:00,11678.4,11722.4,11520.6,11555.6,109915.0
2022-11-21 22:00:00,11555.6,11726.0,11493.8,11706.6,83693.0
2022-11-22 22:00:00,11706.6,11858.8,11686.4,11842.2,87777.0
2022-11-23 22:00:00,11842.2,11898.8,11840.8,11878.8,24324.0
2022-11-24 22:00:00,11878.8,11890.0,11732.4,11754.0,44399.0
2022-11-27 22:00:00,11754.0,11759.2,11548.2,11597.2,78745.0
2022-11-28 22:00:00,11597.2,11676.8,11438.2,11493.4,87729.0
2022-11-29 22:00:00,11493.4,12047.5,11469.8,12044.4,111183.0
2022-11-30 22:00:00,12044.4,12110.0,11914.4,12006.8,105127.0
2022-12-01 22:00:00,12006.8,12037.2,11710.2,11962.3,89327.0
2022-12-04 22:00:00,11962.3,11995.3,11732.4,11798.6,85909.0
2022-12-05 22:00:00,11798.6,11832.6,11492.4,11557.2,86661.0
2022-12-06 22:00:00,11557.2,11585.8,11413.4,11490.4,96881.0
2022-12-07 22:00:00,11490.4,11676.6,11425.6,11628.4,91265.0
2022-12-08 22:00:00,11628.4,11733.8,11508.9,11546.0,84844.0
2022-12-11 22:00:00,11546.0,11708.6,11516.2,11690.6,75812.0
2022-12-12 22:00:00,11690.6,12229.2,11673.4,11824.8,153388.0
2022-12-13 22:00:00,11824.8,11948.9,11608.8,11768.0,159370.0
2022-12-14 22:00:00,11768.0,11776.6,11287.4,11338.8,137870.0
2022-12-15 22:00:00,11338.8,11377.8,11167.6,11211.4,134661.0
2022-12-18 22:00:00,11211.4,11300.8,11021.8,11075.4,92780.0
2022-12-19 22:00:00,11075.4,11136.8,10933.6,11084.6,130843.0
2022-12-20 22:00:00,11084.6,11289.6,11071.4,11257.2,91637.0
2022-12-21 22:00:00,11257.2,11287.2,10776.6,10950.4,100209.0
2022-12-22 22:00:00,10950.4,11048.6,10822.8,10974.2,118989.0
2022-12-26 22:00:00,10974.2,11089.4,10802.2,10819.0,82805.0
2022-12-27 22:00:00,10819.0,10901.8,10674.8,10702.8,91421.0
2022-12-28 22:00:00,10702.8,10989.0,10695.0,10947.4,69338.0
2022-12-29 22:00:00,10947.4,10971.2,10773.0,10960.4,77156.0
2023-01-02 22:00:00,10960.4,11100.4,10768.8,10865.6,143312.0
2023-01-03 22:00:00,10865.6,10988.6,10785.0,10904.0,127114.0
2023-01-04 22:00:00,10904.0,10967.0,10730.4,10761.0,112700.0
2023-01-05 22:00:00,10761.0,11089.8,10676.4,11032.2,115663.0
2023-01-08 22:00:00,11032.2,11310.2,11032.2,11108.6,99600.0
2023-01-09 22:00:00,11108.6,11217.6,11019.2,11209.6,105699.0
2023-01-10 22:00:00,11209.6,11408.2,11169.2,11403.8,69396.0
2023-01-11 22:00:00,11403.8,11507.8,11222.6,11451.6,129092.0
2023-01-12 22:00:00,11451.6,11548.2,11318.6,11530.8,92034.0
2023-01-15 22:00:00,11530.8,11567.0,11439.4,11493.2,25680.0
2023-01-16 22:00:00,11493.2,11613.8,11459.6,11551.6,79674.0
2023-01-17 22:00:00,11551.6,11687.8,11397.4,11412.2,94870.0
2023-01-18 22:00:00,11412.2,11415.6,11237.8,11324.2,85955.0
2023-01-19 22:00:00,11324.2,11615.6,11294.6,11606.4,68381.0
2023-01-22 22:00:00,11606.4,11911.6,11579.8,11863.8,77689.0
2023-01-23 22:00:00,11863.8,11938.6,11764.8,11901.1,82596.0
2023-01-24 22:00:00,11901.1,11903.6,11533.8,11816.8,96495.0
2023-01-25 22:00:00,11816.8,12060.6,11808.8,12006.8,91924.0
2023-01-26 22:00:00,12006.8,12254.8,11964.4,12169.2,79861.0
2023-01-29 22:00:00,12169.2,12198.4,11907.8,11936.6,95024.0
2023-01-30 22:00:00,11936.6,12103.0,11818.0,12066.2,86456.0
2023-01-31 22:00:00,12066.2,12470.0,12003.0,12453.0,119388.0
2023-02-01 22:00:00,12453.0,12894.3,12447.8,12620.4,138910.0
2023-02-02 22:00:00,12620.4,12827.6,12497.8,12565.6,152005.0
2023-02-05 22:00:00,12565.6,12565.6,12406.2,12461.0,115421.0
2023-02-06 22:00:00,12461.0,12766.8,12408.0,12689.2,127637.0
2023-02-07 22:00:00,12689.2,12756.2,12468.4,12517.6,105037.0
2023-02-08 22:00:00,12517.6,12686.2,12326.8,12409.6,100132.0
2023-02-09 22:00:00,12409.6,12409.6,12201.2,12299.2,120147.0
2023-02-12 22:00:00,12299.2,12524.0,12223.2,12502.8,90261.0
2023-02-13 22:00:00,12502.8,12641.5,12347.2,12574.0,146010.0
2023-02-14 22:00:00,12574.0,12708.2,12476.4,12700.2,99285.0
2023-02-15 22:00:00,12700.2,12744.2,12415.4,12425.8,104778.0
2023-02-16 22:00:00,12425.8,12425.8,12228.8,12349.6,103682.0
2023-02-19 22:00:00,12349.6,12383.2,12312.6,12332.6,22360.0
2023-02-20 22:00:00,12332.6,12345.2,12058.0,12077.6,93646.0
2023-02-21 22:00:00,12077.6,12163.2,12000.2,12139.2,113214.0
2023-02-22 22:00:00,12139.2,12232.2,12001.6,12164.4,91360.0
2023-02-23 22:00:00,12164.4,12186.4,11895.2,11972.4,92225.0
2023-02-26 22:00:00,11972.4,12161.0,11962.2,12066.2,74187.0
2023-02-27 22:00:00,12066.2,12144.2,11998.2,12012.0,74244.0
2023-02-28 22:00:00,12012.0,12112.6,11896.4,11956.4,82640.0
2023-03-01 22:00:00,11956.4,12065.0,11801.4,12020.0,95186.0
2023-03-02 22:00:00,12020.0,12297.2,11981.4,12296.2,67150.0
2023-03-05 22:00:00,12296.2,12454.6,12245.4,12289.8,78222.0
2023-03-06 22:00:00,12289.8,12349.4,12119.6,12151.8,85773.0
2023-03-07 22:00:00,12151.8,12236.4,12086.6,12226.2,78605.0
2023-03-08 22:00:00,12226.2,12341.4,11965.4,11996.6,83739.0
2023-03-09 22:00:00,11996.6,12096.0,11788.0,11882.4,201694.0
2023-03-12 21:00:00,11882.4,12086.2,11676.4,11950.8,288949.0
2023-03-13 21:00:00,11950.8,12229.2,11909.0,12209.6,196906.0
2023-03-14 21:00:00,12209.6,12280.0,11970.4,12268.8,246855.0
2023-03-15 21:00:00,12268.8,12605.8,12187.0,12584.6,203381.0
2023-03-16 21:00:00,12584.6,12682.6,12445.4,12520.8,155773.0
2023-03-19 21:00:00,12520.8,12612.6,12401.6,12579.0,189899.0
2023-03-20 21:00:00,12579.0,12774.4,12554.0,12751.6,102092.0
2023-03-21 21:00:00,12751.6,12959.0,12555.4,12580.2,118192.0
2023-03-22 21:00:00,12580.2,12908.0,12576.0,12751.0,131283.0
2023-03-23 21:00:00,12751.0,12806.6,12606.6,12802.0,148581.0
2023-03-26 21:00:00,12802.0,12857.1,12648.2,12695.6,108496.0
2023-03-27 21:00:00,12695.6,12715.2,12516.8,12630.2,68074.0
2023-03-28 21:00:00,12630.2,12880.6,12624.6,12848.8,51291.0
2023-03-29 21:00:00,12848.8,12999.8,12819.6,12976.4,52448.0
2023-03-30 21:00:00,12976.4,13199.4,12947.9,13196.0,46206.0
2023-04-02 21:00:00,13196.0,13196.0,13042.6,13153.4,61247.0
2023-04-03 21:00:00,13153.4,13237.8,13059.8,13122.0,61291.0
2023-04-04 21:00:00,13122.0,13137.6,12896.8,12962.2,54390.0
2023-04-05 21:00:00,12962.2,13085.8,12845.2,13057.8,51178.0
2023-04-06 21:00:00,13057.8,13084.6,13021.4,13078.6,6998.0
2023-04-09 21:00:00,13078.6,13097.6,12862.8,13059.8,47518.0
2023-04-10 21:00:00,13059.8,13103.4,12950.8,12984.6,52040.0
2023-04-11 21:00:00,12984.6,13144.0,12841.4,12859.4,79927.0
2023-04-12 21:00:00,12859.4,13133.8,12829.3,13086.2,58040.0
2023-04-13 21:00:00,13086.2,13160.6,12964.0,13106.0,72483.0
2023-04-16 21:00:00,13106.0,13123.8,12983.4,13086.4,62064.0
2023-04-17 21:00:00,13086.4,13204.2,13052.2,13101.2,54672.0
2023-04-18 21:00:00,13101.2,13140.4,12979.6,13083.6,49954.0
2023-04-19 21:00:00,13083.6,13114.4,12937.0,13005.2,59503.0
2023-04-20 21:00:00,13005.2,13041.6,12897.8,12996.8,64444.0
2023-04-23 21:00:00,12996.8,13053.8,12891.6,12973.2,52769.0
2023-04-24 21:00:00,12973.2,12984.4,12727.2,12841.2,64807.0
2023-04-25 21:00:00,12841.2,12937.2,12789.0,12885.4,79978.0
2023-04-26 21:00:00,12885.4,13255.8,12861.4,13186.0,58167.0
2023-04-27 21:00:00,13186.0,13266.6,13094.6,13257.2,71930.0
2023-04-30 21:00:00,13257.2,13298.2,13189.6,13218.4,58226.0
2023-05-01 21:00:00,13218.4,13264.6,13042.4,13099.6,66819.0
2023-05-02 21:00:00,13099.6,13238.4,13011.2,13019.2,91025.0
2023-05-03 21:00:00,13019.2,13101.2,12931.6,12984.8,92189.0
2023-05-04 21:00:00,12984.8,13298.4,12984.8,13251.0,54194.0
2023-05-07 21:00:00,13251.0,13313.8,13194.6,13281.6,43230.0
2023-05-08 21:00:00,13281.6,13291.8,13199.0,13205.6,39213.0
2023-05-09 21:00:00,13205.6,13390.6,13147.8,13352.6,71725.0
2023-05-10 21:00:00,13352.6,13417.6,13305.4,13394.8,59562.0
2023-05-11 21:00:00,13394.8,13439.0,13257.6,13317.6,50095.0
2023-05-14 21:00:00,13317.6,13426.0,13297.2,13415.6,43307.0
2023-05-15 21:00:00,13415.6,13507.0,13379.4,13454.4,45648.0
2023-05-16 21:00:00,13454.4,13616.2,13422.4,13588.4,43466.0
2023-05-17 21:00:00,13588.4,13863.6,13575.8,13862.8,53343.0
2023-05-18 21:00:00,13862.8,13910.8,13766.8,13791.4,62477.0
2023-05-21 21:00:00,13791.4,13900.6,13757.4,13873.0,50471.0
2023-05-22 21:00:00,13873.0,13935.0,13671.2,13692.8,56476.0
2023-05-23 21:00:00,13692.8,13805.0,13526.8,13801.4,66732.0
2023-05-24 21:00:00,13801.4,13990.6,13763.0,13941.6,77135.0
2023-05-25 21:00:00,13941.6,14332.6,13884.2,14328.9,60517.0
2023-05-28 21:00:00,14328.9,14409.6,14328.9,14370.2,11363.0
2023-05-29 21:00:00,14370.2,14533.4,14309.2,14379.8,80516.0
2023-05-30 21:00:00,14379.8,14399.6,14223.8,14261.6,75649.0
2023-05-31 21:00:00,14261.6,14499.2,14220.0,14468.3,79357.0
2023-06-01 21:00:00,14468.3,14598.4,14440.8,14561.2,67592.0
2023-06-04 21:00:00,14561.2,14669.4,14487.6,14558.2,74915.0
2023-06-05 21:00:00,14558.2,14602.4,14479.8,14575.6,62504.0
2023-06-06 21:00:00,14575.6,14655.8,14289.8,14301.2,79465.0
2023-06-07 21:00:00,14301.2,14509.8,14240.8,14504.2,76252.0
2023-06-08 21:00:00,14504.2,14670.2,14444.0,14549.6,85596.0
2023-06-11 21:00:00,14549.6,14813.4,14538.0,14811.2,73544.0
2023-06-12 21:00:00,14811.2,14952.8,14770.2,14928.8,96947.0
2023-06-13 21:00:00,14928.8,15065.2,14798.4,15054.6,95164.0
2023-06-14 21:00:00,15054.6,15262.6,14888.2,15189.8,98225.0
2023-06-15 21:00:00,15189.8,15297.2,15086.8,15128.2,83372.0
2023-06-18 21:00:00,15128.2,15149.9,15058.8,15068.4,18486.0
2023-06-19 21:00:00,15068.4,15137.8,14954.8,15081.2,71898.0
2023-06-20 21:00:00,15081.2,15106.8,14836.8,14871.2,79690.0
2023-06-21 21:00:00,14871.2,15079.6,14798.4,15075.2,83671.0
2023-06-22 21:00:00,15075.2,15076.2,14827.6,14898.2,84568.0
2023-06-25 21:00:00,14898.2,14995.6,14697.8,14718.4,91227.0
2023-06-26 21:00:00,14718.4,14992.8,14706.6,14942.2,72220.0
2023-06-27 21:00:00,14942.2,15072.6,14875.8,15010.2,81951.0
2023-06-28 21:00:00,15010.2,15055.8,14882.0,14964.8,75840.0
2023-06-29 21:00:00,14964.8,15231.6,14954.2,15171.4,58662.0
2023-07-02 21:00:00,15171.4,15245.4,15162.0,15209.2,34099.0
2023-07-03 21:00:00,15209.2,15222.2,15188.4,15197.0,4539.0
2023-07-04 21:00:00,15197.0,15283.4,15107.4,15206.6,53514.0
2023-07-05 21:00:00,15206.6,15218.0,14964.2,15074.0,60275.0
2023-07-06 21:00:00,15074.0,15222.8,15028.6,15059.4,67504.0
2023-07-09 21:00:00,15059.4,15089.6,14935.8,15063.6,66243.0
2023-07-10 21:00:00,15063.6,15154.4,14981.6,15139.8,60124.0
2023-07-11 21:00:00,15139.8,15383.6,15130.6,15334.6,66665.0
2023-07-12 21:00:00,15334.6,15617.0,15332.6,15575.2,50808.0
2023-07-13 21:00:00,15575.2,15733.0,15541.6,15570.6,67023.0
2023-07-16 21:00:00,15570.6,15758.4,15538.2,15702.4,52334.0
2023-07-17 21:00:00,15702.4,15905.6,15609.8,15824.0,58245.0
2023-07-18 21:00:00,15824.0,15937.8,15787.8,15816.4,68213.0
2023-07-19 21:00:00,15816.4,15816.4,15423.8,15473.6,74467.0
2023-07-20 21:00:00,15473.6,15594.8,15415.4,15446.8,75986.0
2023-07-23 21:00:00,15446.8,15511.0,15378.2,15471.6,65740.0
2023-07-24 21:00:00,15471.6,15638.8,15452.8,15624.6,55121.0
2023-07-25 21:00:00,15624.6,15641.8,15418.0,15529.2,87942.0
2023-07-26 21:00:00,15529.2,15806.4,15415.6,15486.4,88752.0
2023-07-27 21:00:00,15486.4,15796.6,15449.0,15747.4,92784.0
2023-07-30 21:00:00,15747.4,15817.6,15693.2,15784.2,75142.0
2023-07-31 21:00:00,15784.2,15803.8,15643.4,15724.4,56344.0
2023-08-01 21:00:00,15724.4,15724.4,15329.0,15366.4,95932.0
2023-08-02 21:00:00,15366.4,15470.0,15254.6,15367.4,122442.0
2023-08-03 21:00:00,15367.4,15528.4,15255.0,15281.6,108267.0
2023-08-06 21:00:00,15281.6,15423.8,15252.8,15419.8,79570.0
2023-08-07 21:00:00,15419.8,15426.6,15150.2,15287.6,76341.0
2023-08-08 21:00:00,15287.6,15367.2,15085.1,15140.2,72130.0
2023-08-09 21:00:00,15140.2,15376.6,15073.6,15153.6,115510.0
2023-08-10 21:00:00,15153.6,15201.0,14972.0,15041.6,97939.0
2023-08-13 21:00:00,15041.6,15224.2,14960.0,15222.8,106969.0
2023-08-14 21:00:00,15222.8,15277.6,15021.4,15055.8,101094.0
2023-08-15 21:00:00,15055.8,15106.8,14867.6,14882.6,94813.0
2023-08-16 21:00:00,14882.6,14961.2,14682.6,14688.4,90280.0
2023-08-17 21:00:00,14688.4,14751.6,14552.8,14693.8,99850.0
2023-08-20 21:00:00,14693.8,14968.0,14669.4,14926.2,77113.0
2023-08-21 21:00:00,14926.2,15072.6,14888.4,14920.8,75359.0
2023-08-22 21:00:00,14920.8,15310.0,14914.0,15309.4,71459.0
2023-08-23 21:00:00,15309.4,15374.2,14776.6,14790.4,96245.0
2023-08-24 21:00:00,14790.4,15007.2,14712.4,14928.2,118512.0
2023-08-27 21:00:00,14928.2,15085.6,14928.2,15066.0,84415.0
2023-08-28 21:00:00,15066.0,15399.6,15018.2,15395.8,64955.0
2023-08-29 21:00:00,15395.8,15492.6,15330.0,15483.2,69993.0
2023-08-30 21:00:00,15483.2,15573.8,15428.0,15506.4,62800.0
2023-08-31 21:00:00,15506.4,15629.0,15422.8,15480.0,78329.0
2023-09-03 21:00:00,15480.0,15547.0,15469.4,15492.6,11915.0
2023-09-04 21:00:00,15492.6,15560.6,15386.8,15492.2,67559.0
2023-09-05 21:00:00,15492.2,15506.0,15293.4,15370.8,67115.0
2023-09-06 21:00:00,15370.8,15376.6,15139.4,15270.8,70920.0
2023-09-07 21:00:00,15270.8,15374.4,15207.6,15311.0,69797.0
2023-09-10 21:00:00,15311.0,15510.8,15295.4,15486.2,61226.0
2023-09-11 21:00:00,15486.2,15493.4,15301.0,15320.4,62308.0
2023-09-12 21:00:00,15320.4,15439.6,15223.2,15392.6,81887.0
2023-09-13 21:00:00,15392.6,15534.6,15349.8,15501.2,67305.0
2023-09-14 21:00:00,15501.2,15539.4,15181.8,15208.2,69929.0
2023-09-17 21:00:00,15208.2,15292.4,15154.6,15256.0,59978.0
2023-09-18 21:00:00,15256.0,15273.6,15080.6,15217.8,54945.0
2023-09-19 21:00:00,15217.8,15269.2,14960.7,14964.2,79662.0
2023-09-20 21:00:00,14964.2,14981.2,14683.2,14690.8,86699.0
2023-09-21 21:00:00,14690.8,14871.2,14678.8,14719.6,75523.0
2023-09-24 21:00:00,14719.6,14807.2,14626.8,14804.2,89209.0
2023-09-25 21:00:00,14804.2,14804.2,14521.4,14580.6,75873.0
2023-09-26 21:00:00,14580.6,14680.0,14445.0,14627.8,83284.0
2023-09-27 21:00:00,14627.8,14807.6,14515.8,14738.0,100880.0
2023-09-28 21:00:00,14738.0,14920.8,14670.8,14752.2,102629.0
2023-10-01 21:00:00,14752.2,14908.6,14685.8,14858.8,104692.0
2023-10-02 21:00:00,14858.8,14893.2,14517.6,14579.4,100198.0
2023-10-03 21:00:00,14579.4,14824.8,14455.6,14772.0,117274.0
2023-10-04 21:00:00,14772.0,14827.2,14585.6,14729.8,85035.0
2023-10-05 21:00:00,14729.8,15031.2,14530.4,15010.6,100573.0
2023-10-08 21:00:00,15010.6,15088.6,14820.8,15068.6,94616.0
2023-10-09 21:00:00,15068.6,15260.0,15049.6,15159.4,72343.0
2023-10-10 21:00:00,15159.4,15294.6,15132.2,15290.4,66539.0
2023-10-11 21:00:00,15290.4,15348.6,15096.6,15203.0,77183.0
2023-10-12 21:00:00,15203.0,15246.4,14946.6,14991.2,87922.0
2023-10-15 21:00:00,14991.2,15226.6,14967.2,15194.6,88684.0
2023-10-16 21:00:00,15194.6,15202.2,14940.6,15134.6,82139.0
2023-10-17 21:00:00,15134.6,15134.6,14875.0,14956.6,94323.0
2023-10-18 21:00:00,14956.6,15033.8,14735.4,14743.4,127921.0
2023-10-19 21:00:00,14743.4,14782.4,14549.8,14554.6,96998.0
2023-10-22 21:00:00,14554.6,14760.8,14418.8,14658.8,92849.0
2023-10-23 21:00:00,14658.8,14860.2,14618.2,14743.8,92191.0
2023-10-24 21:00:00,14743.8,14765.8,14364.4,14379.0,103241.0
2023-10-25 21:00:00,14379.0,14379.0,14060.4,14129.6,123807.0
2023-10-26 21:00:00,14129.6,14327.2,14129.6,14191.2,111484.0
2023-10-29 21:00:00,14191.2,14398.6,14191.2,14338.4,84707.0
2023-10-30 21:00:00,14338.4,14430.4,14238.6,14380.2,93940.0
2023-10-31 21:00:00,14380.2,14689.8,14339.4,14688.8,95130.0
2023-11-01 21:00:00,14688.8,14944.8,14688.2,14898.0,68099.0
2023-11-02 21:00:00,14898.0,15158.4,14860.6,15114.2,69834.0
2023-11-05 22:00:00,15114.2,15186.6,15073.6,15157.8,54025.0
2023-11-06 22:00:00,15157.8,15347.2,15111.2,15311.8,52995.0
2023-11-07 22:00:00,15311.8,15352.2,15222.2,15294.2,55409.0
2023-11-08 22:00:00,15294.2,15389.2,15175.8,15194.4,74265.0
2023-11-09 22:00:00,15194.4,15552.4,15144.4,15521.6,58855.0
2023-11-12 22:00:00,15521.6,15540.0,15404.4,15500.8,52365.0
2023-11-13 22:00:00,15500.8,15862.6,15495.2,15837.8,56366.0
2023-11-14 22:00:00,15837.8,15987.6,15774.4,15787.4,60747.0
2023-11-15 22:00:00,15787.4,15849.6,15738.6,15841.6,60064.0
2023-11-16 22:00:00,15841.6,15884.8,15768.2,15819.6,52005.0
2023-11-19 22:00:00,15819.6,16061.2,15782.4,16034.6,45943.0
2023-11-20 22:00:00,16034.6,16066.4,15861.4,15922.6,51173.0
2023-11-21 22:00:00,15922.6,16125.4,15895.8,16000.4,56785.0
2023-11-22 22:00:00,16000.4,16041.6,15990.7,16017.4,5213.0
2023-11-23 22:00:00,16017.4,16027.2,15937.8,15967.4,23584.0
2023-11-26 22:00:00,15967.4,16044.6,15894.8,15960.4,39149.0
2023-11-27 22:00:00,15960.4,16026.8,15900.8,16012.6,48432.0
2023-11-28 22:00:00,16012.6,16166.0,15984.4,16011.6,49821.0
2023-11-29 22:00:00,16011.6,16064.8,15825.4,15927.2,60383.0
2023-11-30 22:00:00,15927.2,16020.6,15833.0,16001.8,62857.0
2023-12-03 22:00:00,16001.8,16001.8,15692.2,15836.2,53829.0
2023-12-04 22:00:00,15836.2,15937.8,15739.0,15880.4,63297.0
2023-12-05 22:00:00,15880.4,16017.6,15785.2,15797.4,59329.0
2023-12-06 22:00:00,15797.4,16050.6,15774.0,16001.4,58148.0
2023-12-07 22:00:00,16001.4,16103.2,15875.6,16078.2,61788.0
2023-12-10 22:00:00,16078.2,16242.2,16030.8,16238.2,62797.0
2023-12-11 22:00:00,16238.2,16400.6,16179.2,16397.8,62776.0
2023-12-12 22:00:00,16397.8,16615.8,16386.2,16573.2,57022.0
2023-12-13 22:00:00,16573.2,16691.4,16436.8,16552.2,72195.0
2023-12-14 22:00:00,16552.2,16697.2,16541.2,16624.8,58514.0
2023-12-17 22:00:00,16624.8,16799.0,16612.8,16749.2,40196.0
2023-12-18 22:00:00,16749.2,16854.0,16735.0,16848.6,42952.0
2023-12-19 22:00:00,16848.6,16897.8,16585.8,16617.8,52531.0
2023-12-20 22:00:00,16617.8,16797.2,16617.8,16781.6,70476.0
2023-12-21 22:00:00,16781.6,16872.6,16723.6,16793.8,55827.0
2023-12-25 22:00:00,16793.8,16953.0,16793.8,16931.4,26373.0
2023-12-26 22:00:00,16931.4,16966.8,16888.4,16965.0,39721.0
2023-12-27 22:00:00,16965.0,16999.2,16914.6,16925.2,31992.0
2023-12-28 22:00:00,16925.2,16966.6,16774.4,16844.2,45036.0
2024-01-01 22:00:00,16844.2,16875.6,16471.8,16579.6,63107.0
2024-01-02 22:00:00,16579.6,16583.5,16375.2,16395.0,74391.0
2024-01-03 22:00:00,16395.0,16439.4,16291.2,16304.4,63478.0
2024-01-04 22:00:00,16304.4,16431.6,16189.6,16322.6,74664.0
2024-01-07 22:00:00,16322.6,16674.0,16235.4,16650.2,179159.0
2024-01-08 22:00:00,16650.2,16732.8,16521.3,16694.0,192351.0
2024-01-09 22:00:00,16694.0,16848.2,16666.2,16821.0,330288.0
2024-01-10 22:00:00,16821.0,16921.0,16620.6,16825.6,422420.0
2024-01-11 22:00:00,16825.6,16910.2,16734.1,16823.8,404245.0
2024-01-14 22:00:00,16823.8,16892.1,16805.6,16838.6,92820.0
2024-01-15 22:00:00,16838.6,16902.6,16681.2,16857.2,430871.0
2024-01-16 22:00:00,16857.2,16859.8,16568.2,16743.4,390946.0
2024-01-17 22:00:00,16743.4,17009.4,16717.9,17000.8,424948.0
2024-01-18 22:00:00,17000.8,17354.6,16991.0,17347.8,411244.0
2024-01-21 22:00:00,17347.8,17468.0,17322.2,17346.0,400233.0
2024-01-22 22:00:00,17346.0,17451.2,17299.6,17447.2,341295.0
2024-01-23 22:00:00,17447.2,17685.6,17447.2,17524.9,377114.0
2024-01-24 22:00:00,17524.9,17644.8,17435.0,17476.2,444490.0
2024-01-25 22:00:00,17476.2,17524.2,17359.2,17397.6,360260.0
2024-01-28 22:00:00,17397.6,17609.2,17350.4,17595.4,286397.0
2024-01-29 22:00:00,17595.4,17627.2,17358.6,17361.8,339486.0
2024-01-30 22:00:00,17361.8,17374.6,17113.2,17156.6,456278.0
2024-01-31 22:00:00,17156.6,17549.6,17153.5,17534.6,384924.0
2024-02-01 22:00:00,17534.6,17686.2,17370.6,17599.0,416807.0
2024-02-04 22:00:00,17599.0,17663.8,17465.4,17621.8,599871.0
2024-02-05 22:00:00,17621.8,17686.4,17479.4,17570.0,546326.0
2024-02-06 22:00:00,17570.0,17795.6,17549.8,17777.8,316008.0
2024-02-07 22:00:00,17777.8,17816.8,17713.7,17779.8,277980.0
2024-02-08 22:00:00,17779.8,17989.2,17770.6,17961.8,267115.0
2024-02-11 22:00:00,17961.8,18043.4,17833.8,17851.6,266051.0
2024-02-12 22:00:00,17851.6,17885.4,17479.4,17635.4,402607.0
2024-02-13 22:00:00,17635.4,17820.8,17601.2,17806.8,354481.0
2024-02-14 22:00:00,17806.8,17902.8,17712.8,17893.2,329882.0
2024-02-15 22:00:00,17893.2,17960.0,17652.0,17659.2,358010.0
2024-02-18 22:00:00,17659.2,17744.2,17659.2,17726.8,93465.0
2024-02-19 22:00:00,17726.8,17726.8,17389.6,17530.8,376697.0
2024-02-20 22:00:00,17530.8,17648.2,17324.4,17648.2,354866.0
2024-02-21 22:00:00,17648.2,18037.8,17625.8,17974.8,365300.0
2024-02-22 22:00:00,17974.8,18095.4,17897.0,17917.1,332204.0
2024-02-25 22:00:00,17917.1,18016.8,17876.2,17912.5,282340.0
2024-02-26 22:00:00,17912.5,18002.0,17870.7,17976.0,295123.0
2024-02-27 22:00:00,17976.0,17979.6,17814.4,17829.3,276950.0
2024-02-28 22:00:00,17829.3,18076.7,17794.0,18036.6,318098.0
2024-02-29 22:00:00,18036.6,18339.6,17997.7,18287.5,294805.0
2024-03-03 22:00:00,18287.5,18343.2,18208.5,18217.1,278240.0
2024-03-04 22:00:00,18217.1,18225.8,17810.8,17963.4,335669.0
2024-03-05 22:00:00,17963.4,18152.3,17920.8,18021.6,367198.0
2024-03-06 22:00:00,18021.6,18340.6,17895.0,18233.4,346886.0
2024-03-07 22:00:00,18233.4,18416.8,17995.5,18037.1,469530.0
2024-03-10 21:00:00,18037.1,18037.8,17873.4,18000.3,370040.0
2024-03-11 21:00:00,18000.3,18262.8,17927.6,18246.4,339457.0
2024-03-12 21:00:00,18246.4,18278.6,18056.9,18129.8,305068.0
2024-03-13 21:00:00,18129.8,18201.0,17937.4,18042.8,356817.0
2024-03-14 21:00:00,18042.8,18098.6,17787.4,17844.4,324550.0
2024-03-17 21:00:00,17844.4,18161.6,17843.5,18011.5,297270.0
2024-03-18 21:00:00,18011.5,18081.6,17838.5,18066.0,307216.0
2024-03-19 21:00:00,18066.0,18333.9,18016.5,18325.8,302709.0
2024-03-20 21:00:00,18325.8,18497.0,18316.0,18366.4,288745.0
2024-03-21 21:00:00,18366.4,18417.3,18279.8,18355.4,286805.0
2024-03-24 21:00:00,18355.4,18392.2,18207.0,18330.4,248989.0
2024-03-25 21:00:00,18330.4,18417.8,18241.6,18281.2,276858.0
2024-03-26 21:00:00,18281.2,18372.5,18179.5,18311.1,289899.0
2024-03-27 21:00:00,18311.1,18342.9,18254.4,18271.1,291356.0
2024-03-31 21:00:00,18271.1,18418.2,18221.3,18314.3,236489.0
2024-04-01 21:00:00,18314.3,18326.0,18016.9,18165.8,290457.0
2024-04-02 21:00:00,18165.8,18271.3,18051.9,18210.5,281339.0
2024-04-03 21:00:00,18210.5,18387.8,17876.5,17893.9,326199.0
2024-04-04 21:00:00,17893.9,18234.7,17873.4,18137.0,374030.0
2024-04-07 21:00:00,18137.0,18202.1,18065.0,18137.0,290415.0
2024-04-08 21:00:00,18137.0,18240.8,17987.5,18216.0,325348.0
2024-04-09 21:00:00,18216.0,18302.8,17888.0,18028.9,408653.0
2024-04-10 21:00:00,18028.9,18359.3,17929.2,18327.0,357594.0
2024-04-11 21:00:00,18327.0,18348.1,17964.6,18017.0,384885.0
2024-04-14 21:00:00,18017.0,18195.0,17694.8,17735.6,409567.0
2024-04-15 21:00:00,17735.6,17845.6,17645.3,17749.6,420560.0
2024-04-16 21:00:00,17749.6,17826.2,17478.0,17526.0,390218.0
2024-04-17 21:00:00,17526.0,17631.9,17372.6,17396.2,358826.0
2024-04-18 21:00:00,17396.2,17418.8,16985.3,17052.5,525059.0
2024-04-21 21:00:00,17052.5,17327.9,17020.0,17223.3,330277.0
2024-04-22 21:00:00,17223.3,17545.6,17166.5,17538.3,327830.0
2024-04-23 21:00:00,17538.3,17675.0,17362.0,17384.6,341874.0
2024-04-24 21:00:00,17384.6,17712.2,17188.0,17695.6,430144.0
2024-04-25 21:00:00,17695.6,17787.4,17553.0,17724.1,366238.0
2024-04-28 21:00:00,17724.1,17835.3,17685.2,17806.9,349644.0
2024-04-29 21:00:00,17806.9,17813.8,17374.8,17410.8,322989.0
2024-04-30 21:00:00,17410.8,17693.1,17300.3,17378.6,406972.0
2024-05-01 21:00:00,17378.6,17657.5,17288.8,17643.2,352053.0
2024-05-02 21:00:00,17643.2,17950.4,17622.1,17926.5,322848.0
2024-05-05 21:00:00,17926.5,18103.4,17886.2,18086.8,231252.0
2024-05-06 21:00:00,18086.8,18167.6,18051.7,18100.3,270592.0
2024-05-07 21:00:00,18100.3,18144.8,17975.1,18070.5,245187.0
2024-05-08 21:00:00,18070.5,18143.7,18008.6,18125.8,262020.0
2024-05-09 21:00:00,18125.8,18249.7,18094.6,18153.8,246939.0
2024-05-12 21:00:00,18153.8,18246.0,18139.2,18200.3,233336.0
2024-05-13 21:00:00,18200.3,18353.8,18080.2,18331.6,305982.0
2024-05-14 21:00:00,18331.6,18624.7,18311.1,18612.4,306736.0
2024-05-15 21:00:00,18612.4,18675.2,18551.9,18555.1,310127.0
2024-05-16 21:00:00,18555.1,18604.6,18466.4,18556.5,270374.0
2024-05-19 21:00:00,18556.5,18716.0,18556.5,18669.8,237610.0
2024-05-20 21:00:00,18669.8,18732.6,18602.2,18722.5,221923.0
2024-05-21 21:00:00,18722.5,18818.3,18608.3,18746.3,274691.0
2024-05-22 21:00:00,18746.3,18950.0,18549.3,18617.8,336542.0
2024-05-23 21:00:00,18617.8,18858.0,18614.2,18804.0,275458.0
2024-05-26 21:00:00,18804.0,18887.9,18766.2,18883.4,65695.0
2024-05-27 21:00:00,18883.4,18913.1,18751.8,18897.4,304744.0
2024-05-28 21:00:00,18897.4,18897.4,18689.3,18695.3,298458.0
2024-05-29 21:00:00,18695.3,18734.0,18499.3,18544.1,308397.0
2024-05-30 21:00:00,18544.1,18617.4,18191.1,18526.0,365767.0
2024-06-02 21:00:00,18526.0,18708.9,18389.5,18616.8,348385.0
2024-06-03 21:00:00,18616.8,18708.8,18463.5,18666.5,333523.0
2024-06-04 21:00:00,18666.5,19051.5,18656.8,19048.5,276942.0
2024-06-05 21:00:00,19048.5,19083.0,18985.0,19035.0,297593.0
2024-06-06 21:00:00,19035.0,19123.8,18904.1,18999.0,338822.0
2024-06-09 21:00:00,18999.0,19104.6,18942.2,19082.0,317027.0
2024-06-10 21:00:00,19082.0,19236.0,18969.6,19227.9,336438.0
2024-06-11 21:00:00,19227.9,19593.1,19212.6,19586.3,395619.0
2024-06-12 21:00:00,19586.3,19668.4,19481.4,19588.2,295783.0
2024-06-13 21:00:00,19588.2,19679.4,19478.8,19673.4,342832.0
2024-06-16 21:00:00,19673.4,19990.1,19620.6,19908.8,328380.0
2024-06-17 21:00:00,19910.8,19991.6,19855.4,19956.5,312616.0
2024-06-18 21:00:00,19958.6,20003.6,19953.6,19989.5,61020.0
2024-06-19 21:00:00,19996.6,20128.9,19727.1,19822.5,406082.0
2024-06-20 21:00:00,19813.2,19853.4,19682.1,19780.6,304119.0
2024-06-23 21:00:00,19781.2,19799.7,19507.8,19529.3,344356.0
2024-06-24 21:00:00,19547.4,19763.2,19506.2,19751.6,316643.0
2024-06-25 21:00:00,19749.8,19852.9,19684.0,19738.0,333769.0
2024-06-26 21:00:00,19747.2,19901.1,19659.1,19854.1,318373.0
2024-06-27 21:00:00,19851.8,20057.9,19694.3,19754.9,354254.0
2024-06-30 21:00:00,19756.6,19872.0,19599.5,19839.6,380680.0
2024-07-01 21:00:00,19847.4,20058.2,19708.0,20038.2,342759.0
2024-07-02 21:00:00,20036.8,20233.7,20002.8,20214.6,229661.0
2024-07-03 21:00:00,20203.8,20216.1,20168.6,20178.1,58569.0
2024-07-04 21:00:00,20171.2,20438.3,20171.2,20393.6,316266.0
2024-07-07 21:00:00,20385.8,20494.4,20378.2,20488.6,300628.0
2024-07-08 21:00:00,20480.5,20578.3,20425.0,20496.3,330583.0
2024-07-09 21:00:00,20495.2,20725.5,20493.8,20703.6,305527.0
2024-07-10 21:00:00,20700.7,20792.0,20191.8,20249.6,408683.0
2024-07-11 21:00:00,20253.6,20558.8,20151.0,20357.0,383526.0
2024-07-14 21:00:00,20377.6,20614.6,20324.5,20441.4,371927.0
2024-07-15 21:00:00,20451.8,20501.8,20295.6,20420.9,351897.0
2024-07-16 21:00:00,20412.4,20428.0,19804.7,19852.4,459467.0
2024-07-17 21:00:00,19883.1,20001.0,19600.9,19789.2,532445.0
2024-07-18 21:00:00,19791.3,19821.0,19501.0,19552.2,488002.0
2024-07-21 21:00:00,19585.9,19899.3,19565.8,19835.8,442028.0
2024-07-22 21:00:00,19838.9,19940.6,19723.4,19814.2,369060.0
2024-07-23 21:00:00,19690.4,19710.9,19033.0,19130.6,411993.0
2024-07-24 21:00:00,19135.8,19261.7,18747.8,18858.4,623526.0
2024-07-25 21:00:00,18886.8,19168.7,18865.4,19044.5,506115.0
2024-07-28 21:00:00,19082.0,19248.0,18984.7,19097.8,464442.0
2024-07-29 21:00:00,19107.5,19198.3,18613.4,18757.8,508600.0
2024-07-30 21:00:00,18761.4,19527.4,18752.4,19461.2,549189.0
2024-07-31 21:00:00,19471.5,19598.8,18736.4,18848.9,657316.0
2024-08-01 21:00:00,18855.8,18858.9,18267.9,18409.8,663412.0
2024-08-04 21:00:00,18241.2,18281.6,17248.4,18047.6,589691.0
2024-08-05 21:00:00,18117.0,18390.4,17872.0,17996.4,589363.0
2024-08-06 21:00:00,17964.8,18465.7,17743.8,17763.7,582635.0
2024-08-07 21:00:00,17804.4,18503.5,17652.3,18472.4,521795.0
2024-08-08 21:00:00,18464.2,18584.8,18292.8,18507.6,455321.0
2024-08-11 21:00:00,18532.1,18673.3,18425.1,18544.6,354069.0
2024-08-12 21:00:00,18559.2,19037.9,18544.2,19014.7,328748.0
2024-08-13 21:00:00,19030.7,19122.0,18842.5,19060.1,391784.0
2024-08-14 21:00:00,19051.8,19518.0,19015.4,19479.2,318782.0
2024-08-15 21:00:00,19480.1,19593.6,19359.2,19523.4,327984.0
2024-08-18 21:00:00,19537.2,19793.4,19439.2,19775.9,297852.0
2024-08-19 21:00:00,19797.1,19852.4,19664.7,19728.0,324312.0
2024-08-20 21:00:00,19729.9,19905.7,19695.8,19844.2,356875.0
2024-08-21 21:00:00,19844.5,19948.2,19470.1,19546.4,437709.0
2024-08-22 21:00:00,19546.4,19831.1,19524.6,19707.8,390271.0
2024-08-25 21:00:00,19721.2,19777.6,19438.5,19494.2,382902.0
2024-08-26 21:00:00,19505.4,19635.0,19382.9,19573.8,334225.0
2024-08-27 21:00:00,19582.0,19630.8,19175.6,19250.2,416217.0
2024-08-28 21:00:00,19155.0,19638.8,19088.0,19398.6,466934.0
2024-08-29 21:00:00,19401.2,19583.4,19318.0,19545.6,394120.0
2024-09-01 21:00:00,19562.8,19619.8,19462.0,19597.2,88633.0
2024-09-02 21:00:00,19614.5,19632.7,18873.8,18949.8,459177.0
2024-09-03 21:00:00,18956.8,19075.8,18787.6,18928.0,467963.0
2024-09-04 21:00:00,18940.3,19114.0,18793.2,18888.6,439413.0
2024-09-05 21:00:00,18893.2,18935.2,18309.8,18338.4,527271.0
2024-09-08 21:00:00,18385.0,18712.0,18356.5,18694.4,418479.0
2024-09-09 21:00:00,18711.8,18854.0,18560.4,18809.8,404581.0
2024-09-10 21:00:00,18810.8,19275.6,18525.3,19227.0,511598.0
2024-09-11 21:00:00,19214.8,19467.4,19167.3,19397.1,449614.0
2024-09-12 21:00:00,19399.0,19559.0,19380.4,19491.7,366752.0
2024-09-15 21:00:00,19498.8,19530.6,19283.6,19423.2,340484.0
2024-09-16 21:00:00,19431.2,19619.8,19354.8,19473.9,427653.0
2024-09-17 21:00:00,19471.5,19698.4,19361.5,19423.2,402556.0
2024-09-18 21:00:00,19443.2,20002.5,19433.2,19857.6,439512.0
2024-09-19 21:00:00,19865.8,19888.8,19659.8,19820.8,353639.0
2024-09-22 21:00:00,19823.6,19968.5,19760.8,19871.9,325702.0
2024-09-23 21:00:00,19871.0,20026.3,19764.6,19999.8,332165.0
2024-09-24 21:00:00,19999.0,20084.9,19878.0,20055.6,306456.0
2024-09-25 21:00:00,20054.9,20351.4,20002.2,20162.0,382931.0
2024-09-26 21:00:00,20167.0,20213.2,19994.0,20018.8,371379.0
2024-09-29 21:00:00,20021.0,20113.4,19884.5,20070.2,373027.0
2024-09-30 21:00:00,20069.8,20158.0,19645.2,19796.1,459535.0
2024-10-01 21:00:00,19808.4,19917.0,19661.5,19888.9,374896.0
2024-10-02 21:00:00,19882.6,19943.2,19681.6,19792.6,411968.0
2024-10-03 21:00:00,19788.6,20095.4,19774.0,20030.9,415662.0
2024-10-06 21:00:00,20066.0,20096.8,19787.1,19855.2,402090.0
2024-10-07 21:00:00,19866.0,20169.8,19740.5,20126.0,371789.0
2024-10-08 21:00:00,20125.2,20324.5,20036.6,20287.1,333822.0
2024-10-09 21:00:00,20284.2,20349.8,20143.5,20281.3,361769.0
2024-10-10 21:00:00,20275.3,20338.0,20158.5,20258.3,279754.0
2024-10-13 21:00:00,20270.0,20523.3,20227.6,20488.6,250892.0
2024-10-14 21:00:00,20482.2,20512.0,20110.5,20187.9,401125.0
2024-10-15 21:00:00,20192.4,20254.0,20062.8,20190.0,316013.0
2024-10-16 21:00:00,20195.6,20454.5,20137.6,20248.2,378136.0
2024-10-17 21:00:00,20249.6,20391.9,20183.4,20348.1,267697.0
2024-10-20 21:00:00,20368.0,20420.3,20209.0,20416.6,302810.0
2024-10-21 21:00:00,20410.8,20477.3,20233.9,20399.6,312253.0
2024-10-22 21:00:00,20379.8,20417.8,19958.6,20155.4,362345.0
2024-10-23 21:00:00,20174.1,20306.3,20141.5,20266.8,330020.0
2024-10-24 21:00:00,20269.2,20589.5,20246.4,20359.6,338775.0
2024-10-27 21:00:00,20430.8,20559.3,20374.1,20397.3,344429.0
2024-10-28 21:00:00,20399.3,20654.7,20320.3,20601.0,330761.0
2024-10-29 21:00:00,20617.7,20683.1,20370.4,20400.9,374266.0
2024-10-30 21:00:00,20387.0,20390.8,19910.9,19941.0,450042.0
2024-10-31 21:00:00,19985.5,20190.0,19919.2,20072.8,430981.0
2024-11-03 22:00:00,20007.6,20151.2,19916.0,20018.8,384389.0
2024-11-04 22:00:00,20031.0,20298.0,19953.6,20270.3,334579.0
2024-11-05 22:00:00,20268.6,20848.1,20236.5,20841.4,474765.0
2024-11-06 22:00:00,20822.2,21166.2,20773.8,21138.9,346241.0
2024-11-07 22:00:00,21125.8,21174.8,21032.0,21138.6,299416.0
2024-11-10 22:00:00,21175.4,21250.3,21018.5,21133.6,307618.0
2024-11-11 22:00:00,21128.4,21171.5,20977.9,21104.9,354383.0
2024-11-12 22:00:00,21089.4,21191.0,20980.5,21088.7,392087.0
2024-11-13 22:00:00,21079.0,21115.4,20878.6,20907.4,414341.0
2024-11-14 22:00:00,20890.9,20891.2,20335.8,20431.8,432250.0
2024-11-17 22:00:00,20420.6,20652.3,20404.8,20566.1,346277.0
2024-11-18 22:00:00,20555.9,20730.5,20318.0,20695.2,406004.0
2024-11-19 22:00:00,20695.2,20781.0,20415.4,20682.1,414121.0
2024-11-20 22:00:00,20660.0,20842.4,20451.4,20737.2,530219.0
2024-11-21 22:00:00,20714.0,20821.1,20633.2,20817.7,448280.0
2024-11-24 22:00:00,20880.8,21021.8,20729.2,20849.0,378772.0
2024-11-25 22:00:00,20863.5,20973.1,20704.0,20954.2,370582.0
2024-11-26 22:00:00,20918.8,20968.2,20628.4,20759.0,326914.0
2024-11-27 22:00:00,20770.0,20862.3,20770.0,20839.3,65693.0
2024-11-28 22:00:00,20837.8,20973.9,20757.8,20946.0,205048.0
2024-12-01 22:00:00,20955.0,21223.7,20897.2,21175.0,304500.0
2024-12-02 22:00:00,21170.9,21294.8,21098.0,21293.2,280632.0
2024-12-03 22:00:00,21280.5,21516.5,21272.2,21484.4,289333.0
2024-12-04 22:00:00,21471.6,21536.2,21406.6,21423.1,274759.0
2024-12-05 22:00:00,21419.8,21635.0,21390.9,21601.3,283954.0
2024-12-08 22:00:00,21597.8,21673.4,21404.1,21454.6,292966.0
2024-12-09 22:00:00,21453.0,21581.9,21330.5,21411.3,308010.0
2024-12-10 22:00:00,21414.8,21800.0,21383.6,21736.3,290109.0
2024-12-11 22:00:00,21737.2,21752.5,21588.0,21617.4,280557.0
2024-12-12 22:00:00,21711.6,21889.2,21648.6,21744.0,341882.0
2024-12-15 22:00:00,21752.0,22135.4,21745.6,22095.0,343252.0
2024-12-16 22:00:00,22093.0,22108.0,21926.0,22013.5,370507.0
2024-12-17 22:00:00,21994.1,22097.5,21051.4,21201.6,442680.0
2024-12-18 22:00:00,21227.0,21437.8,21115.5,21179.5,583417.0
2024-12-19 22:00:00,21189.8,21610.0,20775.0,21352.2,609892.0
2024-12-22 22:00:00,21452.4,21586.8,21281.6,21546.8,429037.0
2024-12-23 22:00:00,21557.1,21859.5,21519.3,21856.6,193990.0
2024-12-25 22:00:00,21866.0,21920.6,21680.5,21795.9,301271.0
2024-12-26 22:00:00,21807.5,21821.8,21320.5,21541.6,427471.0
2024-12-29 22:00:00,21560.6,21562.2,21074.6,21217.8,418608.0
2024-12-30 22:00:00,21217.2,21354.7,21015.3,21068.2,394916.0
2025-01-01 22:00:00,21094.2,21323.4,20823.6,21023.8,553029.0
2025-01-02 22:00:00,21020.4,21397.3,20981.4,21327.7,362776.0
2025-01-05 22:00:00,21370.9,21734.5,21317.4,21617.6,435434.0
2025-01-06 22:00:00,21625.8,21648.0,21126.7,21219.8,490898.0
2025-01-07 22:00:00,21209.8,21293.3,21016.6,21179.4,511373.0
2025-01-08 22:00:00,21175.2,21197.2,21068.0,21154.0,92690.0
2025-01-09 22:00:00,21156.4,21221.8,20725.2,20847.8,521964.0
2025-01-12 22:00:00,20848.6,20893.4,20551.6,20858.2,513092.0
2025-01-13 22:00:00,20894.8,21009.6,20641.3,20845.0,507311.0
2025-01-14 22:00:00,20837.3,21318.7,20776.3,21242.6,395479.0
2025-01-15 22:00:00,21250.4,21431.8,21041.0,21082.3,483989.0
2025-01-16 22:00:00,21087.2,21548.5,21077.8,21456.2,380317.0
2025-01-19 22:00:00,21480.4,21647.7,21397.6,21557.4,172712.0
2025-01-20 22:00:00,21562.8,21662.2,21249.9,21652.2,415123.0
2025-01-21 22:00:00,21662.5,21972.4,21648.3,21862.1,334802.0
2025-01-22 22:00:00,21858.4,21932.4,21734.9,21906.6,331881.0
2025-01-23 22:00:00,21893.4,21960.3,21728.5,21792.7,360960.0
2025-01-26 22:00:00,21579.2,21607.7,20648.9,21190.2,802868.0
2025-01-27 22:00:00,21233.0,21513.4,21049.3,21443.6,501063.0
2025-01-28 22:00:00,21423.8,21585.2,21256.3,21468.9,500984.0
2025-01-29 22:00:00,21424.6,21636.3,21307.6,21497.0,517046.0
2025-01-30 22:00:00,21577.4,21853.6,21424.6,21447.1,504615.0
2025-02-02 22:00:00,20982.0,21467.4,20868.5,21440.8,627946.0
2025-02-03 22:00:00,21471.8,21592.4,21133.8,21479.4,430294.0
2025-02-04 22:00:00,21480.0,21700.3,21331.4,21674.4,395489.0
2025-02-05 22:00:00,21664.6,21787.5,21611.6,21752.6,350305.0
2025-02-06 22:00:00,21724.5,21871.9,21463.0,21487.3,472670.0
2025-02-09 22:00:00,21396.7,21799.8,21396.7,21751.6,293416.0
2025-02-10 22:00:00,21737.8,21785.4,21584.3,21722.2,315590.0
2025-02-11 22:00:00,21733.4,21791.3,21436.6,21787.3,398599.0
2025-02-12 22:00:00,21788.6,22053.6,21682.4,22008.8,397833.0
2025-02-13 22:00:00,22013.0,22152.2,21970.0,22136.7,295309.0
2025-02-16 22:00:00,22153.4,22210.8,22122.0,22161.6,83054.0
2025-02-17 22:00:00,22160.4,22248.0,22032.3,22160.5,322369.0
2025-02-18 22:00:00,22182.6,22241.3,22057.1,22165.6,320311.0
2025-02-19 22:00:00,22166.3,22172.8,21889.1,22074.6,371520.0
2025-02-20 22:00:00,22078.0,22182.5,21595.6,21603.5,457735.0
2025-02-23 22:00:00,21651.3,21754.1,21358.8,21380.6,510734.0
2025-02-24 22:00:00,21391.9,21402.4,20942.0,21149.0,628583.0
2025-02-25 22:00:00,21190.6,21365.9,21021.6,21224.6,536438.0
2025-02-26 22:00:00,21210.4,21343.4,20543.2,20598.4,637272.0
2025-02-27 22:00:00,20622.6,20904.7,20417.4,20867.6,661997.0
2025-03-02 22:00:00,20958.9,21081.0,20278.0,20488.2,674563.0
2025-03-03 22:00:00,20460.0,20703.4,20035.6,20511.8,806303.0
2025-03-04 22:00:00,20510.8,20697.3,20186.2,20590.0,699737.0
2025-03-05 22:00:00,20585.6,20618.0,19976.6,20160.7,721602.0
2025-03-06 22:00:00,20176.3,20260.8,19736.7,20173.6,722666.0
2025-03-09 21:00:00,20047.6,20129.0,19253.8,19458.2,712947.0
2025-03-10 21:00:00,19418.0,19667.6,19124.9,19386.4,745365.0
2025-03-11 21:00:00,19405.1,19771.3,19370.8,19557.6,661637.0
2025-03-12 21:00:00,19556.8,19678.6,19157.7,19282.1,671600.0
2025-03-13 21:00:00,19296.6,19727.0,19289.8,19649.2,565231.0
2025-03-16 21:00:00,19658.0,19952.3,19535.8,19823.8,562331.0
2025-03-17 21:00:00,19834.1,19851.4,19395.8,19506.5,578985.0
2025-03-18 21:00:00,19502.0,19963.4,19463.0,19767.7,456018.0
2025-03-19 21:00:00,19778.4,19923.7,19554.2,19714.0,472185.0
2025-03-20 21:00:00,19715.2,19802.2,19423.3,19794.4,492179.0
2025-03-23 21:00:00,19887.6,20234.0,19881.6,20182.8,363753.0
2025-03-24 21:00:00,20187.4,20350.7,20118.6,20340.2,328454.0
2025-03-25 21:00:00,20337.0,20363.2,19871.7,19912.7,444955.0
2025-03-26 21:00:00,19869.0,20025.4,19764.8,19833.2,548227.0
2025-03-27 21:00:00,19829.7,19846.4,19209.2,19213.3,539495.0
2025-03-30 21:00:00,19143.2,19341.8,18817.8,19263.5,690670.0
2025-03-31 21:00:00,19255.2,19496.2,19113.5,19447.8,668641.0
2025-04-01 21:00:00,19457.8,19895.0,18928.4,18976.7,678879.0
2025-04-02 21:00:00,18873.8,19025.1,18472.0,18506.8,771441.0
2025-04-03 21:00:00,18526.4,18570.8,17259.6,17364.8,1067770.0
2025-04-06 21:00:00,16548.0,18230.3,16335.1,17508.3,1034084.0
2025-04-07 21:00:00,17553.6,18232.8,16851.0,17100.2,952864.0
2025-04-08 21:00:00,17090.2,19268.2,16614.2,19238.4,984806.0
2025-04-09 21:00:00,19153.2,19268.0,17804.4,18382.4,1048458.0
2025-04-10 21:00:00,18392.7,18751.0,17956.8,18693.7,874763.0
2025-04-13 21:00:00,18982.0,19133.5,18616.2,18791.9,701389.0
2025-04-14 21:00:00,18774.6,19026.4,18692.8,18814.8,586883.0
2025-04-15 21:00:00,18590.6,18741.6,18003.8,18255.9,665575.0
2025-04-16 21:00:00,18289.8,18539.0,18149.0,18319.6,661778.0
2025-04-20 21:00:00,18241.2,18264.2,17592.4,17803.5,454120.0
2025-04-21 21:00:00,17805.8,18415.9,17756.3,18258.6,551340.0
2025-04-22 21:00:00,18588.9,19067.8,18527.1,18756.0,690030.0
2025-04-23 21:00:00,18690.9,19319.9,18495.0,19251.6,515511.0
2025-04-24 21:00:00,19281.0,19490.8,19118.2,19452.4,564058.0
2025-04-27 21:00:00,19404.5,19524.6,19159.8,19388.1,471748.0
2025-04-28 21:00:00,19378.0,19597.0,19287.2,19524.0,508036.0
2025-04-29 21:00:00,19492.4,19789.4,19013.0,19757.2,596910.0
2025-04-30 21:00:00,19758.9,20037.0,19667.7,19708.5,524711.0
2025-05-01 21:00:00,19697.5,20186.7,19658.8,20112.3,524586.0
2025-05-04 21:00:00,20083.2,20108.8,19878.8,19958.1,413881.0
2025-05-05 21:00:00,19942.2,19953.8,19656.8,19772.3,474394.0
2025-05-06 21:00:00,19867.3,20054.6,19602.8,19883.2,592776.0
2025-05-07 21:00:00,19856.8,20261.3,19835.6,20079.6,520437.0
2025-05-08 21:00:00,20099.8,20212.0,19981.8,20066.1,449635.0
2025-05-11 21:00:00,20362.6,20923.2,20301.1,20884.6,504028.0
2025-05-12 21:00:00,20869.3,21273.9,20746.0,21181.5,418972.0
2025-05-13 21:00:00,21191.8,21348.5,21166.0,21327.8,426152.0
2025-05-14 21:00:00,21293.6,21455.1,21118.0,21325.2,425060.0
2025-05-15 21:00:00,21306.6,21437.7,21243.8,21333.0,344785.0
2025-05-18 21:00:00,21253.4,21476.5,21038.8,21448.5,401470.0
2025-05-19 21:00:00,21435.0,21495.0,21234.4,21358.8,378905.0
2025-05-20 21:00:00,21340.6,21496.5,21011.0,21082.4,500937.0
2025-05-21 21:00:00,21098.6,21277.7,20978.0,21153.0,472256.0
2025-05-22 21:00:00,21167.4,21171.8,20667.9,20897.4,498146.0
2025-05-25 21:00:00,20908.0,21251.2,20902.6,21222.9,130220.0
2025-05-26 21:00:00,21216.9,21440.8,21085.6,21427.8,326543.0
2025-05-27 21:00:00,21422.3,21519.6,21287.1,21478.4,361370.0
2025-05-28 21:00:00,21446.4,21813.6,21256.6,21338.6,541810.0
2025-05-29 21:00:00,21311.0,21391.2,21026.8,21322.8,511571.0
2025-06-01 21:00:00,21272.6,21541.9,21121.2,21517.1,412422.0
2025-06-02 21:00:00,21509.0,21727.1,21364.9,21655.1,359243.0
2025-06-03 21:00:00,21660.0,21767.9,21607.5,21714.7,360985.0
2025-06-04 21:00:00,21702.9,21899.5,21473.2,21484.2,498688.0
2025-06-05 21:00:00,21453.0,21843.0,21451.6,21781.0,418830.0
2025-06-08 21:00:00,21789.6,21862.2,21687.2,21799.2,323334.0
2025-06-09 21:00:00,21805.0,21972.6,21710.6,21932.8,390845.0
2025-06-10 21:00:00,21931.2,22074.2,21771.5,21861.6,439775.0
2025-06-11 21:00:00,21836.0,21957.8,21697.1,21893.8,378992.0
2025-06-12 21:00:00,21883.0,21888.8,21454.1,21637.6,545741.0
2025-06-15 21:00:00,21546.6,21981.1,21523.8,21930.5,376258.0
2025-06-16 21:00:00,21938.6,21940.4,21684.5,21739.8,470227.0
2025-06-17 21:00:00,21718.6,21881.6,21649.2,21767.8,388155.0
2025-06-18 21:00:00,21754.5,21759.0,21449.0,21498.6,167530.0
2025-06-19 21:00:00,21603.4,21925.6,21569.4,21677.4,415848.0
2025-06-22 21:00:00,21477.1,21903.6,21465.3,21879.5,466783.0
2025-06-23 21:00:00,21881.5,22257.5,21877.4,22221.5,332875.0
2025-06-24 21:00:00,22211.4,22358.0,22196.0,22279.3,311177.0
2025-06-25 21:00:00,22267.4,22505.2,22248.6,22484.4,285530.0
2025-06-26 21:00:00,22488.0,22632.8,22412.8,22551.6,341596.0
2025-06-29 21:00:00,22580.0,22751.4,22569.4,22688.3,300453.0
2025-06-30 21:00:00,22677.8,22733.6,22413.8,22510.8,370638.0
2025-07-01 21:00:00,22517.9,22679.4,22406.2,22675.2,290097.0
2025-07-02 21:00:00,22669.0,22922.3,22648.0,22867.3,188666.0
2025-07-03 21:00:00,22855.0,22881.3,22700.8,22723.8,113302.0
2025-07-06 21:00:00,22815.6,22844.8,22611.8,22669.2,366187.0
2025-07-07 21:00:00,22680.5,22802.6,22640.6,22736.6,311283.0
2025-07-08 21:00:00,22751.1,22945.0,22678.0,22878.6,281346.0
2025-07-09 21:00:00,22872.6,22925.8,22737.3,22849.2,265740.0
2025-07-10 21:00:00,22852.6,22887.1,22669.6,22779.0,324563.0
2025-07-13 21:00:00,22682.8,22908.9,22646.4,22887.0,275937.0
2025-07-14 21:00:00,22873.6,23071.5,22845.8,22868.3,361446.0
2025-07-15 21:00:00,22877.6,22953.9,22690.4,22915.8,371685.0
2025-07-16 21:00:00,22917.5,23133.8,22871.3,23119.8,249522.0
2025-07-17 21:00:00,23105.4,23175.4,23028.9,23085.2,245082.0
2025-07-20 21:00:00,23073.0,23288.0,23062.5,23210.1,201416.0
2025-07-21 21:00:00,23209.4,23232.1,22974.8,23065.9,294778.0
2025-07-22 21:00:00,23070.6,23288.0,23015.8,23281.5,304588.0
2025-07-23 21:00:00,23264.0,23295.3,23170.2,23267.1,265647.0
2025-07-24 21:00:00,23260.3,23351.8,23204.3,23319.6,216229.0
2025-07-27 21:00:00,23415.2,23460.6,23312.6,23395.8,229527.0
2025-07-28 21:00:00,23389.6,23535.8,23308.3,23337.0,259190.0
2025-07-29 21:00:00,23346.2,23576.8,23247.0,23546.6,334313.0
2025-07-30 21:00:00,23580.4,23732.5,23181.6,23218.3,474292.0
2025-07-31 21:00:00,23208.6,23236.8,22681.9,22766.6,619940.0
2025-08-03 21:00:00,22772.2,23254.8,22718.4,23254.7,334151.0
2025-08-04 21:00:00,23244.6,23306.3,22990.4,22991.2,405250.0
2025-08-05 21:00:00,23012.1,23351.8,22951.4,23318.2,353519.0
2025-08-06 21:00:00,23318.0,23578.2,23238.6,23426.3,461281.0
2025-08-07 21:00:00,23427.5,23677.5,23411.0,23676.4,270731.0
2025-08-10 21:00:00,23667.0,23711.5,23502.8,23541.5,265265.0
2025-08-11 21:00:00,23555.4,23870.1,23511.2,23867.4,314107.0
2025-08-12 21:00:00,23855.3,23986.0,23806.1,23845.8,271959.0
2025-08-13 21:00:00,23842.0,23924.7,23712.8,23808.3,335922.0
2025-08-14 21:00:00,23802.4,23882.7,23658.0,23721.1,312905.0
2025-08-17 21:00:00,23739.5,23804.2,23641.6,23720.7,253127.0
2025-08-18 21:00:00,23734.0,23768.4,23360.9,23408.0,343718.0
2025-08-19 21:00:00,23411.2,23420.2,22970.0,23258.2,488640.0
2025-08-20 21:00:00,23268.8,23304.3,23056.6,23158.4,413066.0
2025-08-21 21:00:00,23169.0,23584.6,23013.2,23516.9,400401.0
2025-08-24 21:00:00,23522.8,23557.3,23381.5,23449.5,277729.0
2025-08-25 21:00:00,23444.8,23558.7,23316.6,23554.9,319512.0
2025-08-26 21:00:00,23561.0,23620.4,23386.2,23491.4,273080.0
2025-08-27 21:00:00,23480.6,23755.7,23438.6,23713.9,316668.0
2025-08-28 21:00:00,23708.1,23712.6,23353.8,23412.5,367802.0
2025-08-31 21:00:00,23418.8,23506.5,23326.0,23453.4,98426.0
2025-09-01 21:00:00,23448.6,23450.5,22979.2,23342.2,456893.0
2025-09-02 21:00:00,23341.4,23489.5,23264.2,23421.9,389043.0
2025-09-03 21:00:00,23410.1,23676.3,23375.8,23653.8,307251.0
2025-09-04 21:00:00,23663.2,23867.0,23470.5,23639.9,509462.0
2025-09-07 21:00:00,23639.8,23853.6,23616.4,23769.0,293761.0
2025-09-08 21:00:00,23779.4,23891.4,23698.8,23864.6,337948.0
2025-09-09 21:00:00,23876.6,24018.8,23763.2,23838.8,330700.0
2025-09-10 21:00:00,23840.8,24024.5,23819.8,23989.6,329927.0
2025-09-11 21:00:00,23995.2,24141.2,23949.0,24096.4,263234.0
2025-09-14 21:00:00,24093.3,24304.0,24056.8,24287.0,274902.0
2025-09-15 21:00:00,24279.2,24392.5,24247.3,24285.2,286433.0
2025-09-16 21:00:00,24287.0,24340.8,24022.0,24289.8,393768.0
2025-09-17 21:00:00,24296.2,24608.8,24288.8,24509.5,352772.0
2025-09-18 21:00:00,24514.7,24682.1,24446.7,24653.4,314606.0
2025-09-21 21:00:00,24648.6,24825.1,24540.2,24793.8,305790.0
2025-09-22 21:00:00,24788.2,24824.2,24581.9,24636.8,343232.0
2025-09-23 21:00:00,24647.9,24713.1,24432.9,24549.9,321479.0
2025-09-24 21:00:00,24555.0,24596.7,24227.2,24445.5,437514.0
2025-09-25 21:00:00,24439.4,24557.5,24327.7,24537.3,474382.0
2025-09-28 21:00:00,24547.5,24785.0,24535.2,24630.2,320092.0
2025-09-29 21:00:00,24637.2,24734.2,24538.8,24659.6,403169.0
2025-09-30 21:00:00,24667.4,24855.8,24452.7,24830.1,364855.0
2025-10-01 21:00:00,24827.2,25001.1,24815.0,24929.7,337692.0
2025-10-02 21:00:00,24916.9,25016.4,24745.6,24805.0,366788.0
2025-10-05 21:00:00,24837.0,25082.6,24832.9,25011.8,352443.0
2025-10-06 21:00:00,25021.0,25104.7,24818.0,24892.2,398307.0
2025-10-07 21:00:00,24899.0,25200.0,24859.2,25186.8,310582.0
2025-10-08 21:00:00,25184.1,25228.2,24998.4,25122.3,346716.0
2025-10-09 21:00:00,25131.2,25225.3,23998.6,24018.5,736826.0
2025-10-12 21:00:00,24575.8,24808.3,24457.1,24752.0,569232.0
2025-10-13 21:00:00,24762.8,24890.2,24269.8,24606.4,705783.0
2025-10-14 21:00:00,24644.2,24969.8,24519.0,24801.6,592952.0
2025-10-15 21:00:00,24800.6,25034.5,24501.8,24650.2,739822.0
2025-10-16 21:00:00,24679.6,24917.1,24268.2,24895.9,798777.0
2025-10-19 21:00:00,24948.0,25222.1,24820.6,25193.4,367038.0
2025-10-20 21:00:00,25192.8,25236.8,25072.4,25136.4,376637.0
2025-10-21 21:00:00,25152.1,25209.4,24680.2,24913.2,574777.0
2025-10-22 21:00:00,24877.1,25172.3,24811.4,25152.6,468761.0
2025-10-23 21:00:00,25167.8,25447.0,25162.7,25393.2,356832.0
2025-10-26 21:00:00,25602.0,25897.9,25579.6,25889.3,301030.0
2025-10-27 21:00:00,25877.8,26118.5,25828.7,26060.9,324136.0
2025-10-28 21:00:00,26065.2,26266.7,25938.3,26114.3,464165.0
2025-10-29 21:00:00,26085.7,26288.1,25745.2,26034.0,732488.0
2025-10-30 21:00:00,26066.6,26162.4,25780.2,25874.8,563905.0
2025-11-02 22:00:00,25921.4,26156.6,25907.0,26009.9,484678.0
2025-11-03 22:00:00,25993.0,25998.4,25426.6,25479.0,644410.0
2025-11-04 22:00:00,25464.9,25785.4,25186.6,25638.8,603157.0
2025-11-05 22:00:00,25658.8,25730.0,25110.8,25226.4,718101.0
2025-11-06 22:00:00,25199.6,25265.8,24625.9,25138.2,796466.0
2025-11-09 22:00:00,25258.7,25678.1,25182.4,25637.6,544491.0
2025-11-10 22:00:00,25643.0,25687.2,25397.0,25579.8,547643.0
2025-11-11 22:00:00,25589.8,25750.4,25412.4,25553.6,609306.0
2025-11-12 22:00:00,25543.9,25644.4,24930.8,25014.8,795616.0
2025-11-13 22:00:00,25038.0,25221.5,24551.0,25070.8,907989.0
2025-11-16 22:00:00,25011.0,25288.7,24667.5,24841.6,814426.0
2025-11-17 22:00:00,24846.9,24893.7,24314.2,24469.6,1042872.0
2025-11-18 22:00:00,24485.6,24924.2,24384.1,24899.7,954341.0
2025-11-19 22:00:00,24919.4,25245.8,24011.2,24024.6,1068137.0
2025-11-20 22:00:00,24056.4,24538.2,23840.1,24289.0,1169121.0
2025-11-23 22:00:00,24452.6,24939.4,24304.0,24909.5,704614.0
2025-11-24 22:00:00,24916.6,25085.8,24548.8,25014.6,690884.0
2025-11-25 22:00:00,25022.4,25324.0,25011.4,25265.2,491412.0
2025-11-26 22:00:00,25279.8,25290.0,25237.0,25252.0,104319.0
2025-11-27 22:00:00,25258.4,25455.2,25255.2,25426.2,140901.0
2025-11-30 22:00:00,25468.0,25479.2,25149.2,25365.0,617843.0
2025-12-01 22:00:00,25381.2,25633.8,25288.9,25567.2,570830.0
2025-12-02 22:00:00,25588.6,25653.3,25386.3,25616.2,457455.0
2025-12-03 22:00:00,25617.2,25699.1,25458.9,25600.8,480562.0
2025-12-04 22:00:00,25608.3,25834.4,25547.0,25701.8,431979.0
2025-12-07 22:00:00,25713.0,25828.1,25541.0,25683.1,410610.0
2025-12-08 22:00:00,25681.0,25714.3,25535.8,25658.2,396797.0
2025-12-09 22:00:00,25663.7,25849.0,25507.4,25781.2,505372.0
2025-12-10 22:00:00,25764.2,25844.6,25363.5,25818.0,574918.0
2025-12-11 22:00:00,25696.8,25715.0,25099.8,25191.2,627642.0
2025-12-14 22:00:00,25223.8,25391.6,25017.6,25111.2,586973.0
2025-12-15 22:00:00,25120.6,25232.6,24838.8,25114.2,651538.0
2025-12-16 22:00:00,25129.5,25296.6,24697.3,24770.0,617585.0
2025-12-17 22:00:00,24795.3,25220.7,24710.6,25028.6,645826.0
2025-12-18 22:00:00,25054.4,25408.8,25018.7,25399.4,477114.0
2025-12-21 22:00:00,25464.4,25600.3,25435.7,25511.4,323942.0
2025-12-22 22:00:00,25520.3,25637.6,25421.3,25629.2,284185.0
2025-12-23 22:00:00,25620.9,25708.0,25592.8,25676.7,134881.0
2025-12-25 22:00:00,25692.4,25751.0,25650.7,25676.6,215282.0
2025-12-28 22:00:00,25695.0,25714.6,25478.2,25575.0,330841.0
2025-12-29 22:00:00,25570.8,25625.0,25502.8,25510.2,264259.0
2025-12-30 22:00:00,25522.7,25550.0,25268.3,25268.6,286652.0
2026-01-01 22:00:00,25310.9,25638.0,25103.7,25231.0,487593.0
2026-01-04 22:00:00,25277.8,25547.9,25245.2,25424.4,434815.0
2026-01-05 22:00:00,25439.2,25686.3,25374.3,25679.8,377602.0
2026-01-06 22:00:00,25677.8,25846.8,25575.6,25686.0,358664.0
2026-01-07 22:00:00,25693.4,25697.5,25420.5,25570.4,468507.0
2026-01-08 22:00:00,25571.8,25840.3,25470.0,25786.6,427163.0
2026-01-11 22:00:00,25759.4,25877.9,25488.6,25803.4,428249.0
2026-01-12 22:00:00,25799.0,25906.4,25667.3,25762.4,502521.0
2026-01-13 22:00:00,25773.5,25787.7,25288.8,25474.8,599376.0
2026-01-14 22:00:00,25455.8,25819.8,25430.4,25575.4,561436.0
2026-01-15 22:00:00,25587.8,25759.0,25459.7,25552.6,437393.0
2026-01-18 22:00:00,25323.5,25341.2,25108.4,25283.4,319642.0
2026-01-19 22:00:00,25280.8,25318.0,24976.2,25028.2,770519.0
2026-01-20 22:00:00,25034.0,25539.3,24910.6,25395.0,818348.0
2026-01-21 22:00:00,25431.8,25626.2,25370.0,25508.6,584088.0
2026-01-22 22:00:00,25481.4,25733.4,25428.4,25567.4,525283.0
2026-01-25 22:00:00,25341.7,25827.6,25315.7,25755.5,506654.0
2026-01-26 22:00:00,25743.1,26016.0,25737.9,26007.2,392167.0
2026-01-27 22:00:00,26031.7,26246.4,25896.4,26166.6,527985.0
2026-01-28 22:00:00,26187.4,26192.8,25435.0,25894.8,831558.0
2026-01-29 22:00:00,25904.6,25920.0,25470.4,25549.8,1006079.0
2026-02-01 22:00:00,25426.6,25859.6,25084.4,25786.0,779086.0
2026-02-02 22:00:00,25794.6,25938.6,25130.3,25335.6,837339.0
2026-02-03 22:00:00,25300.8,25431.6,24700.8,25004.2,873000.0
2026-02-04 22:00:00,24987.4,25087.9,24331.3,24354.4,1083586.0
2026-02-05 22:00:00,24366.1,25146.5,24165.2,25028.4,844303.0
2026-02-08 22:00:00,25118.7,25359.8,24879.4,25292.4,671513.0
2026-02-09 22:00:00,25314.4,25376.8,25130.0,25186.7,633171.0
2026-02-10 22:00:00,25204.8,25396.8,24990.0,25218.8,667839.0
2026-02-11 22:00:00,25203.0,25353.8,24658.4,24759.6,729173.0
2026-02-12 22:00:00,24759.0,24933.4,24513.2,24720.0,924157.0
2026-02-15 22:00:00,24761.3,24859.6,24609.4,24678.8,254911.0
2026-02-16 22:00:00,24701.8,24837.0,24389.4,24721.4,800605.0
2026-02-17 22:00:00,24710.0,25076.4,24649.4,24886.2,614532.0
2026-02-18 22:00:00,24901.2,24998.4,24696.8,24783.8,679639.0
2026-02-19 22:00:00,24781.0,25086.3,24626.0,25028.0,725451.0
2026-02-22 22:00:00,24998.8,25007.0,24617.5,24744.0,734460.0
2026-02-23 22:00:00,24745.9,25037.8,24651.5,24980.9,617267.0
2026-02-24 22:00:00,24970.5,25455.0,24952.6,25419.0,499159.0
2026-02-25 22:00:00,25373.8,25378.8,24823.0,24996.6,672489.0
2026-02-26 22:00:00,24955.6,25060.0,24744.0,24925.8,728580.0
2026-03-01 22:00:00,24668.9,25063.6,24441.1,24960.0,831458.0
2026-03-02 22:00:00,24950.7,24964.6,24314.6,24686.2,1109329.0
2026-03-03 22:00:00,24671.0,25191.8,24472.2,25106.2,1004260.0
2026-03-04 22:00:00,25127.2,25215.8,24747.6,24983.4,1040923.0
2026-03-05 22:00:00,24974.2,25111.2,24578.0,24645.0,979852.0
2026-03-08 21:00:00,24332.0,25034.0,23972.7,24947.6,1031753.0
2026-03-09 21:00:00,24926.6,25198.5,24812.2,24988.6,970124.0
2026-03-10 21:00:00,24979.5,25159.8,24857.0,24930.8,741957.0
2026-03-11 21:00:00,24910.0,24914.4,24502.6,24557.0,830845.0
2026-03-12 21:00:00,24540.6,24787.2,24324.0,24328.2,801478.0
2026-03-15 21:00:00,24308.7,24802.2,24280.5,24682.9,812951.0
2026-03-16 21:00:00,24665.8,24922.0,24536.4,24835.0,687759.0
2026-03-17 21:00:00,24823.8,25019.8,24378.0,24425.6,633870.0
2026-03-18 21:00:00,24427.2,24537.4,24139.2,24435.4,931081.0
2026-03-19 21:00:00,24463.0,24476.6,23791.8,24024.4,768911.0
2026-03-22 21:00:00,23768.3,24580.4,23591.7,24225.4,1052289.0
2026-03-23 21:00:00,24218.6,24376.0,23958.2,24236.3,995794.0
2026-03-24 21:00:00,24261.4,24367.9,24115.4,24197.2,737313.0
2026-03-25 21:00:00,24189.8,24248.8,23598.5,23657.8,791465.0
2026-03-26 21:00:00,23688.8,23810.0,23075.2,23104.2,744094.0
2026-03-29 21:00:00,23020.4,23413.6,22876.5,22955.0,1161620.0
2026-03-30 21:00:00,22982.4,23823.4,22813.0,23746.8,1362797.0
2026-03-31 21:00:00,23759.4,24194.3,23755.0,24036.6,1064010.0
2026-04-01 21:00:00,24022.8,24089.6,23511.0,24062.6,1182403.0
2026-04-02 21:00:00,24051.8,24102.5,23954.1,23976.6,134434.0
2026-04-05 21:00:00,23881.4,24299.0,23829.0,24214.2,766888.0
2026-04-06 21:00:00,24224.1,24311.1,23808.2,24262.1,977447.0
2026-04-07 21:00:00,24461.4,25117.2,24223.4,24897.2,957916.0
2026-04-08 21:00:00,24913.2,25127.0,24809.0,25096.8,791622.0
2026-04-09 21:00:00,25093.3,25251.1,25051.4,25184.2,719643.0
2026-04-12 21:00:00,24832.6,25451.6,24781.4,25450.8,742902.0
2026-04-13 21:00:00,25436.2,25867.8,25425.6,25855.6,570243.0
2026-04-14 21:00:00,25855.5,26242.5,25799.8,26223.8,673024.0
2026-04-15 21:00:00,26214.2,26429.3,26141.8,26335.7,660336.0
2026-04-16 21:00:00,26322.2,26749.5,26310.4,26708.0,738469.0
2026-04-19 21:00:00,26407.4,26692.8,26404.0,26651.8,765292.0
2026-04-20 21:00:00,26655.0,26777.4,26430.7,26613.0,771740.0
2026-04-21 21:00:00,26626.2,27014.4,26612.1,26987.0,652853.0
2026-04-22 21:00:00,26965.2,27035.1,26561.2,26826.6,945950.0
2026-04-23 21:00:00,26901.6,27345.6,26889.7,27323.4,799453.0
2026-04-26 21:00:00,27267.8,27424.4,27181.8,27312.0,698081.0
2026-04-27 21:00:00,27326.4,27402.3,26902.8,27085.6,906170.0
2026-04-28 21:00:00,27112.2,27310.1,26992.1,27055.6,805274.0
2026-04-29 21:00:00,27134.8,27520.2,27059.9,27504.0,1019083.0
2026-04-30 21:00:00,27520.4,27815.2,27433.9,27685.4,724172.0
2026-05-03 21:00:00,27801.2,27864.4,27522.2,27651.4,896573.0
2026-05-04 21:00:00,27676.6,28153.0,27636.8,28116.4,651289.0
2026-05-05 21:00:00,28161.2,28707.5,28154.8,28613.8,899485.0
2026-05-06 21:00:00,28579.4,28852.5,28463.8,28548.6,958781.0
2026-05-07 21:00:00,28481.3,29291.8,28479.9,29241.0,738704.0
2026-05-10 21:00:00,29212.4,29391.0,29133.3,29311.7,879707.0
2026-05-11 21:00:00,29332.7,29370.5,28661.6,29055.6,1019687.0
2026-05-12 21:00:00,29061.4,29485.2,28974.8,29458.0,880488.0
2026-05-13 21:00:00,29452.4,29704.0,29368.3,29602.2,876867.0
2026-05-14 21:00:00,29613.6,29650.4,29006.8,29117.0,1203356.0
2026-05-17 21:00:00,29130.9,29340.6,28736.4,29002.5,1354595.0
2026-05-18 21:00:00,29041.2,29112.8,28587.8,28829.2,1278851.0
2026-05-19 21:00:00,28854.1,29332.0,28731.0,29222.8,1187171.0
2026-05-20 21:00:00,29199.4,29489.8,29046.4,29390.6,1036873.0
2026-05-21 21:00:00,29406.2,29686.0,29373.8,29466.0,866075.0
2026-05-24 21:00:00,29687.2,29932.8,29682.5,29898.8,265966.0
2026-05-25 21:00:00,29859.8,30060.5,29682.8,29993.4,807599.0
2026-05-26 21:00:00,30020.4,30327.5,29826.8,30071.8,872620.0
2026-05-27 21:00:00,30066.2,30296.6,29715.8,30270.0,852309.0
2026-05-28 21:00:00,30301.6,30488.6,30169.4,30344.4,821048.0
2026-05-31 21:00:00,30389.2,30656.2,30247.0,30491.2,862839.0
2026-06-01 21:00:00,30475.0,30729.5,30281.6,30715.5,786173.0
2026-06-02 21:00:00,30699.0,30773.2,30447.6,30465.8,910951.0
2026-06-03 21:00:00,30432.1,30569.9,30115.8,30383.8,1120792.0
2026-06-04 21:00:00,30379.4,30384.7,28747.6,28798.1,1350623.0
2026-06-07 21:00:00,28789.8,29708.2,28788.4,29409.6,1419171.0
2026-06-08 21:00:00,29436.6,29821.0,28202.2,29117.0,1530245.0
2026-06-09 21:00:00,29016.9,29226.2,28392.0,28448.4,1656035.0
2026-06-10 21:00:00,28409.4,29525.2,28246.8,29427.6,1435808.0
2026-06-11 21:00:00,29475.8,29744.9,29216.7,29669.0,1356449.0
2026-06-14 21:00:00,30011.3,30597.4,29952.5,30528.0,1015965.0
2026-06-15 21:00:00,30552.4,30669.6,30009.8,30038.4,1073494.0
2026-06-16 21:00:00,30090.6,30318.8,29668.1,29881.2,1113580.0
2026-06-17 21:00:00,29872.6,30539.1,29841.1,30480.6,1083166.0
2026-06-18 21:00:00,30523.8,30525.2,30145.6,30411.8,420842.0
2026-06-21 21:00:00,30335.0,30722.4,30092.1,30435.9,1066262.0
2026-06-22 21:00:00,30428.4,30463.8,29352.4,29530.6,1408641.0
2026-06-23 21:00:00,29550.6,29934.6,29042.6,29867.2,1408291.0
2026-06-24 21:00:00,29939.8,30040.0,29074.6,29544.6,1302782.0
2026-06-25 21:00:00,29507.2,29675.6,28945.2,29082.8,1303700.0
2026-06-28 21:00:00,29116.6,29862.1,29062.0,29800.3,1241361.0
2026-06-29 21:00:00,29776.3,30389.5,29727.9,30287.0,993537.0
2026-06-30 21:00:00,30308.5,30341.2,29803.0,29865.8,1064362.0
2026-07-01 21:00:00,29874.8,30112.4,29129.2,29356.2,1497659.0
2026-07-02 21:00:00,29376.2,29755.8,29323.7,29706.8,375513.0
2026-07-05 21:00:00,29709.9,29901.2,29481.6,29762.2,1006830.0
2026-07-06 21:00:00,29771.5,29781.1,29018.0,29231.6,1160162.0
2026-07-07 21:00:00,29147.2,29369.3,28722.0,29216.9,1368539.0
2026-07-08 21:00:00,29248.8,29811.7,29214.0,29750.2,1061038.0
2026-07-09 21:00:00,29756.8,29897.3,29496.1,29885.7,898482.0
2026-07-12 21:00:00,29798.2,29862.3,29215.8,29259.5,1126371.0
2026-07-13 21:00:00,29303.1,29749.8,29132.3,29633.4,1323805.0
2026-07-14 21:00:00,29629.6,29895.9,29235.6,29556.7,1029074.0
2026-07-15 21:00:00,29556.2,29634.8,28921.5,29018.0,1120223.0
2026-07-16 21:00:00,29052.8,29061.8,28250.8,28614.8,1330955.0
2026-07-19 21:00:00,28651.2,29034.7,28552.9,28627.2,1223291.0
2026-07-20 21:00:00,28612.3,29205.0,28544.0,29127.7,865667.0
2026-07-21 21:00:00,29142.0,29184.7,28803.4,29032.4,947098.0
2026-07-22 21:00:00,28965.0,29138.2,28289.2,28607.6,1303678.0
2026-07-23 21:00:00,28555.1,28599.2,28078.1,28170.0,1281959.0
2026-07-26 21:00:00,28511.2,28627.7,27804.2,28075.6,1306906.0
2026-07-27 21:00:00,28088.8,28091.3,27479.8,27838.4,1415001.0
2026-07-28 21:00:00,27854.2,28057.3,27093.2,27160.6,1601477.0
2026-07-29 21:00:00,27179.8,28292.6,27177.4,28221.0,1559813.0
2026-07-30 21:00:00,28233.8,28612.4,27966.8,28191.8,1313716.0
2026-08-02 21:00:00,28486.5,28859.7,28202.4,28820.0,995358.0
2026-08-03 21:00:00,28834.4,29851.1,28727.3,29716.0,1125718.0
2026-08-04 21:00:00,29703.0,29967.0,29426.8,29485.8,1074812.0
2026-08-05 21:00:00,29481.7,29581.0,29136.2,29401.8,1237249.0
2026-08-06 21:00:00,29396.2,29767.0,29355.7,29730.6,1113051.0
2026-08-09 21:00:00,29767.6,29881.6,29617.7,29669.2,860066.0
2026-08-10 21:00:00,29689.0,29791.6,29446.6,29564.2,846144.0
2026-08-11 21:00:00,29561.7,29913.8,29538.8,29723.8,810033.0
2026-08-12 21:00:00,29738.2,30189.8,29696.0,30133.2,770045.0
2026-08-13 21:00:00,30108.0,30198.0,29947.9,30066.2,707968.0
2026-08-16 21:00:00,30089.6,30258.0,29982.1,30000.9,689944.0
2026-08-17 21:00:00,30008.2,30047.6,29440.8,29492.8,900241.0
2026-08-18 21:00:00,29499.8,29688.8,29307.6,29493.2,1099849.0
2026-08-19 21:00:00,29503.4,29619.4,29136.8,29240.6,1132635.0
2026-08-20 21:00:00,29260.8,29469.2,29150.8,29309.3,890173.0
2026-08-23 21:00:00,29315.2,29413.4,28881.6,29067.0,1036811.0
2026-08-24 21:00:00,29081.8,29360.3,28959.5,29229.2,1122036.0
2026-08-25 21:00:00,29249.6,29371.4,29041.5,29371.2,842530.0
2026-08-26 21:00:00,29478.9,29657.8,29351.2,29584.0,1040509.0
2026-08-27 21:00:00,29580.5,29760.5,29388.8,29462.8,1105136.0
2026-08-30 21:00:00,29460.8,29499.1,29225.2,29479.8,868569.0
2026-08-31 21:00:00,29471.2,29531.4,28965.8,29099.2,977088.0
2026-09-01 21:00:00,29098.3,29178.4,28891.0,29114.3,919279.0
2026-09-02 21:00:00,29122.8,29551.1,29040.7,29472.7,957261.0
2026-09-03 21:00:00,29458.6,29662.4,29433.1,29489.0,807067.0
2026-09-06 21:00:00,29533.6,29647.9,29498.0,29570.9,372473.0
2026-09-07 21:00:00,29574.6,29728.6,29389.1,29501.0,1016074.0
2026-09-08 21:00:00,29484.2,29610.0,29309.4,29435.4,970213.0
2026-09-09 21:00:00,29433.0,29484.8,29020.3,29113.7,1111755.0
2026-09-10 21:00:00,29129.4,29478.0,29019.2,29372.0,1075685.0
2026-09-13 21:00:00,29062.4,29292.6,28795.4,29184.0,1130493.0
2026-09-14 21:00:00,29163.2,29186.8,28913.4,29015.2,1070699.0
2026-09-15 21:00:00,28997.2,29295.2,28799.0,29013.8,1021845.0
2026-09-16 21:00:00,29019.2,29537.1,28994.2,29466.4,829980.0
2026-09-17 21:00:00,29462.4,29739.8,29392.4,29701.0,776046.0
2026-09-20 21:00:00,29675.0,30608.2,29648.2,30520.5,697773.0
2026-09-21 21:00:00,30538.0,30810.7,30416.7,30751.5,824955.0
2026-09-22 21:00:00,30773.0,30839.0,30387.7,30518.6,955314.0
2026-09-23 21:00:00,30545.8,30580.0,30117.8,30489.0,1212382.0
2026-09-24 21:00:00,30485.8,30750.9,30434.8,30672.4,1109124.0
2026-09-27 21:00:00,30595.7,30651.4,30110.1,30331.1,1396280.0
2026-09-28 21:00:00,30323.8,30492.0,30138.6,30425.3,1164108.0
2026-09-29 21:00:00,30435.7,30673.2,30279.7,30489.3,1176922.0
2026-09-30 21:00:00,30478.6,30864.6,30457.9,30853.2,247834.0
