timestamp,open,high,low,close,volume
2023-07-14 01:00:00,1.31205,1.31424,1.31194,1.31312,14085.0
2023-07-14 05:00:00,1.31312,1.31327,1.30936,1.31209,19792.0
2023-07-14 09:00:00,1.31209,1.31424,1.31004,1.31134,20983.0
2023-07-14 13:00:00,1.31134,1.31304,1.30941,1.3113,30635.0
2023-07-14 17:00:00,1.3113,1.31152,1.30894,1.30933,11955.0
2023-07-16 21:00:00,1.30933,1.31024,1.30841,1.30932,6345.0
2023-07-17 01:00:00,1.30932,1.30968,1.30819,1.30884,13686.0
2023-07-17 05:00:00,1.30884,1.31091,1.30652,1.3094,20972.0
2023-07-17 09:00:00,1.3094,1.31069,1.30536,1.30676,22706.0
2023-07-17 13:00:00,1.30676,1.30927,1.3051,1.30748,22763.0
2023-07-17 17:00:00,1.30748,1.30872,1.30706,1.30734,8644.0
2023-07-17 21:00:00,1.30734,1.30825,1.30678,1.30782,6441.0
2023-07-18 01:00:00,1.30782,1.31001,1.30742,1.30949,17037.0
2023-07-18 05:00:00,1.30949,1.3107,1.3072,1.3079,26607.0
2023-07-18 09:00:00,1.3079,1.3126,1.30725,1.30894,28691.0
2023-07-18 13:00:00,1.30894,1.30986,1.30282,1.30351,34611.0
2023-07-18 17:00:00,1.30351,1.30494,1.30295,1.30345,10623.0
2023-07-18 21:00:00,1.30345,1.3042,1.30304,1.30358,7904.0
2023-07-19 01:00:00,1.30358,1.30388,1.30128,1.3017,16753.0
2023-07-19 05:00:00,1.3017,1.30361,1.29229,1.29324,32649.0
2023-07-19 09:00:00,1.29324,1.29569,1.28976,1.29159,26220.0
2023-07-19 13:00:00,1.29159,1.29206,1.28676,1.29086,32701.0
2023-07-19 17:00:00,1.29086,1.29406,1.2906,1.29402,11908.0
2023-07-19 21:00:00,1.29402,1.29478,1.29325,1.29466,6532.0
2023-07-20 01:00:00,1.29466,1.29648,1.29415,1.29438,17100.0
2023-07-20 05:00:00,1.29438,1.2945,1.29052,1.2924,23663.0
2023-07-20 09:00:00,1.2924,1.2924,1.28546,1.28712,23127.0
2023-07-20 13:00:00,1.28712,1.28832,1.28398,1.2853,28993.0
2023-07-20 17:00:00,1.2853,1.28692,1.28513,1.28684,10506.0
2023-07-20 21:00:00,1.28684,1.28777,1.28654,1.28766,6417.0
2023-07-21 01:00:00,1.28766,1.28864,1.28666,1.28796,13859.0
2023-07-21 05:00:00,1.28796,1.29046,1.28402,1.28582,28154.0
2023-07-21 09:00:00,1.28582,1.28698,1.2816,1.28302,25349.0
2023-07-21 13:00:00,1.28302,1.28615,1.2829,1.28587,24705.0
2023-07-21 17:00:00,1.28587,1.28662,1.28487,1.28527,9208.0
2023-07-23 21:00:00,1.28527,1.2867,1.2848,1.28644,5869.0
2023-07-24 01:00:00,1.28644,1.28702,1.28493,1.28642,15515.0
2023-07-24 05:00:00,1.28642,1.2884,1.28072,1.28162,28845.0
2023-07-24 09:00:00,1.28162,1.28594,1.28156,1.28368,23432.0
2023-07-24 13:00:00,1.28368,1.28449,1.27977,1.28322,29272.0
2023-07-24 17:00:00,1.28322,1.2841,1.28152,1.28226,11286.0
2023-07-24 21:00:00,1.28226,1.28296,1.28096,1.28157,8153.0
2023-07-25 01:00:00,1.28157,1.2843,1.28154,1.28305,13720.0
2023-07-25 05:00:00,1.28305,1.28648,1.28293,1.2851,26483.0
2023-07-25 09:00:00,1.2851,1.28542,1.28202,1.2835,19524.0
2023-07-25 13:00:00,1.2835,1.28798,1.28126,1.28782,22896.0
2023-07-25 17:00:00,1.28782,1.29048,1.28714,1.2902,12797.0
2023-07-25 21:00:00,1.2902,1.29043,1.28826,1.28846,6677.0
2023-07-26 01:00:00,1.28846,1.28928,1.28754,1.2888,15120.0
2023-07-26 05:00:00,1.2888,1.29126,1.28814,1.29104,24622.0
2023-07-26 09:00:00,1.29104,1.29246,1.28952,1.29086,20501.0
2023-07-26 13:00:00,1.29086,1.29368,1.29032,1.29152,24327.0
2023-07-26 17:00:00,1.29152,1.29608,1.28987,1.29422,37446.0
2023-07-26 21:00:00,1.29422,1.29488,1.29244,1.29406,6671.0
2023-07-27 01:00:00,1.29406,1.29772,1.29406,1.29624,17614.0
2023-07-27 05:00:00,1.29624,1.29959,1.29392,1.29923,26144.0
2023-07-27 09:00:00,1.29923,1.29954,1.28817,1.28955,31350.0
2023-07-27 13:00:00,1.28955,1.29032,1.2826,1.28414,39841.0
2023-07-27 17:00:00,1.28414,1.28528,1.27819,1.27942,26151.0
2023-07-27 21:00:00,1.27942,1.28009,1.27876,1.2791,7541.0
2023-07-28 01:00:00,1.2791,1.2808,1.27632,1.27798,29101.0
2023-07-28 05:00:00,1.27798,1.2816,1.27724,1.28054,39007.0
2023-07-28 09:00:00,1.28054,1.28885,1.28016,1.28696,26883.0
2023-07-28 13:00:00,1.28696,1.28846,1.28379,1.28726,30931.0
2023-07-28 17:00:00,1.28726,1.28726,1.2846,1.28488,13509.0
2023-07-30 21:00:00,1.28488,1.28602,1.28488,1.28575,10372.0
2023-07-31 01:00:00,1.28575,1.28595,1.28442,1.28484,17829.0
2023-07-31 05:00:00,1.28484,1.28676,1.28353,1.28514,24560.0
2023-07-31 09:00:00,1.28514,1.28729,1.28452,1.28536,19079.0
2023-07-31 13:00:00,1.28536,1.28703,1.28282,1.28582,28312.0
2023-07-31 17:00:00,1.28582,1.28673,1.28316,1.2836,10842.0
2023-07-31 21:00:00,1.2836,1.28417,1.28276,1.28293,6750.0
2023-08-01 01:00:00,1.28293,1.2836,1.28154,1.28317,16281.0
2023-08-01 05:00:00,1.28317,1.28388,1.28128,1.28256,23861.0
2023-08-01 09:00:00,1.28256,1.2833,1.2756,1.2765,22166.0
2023-08-01 13:00:00,1.2765,1.27954,1.27412,1.2761,28134.0
2023-08-01 17:00:00,1.2761,1.27808,1.2749,1.27774,8188.0
2023-08-01 21:00:00,1.27774,1.2806,1.27716,1.27807,14327.0
2023-08-02 01:00:00,1.27807,1.27952,1.27634,1.2778,18571.0
2023-08-02 05:00:00,1.2778,1.2799,1.27608,1.27875,28167.0
2023-08-02 09:00:00,1.27875,1.27924,1.27232,1.27238,27183.0
2023-08-02 13:00:00,1.27238,1.27305,1.26804,1.27258,30359.0
2023-08-02 17:00:00,1.27258,1.2739,1.27088,1.27106,11261.0
2023-08-02 21:00:00,1.27106,1.27222,1.27086,1.27136,6737.0
2023-08-03 01:00:00,1.27136,1.27284,1.26996,1.27003,15977.0
2023-08-03 05:00:00,1.27003,1.27094,1.26726,1.26759,29165.0
2023-08-03 09:00:00,1.26759,1.26932,1.26205,1.26727,37968.0
2023-08-03 13:00:00,1.26727,1.27245,1.265,1.27193,33702.0
2023-08-03 17:00:00,1.27193,1.27196,1.2697,1.27094,11422.0
2023-08-03 21:00:00,1.27094,1.27258,1.27048,1.27256,10880.0
2023-08-04 01:00:00,1.27256,1.27413,1.27245,1.27278,20474.0
2023-08-04 05:00:00,1.27278,1.27346,1.26946,1.26994,22060.0
2023-08-04 09:00:00,1.26994,1.2755,1.26828,1.2745,28012.0
2023-08-04 13:00:00,1.2745,1.27836,1.27428,1.27817,35649.0
2023-08-04 17:00:00,1.27817,1.27922,1.2741,1.27524,14978.0
2023-08-06 21:00:00,1.27524,1.27625,1.27442,1.27587,9003.0
2023-08-07 01:00:00,1.27587,1.27587,1.2732,1.27349,15216.0
2023-08-07 05:00:00,1.27349,1.27448,1.27131,1.27282,22692.0
2023-08-07 09:00:00,1.27282,1.27723,1.2717,1.2772,19235.0
2023-08-07 13:00:00,1.2772,1.2787,1.27544,1.2775,23492.0
2023-08-07 17:00:00,1.2775,1.27894,1.2768,1.27839,9131.0
2023-08-07 21:00:00,1.27839,1.27858,1.27716,1.27736,6292.0
2023-08-08 01:00:00,1.27736,1.27736,1.27512,1.27622,16814.0
2023-08-08 05:00:00,1.27622,1.27725,1.2738,1.27532,27718.0
2023-08-08 09:00:00,1.27532,1.27548,1.26842,1.26976,29266.0
2023-08-08 13:00:00,1.26976,1.27432,1.2687,1.27332,26797.0
2023-08-08 17:00:00,1.27332,1.27516,1.2731,1.27482,11928.0
2023-08-08 21:00:00,1.27482,1.27501,1.27392,1.27408,8314.0
2023-08-09 01:00:00,1.27408,1.27596,1.27395,1.27572,20956.0
2023-08-09 05:00:00,1.27572,1.27822,1.27486,1.27541,21257.0
2023-08-09 09:00:00,1.27541,1.27554,1.27123,1.27294,23026.0
2023-08-09 13:00:00,1.27294,1.27516,1.27119,1.27232,27234.0
2023-08-09 17:00:00,1.27232,1.27383,1.27184,1.2719,13233.0
2023-08-09 21:00:00,1.2719,1.27234,1.27106,1.27133,6027.0
2023-08-10 01:00:00,1.27133,1.27238,1.27075,1.27124,15479.0
2023-08-10 05:00:00,1.27124,1.27697,1.2712,1.27565,21833.0
2023-08-10 09:00:00,1.27565,1.2819,1.2754,1.2781,27122.0
2023-08-10 13:00:00,1.2781,1.2786,1.27057,1.27158,40159.0
2023-08-10 17:00:00,1.27158,1.27169,1.26698,1.26754,22697.0
2023-08-10 21:00:00,1.26754,1.26816,1.2666,1.26815,6665.0
2023-08-11 01:00:00,1.26815,1.2691,1.26782,1.2682,17793.0
2023-08-11 05:00:00,1.2682,1.27232,1.26796,1.27058,25241.0
2023-08-11 09:00:00,1.27058,1.2739,1.2682,1.2686,29021.0
2023-08-11 13:00:00,1.2686,1.27288,1.2682,1.26909,37037.0
2023-08-11 17:00:00,1.26909,1.27028,1.26857,1.26946,15468.0
2023-08-13 21:00:00,1.26946,1.27076,1.26796,1.26823,9505.0
2023-08-14 01:00:00,1.26823,1.26863,1.26664,1.26716,18950.0
2023-08-14 05:00:00,1.26716,1.27078,1.26697,1.26978,25981.0
2023-08-14 09:00:00,1.26978,1.27148,1.2645,1.26568,22779.0
2023-08-14 13:00:00,1.26568,1.27066,1.26166,1.26973,30273.0
2023-08-14 17:00:00,1.26973,1.27017,1.26733,1.26872,15779.0
2023-08-14 21:00:00,1.26872,1.26952,1.26764,1.26835,7866.0
2023-08-15 01:00:00,1.26835,1.26938,1.2675,1.26853,22910.0
2023-08-15 05:00:00,1.26853,1.27211,1.26794,1.27118,33088.0
2023-08-15 09:00:00,1.27118,1.27302,1.26817,1.27159,31280.0
2023-08-15 13:00:00,1.27159,1.27526,1.2708,1.27236,36524.0
2023-08-15 17:00:00,1.27236,1.27254,1.26944,1.27036,16162.0
2023-08-15 21:00:00,1.27036,1.27056,1.26923,1.2696,8688.0
2023-08-16 01:00:00,1.2696,1.27072,1.26872,1.27072,23917.0
2023-08-16 05:00:00,1.27072,1.27664,1.26993,1.27582,24782.0
2023-08-16 09:00:00,1.27582,1.27666,1.2721,1.2721,22112.0
2023-08-16 13:00:00,1.2721,1.27611,1.2718,1.2733,30152.0
2023-08-16 17:00:00,1.2733,1.27505,1.27116,1.27319,22959.0
2023-08-16 21:00:00,1.27319,1.27359,1.27163,1.27207,9537.0
2023-08-17 01:00:00,1.27207,1.27236,1.27112,1.27234,23310.0
2023-08-17 05:00:00,1.27234,1.27436,1.27095,1.27127,24056.0
2023-08-17 09:00:00,1.27127,1.27838,1.2703,1.27706,29607.0
2023-08-17 13:00:00,1.27706,1.27876,1.27375,1.27598,32058.0
2023-08-17 17:00:00,1.27598,1.27606,1.2727,1.27458,15445.0
2023-08-17 21:00:00,1.27458,1.2759,1.27436,1.27521,7429.0
2023-08-18 01:00:00,1.27521,1.2766,1.27428,1.27452,17399.0
2023-08-18 05:00:00,1.27452,1.2753,1.27076,1.27196,22736.0
2023-08-18 09:00:00,1.27196,1.27422,1.26892,1.27108,21521.0
2023-08-18 13:00:00,1.27108,1.27496,1.2708,1.27448,25710.0
2023-08-18 17:00:00,1.27448,1.27562,1.2728,1.27381,11602.0
2023-08-20 21:00:00,1.27381,1.27506,1.27314,1.27466,7364.0
2023-08-21 01:00:00,1.27466,1.27466,1.273,1.27386,12994.0
2023-08-21 05:00:00,1.27386,1.27456,1.27104,1.27212,19904.0
2023-08-21 09:00:00,1.27212,1.2765,1.27206,1.27518,18328.0
2023-08-21 13:00:00,1.27518,1.27574,1.27232,1.27568,24279.0
2023-08-21 17:00:00,1.27568,1.27668,1.27508,1.27582,10247.0
2023-08-21 21:00:00,1.27582,1.27656,1.27506,1.2763,6170.0
2023-08-22 01:00:00,1.2763,1.27782,1.2758,1.27699,15447.0
2023-08-22 05:00:00,1.27699,1.28008,1.27692,1.27817,19376.0
2023-08-22 09:00:00,1.27817,1.2792,1.27416,1.27424,19559.0
2023-08-22 13:00:00,1.27424,1.27534,1.27186,1.27352,24499.0
2023-08-22 17:00:00,1.27352,1.27434,1.27281,1.27332,8613.0
2023-08-22 21:00:00,1.27332,1.27416,1.27286,1.27345,5154.0
2023-08-23 01:00:00,1.27345,1.27508,1.27335,1.27508,13143.0
2023-08-23 05:00:00,1.27508,1.2765,1.26718,1.26788,26184.0
2023-08-23 09:00:00,1.26788,1.26798,1.26148,1.2631,23628.0
2023-08-23 13:00:00,1.2631,1.27261,1.26306,1.2721,29305.0
2023-08-23 17:00:00,1.2721,1.27331,1.27088,1.2723,10283.0
2023-08-23 21:00:00,1.2723,1.27288,1.27143,1.27194,6827.0
2023-08-24 01:00:00,1.27194,1.27219,1.27059,1.27203,14643.0
2023-08-24 05:00:00,1.27203,1.27286,1.26918,1.26988,19030.0
2023-08-24 09:00:00,1.26988,1.27038,1.26266,1.2636,20990.0
2023-08-24 13:00:00,1.2636,1.2663,1.2621,1.26236,26886.0
2023-08-24 17:00:00,1.26236,1.26247,1.25912,1.25994,11176.0
2023-08-24 21:00:00,1.25994,1.26064,1.25862,1.25904,8015.0
2023-08-25 01:00:00,1.25904,1.25914,1.25602,1.25652,15541.0
2023-08-25 05:00:00,1.25652,1.25924,1.2561,1.25867,18714.0
2023-08-25 09:00:00,1.25867,1.26236,1.25818,1.26198,16646.0
2023-08-25 13:00:00,1.26198,1.26546,1.25479,1.25818,42687.0
2023-08-25 17:00:00,1.25818,1.26014,1.25752,1.25778,12936.0
2023-08-27 21:00:00,1.25778,1.25992,1.25778,1.25941,7552.0
2023-08-28 01:00:00,1.25941,1.26044,1.25923,1.25997,12456.0
2023-08-28 05:00:00,1.25997,1.26108,1.25689,1.25762,15587.0
2023-08-28 09:00:00,1.25762,1.25946,1.25658,1.25943,14535.0
2023-08-28 13:00:00,1.25943,1.25996,1.25728,1.2595,19638.0
2023-08-28 17:00:00,1.2595,1.26076,1.25924,1.2603,11705.0
2023-08-28 21:00:00,1.2603,1.26191,1.25964,1.2614,6433.0
2023-08-29 01:00:00,1.2614,1.26323,1.26136,1.26232,12391.0
2023-08-29 05:00:00,1.26232,1.26359,1.26054,1.26118,19815.0
2023-08-29 09:00:00,1.26118,1.26172,1.25628,1.25738,20915.0
2023-08-29 13:00:00,1.25738,1.26342,1.2563,1.26208,36465.0
2023-08-29 17:00:00,1.26208,1.2655,1.26204,1.26432,14228.0
2023-08-29 21:00:00,1.26432,1.26502,1.26324,1.26409,6381.0
2023-08-30 01:00:00,1.26409,1.26425,1.26226,1.26228,11301.0
2023-08-30 05:00:00,1.26228,1.26477,1.2619,1.26384,21575.0
2023-08-30 09:00:00,1.26384,1.27212,1.26356,1.27137,26478.0
2023-08-30 13:00:00,1.27137,1.27466,1.27022,1.27162,30357.0
2023-08-30 17:00:00,1.27162,1.27292,1.27068,1.27213,12027.0
2023-08-30 21:00:00,1.27213,1.2723,1.27109,1.27204,7112.0
2023-08-31 01:00:00,1.27204,1.27346,1.27192,1.27236,12666.0
2023-08-31 05:00:00,1.27236,1.27246,1.26944,1.26958,20530.0
2023-08-31 09:00:00,1.26958,1.26973,1.26635,1.26852,25639.0
2023-08-31 13:00:00,1.26852,1.26876,1.26526,1.2663,30242.0
2023-08-31 17:00:00,1.2663,1.26745,1.26608,1.26721,11616.0
2023-08-31 21:00:00,1.26721,1.2677,1.26584,1.26634,6811.0
2023-09-01 01:00:00,1.26634,1.26839,1.26592,1.26685,11820.0
2023-09-01 05:00:00,1.26685,1.26898,1.26402,1.26752,16454.0
2023-09-01 09:00:00,1.26752,1.27132,1.26675,1.26918,23163.0
2023-09-01 13:00:00,1.26918,1.27028,1.25774,1.25889,41229.0
2023-09-01 17:00:00,1.25889,1.25992,1.25848,1.25879,8675.0
2023-09-03 21:00:00,1.25879,1.25987,1.25866,1.25958,4738.0
2023-09-04 01:00:00,1.25958,1.26076,1.25888,1.26076,9674.0
2023-09-04 05:00:00,1.26076,1.26338,1.26056,1.26324,14025.0
2023-09-04 09:00:00,1.26324,1.26426,1.26214,1.26256,12415.0
2023-09-04 13:00:00,1.26256,1.26394,1.2615,1.26287,10486.0
2023-09-04 17:00:00,1.26287,1.26331,1.26274,1.26288,2779.0
2023-09-04 21:00:00,1.26288,1.26308,1.2622,1.26299,3272.0
2023-09-05 01:00:00,1.26299,1.26321,1.26126,1.26262,13126.0
2023-09-05 05:00:00,1.26262,1.26284,1.25282,1.25351,24725.0
2023-09-05 09:00:00,1.25351,1.25788,1.25334,1.25758,21878.0
2023-09-05 13:00:00,1.25758,1.2587,1.2547,1.2577,28617.0
2023-09-05 17:00:00,1.2577,1.25804,1.25586,1.25649,10309.0
2023-09-05 21:00:00,1.25649,1.25729,1.25536,1.25574,5174.0
2023-09-06 01:00:00,1.25574,1.25744,1.25496,1.25744,11802.0
2023-09-06 05:00:00,1.25744,1.25881,1.25468,1.25598,22126.0
2023-09-06 09:00:00,1.25598,1.25672,1.25412,1.25549,19966.0
2023-09-06 13:00:00,1.25549,1.25588,1.2482,1.2502,32644.0
2023-09-06 17:00:00,1.2502,1.25112,1.24998,1.25076,10406.0
2023-09-06 21:00:00,1.25076,1.25082,1.24926,1.2496,4850.0
2023-09-07 01:00:00,1.2496,1.25064,1.24912,1.24982,9859.0
2023-09-07 05:00:00,1.24982,1.25086,1.24574,1.24781,21043.0
2023-09-07 09:00:00,1.24781,1.24882,1.24458,1.24622,20490.0
2023-09-07 13:00:00,1.24622,1.24901,1.24472,1.2475,24124.0
2023-09-07 17:00:00,1.2475,1.24871,1.24679,1.24713,10286.0
2023-09-07 21:00:00,1.24713,1.2494,1.24686,1.24916,5622.0
2023-09-08 01:00:00,1.24916,1.25018,1.2474,1.24902,11472.0
2023-09-08 05:00:00,1.24902,1.25104,1.24784,1.24866,19718.0
2023-09-08 09:00:00,1.24866,1.24982,1.2467,1.24798,19492.0
2023-09-08 13:00:00,1.24798,1.25142,1.24592,1.24622,22184.0
2023-09-08 17:00:00,1.24622,1.24702,1.24513,1.24618,11305.0
2023-09-10 21:00:00,1.24618,1.24945,1.24618,1.24868,8026.0
2023-09-11 01:00:00,1.24868,1.25203,1.24826,1.25192,13346.0
2023-09-11 05:00:00,1.25192,1.25309,1.251,1.25198,16600.0
2023-09-11 09:00:00,1.25198,1.25374,1.25009,1.25274,16380.0
2023-09-11 13:00:00,1.25274,1.25484,1.2521,1.2522,21627.0
2023-09-11 17:00:00,1.2522,1.25222,1.25076,1.25094,9583.0
2023-09-11 21:00:00,1.25094,1.25205,1.25034,1.2506,4480.0
2023-09-12 01:00:00,1.2506,1.25236,1.25011,1.2511,12295.0
2023-09-12 05:00:00,1.2511,1.25306,1.24632,1.24676,19867.0
2023-09-12 09:00:00,1.24676,1.24839,1.24597,1.24679,17434.0
2023-09-12 13:00:00,1.24679,1.24918,1.24612,1.24782,19579.0
2023-09-12 17:00:00,1.24782,1.24988,1.24762,1.24936,10863.0
2023-09-12 21:00:00,1.24936,1.25008,1.24894,1.24942,5391.0
2023-09-13 01:00:00,1.24942,1.25026,1.24812,1.24946,13247.0
2023-09-13 05:00:00,1.24946,1.24981,1.24414,1.24774,22503.0
2023-09-13 09:00:00,1.24774,1.25002,1.24348,1.2486,28710.0
2023-09-13 13:00:00,1.2486,1.2512,1.24718,1.24954,30866.0
2023-09-13 17:00:00,1.24954,1.25063,1.2481,1.24902,11822.0
2023-09-13 21:00:00,1.24902,1.25036,1.24848,1.25022,5743.0
2023-09-14 01:00:00,1.25022,1.25044,1.24854,1.25011,12240.0
2023-09-14 05:00:00,1.25011,1.25064,1.24796,1.24868,16111.0
2023-09-14 09:00:00,1.24868,1.24868,1.24146,1.244,30123.0
2023-09-14 13:00:00,1.244,1.24609,1.24009,1.24143,35485.0
2023-09-14 17:00:00,1.24143,1.24177,1.23967,1.24094,10925.0
2023-09-14 21:00:00,1.24094,1.24125,1.23998,1.24114,5738.0
2023-09-15 01:00:00,1.24114,1.24302,1.24017,1.24288,13128.0
2023-09-15 05:00:00,1.24288,1.2446,1.2416,1.24402,19938.0
2023-09-15 09:00:00,1.24402,1.24404,1.23902,1.23907,17143.0
2023-09-15 13:00:00,1.23907,1.24258,1.2385,1.23996,28156.0
2023-09-15 17:00:00,1.23996,1.24,1.23788,1.23835,11392.0
2023-09-17 21:00:00,1.23835,1.24022,1.23835,1.23998,4274.0
2023-09-18 01:00:00,1.23998,1.2404,1.23862,1.2396,11461.0
2023-09-18 05:00:00,1.2396,1.24048,1.23704,1.23806,14447.0
2023-09-18 09:00:00,1.23806,1.24108,1.23774,1.23808,14108.0
2023-09-18 13:00:00,1.23808,1.24051,1.2373,1.23952,18489.0
2023-09-18 17:00:00,1.23952,1.23991,1.23744,1.2385,7444.0
2023-09-18 21:00:00,1.2385,1.23917,1.23801,1.23822,4779.0
2023-09-19 01:00:00,1.23822,1.23837,1.23753,1.23786,9392.0
2023-09-19 05:00:00,1.23786,1.2393,1.23702,1.23762,15908.0
2023-09-19 09:00:00,1.23762,1.2425,1.23712,1.24055,17576.0
2023-09-19 13:00:00,1.24055,1.24068,1.23824,1.2387,21950.0
2023-09-19 17:00:00,1.2387,1.23968,1.23859,1.23921,10113.0
2023-09-19 21:00:00,1.23921,1.23971,1.2386,1.23898,4133.0
2023-09-20 01:00:00,1.23898,1.23938,1.23824,1.23884,13875.0
2023-09-20 05:00:00,1.23884,1.23956,1.23332,1.23689,23135.0
2023-09-20 09:00:00,1.23689,1.23807,1.23578,1.23768,14428.0
2023-09-20 13:00:00,1.23768,1.24216,1.23756,1.2417,21706.0
2023-09-20 17:00:00,1.2417,1.2417,1.2332,1.23436,34857.0
2023-09-20 21:00:00,1.23436,1.23471,1.23109,1.23136,7995.0
2023-09-21 01:00:00,1.23136,1.23253,1.23045,1.232,11244.0
2023-09-21 05:00:00,1.232,1.23317,1.22946,1.23042,20842.0
2023-09-21 09:00:00,1.23042,1.23082,1.22338,1.2268,28897.0
2023-09-21 13:00:00,1.2268,1.23066,1.22577,1.22967,25554.0
2023-09-21 17:00:00,1.22967,1.23075,1.22885,1.22946,10596.0
2023-09-21 21:00:00,1.22946,1.23002,1.22815,1.22862,5262.0
2023-09-22 01:00:00,1.22862,1.22864,1.2273,1.22845,12715.0
2023-09-22 05:00:00,1.22845,1.22885,1.22385,1.22531,25846.0
2023-09-22 09:00:00,1.22531,1.2267,1.2233,1.22571,17738.0
2023-09-22 13:00:00,1.22571,1.22849,1.22504,1.22516,21973.0
2023-09-22 17:00:00,1.22516,1.2259,1.22307,1.22394,10154.0
2023-09-24 21:00:00,1.22394,1.2257,1.22389,1.22488,15456.0
2023-09-25 01:00:00,1.22488,1.22496,1.2237,1.22417,11887.0
2023-09-25 05:00:00,1.22417,1.22504,1.22182,1.22203,17464.0
2023-09-25 09:00:00,1.22203,1.22434,1.22125,1.22172,16987.0
2023-09-25 13:00:00,1.22172,1.22207,1.21939,1.22116,24058.0
2023-09-25 17:00:00,1.22116,1.22221,1.22055,1.22114,9725.0
2023-09-25 21:00:00,1.22114,1.22156,1.22045,1.22058,6744.0
2023-09-26 01:00:00,1.22058,1.2209,1.21938,1.22056,15298.0
2023-09-26 05:00:00,1.22056,1.22072,1.21674,1.21846,21292.0
2023-09-26 09:00:00,1.21846,1.21944,1.21702,1.21911,18919.0
2023-09-26 13:00:00,1.21911,1.21928,1.21593,1.2171,23740.0
2023-09-26 17:00:00,1.2171,1.2176,1.21524,1.21568,10142.0
2023-09-26 21:00:00,1.21568,1.21647,1.2141,1.21423,5572.0
2023-09-27 01:00:00,1.21423,1.21576,1.21402,1.2147,13061.0
2023-09-27 05:00:00,1.2147,1.21646,1.21358,1.21496,16587.0
2023-09-27 09:00:00,1.21496,1.21562,1.21311,1.21448,20482.0
2023-09-27 13:00:00,1.21448,1.21594,1.2117,1.2125,25536.0
2023-09-27 17:00:00,1.2125,1.21532,1.21104,1.21344,15936.0
2023-09-27 21:00:00,1.21344,1.21446,1.21304,1.21441,7202.0
2023-09-28 01:00:00,1.21441,1.21454,1.21302,1.21406,14342.0
2023-09-28 05:00:00,1.21406,1.21746,1.212,1.21715,17807.0
2023-09-28 09:00:00,1.21715,1.22241,1.21709,1.21778,22421.0
2023-09-28 13:00:00,1.21778,1.22246,1.21754,1.21998,29111.0
2023-09-28 17:00:00,1.21998,1.22053,1.21879,1.2205,13559.0
2023-09-28 21:00:00,1.2205,1.2211,1.21947,1.22016,5053.0
2023-09-29 01:00:00,1.22016,1.22285,1.21995,1.22223,14678.0
2023-09-29 05:00:00,1.22223,1.22545,1.22198,1.22356,21963.0
2023-09-29 09:00:00,1.22356,1.22718,1.22319,1.22596,23017.0
2023-09-29 13:00:00,1.22596,1.22632,1.21803,1.22056,33443.0
2023-09-29 17:00:00,1.22056,1.22083,1.21862,1.22042,15368.0
2023-10-01 21:00:00,1.22042,1.22089,1.21803,1.21884,7735.0
2023-10-02 01:00:00,1.21884,1.21954,1.21862,1.21869,9689.0
2023-10-02 05:00:00,1.21869,1.22198,1.21755,1.21873,16817.0
2023-10-02 09:00:00,1.21873,1.2188,1.21484,1.21513,18656.0
2023-10-02 13:00:00,1.21513,1.21522,1.21078,1.21084,29221.0
2023-10-02 17:00:00,1.21084,1.21273,1.20864,1.20865,14332.0
2023-10-02 21:00:00,1.20865,1.2094,1.20778,1.20862,7944.0
2023-10-03 01:00:00,1.20862,1.20877,1.2061,1.20643,13520.0
2023-10-03 05:00:00,1.20643,1.2097,1.20612,1.20874,18677.0
2023-10-03 09:00:00,1.20874,1.2089,1.20524,1.20738,21081.0
2023-10-03 13:00:00,1.20738,1.21018,1.20532,1.20752,39536.0
2023-10-03 17:00:00,1.20752,1.20916,1.20694,1.20772,14986.0
2023-10-03 21:00:00,1.20772,1.20844,1.20723,1.20808,6047.0
2023-10-04 01:00:00,1.20808,1.2082,1.20604,1.20818,14297.0
2023-10-04 05:00:00,1.20818,1.21159,1.20372,1.21136,19796.0
2023-10-04 09:00:00,1.21136,1.21769,1.21128,1.21698,27277.0
2023-10-04 13:00:00,1.21698,1.21738,1.21064,1.21518,32669.0
2023-10-04 17:00:00,1.21518,1.21568,1.21308,1.21368,15454.0
2023-10-04 21:00:00,1.21368,1.21526,1.2131,1.21503,6044.0
2023-10-05 01:00:00,1.21503,1.21633,1.21494,1.21562,16272.0
2023-10-05 05:00:00,1.21562,1.2162,1.2116,1.21226,18951.0
2023-10-05 09:00:00,1.21226,1.2156,1.21078,1.2131,24683.0
2023-10-05 13:00:00,1.2131,1.2188,1.2126,1.21798,31474.0
2023-10-05 17:00:00,1.21798,1.2196,1.21696,1.21922,13625.0
2023-10-05 21:00:00,1.21922,1.21936,1.21808,1.2181,6584.0
2023-10-06 01:00:00,1.2181,1.2189,1.21758,1.2177,14520.0
2023-10-06 05:00:00,1.2177,1.2207,1.2164,1.21984,17824.0
2023-10-06 09:00:00,1.21984,1.222,1.2106,1.2123,30072.0
2023-10-06 13:00:00,1.2123,1.22616,1.21171,1.2234,44843.0
2023-10-06 17:00:00,1.2234,1.22556,1.22312,1.22378,12836.0
2023-10-08 21:00:00,1.22378,1.22378,1.22,1.22228,9719.0
2023-10-09 01:00:00,1.22228,1.2224,1.21922,1.21941,12576.0
2023-10-09 05:00:00,1.21941,1.22172,1.21639,1.21779,20715.0
2023-10-09 09:00:00,1.21779,1.21912,1.21632,1.21838,16779.0
2023-10-09 13:00:00,1.21838,1.22206,1.21836,1.21974,23651.0
2023-10-09 17:00:00,1.21974,1.22444,1.21974,1.22376,12538.0
2023-10-09 21:00:00,1.22376,1.22551,1.22348,1.22475,7870.0
2023-10-10 01:00:00,1.22475,1.2257,1.22245,1.22266,13424.0
2023-10-10 05:00:00,1.22266,1.22756,1.22118,1.2271,25089.0
2023-10-10 09:00:00,1.2271,1.22759,1.22353,1.22496,26845.0
2023-10-10 13:00:00,1.22496,1.22916,1.22384,1.2291,28149.0
2023-10-10 17:00:00,1.2291,1.22917,1.22639,1.22854,14670.0
2023-10-10 21:00:00,1.22854,1.2304,1.22782,1.2299,8189.0
2023-10-11 01:00:00,1.2299,1.23014,1.22874,1.22928,12188.0
2023-10-11 05:00:00,1.22928,1.23045,1.22698,1.22806,24001.0
2023-10-11 09:00:00,1.22806,1.2316,1.22692,1.23125,25968.0
2023-10-11 13:00:00,1.23125,1.23376,1.22886,1.22967,31737.0
2023-10-11 17:00:00,1.22967,1.23145,1.22752,1.23112,16273.0
2023-10-11 21:00:00,1.23112,1.23194,1.23003,1.23134,5723.0
2023-10-12 01:00:00,1.23134,1.2323,1.23112,1.23191,12745.0
2023-10-12 05:00:00,1.23191,1.23316,1.2293,1.22962,19386.0
2023-10-12 09:00:00,1.22962,1.2315,1.22518,1.22626,24456.0
2023-10-12 13:00:00,1.22626,1.22702,1.21989,1.22012,32749.0
2023-10-12 17:00:00,1.22012,1.22022,1.21718,1.21746,17430.0
2023-10-12 21:00:00,1.21746,1.21898,1.21746,1.21878,5276.0
2023-10-13 01:00:00,1.21878,1.22082,1.21864,1.22035,9736.0
2023-10-13 05:00:00,1.22035,1.22255,1.2185,1.22138,21141.0
2023-10-13 09:00:00,1.22138,1.22142,1.21602,1.21888,27265.0
2023-10-13 13:00:00,1.21888,1.2194,1.21314,1.21366,32826.0
2023-10-13 17:00:00,1.21366,1.2146,1.21226,1.2146,14751.0
2023-10-15 21:00:00,1.2146,1.21578,1.21385,1.21468,7334.0
2023-10-16 01:00:00,1.21468,1.2162,1.21468,1.21602,8924.0
2023-10-16 05:00:00,1.21602,1.21782,1.21518,1.21596,20543.0
2023-10-16 09:00:00,1.21596,1.21846,1.21428,1.21762,21652.0
2023-10-16 13:00:00,1.21762,1.22052,1.21534,1.21999,22230.0
2023-10-16 17:00:00,1.21999,1.22194,1.21986,1.22166,11149.0
2023-10-16 21:00:00,1.22166,1.22178,1.2204,1.22094,5358.0
2023-10-17 01:00:00,1.22094,1.22096,1.21932,1.21968,11366.0
2023-10-17 05:00:00,1.21968,1.22008,1.21496,1.2155,19217.0
2023-10-17 09:00:00,1.2155,1.21912,1.2133,1.2141,24833.0
2023-10-17 13:00:00,1.2141,1.22121,1.21368,1.21916,30020.0
2023-10-17 17:00:00,1.21916,1.21934,1.2171,1.21826,11892.0
2023-10-17 21:00:00,1.21826,1.21948,1.21584,1.21628,5356.0
2023-10-18 01:00:00,1.21628,1.21843,1.21591,1.21809,12173.0
2023-10-18 05:00:00,1.21809,1.22112,1.21776,1.21996,20393.0
2023-10-18 09:00:00,1.21996,1.22105,1.21716,1.21764,21862.0
2023-10-18 13:00:00,1.21764,1.21866,1.21378,1.21528,29695.0
2023-10-18 17:00:00,1.21528,1.21764,1.21372,1.21408,16404.0
2023-10-18 21:00:00,1.21408,1.21464,1.21365,1.21416,5841.0
2023-10-19 01:00:00,1.21416,1.2145,1.21238,1.21255,11847.0
2023-10-19 05:00:00,1.21255,1.2145,1.2102,1.21066,20336.0
2023-10-19 09:00:00,1.21066,1.21449,1.20899,1.21414,20640.0
2023-10-19 13:00:00,1.21414,1.2192,1.21258,1.21742,40597.0
2023-10-19 17:00:00,1.21742,1.21832,1.21382,1.2142,24772.0
2023-10-19 21:00:00,1.2142,1.21464,1.21224,1.21258,6177.0
2023-10-20 01:00:00,1.21258,1.21448,1.21181,1.21344,11403.0
2023-10-20 05:00:00,1.21344,1.21384,1.20933,1.2124,21765.0
2023-10-20 09:00:00,1.2124,1.21495,1.2114,1.21404,20300.0
2023-10-20 13:00:00,1.21404,1.21611,1.21312,1.21542,28450.0
2023-10-20 17:00:00,1.21542,1.21704,1.21494,1.21636,15681.0
2023-10-22 21:00:00,1.21636,1.21666,1.21552,1.21625,5589.0
2023-10-23 01:00:00,1.21625,1.21625,1.21443,1.21496,8055.0
2023-10-23 05:00:00,1.21496,1.21852,1.21456,1.21621,18250.0
2023-10-23 09:00:00,1.21621,1.21828,1.21433,1.21644,20410.0
2023-10-23 13:00:00,1.21644,1.2237,1.21503,1.2234,25777.0
2023-10-23 17:00:00,1.2234,1.22587,1.22279,1.22467,13585.0
2023-10-23 21:00:00,1.22467,1.22571,1.22419,1.22554,5398.0
2023-10-24 01:00:00,1.22554,1.22742,1.22487,1.22654,13029.0
2023-10-24 05:00:00,1.22654,1.22888,1.22434,1.22639,21752.0
2023-10-24 09:00:00,1.22639,1.22639,1.21978,1.22036,21024.0
2023-10-24 13:00:00,1.22036,1.22074,1.21535,1.21586,29743.0
2023-10-24 17:00:00,1.21586,1.21677,1.21558,1.21605,11594.0
2023-10-24 21:00:00,1.21605,1.2169,1.21564,1.21662,6655.0
2023-10-25 01:00:00,1.21662,1.21755,1.21638,1.21752,9854.0
2023-10-25 05:00:00,1.21752,1.21762,1.21334,1.21384,17712.0
2023-10-25 09:00:00,1.21384,1.21388,1.2114,1.21306,17626.0
2023-10-25 13:00:00,1.21306,1.21562,1.21224,1.21276,29070.0
2023-10-25 17:00:00,1.21276,1.21306,1.21066,1.21115,16062.0
2023-10-25 21:00:00,1.21115,1.21138,1.20877,1.20906,6511.0
2023-10-26 01:00:00,1.20906,1.20996,1.20768,1.208,11940.0
2023-10-26 05:00:00,1.208,1.20962,1.20695,1.20794,17436.0
2023-10-26 09:00:00,1.20794,1.21248,1.20744,1.21248,21997.0
2023-10-26 13:00:00,1.21248,1.21338,1.2098,1.21046,29773.0
2023-10-26 17:00:00,1.21046,1.21396,1.2104,1.21286,15341.0
2023-10-26 21:00:00,1.21286,1.21392,1.21264,1.21273,6449.0
2023-10-27 01:00:00,1.21273,1.21394,1.21225,1.21378,9820.0
2023-10-27 05:00:00,1.21378,1.21417,1.21118,1.21282,17333.0
2023-10-27 09:00:00,1.21282,1.21476,1.21056,1.21311,19440.0
2023-10-27 13:00:00,1.21311,1.2163,1.21242,1.2132,29813.0
2023-10-27 17:00:00,1.2132,1.21322,1.21106,1.21212,19510.0
2023-10-29 21:00:00,1.21212,1.21292,1.21062,1.21105,6013.0
2023-10-30 01:00:00,1.21105,1.21218,1.21068,1.21164,8098.0
2023-10-30 05:00:00,1.21164,1.21334,1.20903,1.21047,13193.0
2023-10-30 09:00:00,1.21047,1.21448,1.21047,1.2143,18180.0
2023-10-30 13:00:00,1.2143,1.2165,1.21201,1.21494,26063.0
2023-10-30 17:00:00,1.21494,1.21746,1.21418,1.21691,10319.0
2023-10-30 21:00:00,1.21691,1.21695,1.2157,1.216,5214.0
2023-10-31 01:00:00,1.216,1.21606,1.2137,1.21406,14308.0
2023-10-31 05:00:00,1.21406,1.2174,1.2139,1.21722,16897.0
2023-10-31 09:00:00,1.21722,1.22008,1.21559,1.2159,22118.0
2023-10-31 13:00:00,1.2159,1.21594,1.21196,1.2134,31328.0
2023-10-31 17:00:00,1.2134,1.21556,1.2133,1.21477,14185.0
2023-10-31 21:00:00,1.21477,1.21546,1.21342,1.21392,5485.0
2023-11-01 01:00:00,1.21392,1.21487,1.21341,1.21378,10426.0
2023-11-01 05:00:00,1.21378,1.21612,1.21317,1.21442,14796.0
2023-11-01 09:00:00,1.21442,1.21545,1.21196,1.21222,23668.0
2023-11-01 13:00:00,1.21222,1.21646,1.20958,1.21218,34634.0
2023-11-01 17:00:00,1.21218,1.21567,1.20974,1.21511,33233.0
2023-11-01 21:00:00,1.21511,1.21939,1.21382,1.21939,8199.0
2023-11-02 01:00:00,1.21939,1.21964,1.21778,1.2178,10308.0
2023-11-02 05:00:00,1.2178,1.21856,1.21553,1.21639,15502.0
2023-11-02 09:00:00,1.21639,1.22258,1.21574,1.22156,26346.0
2023-11-02 13:00:00,1.22156,1.22255,1.21676,1.21793,31178.0
2023-11-02 17:00:00,1.21793,1.22096,1.21776,1.22042,14250.0
2023-11-02 21:00:00,1.22042,1.22076,1.21848,1.21893,4991.0
2023-11-03 01:00:00,1.21893,1.22045,1.21846,1.22006,8908.0
2023-11-03 05:00:00,1.22006,1.22139,1.2186,1.21939,13560.0
2023-11-03 09:00:00,1.21939,1.23182,1.21908,1.2313,25034.0
2023-11-03 13:00:00,1.2313,1.23865,1.22981,1.23824,40796.0
2023-11-03 17:00:00,1.23824,1.23898,1.23719,1.23795,14037.0
2023-11-05 22:00:00,1.23795,1.23795,1.23651,1.23694,8455.0
2023-11-06 02:00:00,1.23694,1.23817,1.2369,1.23782,9733.0
2023-11-06 06:00:00,1.23782,1.24239,1.23766,1.23983,15896.0
2023-11-06 10:00:00,1.23983,1.24286,1.23829,1.23849,16976.0
2023-11-06 14:00:00,1.23849,1.24012,1.237,1.2371,18403.0
2023-11-06 18:00:00,1.2371,1.23728,1.23384,1.2344,10767.0
2023-11-06 22:00:00,1.2344,1.23482,1.23342,1.23387,6967.0
2023-11-07 02:00:00,1.23387,1.23416,1.23267,1.2334,11669.0
2023-11-07 06:00:00,1.2334,1.23371,1.23018,1.23037,15659.0
2023-11-07 10:00:00,1.23037,1.23128,1.22754,1.23008,18926.0
2023-11-07 14:00:00,1.23008,1.2312,1.22624,1.22719,22923.0
2023-11-07 18:00:00,1.22719,1.2307,1.22696,1.22994,12081.0
2023-11-07 22:00:00,1.22994,1.23023,1.22782,1.22852,7221.0
2023-11-08 02:00:00,1.22852,1.22963,1.2274,1.22752,10683.0
2023-11-08 06:00:00,1.22752,1.22787,1.22418,1.22482,17368.0
2023-11-08 10:00:00,1.22482,1.22688,1.22431,1.22642,17274.0
2023-11-08 14:00:00,1.22642,1.23014,1.22621,1.22923,24881.0
2023-11-08 18:00:00,1.22923,1.23016,1.22814,1.22849,14122.0
2023-11-08 22:00:00,1.22849,1.22926,1.22748,1.22882,7451.0
2023-11-09 02:00:00,1.22882,1.22942,1.22778,1.22782,10247.0
2023-11-09 06:00:00,1.22782,1.23088,1.22696,1.23003,19162.0
2023-11-09 10:00:00,1.23003,1.23049,1.2252,1.2272,18743.0
2023-11-09 14:00:00,1.2272,1.22954,1.2264,1.22666,23576.0
2023-11-09 18:00:00,1.22666,1.22686,1.22128,1.2222,28062.0
2023-11-09 22:00:00,1.2222,1.22283,1.22118,1.22244,8078.0
2023-11-10 02:00:00,1.22244,1.22292,1.22194,1.22264,9126.0
2023-11-10 06:00:00,1.22264,1.22379,1.22065,1.22172,17224.0
2023-11-10 10:00:00,1.22172,1.22303,1.22004,1.22242,19050.0
2023-11-10 14:00:00,1.22242,1.22248,1.21873,1.22168,27283.0
2023-11-10 18:00:00,1.22168,1.22315,1.22127,1.22268,11578.0
2023-11-12 22:00:00,1.22268,1.22369,1.22222,1.22356,6358.0
2023-11-13 02:00:00,1.22356,1.22362,1.22233,1.22302,7741.0
2023-11-13 06:00:00,1.22302,1.22534,1.22282,1.22439,14036.0
2023-11-13 10:00:00,1.22439,1.22557,1.22355,1.22466,14827.0
2023-11-13 14:00:00,1.22466,1.22772,1.22296,1.22683,21249.0
2023-11-13 18:00:00,1.22683,1.22804,1.22618,1.22792,9240.0
2023-11-13 22:00:00,1.22792,1.22808,1.227,1.22732,5869.0
2023-11-14 02:00:00,1.22732,1.22764,1.22654,1.22692,8258.0
2023-11-14 06:00:00,1.22692,1.23034,1.22684,1.23021,16479.0
2023-11-14 10:00:00,1.23021,1.24072,1.22761,1.24012,23915.0
2023-11-14 14:00:00,1.24012,1.2493,1.24008,1.24927,37437.0
2023-11-14 18:00:00,1.24927,1.25058,1.24838,1.2498,10717.0
2023-11-14 22:00:00,1.2498,1.25,1.24792,1.24848,8867.0
2023-11-15 02:00:00,1.24848,1.24977,1.24804,1.2489,10162.0
2023-11-15 06:00:00,1.2489,1.2499,1.24535,1.2463,21381.0
2023-11-15 10:00:00,1.2463,1.24806,1.24255,1.24426,23420.0
2023-11-15 14:00:00,1.24426,1.24542,1.24039,1.2423,31050.0
2023-11-15 18:00:00,1.2423,1.24232,1.24069,1.24164,11692.0
2023-11-15 22:00:00,1.24164,1.24242,1.24004,1.24034,7285.0
2023-11-16 02:00:00,1.24034,1.24042,1.23802,1.23953,8694.0
2023-11-16 06:00:00,1.23953,1.24138,1.23763,1.24011,17891.0
2023-11-16 10:00:00,1.24011,1.24416,1.2382,1.24413,21409.0
2023-11-16 14:00:00,1.24413,1.2456,1.24108,1.24254,30768.0
2023-11-16 18:00:00,1.24254,1.24314,1.2406,1.2415,10422.0
2023-11-16 22:00:00,1.2415,1.24226,1.24087,1.24132,6705.0
2023-11-17 02:00:00,1.24132,1.24164,1.2404,1.24144,8897.0
2023-11-17 06:00:00,1.24144,1.24187,1.2374,1.241,21303.0
2023-11-17 10:00:00,1.241,1.24402,1.24083,1.24214,23052.0
2023-11-17 14:00:00,1.24214,1.24374,1.24052,1.24358,27952.0
2023-11-17 18:00:00,1.24358,1.24649,1.24333,1.24622,10863.0
2023-11-19 22:00:00,1.24622,1.24696,1.24462,1.24686,9930.0
2023-11-20 02:00:00,1.24686,1.24957,1.24665,1.24803,12477.0
2023-11-20 06:00:00,1.24803,1.25102,1.24712,1.251,20685.0
2023-11-20 10:00:00,1.251,1.251,1.24612,1.24732,18186.0
2023-11-20 14:00:00,1.24732,1.25176,1.24621,1.25005,20190.0
2023-11-20 18:00:00,1.25005,1.25174,1.24984,1.2504,10860.0
2023-11-20 22:00:00,1.2504,1.25248,1.25007,1.25174,8802.0
2023-11-21 02:00:00,1.25174,1.25402,1.25128,1.25264,11464.0
2023-11-21 06:00:00,1.25264,1.25412,1.25199,1.25312,19675.0
2023-11-21 10:00:00,1.25312,1.25592,1.2527,1.25396,19045.0
2023-11-21 14:00:00,1.25396,1.25542,1.25268,1.25469,26055.0
2023-11-21 18:00:00,1.25469,1.25475,1.25176,1.25376,13887.0
2023-11-21 22:00:00,1.25376,1.25497,1.25308,1.25354,7744.0
2023-11-22 02:00:00,1.25354,1.25442,1.2524,1.25256,8515.0
2023-11-22 06:00:00,1.25256,1.25376,1.25068,1.25295,19808.0
2023-11-22 10:00:00,1.25295,1.25487,1.25091,1.25151,24562.0
2023-11-22 14:00:00,1.25151,1.25174,1.24492,1.2479,30373.0
2023-11-22 18:00:00,1.2479,1.24972,1.24783,1.24943,10814.0
2023-11-22 22:00:00,1.24943,1.2497,1.2489,1.2496,6381.0
2023-11-23 02:00:00,1.2496,1.2513,1.24951,1.25118,8533.0
2023-11-23 06:00:00,1.25118,1.25723,1.25014,1.25584,21093.0
2023-11-23 10:00:00,1.25584,1.25629,1.25328,1.25372,14956.0
2023-11-23 14:00:00,1.25372,1.25435,1.25252,1.25316,10524.0
2023-11-23 18:00:00,1.25316,1.2538,1.25308,1.25356,2181.0
2023-11-23 22:00:00,1.25356,1.2545,1.25303,1.25326,6823.0
2023-11-24 02:00:00,1.25326,1.2546,1.25246,1.25455,8117.0
2023-11-24 06:00:00,1.25455,1.25662,1.25262,1.25496,15659.0
2023-11-24 10:00:00,1.25496,1.25798,1.25461,1.25774,16168.0
2023-11-24 14:00:00,1.25774,1.26155,1.25756,1.26076,18557.0
2023-11-24 18:00:00,1.26076,1.26122,1.2598,1.26032,12763.0
2023-11-26 22:00:00,1.26032,1.26104,1.25912,1.26036,7991.0
2023-11-27 02:00:00,1.26036,1.2613,1.25908,1.26108,9604.0
2023-11-27 06:00:00,1.26108,1.26272,1.2604,1.26088,16708.0
2023-11-27 10:00:00,1.26088,1.26443,1.26022,1.26254,17967.0
2023-11-27 14:00:00,1.26254,1.2629,1.26008,1.26036,24234.0
2023-11-27 18:00:00,1.26036,1.26338,1.26018,1.26286,9904.0
2023-11-27 22:00:00,1.26286,1.26418,1.26256,1.26347,8306.0
2023-11-28 02:00:00,1.26347,1.26418,1.2622,1.26256,9535.0
2023-11-28 06:00:00,1.26256,1.26332,1.26068,1.26284,17711.0
2023-11-28 10:00:00,1.26284,1.26486,1.26081,1.26425,19116.0
2023-11-28 14:00:00,1.26425,1.27152,1.26357,1.26924,36244.0
2023-11-28 18:00:00,1.26924,1.27016,1.2673,1.26974,14748.0
2023-11-28 22:00:00,1.26974,1.27334,1.26927,1.27188,11113.0
2023-11-29 02:00:00,1.27188,1.27228,1.27061,1.27133,12508.0
2023-11-29 06:00:00,1.27133,1.27219,1.26738,1.26806,22197.0
2023-11-29 10:00:00,1.26806,1.2709,1.26742,1.26862,24719.0
2023-11-29 14:00:00,1.26862,1.27112,1.26648,1.26978,28333.0
2023-11-29 18:00:00,1.26978,1.27275,1.26904,1.2695,11826.0
2023-11-29 22:00:00,1.2695,1.27052,1.26905,1.2693,8156.0
2023-11-30 02:00:00,1.2693,1.2706,1.26908,1.26988,9959.0
2023-11-30 06:00:00,1.26988,1.27108,1.26484,1.26489,21296.0
2023-11-30 10:00:00,1.26489,1.26794,1.26226,1.26255,25705.0
2023-11-30 14:00:00,1.26255,1.2664,1.26034,1.262,40185.0
2023-11-30 18:00:00,1.262,1.26374,1.26124,1.26244,14611.0
2023-11-30 22:00:00,1.26244,1.26554,1.26169,1.26532,9663.0
2023-12-01 02:00:00,1.26532,1.26565,1.26332,1.26444,10386.0
2023-12-01 06:00:00,1.26444,1.2675,1.26291,1.2668,19378.0
2023-12-01 10:00:00,1.2668,1.26682,1.26274,1.26294,19861.0
2023-12-01 14:00:00,1.26294,1.26964,1.2614,1.26948,42326.0
2023-12-01 18:00:00,1.26948,1.27162,1.26922,1.27106,15824.0
2023-12-03 22:00:00,1.27106,1.27246,1.26675,1.26766,15771.0
2023-12-04 02:00:00,1.26766,1.2687,1.26717,1.26776,11560.0
2023-12-04 06:00:00,1.26776,1.26856,1.26566,1.26742,22730.0
2023-12-04 10:00:00,1.26742,1.26876,1.26528,1.26568,21802.0
2023-12-04 14:00:00,1.26568,1.26575,1.26038,1.26224,35051.0
2023-12-04 18:00:00,1.26224,1.26346,1.26053,1.26324,11279.0
2023-12-04 22:00:00,1.26324,1.26446,1.26284,1.26362,9687.0
2023-12-05 02:00:00,1.26362,1.26416,1.26278,1.26392,11265.0
2023-12-05 06:00:00,1.26392,1.26396,1.26062,1.26316,23477.0
2023-12-05 10:00:00,1.26316,1.26456,1.26165,1.26362,23392.0
2023-12-05 14:00:00,1.26362,1.26522,1.25822,1.25952,41282.0
2023-12-05 18:00:00,1.25952,1.25968,1.25774,1.25954,12756.0
2023-12-05 22:00:00,1.25954,1.26082,1.25906,1.26024,8556.0
2023-12-06 02:00:00,1.26024,1.26138,1.26,1.26113,9705.0
2023-12-06 06:00:00,1.26113,1.26114,1.25912,1.26,19478.0
2023-12-06 10:00:00,1.26,1.26096,1.25817,1.25988,24830.0
2023-12-06 14:00:00,1.25988,1.26046,1.25764,1.2581,27665.0
2023-12-06 18:00:00,1.2581,1.25836,1.25518,1.25598,10879.0
2023-12-06 22:00:00,1.25598,1.25649,1.25534,1.25593,8074.0
2023-12-07 02:00:00,1.25593,1.2562,1.25444,1.255,11824.0
2023-12-07 06:00:00,1.255,1.25894,1.25464,1.25863,23631.0
2023-12-07 10:00:00,1.25863,1.2594,1.25518,1.25834,27787.0
2023-12-07 14:00:00,1.25834,1.26128,1.25456,1.2603,36673.0
2023-12-07 18:00:00,1.2603,1.2603,1.25834,1.25922,14992.0
2023-12-07 22:00:00,1.25922,1.26016,1.25842,1.25906,13968.0
2023-12-08 02:00:00,1.25906,1.25984,1.25864,1.25876,15265.0
2023-12-08 06:00:00,1.25876,1.25899,1.25546,1.25571,22198.0
2023-12-08 10:00:00,1.25571,1.2587,1.25117,1.25455,29009.0
2023-12-08 14:00:00,1.25455,1.25626,1.25023,1.25456,39162.0
2023-12-08 18:00:00,1.25456,1.25558,1.25432,1.25489,13644.0
2023-12-10 22:00:00,1.25489,1.25587,1.25337,1.25459,10832.0
2023-12-11 02:00:00,1.25459,1.2547,1.25349,1.2542,9709.0
2023-12-11 06:00:00,1.2542,1.25608,1.25351,1.2554,18063.0
2023-12-11 10:00:00,1.2554,1.25908,1.25537,1.25811,18015.0
2023-12-11 14:00:00,1.25811,1.2582,1.25398,1.25404,22635.0
2023-12-11 18:00:00,1.25404,1.25678,1.25382,1.25563,10175.0
2023-12-11 22:00:00,1.25563,1.25696,1.2552,1.25654,6764.0
2023-12-12 02:00:00,1.25654,1.2584,1.25634,1.2576,9738.0
2023-12-12 06:00:00,1.2576,1.25842,1.25424,1.25654,17499.0
2023-12-12 10:00:00,1.25654,1.26161,1.25392,1.25433,27264.0
2023-12-12 14:00:00,1.25433,1.25716,1.2514,1.25452,31999.0
2023-12-12 18:00:00,1.25452,1.2572,1.2543,1.25628,13220.0
2023-12-12 22:00:00,1.25628,1.25713,1.25548,1.25592,8295.0
2023-12-13 02:00:00,1.25592,1.25605,1.25484,1.25572,11304.0
2023-12-13 06:00:00,1.25572,1.25586,1.25174,1.25262,18013.0
2023-12-13 10:00:00,1.25262,1.2549,1.25094,1.25394,18366.0
2023-12-13 14:00:00,1.25394,1.25476,1.25055,1.2508,22569.0
2023-12-13 18:00:00,1.2508,1.26348,1.25002,1.26182,43058.0
2023-12-13 22:00:00,1.26182,1.2642,1.26163,1.26408,14323.0
2023-12-14 02:00:00,1.26408,1.26528,1.26294,1.26358,21170.0
2023-12-14 06:00:00,1.26358,1.26712,1.26121,1.26676,29955.0
2023-12-14 10:00:00,1.26676,1.27332,1.2652,1.27274,37617.0
2023-12-14 14:00:00,1.27274,1.27944,1.2703,1.27842,41610.0
2023-12-14 18:00:00,1.27842,1.27842,1.27482,1.27643,15692.0
2023-12-14 22:00:00,1.27643,1.27722,1.27472,1.2755,10456.0
2023-12-15 02:00:00,1.2755,1.27742,1.2755,1.27592,16267.0
2023-12-15 06:00:00,1.27592,1.27764,1.27402,1.27746,25661.0
2023-12-15 10:00:00,1.27746,1.2791,1.26994,1.27112,26821.0
2023-12-15 14:00:00,1.27112,1.27301,1.26851,1.27052,34691.0
2023-12-15 18:00:00,1.27052,1.27054,1.26686,1.26766,16967.0
2023-12-17 22:00:00,1.26766,1.26847,1.26642,1.26816,9882.0
2023-12-18 02:00:00,1.26816,1.26998,1.26816,1.26934,12761.0
2023-12-18 06:00:00,1.26934,1.27041,1.26655,1.26671,17926.0
2023-12-18 10:00:00,1.26671,1.26788,1.26457,1.2667,20231.0
2023-12-18 14:00:00,1.2667,1.26706,1.26289,1.26528,22985.0
2023-12-18 18:00:00,1.26528,1.26531,1.26338,1.26477,11607.0
2023-12-18 22:00:00,1.26477,1.26632,1.26404,1.26528,8425.0
2023-12-19 02:00:00,1.26528,1.26647,1.26502,1.26582,14007.0
2023-12-19 06:00:00,1.26582,1.27015,1.26514,1.26992,21850.0
2023-12-19 10:00:00,1.26992,1.27466,1.26935,1.27433,20893.0
2023-12-19 14:00:00,1.27433,1.27619,1.27256,1.27355,25552.0
2023-12-19 18:00:00,1.27355,1.27388,1.27162,1.2732,11790.0
2023-12-19 22:00:00,1.2732,1.27357,1.27158,1.27195,9161.0
2023-12-20 02:00:00,1.27195,1.27258,1.27174,1.2722,9869.0
2023-12-20 06:00:00,1.2722,1.27222,1.26476,1.26784,23022.0
2023-12-20 10:00:00,1.26784,1.26795,1.26298,1.26613,20133.0
2023-12-20 14:00:00,1.26613,1.26828,1.26526,1.26702,24602.0
2023-12-20 18:00:00,1.26702,1.2674,1.26251,1.26404,19915.0
2023-12-20 22:00:00,1.26404,1.2652,1.26322,1.26424,9064.0
2023-12-21 02:00:00,1.26424,1.26514,1.26304,1.26498,13004.0
2023-12-21 06:00:00,1.26498,1.26498,1.26123,1.26315,18123.0
2023-12-21 10:00:00,1.26315,1.2696,1.26217,1.26812,25204.0
2023-12-21 14:00:00,1.26812,1.26907,1.26432,1.26644,36276.0
2023-12-21 18:00:00,1.26644,1.26926,1.26588,1.2691,17774.0
2023-12-21 22:00:00,1.2691,1.26924,1.26793,1.26811,10908.0
2023-12-22 02:00:00,1.26811,1.26917,1.268,1.26858,14439.0
2023-12-22 06:00:00,1.26858,1.27152,1.26818,1.26866,22262.0
2023-12-22 10:00:00,1.26866,1.27438,1.26864,1.27354,27279.0
2023-12-22 14:00:00,1.27354,1.27443,1.26982,1.27093,30001.0
2023-12-22 18:00:00,1.27093,1.27104,1.26902,1.26983,15816.0
2023-12-25 22:00:00,1.26983,1.2712,1.26892,1.27062,5535.0
2023-12-26 02:00:00,1.27062,1.27132,1.27021,1.27058,8406.0
2023-12-26 06:00:00,1.27058,1.27082,1.26866,1.26911,11113.0
2023-12-26 10:00:00,1.26911,1.27122,1.26846,1.27042,15858.0
2023-12-26 14:00:00,1.27042,1.27204,1.27017,1.27066,16083.0
2023-12-26 18:00:00,1.27066,1.27304,1.27052,1.27244,11755.0
2023-12-26 22:00:00,1.27244,1.27304,1.27164,1.27251,7081.0
2023-12-27 02:00:00,1.27251,1.27328,1.272,1.27326,8218.0
2023-12-27 06:00:00,1.27326,1.27354,1.26988,1.27202,14828.0
2023-12-27 10:00:00,1.27202,1.27596,1.27104,1.27548,14835.0
2023-12-27 14:00:00,1.27548,1.28026,1.2744,1.27898,21569.0
2023-12-27 18:00:00,1.27898,1.28022,1.27836,1.27995,13095.0
2023-12-27 22:00:00,1.27995,1.2814,1.27936,1.28129,7464.0
2023-12-28 02:00:00,1.28129,1.28166,1.28015,1.28093,9205.0
2023-12-28 06:00:00,1.28093,1.2828,1.2791,1.27944,18855.0
2023-12-28 10:00:00,1.27944,1.28055,1.27384,1.27418,20135.0
2023-12-28 14:00:00,1.27418,1.27752,1.27286,1.27394,24657.0
2023-12-28 18:00:00,1.27394,1.27399,1.27126,1.27306,13097.0
2023-12-28 22:00:00,1.27306,1.27472,1.2727,1.27368,8929.0
2023-12-29 02:00:00,1.27368,1.2764,1.27328,1.27628,9212.0
2023-12-29 06:00:00,1.27628,1.27728,1.27004,1.27058,15778.0
2023-12-29 10:00:00,1.27058,1.27496,1.27042,1.27208,19147.0
2023-12-29 14:00:00,1.27208,1.27672,1.2701,1.27628,30199.0
2023-12-29 18:00:00,1.27628,1.27628,1.27294,1.27314,15389.0
2024-01-01 22:00:00,1.27314,1.27356,1.27204,1.2721,9653.0
2024-01-02 02:00:00,1.2721,1.27414,1.271,1.2737,10972.0
2024-01-02 06:00:00,1.2737,1.276,1.27172,1.27175,25175.0
2024-01-02 10:00:00,1.27175,1.27189,1.26216,1.263,30085.0
2024-01-02 14:00:00,1.263,1.26448,1.26108,1.2633,35285.0
2024-01-02 18:00:00,1.2633,1.2635,1.2616,1.26188,13723.0
2024-01-02 22:00:00,1.26188,1.2634,1.26163,1.2629,7687.0
2024-01-03 02:00:00,1.2629,1.26418,1.26264,1.26308,12974.0
2024-01-03 06:00:00,1.26308,1.26527,1.26244,1.26282,24425.0
2024-01-03 10:00:00,1.26282,1.26432,1.26183,1.26298,26166.0
2024-01-03 14:00:00,1.26298,1.26566,1.26157,1.2645,38490.0
2024-01-03 18:00:00,1.2645,1.26766,1.26306,1.26644,26348.0
2024-01-03 22:00:00,1.26644,1.26742,1.26602,1.26624,10942.0
2024-01-04 02:00:00,1.26624,1.26762,1.2657,1.26652,14403.0
2024-01-04 06:00:00,1.26652,1.27247,1.26649,1.27202,25729.0
2024-01-04 10:00:00,1.27202,1.27299,1.26705,1.26733,26259.0
2024-01-04 14:00:00,1.26733,1.2711,1.26647,1.26836,31846.0
2024-01-04 18:00:00,1.26836,1.26876,1.2674,1.26828,13409.0
2024-01-04 22:00:00,1.26828,1.26956,1.26798,1.26936,10545.0
2024-01-05 02:00:00,1.26936,1.26964,1.26741,1.26744,12812.0
2024-01-05 06:00:00,1.26744,1.26891,1.26572,1.266,22821.0
2024-01-05 10:00:00,1.266,1.26714,1.26116,1.26578,29971.0
2024-01-05 14:00:00,1.26578,1.27712,1.2655,1.27236,51478.0
2024-01-05 18:00:00,1.27236,1.27394,1.27102,1.27193,19737.0
2024-01-07 22:00:00,1.27193,1.27302,1.27089,1.27212,6835.0
2024-01-08 02:00:00,1.27212,1.27213,1.26984,1.27037,10258.0
2024-01-08 06:00:00,1.27037,1.27202,1.26734,1.26949,20903.0
2024-01-08 10:00:00,1.26949,1.27216,1.26932,1.27119,21525.0
2024-01-08 14:00:00,1.27119,1.2767,1.27092,1.2755,26284.0
2024-01-08 18:00:00,1.2755,1.27606,1.274,1.27486,12205.0
2024-01-08 22:00:00,1.27486,1.2761,1.27406,1.27605,9955.0
2024-01-09 02:00:00,1.27605,1.27652,1.2738,1.27437,12685.0
2024-01-09 06:00:00,1.27437,1.2751,1.27244,1.27344,18618.0
2024-01-09 10:00:00,1.27344,1.27385,1.27072,1.27254,21918.0
2024-01-09 14:00:00,1.27254,1.27316,1.26893,1.27106,28589.0
2024-01-09 18:00:00,1.27106,1.27176,1.2692,1.27096,14693.0
2024-01-09 22:00:00,1.27096,1.27181,1.27051,1.2711,8158.0
2024-01-10 02:00:00,1.2711,1.2713,1.26974,1.2702,9814.0
2024-01-10 06:00:00,1.2702,1.27288,1.26863,1.27258,19459.0
2024-01-10 10:00:00,1.27258,1.27364,1.2718,1.27245,18385.0
2024-01-10 14:00:00,1.27245,1.27412,1.27133,1.27336,23490.0
2024-01-10 18:00:00,1.27336,1.27442,1.27277,1.2742,14014.0
2024-01-10 22:00:00,1.2742,1.27616,1.27333,1.27606,8438.0
2024-01-11 02:00:00,1.27606,1.27713,1.27581,1.27636,12896.0
2024-01-11 06:00:00,1.27636,1.27744,1.27387,1.27397,18525.0
2024-01-11 10:00:00,1.27397,1.27812,1.27027,1.27108,31399.0
2024-01-11 14:00:00,1.27108,1.2754,1.26902,1.27206,56287.0
2024-01-11 18:00:00,1.27206,1.27668,1.27192,1.27628,25326.0
2024-01-11 22:00:00,1.27628,1.27817,1.27568,1.27806,12074.0
2024-01-12 02:00:00,1.27806,1.27848,1.27683,1.27729,15006.0
2024-01-12 06:00:00,1.27729,1.27794,1.27499,1.27526,19658.0
2024-01-12 10:00:00,1.27526,1.27683,1.27195,1.27552,27753.0
2024-01-12 14:00:00,1.27552,1.27858,1.27325,1.27395,41769.0
2024-01-12 18:00:00,1.27395,1.27566,1.27354,1.27528,18529.0
2024-01-14 22:00:00,1.27528,1.27528,1.27286,1.2742,10456.0
2024-01-15 02:00:00,1.2742,1.27652,1.2742,1.27529,10552.0
2024-01-15 06:00:00,1.27529,1.27604,1.27186,1.27261,18073.0
2024-01-15 10:00:00,1.27261,1.27394,1.27132,1.2728,18452.0
2024-01-15 14:00:00,1.2728,1.27386,1.2713,1.27295,14028.0
2024-01-15 18:00:00,1.27295,1.27319,1.27262,1.27282,2193.0
2024-01-15 22:00:00,1.27282,1.27328,1.26791,1.26952,12924.0
2024-01-16 02:00:00,1.26952,1.26952,1.26767,1.26807,13487.0
2024-01-16 06:00:00,1.26807,1.26872,1.26353,1.26409,26053.0
2024-01-16 10:00:00,1.26409,1.26728,1.26204,1.26425,28052.0
2024-01-16 14:00:00,1.26425,1.26793,1.26246,1.2625,43787.0
2024-01-16 18:00:00,1.2625,1.26406,1.26194,1.26348,16543.0
2024-01-16 22:00:00,1.26348,1.26434,1.26323,1.26356,10423.0
2024-01-17 02:00:00,1.26356,1.2644,1.26062,1.26102,13746.0
2024-01-17 06:00:00,1.26102,1.26839,1.25965,1.26806,31176.0
2024-01-17 10:00:00,1.26806,1.26962,1.2642,1.26508,27931.0
2024-01-17 14:00:00,1.26508,1.26824,1.26386,1.26785,34011.0
2024-01-17 18:00:00,1.26785,1.26868,1.26625,1.268,17313.0
2024-01-17 22:00:00,1.268,1.2692,1.26714,1.26894,13156.0
2024-01-18 02:00:00,1.26894,1.26958,1.2678,1.26873,16350.0
2024-01-18 06:00:00,1.26873,1.27041,1.26738,1.2674,23990.0
2024-01-18 10:00:00,1.2674,1.26958,1.26505,1.26524,26514.0
2024-01-18 14:00:00,1.26524,1.26919,1.26482,1.26813,38074.0
2024-01-18 18:00:00,1.26813,1.27084,1.26768,1.27066,16886.0
2024-01-18 22:00:00,1.27066,1.27125,1.27002,1.27074,10068.0
2024-01-19 02:00:00,1.27074,1.27148,1.26964,1.2699,11056.0
2024-01-19 06:00:00,1.2699,1.27012,1.26657,1.2684,22664.0
2024-01-19 10:00:00,1.2684,1.26908,1.26701,1.26742,21333.0
2024-01-19 14:00:00,1.26742,1.26885,1.26612,1.2688,32609.0
2024-01-19 18:00:00,1.2688,1.27055,1.26824,1.27037,14430.0
2024-01-21 22:00:00,1.27037,1.27131,1.26885,1.27092,11760.0
2024-01-22 02:00:00,1.27092,1.27193,1.27072,1.2719,10438.0
2024-01-22 06:00:00,1.2719,1.27246,1.26868,1.27048,18814.0
2024-01-22 10:00:00,1.27048,1.27319,1.26984,1.2727,18429.0
2024-01-22 14:00:00,1.2727,1.2733,1.27088,1.27212,23412.0
2024-01-22 18:00:00,1.27212,1.27217,1.2698,1.27082,12850.0
2024-01-22 22:00:00,1.27082,1.27216,1.27046,1.27208,7873.0
2024-01-23 02:00:00,1.27208,1.27388,1.27154,1.27374,15284.0
2024-01-23 06:00:00,1.27374,1.27473,1.27202,1.27285,22967.0
2024-01-23 10:00:00,1.27285,1.27288,1.27,1.27082,20748.0
2024-01-23 14:00:00,1.27082,1.27082,1.26492,1.26578,24572.0
2024-01-23 18:00:00,1.26578,1.26919,1.2657,1.26873,12470.0
2024-01-23 22:00:00,1.26873,1.26984,1.268,1.26928,13418.0
2024-01-24 02:00:00,1.26928,1.27044,1.26858,1.27024,11061.0
2024-01-24 06:00:00,1.27024,1.27734,1.26998,1.27647,22537.0
2024-01-24 10:00:00,1.27647,1.27712,1.27284,1.27668,22426.0
2024-01-24 14:00:00,1.27668,1.27748,1.27338,1.2748,35123.0
2024-01-24 18:00:00,1.2748,1.27508,1.27136,1.27242,16578.0
2024-01-24 22:00:00,1.27242,1.27282,1.27036,1.2712,10060.0
2024-01-25 02:00:00,1.2712,1.27174,1.27075,1.27105,11770.0
2024-01-25 06:00:00,1.27105,1.2737,1.27088,1.27264,19830.0
2024-01-25 10:00:00,1.27264,1.27426,1.26976,1.27364,26691.0
2024-01-25 14:00:00,1.27364,1.27364,1.26816,1.26906,39371.0
2024-01-25 18:00:00,1.26906,1.27121,1.2686,1.27086,15929.0
2024-01-25 22:00:00,1.27086,1.27122,1.27008,1.27088,6991.0
2024-01-26 02:00:00,1.27088,1.27162,1.27022,1.27061,8909.0
2024-01-26 06:00:00,1.27061,1.27218,1.26756,1.27144,20283.0
2024-01-26 10:00:00,1.27144,1.27586,1.27144,1.27488,23677.0
2024-01-26 14:00:00,1.27488,1.27547,1.27063,1.27134,27138.0
2024-01-26 18:00:00,1.27134,1.27152,1.26987,1.27022,11390.0
2024-01-28 22:00:00,1.27022,1.27059,1.2691,1.27004,10416.0
2024-01-29 02:00:00,1.27004,1.2708,1.26948,1.2702,11200.0
2024-01-29 06:00:00,1.2702,1.2719,1.26987,1.27037,18456.0
2024-01-29 10:00:00,1.27037,1.2713,1.26832,1.26934,18359.0
2024-01-29 14:00:00,1.26934,1.2696,1.26622,1.26832,21160.0
2024-01-29 18:00:00,1.26832,1.27174,1.26767,1.27096,13357.0
2024-01-29 22:00:00,1.27096,1.27212,1.27053,1.2711,9625.0
2024-01-30 02:00:00,1.2711,1.27138,1.27038,1.27058,10529.0
2024-01-30 06:00:00,1.27058,1.27088,1.26714,1.2681,20383.0
2024-01-30 10:00:00,1.2681,1.26838,1.26626,1.26752,18917.0
2024-01-30 14:00:00,1.26752,1.26892,1.26402,1.26809,28361.0
2024-01-30 18:00:00,1.26809,1.27,1.26736,1.26994,12721.0
2024-01-30 22:00:00,1.26994,1.27008,1.26844,1.26845,9489.0
2024-01-31 02:00:00,1.26845,1.26845,1.26729,1.26777,11924.0
2024-01-31 06:00:00,1.26777,1.26974,1.26668,1.267,21056.0
2024-01-31 10:00:00,1.267,1.27128,1.26672,1.27054,22088.0
2024-01-31 14:00:00,1.27054,1.27508,1.27004,1.27182,37177.0
2024-01-31 18:00:00,1.27182,1.27394,1.26582,1.26875,44860.0
2024-01-31 22:00:00,1.26875,1.2689,1.26743,1.26794,11678.0
2024-02-01 02:00:00,1.26794,1.26981,1.26678,1.2668,13882.0
2024-02-01 06:00:00,1.2668,1.26742,1.26422,1.2656,22569.0
2024-02-01 10:00:00,1.2656,1.26858,1.26252,1.2659,26238.0
2024-02-01 14:00:00,1.2659,1.27399,1.2641,1.27365,38957.0
2024-02-01 18:00:00,1.27365,1.27558,1.27282,1.27428,17816.0
2024-02-01 22:00:00,1.27428,1.27549,1.27418,1.2746,8079.0
2024-02-02 02:00:00,1.2746,1.27546,1.27432,1.27496,11908.0
2024-02-02 06:00:00,1.27496,1.27678,1.27422,1.27574,18782.0
2024-02-02 10:00:00,1.27574,1.27724,1.26686,1.26716,25493.0
2024-02-02 14:00:00,1.26716,1.26737,1.26141,1.26186,37989.0
2024-02-02 18:00:00,1.26186,1.2644,1.26156,1.26338,17181.0
2024-02-04 22:00:00,1.26338,1.26388,1.25988,1.26112,14604.0
2024-02-05 02:00:00,1.26112,1.26141,1.25992,1.26117,15758.0
2024-02-05 06:00:00,1.26117,1.26296,1.26004,1.26012,20018.0
2024-02-05 10:00:00,1.26012,1.26034,1.25498,1.25526,19029.0
2024-02-05 14:00:00,1.25526,1.2562,1.25184,1.25358,26560.0
2024-02-05 18:00:00,1.25358,1.2544,1.25262,1.25356,11824.0
2024-02-05 22:00:00,1.25356,1.25483,1.25322,1.2547,6917.0
2024-02-06 02:00:00,1.2547,1.2557,1.25394,1.25526,14208.0
2024-02-06 06:00:00,1.25526,1.25655,1.25402,1.25424,20612.0
2024-02-06 10:00:00,1.25424,1.2572,1.25364,1.2564,20986.0
2024-02-06 14:00:00,1.2564,1.25998,1.25582,1.25951,29477.0
2024-02-06 18:00:00,1.25951,1.26034,1.25873,1.25978,15441.0
2024-02-06 22:00:00,1.25978,1.2613,1.25945,1.26106,9111.0
2024-02-07 02:00:00,1.26106,1.26122,1.25982,1.26057,12998.0
2024-02-07 06:00:00,1.26057,1.26376,1.25992,1.26331,20131.0
2024-02-07 10:00:00,1.26331,1.26399,1.26204,1.26253,17621.0
2024-02-07 14:00:00,1.26253,1.26422,1.26166,1.26233,30273.0
2024-02-07 18:00:00,1.26233,1.26344,1.26201,1.26284,13790.0
2024-02-07 22:00:00,1.26284,1.26364,1.2625,1.26336,9503.0
2024-02-08 02:00:00,1.26336,1.2639,1.26268,1.26306,13447.0
2024-02-08 06:00:00,1.26306,1.26368,1.26128,1.26306,19545.0
2024-02-08 10:00:00,1.26306,1.26346,1.25718,1.2581,22555.0
2024-02-08 14:00:00,1.2581,1.26228,1.25782,1.26174,24017.0
2024-02-08 18:00:00,1.26174,1.26296,1.26116,1.26185,14708.0
2024-02-08 22:00:00,1.26185,1.26218,1.26134,1.26188,8179.0
2024-02-09 02:00:00,1.26188,1.26226,1.26116,1.26146,9526.0
2024-02-09 06:00:00,1.26146,1.26348,1.26064,1.2611,17830.0
2024-02-09 10:00:00,1.2611,1.26354,1.2599,1.26205,23674.0
2024-02-09 14:00:00,1.26205,1.26432,1.26158,1.26301,24957.0
2024-02-09 18:00:00,1.26301,1.26376,1.26253,1.263,9743.0
2024-02-11 22:00:00,1.263,1.2644,1.26261,1.26362,8237.0
2024-02-12 02:00:00,1.26362,1.2638,1.26266,1.26294,5447.0
2024-02-12 06:00:00,1.26294,1.26548,1.26178,1.26213,17256.0
2024-02-12 10:00:00,1.26213,1.26258,1.26062,1.26096,17155.0
2024-02-12 14:00:00,1.26096,1.26398,1.26095,1.26396,18592.0
2024-02-12 18:00:00,1.26396,1.26405,1.26211,1.26282,12866.0
2024-02-12 22:00:00,1.26282,1.26314,1.26184,1.26208,6267.0
2024-02-13 02:00:00,1.26208,1.26209,1.26091,1.26151,8328.0
2024-02-13 06:00:00,1.26151,1.2656,1.26147,1.26546,18572.0
2024-02-13 10:00:00,1.26546,1.26922,1.25898,1.25928,26856.0
2024-02-13 14:00:00,1.25928,1.26084,1.25756,1.26,34066.0
2024-02-13 18:00:00,1.26,1.26032,1.25733,1.25926,14699.0
2024-02-13 22:00:00,1.25926,1.25992,1.25846,1.2597,9321.0
2024-02-14 02:00:00,1.2597,1.26052,1.25925,1.26028,13149.0
2024-02-14 06:00:00,1.26028,1.26112,1.2536,1.25394,24653.0
2024-02-14 10:00:00,1.25394,1.25681,1.25354,1.25573,20716.0
2024-02-14 14:00:00,1.25573,1.25655,1.25397,1.25644,27593.0
2024-02-14 18:00:00,1.25644,1.25706,1.2557,1.2566,14237.0
2024-02-14 22:00:00,1.2566,1.25736,1.25616,1.25626,7761.0
2024-02-15 02:00:00,1.25626,1.25696,1.25587,1.25652,8753.0
2024-02-15 06:00:00,1.25652,1.25734,1.2542,1.25543,19235.0
2024-02-15 10:00:00,1.25543,1.25766,1.25422,1.257,22125.0
2024-02-15 14:00:00,1.257,1.25967,1.2561,1.25864,30234.0
2024-02-15 18:00:00,1.25864,1.26024,1.25843,1.25999,12816.0
2024-02-15 22:00:00,1.25999,1.26054,1.258,1.25882,8717.0
2024-02-16 02:00:00,1.25882,1.25888,1.25772,1.25825,10814.0
2024-02-16 06:00:00,1.25825,1.26068,1.25746,1.25858,19181.0
2024-02-16 10:00:00,1.25858,1.26012,1.25508,1.25671,21008.0
2024-02-16 14:00:00,1.25671,1.26086,1.25534,1.26078,29896.0
2024-02-16 18:00:00,1.26078,1.26244,1.25976,1.26006,15685.0
2024-02-18 22:00:00,1.26006,1.26272,1.26002,1.26142,10843.0
2024-02-19 02:00:00,1.26142,1.26212,1.26115,1.26192,11458.0
2024-02-19 06:00:00,1.26192,1.26297,1.26074,1.2615,14701.0
2024-02-19 10:00:00,1.2615,1.26219,1.2598,1.25996,13268.0
2024-02-19 14:00:00,1.25996,1.26004,1.25835,1.25911,9638.0
2024-02-19 18:00:00,1.25911,1.26012,1.25899,1.25966,2214.0
2024-02-19 22:00:00,1.25966,1.25979,1.25814,1.25843,11895.0
2024-02-20 02:00:00,1.25843,1.25892,1.25792,1.2582,13214.0
2024-02-20 06:00:00,1.2582,1.26068,1.25806,1.26034,21766.0
2024-02-20 10:00:00,1.26034,1.2646,1.25872,1.2643,25735.0
2024-02-20 14:00:00,1.2643,1.26686,1.26294,1.26352,26341.0
2024-02-20 18:00:00,1.26352,1.26354,1.26168,1.2623,12022.0
2024-02-20 22:00:00,1.2623,1.26282,1.26192,1.26277,10174.0
2024-02-21 02:00:00,1.26277,1.26374,1.26276,1.26336,13551.0
2024-02-21 06:00:00,1.26336,1.2635,1.26026,1.26122,19263.0
2024-02-21 10:00:00,1.26122,1.26307,1.26082,1.2624,18723.0
2024-02-21 14:00:00,1.2624,1.26347,1.26052,1.2616,23202.0
2024-02-21 18:00:00,1.2616,1.2642,1.26058,1.26378,23027.0
2024-02-21 22:00:00,1.26378,1.26472,1.26349,1.26396,8264.0
2024-02-22 02:00:00,1.26396,1.26487,1.26313,1.2645,10572.0
2024-02-22 06:00:00,1.2645,1.27096,1.26446,1.2676,24936.0
2024-02-22 10:00:00,1.2676,1.26902,1.26262,1.26284,21822.0
2024-02-22 14:00:00,1.26284,1.26599,1.26116,1.26566,31774.0
2024-02-22 18:00:00,1.26566,1.26648,1.26446,1.26606,14627.0
2024-02-22 22:00:00,1.26606,1.26666,1.26482,1.26628,10401.0
2024-02-23 02:00:00,1.26628,1.26661,1.26575,1.26616,11880.0
2024-02-23 06:00:00,1.26616,1.2677,1.26488,1.26563,18111.0
2024-02-23 10:00:00,1.26563,1.27014,1.26563,1.26936,20719.0
2024-02-23 14:00:00,1.26936,1.27004,1.26654,1.26782,26567.0
2024-02-23 18:00:00,1.26782,1.26862,1.26664,1.26724,14437.0
2024-02-25 22:00:00,1.26724,1.26829,1.26609,1.2662,9284.0
2024-02-26 02:00:00,1.2662,1.26702,1.26567,1.26667,9660.0
2024-02-26 06:00:00,1.26667,1.26813,1.26629,1.26794,16219.0
2024-02-26 10:00:00,1.26794,1.26997,1.26734,1.26972,16648.0
2024-02-26 14:00:00,1.26972,1.26986,1.2672,1.26765,21266.0
2024-02-26 18:00:00,1.26765,1.26883,1.26708,1.26858,10818.0
2024-02-26 22:00:00,1.26858,1.26885,1.26748,1.26788,8750.0
2024-02-27 02:00:00,1.26788,1.26872,1.26742,1.26802,13631.0
2024-02-27 06:00:00,1.26802,1.26969,1.26782,1.26892,17331.0
2024-02-27 10:00:00,1.26892,1.2695,1.26712,1.2682,18860.0
2024-02-27 14:00:00,1.2682,1.26951,1.26604,1.26856,21599.0
2024-02-27 18:00:00,1.26856,1.26944,1.26781,1.2686,14218.0
2024-02-27 22:00:00,1.2686,1.26876,1.26726,1.26764,8866.0
2024-02-28 02:00:00,1.26764,1.2678,1.26574,1.26595,10468.0
2024-02-28 06:00:00,1.26595,1.26624,1.26234,1.2625,16944.0
2024-02-28 10:00:00,1.2625,1.2658,1.26216,1.26438,21913.0
2024-02-28 14:00:00,1.26438,1.26737,1.26364,1.266,25013.0
2024-02-28 18:00:00,1.266,1.26638,1.26512,1.26615,10699.0
2024-02-28 22:00:00,1.26615,1.26669,1.26568,1.26591,11284.0
2024-02-29 02:00:00,1.26591,1.26714,1.26584,1.26666,13113.0
2024-02-29 06:00:00,1.26666,1.26746,1.26525,1.26666,22034.0
2024-02-29 10:00:00,1.26666,1.26746,1.2635,1.26526,26005.0
2024-02-29 14:00:00,1.26526,1.26818,1.2615,1.26174,30025.0
2024-02-29 18:00:00,1.26174,1.26278,1.26126,1.26245,14158.0
2024-02-29 22:00:00,1.26245,1.26346,1.26207,1.26344,11386.0
2024-03-01 02:00:00,1.26344,1.26356,1.26246,1.26263,11654.0
2024-03-01 06:00:00,1.26263,1.26416,1.2625,1.26306,17831.0
2024-03-01 10:00:00,1.26306,1.26472,1.26176,1.26304,22225.0
2024-03-01 14:00:00,1.26304,1.26598,1.26001,1.2656,31421.0
2024-03-01 18:00:00,1.2656,1.2664,1.26488,1.26552,14719.0
2024-03-03 22:00:00,1.26552,1.26666,1.26518,1.26598,9336.0
2024-03-04 02:00:00,1.26598,1.26668,1.26559,1.26624,7012.0
2024-03-04 06:00:00,1.26624,1.26798,1.2661,1.26778,18377.0
2024-03-04 10:00:00,1.26778,1.26837,1.26658,1.26776,17189.0
2024-03-04 14:00:00,1.26776,1.27066,1.26728,1.26966,19960.0
2024-03-04 18:00:00,1.26966,1.26978,1.26856,1.26914,10013.0
2024-03-04 22:00:00,1.26914,1.2695,1.26872,1.26904,7897.0
2024-03-05 02:00:00,1.26904,1.2691,1.26812,1.26833,9260.0
2024-03-05 06:00:00,1.26833,1.26886,1.26712,1.26856,16407.0
2024-03-05 10:00:00,1.26856,1.26927,1.26743,1.26912,17183.0
2024-03-05 14:00:00,1.26912,1.2735,1.26868,1.27112,29317.0
2024-03-05 18:00:00,1.27112,1.27114,1.2696,1.27054,15423.0
2024-03-05 22:00:00,1.27054,1.27084,1.26902,1.26928,12369.0
2024-03-06 02:00:00,1.26928,1.27068,1.26916,1.27038,10205.0
2024-03-06 06:00:00,1.27038,1.27316,1.27028,1.27309,19660.0
2024-03-06 10:00:00,1.27309,1.27309,1.27054,1.27242,21900.0
2024-03-06 14:00:00,1.27242,1.27616,1.2717,1.27444,30003.0
2024-03-06 18:00:00,1.27444,1.27537,1.27256,1.2732,21515.0
2024-03-06 22:00:00,1.2732,1.274,1.27282,1.27303,11777.0
2024-03-07 02:00:00,1.27303,1.27406,1.27231,1.27337,12985.0
2024-03-07 06:00:00,1.27337,1.27514,1.27294,1.275,20236.0
2024-03-07 10:00:00,1.275,1.27626,1.27449,1.2752,23357.0
2024-03-07 14:00:00,1.2752,1.27984,1.2749,1.27923,32948.0
2024-03-07 18:00:00,1.27923,1.2811,1.2792,1.28082,13871.0
2024-03-07 22:00:00,1.28082,1.28201,1.28056,1.28092,9232.0
2024-03-08 02:00:00,1.28092,1.28126,1.28042,1.28099,10800.0
2024-03-08 06:00:00,1.28099,1.28296,1.2801,1.28278,18942.0
2024-03-08 10:00:00,1.28278,1.2894,1.28231,1.2864,28021.0
2024-03-08 14:00:00,1.2864,1.28864,1.28433,1.2849,38603.0
2024-03-08 18:00:00,1.2849,1.28598,1.28398,1.2857,16247.0
2024-03-10 21:00:00,1.2857,1.28645,1.2848,1.28564,8468.0
2024-03-11 01:00:00,1.28564,1.2862,1.28455,1.28513,12062.0
2024-03-11 05:00:00,1.28513,1.28581,1.28316,1.28366,18501.0
2024-03-11 09:00:00,1.28366,1.2854,1.28242,1.28242,18176.0
2024-03-11 13:00:00,1.28242,1.28302,1.27951,1.28069,23574.0
2024-03-11 17:00:00,1.28069,1.2814,1.27996,1.28138,14993.0
2024-03-11 21:00:00,1.28138,1.28222,1.28084,1.28165,6156.0
2024-03-12 01:00:00,1.28165,1.28228,1.28138,1.28192,10841.0
2024-03-12 05:00:00,1.28192,1.28236,1.27762,1.27862,17318.0
2024-03-12 09:00:00,1.27862,1.28082,1.27554,1.27716,26798.0
2024-03-12 13:00:00,1.27716,1.27894,1.2746,1.27782,32171.0
2024-03-12 17:00:00,1.27782,1.27952,1.27707,1.27938,12299.0
2024-03-12 21:00:00,1.27938,1.27982,1.27888,1.27944,6082.0
2024-03-13 01:00:00,1.27944,1.27993,1.27898,1.27906,10003.0
2024-03-13 05:00:00,1.27906,1.28008,1.27756,1.2793,15753.0
2024-03-13 09:00:00,1.2793,1.2809,1.27746,1.28004,19597.0
2024-03-13 13:00:00,1.28004,1.28063,1.2787,1.27972,21530.0
2024-03-13 17:00:00,1.27972,1.28115,1.27904,1.27972,13950.0
2024-03-13 21:00:00,1.27972,1.28046,1.27952,1.28,5417.0
2024-03-14 01:00:00,1.28,1.28045,1.27868,1.27918,10607.0
2024-03-14 05:00:00,1.27918,1.28171,1.27884,1.28074,13769.0
2024-03-14 09:00:00,1.28074,1.28231,1.27814,1.27952,21432.0
2024-03-14 13:00:00,1.27952,1.27966,1.27306,1.27486,33883.0
2024-03-14 17:00:00,1.27486,1.27577,1.27428,1.27529,13631.0
2024-03-14 21:00:00,1.27529,1.27559,1.27341,1.27366,8166.0
2024-03-15 01:00:00,1.27366,1.27424,1.273,1.27388,10946.0
2024-03-15 05:00:00,1.27388,1.27455,1.27331,1.27384,15510.0
2024-03-15 09:00:00,1.27384,1.27588,1.27366,1.27484,19041.0
2024-03-15 13:00:00,1.27484,1.27576,1.27296,1.27304,24998.0
2024-03-15 17:00:00,1.27304,1.2741,1.27252,1.27364,11374.0
2024-03-17 21:00:00,1.27364,1.27379,1.2727,1.27312,4779.0
2024-03-18 01:00:00,1.27312,1.27382,1.2726,1.27316,7919.0
2024-03-18 05:00:00,1.27316,1.27468,1.2729,1.27452,10214.0
2024-03-18 09:00:00,1.27452,1.27468,1.27274,1.27357,13259.0
2024-03-18 13:00:00,1.27357,1.27382,1.27191,1.27262,19525.0
2024-03-18 17:00:00,1.27262,1.27318,1.2718,1.27292,9045.0
2024-03-18 21:00:00,1.27292,1.27323,1.27192,1.27202,6020.0
2024-03-19 01:00:00,1.27202,1.2729,1.27127,1.27178,17490.0
2024-03-19 05:00:00,1.27178,1.2719,1.26839,1.26898,21341.0
2024-03-19 09:00:00,1.26898,1.27089,1.26678,1.26992,19172.0
2024-03-19 13:00:00,1.26992,1.27262,1.2694,1.27256,17891.0
2024-03-19 17:00:00,1.27256,1.2733,1.27188,1.27218,10924.0
2024-03-19 21:00:00,1.27218,1.27236,1.27104,1.27171,6658.0
2024-03-20 01:00:00,1.27171,1.27249,1.2714,1.2719,10296.0
2024-03-20 05:00:00,1.2719,1.27299,1.2696,1.27037,14810.0
2024-03-20 09:00:00,1.27037,1.27046,1.26844,1.26938,14230.0
2024-03-20 13:00:00,1.26938,1.27194,1.26866,1.27182,15680.0
2024-03-20 17:00:00,1.27182,1.27872,1.27127,1.27865,40994.0
2024-03-20 21:00:00,1.27865,1.27984,1.27836,1.27944,9898.0
2024-03-21 01:00:00,1.27944,1.28026,1.27894,1.27896,15554.0
2024-03-21 05:00:00,1.27896,1.28035,1.27622,1.27655,20563.0
2024-03-21 09:00:00,1.27655,1.2785,1.27256,1.27355,23582.0
2024-03-21 13:00:00,1.27355,1.27364,1.26586,1.26644,27475.0
2024-03-21 17:00:00,1.26644,1.26707,1.26504,1.26577,12332.0
2024-03-21 21:00:00,1.26577,1.26748,1.26554,1.26734,4938.0
2024-03-22 01:00:00,1.26734,1.26753,1.26345,1.2642,14625.0
2024-03-22 05:00:00,1.2642,1.26455,1.25848,1.25976,17903.0
2024-03-22 09:00:00,1.25976,1.2621,1.25752,1.26196,17513.0
2024-03-22 13:00:00,1.26196,1.26241,1.25937,1.2595,21793.0
2024-03-22 17:00:00,1.2595,1.26014,1.25857,1.26004,9755.0
2024-03-24 21:00:00,1.26004,1.2607,1.2592,1.25948,7042.0
2024-03-25 01:00:00,1.25948,1.26172,1.25948,1.26056,12245.0
2024-03-25 05:00:00,1.26056,1.2617,1.2595,1.26086,12763.0
2024-03-25 09:00:00,1.26086,1.26468,1.25998,1.26384,14314.0
2024-03-25 13:00:00,1.26384,1.26524,1.26366,1.26388,14733.0
2024-03-25 17:00:00,1.26388,1.26423,1.26354,1.26368,6996.0
2024-03-25 21:00:00,1.26368,1.26432,1.26341,1.26425,4935.0
2024-03-26 01:00:00,1.26425,1.26475,1.2636,1.2642,10867.0
2024-03-26 05:00:00,1.2642,1.2659,1.26402,1.26494,12046.0
2024-03-26 09:00:00,1.26494,1.26681,1.26378,1.26399,16316.0
2024-03-26 13:00:00,1.26399,1.26494,1.2622,1.26296,17480.0
2024-03-26 17:00:00,1.26296,1.26358,1.26231,1.26279,7720.0
2024-03-26 21:00:00,1.26279,1.26318,1.26181,1.26216,4888.0
2024-03-27 01:00:00,1.26216,1.26229,1.26088,1.26175,12158.0
2024-03-27 05:00:00,1.26175,1.26321,1.2613,1.26221,12966.0
2024-03-27 09:00:00,1.26221,1.26386,1.26078,1.26166,17068.0
2024-03-27 13:00:00,1.26166,1.26334,1.26056,1.26311,16551.0
2024-03-27 17:00:00,1.26311,1.26414,1.26246,1.26405,9796.0
2024-03-27 21:00:00,1.26405,1.26408,1.2611,1.26259,6444.0
2024-03-28 01:00:00,1.26259,1.26349,1.26205,1.2631,10089.0
2024-03-28 05:00:00,1.2631,1.26372,1.26032,1.26064,11502.0
2024-03-28 09:00:00,1.26064,1.26428,1.2586,1.26408,15688.0
2024-03-28 13:00:00,1.26408,1.2655,1.26215,1.26342,22486.0
2024-03-28 17:00:00,1.26342,1.26372,1.26155,1.26238,10940.0
2024-03-28 21:00:00,1.26238,1.26354,1.26196,1.2626,10493.0
2024-03-29 01:00:00,1.2626,1.26312,1.26164,1.26228,8017.0
2024-03-29 05:00:00,1.26228,1.26266,1.26172,1.26262,6304.0
2024-03-29 09:00:00,1.26262,1.26369,1.261,1.26334,6941.0
2024-03-29 13:00:00,1.26334,1.26452,1.26289,1.26292,5727.0
2024-03-29 17:00:00,1.26292,1.26331,1.26166,1.26229,2614.0
2024-03-31 21:00:00,1.26229,1.26422,1.26229,1.2635,9503.0
2024-04-01 01:00:00,1.2635,1.26391,1.26256,1.26299,7830.0
2024-04-01 05:00:00,1.26299,1.26316,1.26164,1.26224,9335.0
2024-04-01 09:00:00,1.26224,1.26244,1.26028,1.26122,9596.0
2024-04-01 13:00:00,1.26122,1.26134,1.25396,1.25454,17578.0
2024-04-01 17:00:00,1.25454,1.25516,1.2542,1.25514,8190.0
2024-04-01 21:00:00,1.25514,1.25557,1.25414,1.2547,6716.0
2024-04-02 01:00:00,1.2547,1.25493,1.25404,1.25446,8861.0
2024-04-02 05:00:00,1.25446,1.25649,1.25396,1.25622,15296.0
2024-04-02 09:00:00,1.25622,1.25768,1.25545,1.25568,14828.0
2024-04-02 13:00:00,1.25568,1.25779,1.25522,1.25716,21627.0
2024-04-02 17:00:00,1.25716,1.25787,1.25664,1.25781,7042.0
2024-04-02 21:00:00,1.25781,1.25816,1.25702,1.25728,6237.0
2024-04-03 01:00:00,1.25728,1.2583,1.2567,1.25786,10629.0
2024-04-03 05:00:00,1.25786,1.25827,1.25624,1.2577,13800.0
2024-04-03 09:00:00,1.2577,1.25884,1.25674,1.2573,17644.0
2024-04-03 13:00:00,1.2573,1.26514,1.25674,1.26458,30054.0
2024-04-03 17:00:00,1.26458,1.2656,1.26401,1.26524,11373.0
2024-04-03 21:00:00,1.26524,1.26562,1.26444,1.26524,5283.0
2024-04-04 01:00:00,1.26524,1.26557,1.26468,1.26524,7937.0
2024-04-04 05:00:00,1.26524,1.26698,1.2651,1.26634,13246.0
2024-04-04 09:00:00,1.26634,1.26698,1.26478,1.26688,13639.0
2024-04-04 13:00:00,1.26688,1.26835,1.26617,1.26658,14074.0
2024-04-04 17:00:00,1.26658,1.26701,1.26352,1.26426,17937.0
2024-04-04 21:00:00,1.26426,1.26488,1.2636,1.26472,8261.0
2024-04-05 01:00:00,1.26472,1.26476,1.26214,1.26256,12165.0
2024-04-05 05:00:00,1.26256,1.26406,1.26143,1.26369,14890.0
2024-04-05 09:00:00,1.26369,1.26449,1.25826,1.2595,20804.0
2024-04-05 13:00:00,1.2595,1.26356,1.2574,1.26348,29843.0
2024-04-05 17:00:00,1.26348,1.26406,1.26314,1.26384,11808.0
2024-04-07 21:00:00,1.26384,1.26384,1.26149,1.26164,6545.0
2024-04-08 01:00:00,1.26164,1.26398,1.2616,1.26292,15328.0
2024-04-08 05:00:00,1.26292,1.26349,1.26188,1.26218,17084.0
2024-04-08 09:00:00,1.26218,1.26365,1.26135,1.26264,13598.0
2024-04-08 13:00:00,1.26264,1.26561,1.26264,1.26484,20330.0
2024-04-08 17:00:00,1.26484,1.26642,1.26472,1.2655,9896.0
2024-04-08 21:00:00,1.2655,1.26598,1.26498,1.2654,5644.0
2024-04-09 01:00:00,1.2654,1.26618,1.26523,1.26566,12756.0
2024-04-09 05:00:00,1.26566,1.26644,1.26489,1.26605,11622.0
2024-04-09 09:00:00,1.26605,1.2704,1.26569,1.26966,15726.0
2024-04-09 13:00:00,1.26966,1.27095,1.26668,1.26698,23825.0
2024-04-09 17:00:00,1.26698,1.268,1.26631,1.26772,11811.0
2024-04-09 21:00:00,1.26772,1.26799,1.26712,1.2675,5207.0
2024-04-10 01:00:00,1.2675,1.2679,1.2669,1.26774,10688.0
2024-04-10 05:00:00,1.26774,1.26946,1.26728,1.26944,11516.0
2024-04-10 09:00:00,1.26944,1.27085,1.2595,1.26118,22793.0
2024-04-10 13:00:00,1.26118,1.26124,1.25202,1.25342,35960.0
2024-04-10 17:00:00,1.25342,1.2554,1.2522,1.25406,21914.0
2024-04-10 21:00:00,1.25406,1.2542,1.25322,1.25374,8054.0
2024-04-11 01:00:00,1.25374,1.25496,1.25362,1.25472,13002.0
2024-04-11 05:00:00,1.25472,1.257,1.25326,1.25506,16919.0
2024-04-11 09:00:00,1.25506,1.25724,1.25298,1.25672,24380.0
2024-04-11 13:00:00,1.25672,1.25788,1.25109,1.2537,33446.0
2024-04-11 17:00:00,1.2537,1.2564,1.25332,1.2553,14448.0
2024-04-11 21:00:00,1.2553,1.25572,1.25496,1.25554,5567.0
2024-04-12 01:00:00,1.25554,1.2559,1.25368,1.25378,11419.0
2024-04-12 05:00:00,1.25378,1.25444,1.25056,1.25082,16459.0
2024-04-12 09:00:00,1.25082,1.25116,1.24512,1.24545,21654.0
2024-04-12 13:00:00,1.24545,1.24664,1.24268,1.2449,37056.0
2024-04-12 17:00:00,1.2449,1.24624,1.24428,1.24492,18695.0
2024-04-14 21:00:00,1.24492,1.24632,1.24418,1.24522,9991.0
2024-04-15 01:00:00,1.24522,1.24648,1.24408,1.24607,17201.0
2024-04-15 05:00:00,1.24607,1.24876,1.24581,1.24818,18738.0
2024-04-15 09:00:00,1.24818,1.24988,1.2451,1.24796,20161.0
2024-04-15 13:00:00,1.24796,1.24965,1.24452,1.24576,28924.0
2024-04-15 17:00:00,1.24576,1.24624,1.24358,1.24462,18890.0
2024-04-15 21:00:00,1.24462,1.24496,1.24373,1.24376,8213.0
2024-04-16 01:00:00,1.24376,1.2439,1.24205,1.24332,17353.0
2024-04-16 05:00:00,1.24332,1.2449,1.24086,1.24368,19910.0
2024-04-16 09:00:00,1.24368,1.2472,1.24366,1.24606,19287.0
2024-04-16 13:00:00,1.24606,1.24676,1.24273,1.24356,31952.0
2024-04-16 17:00:00,1.24356,1.24512,1.24053,1.24268,26429.0
2024-04-16 21:00:00,1.24268,1.24332,1.24232,1.24293,8077.0
2024-04-17 01:00:00,1.24293,1.244,1.24252,1.24294,13749.0
2024-04-17 05:00:00,1.24294,1.24822,1.2417,1.24714,21286.0
2024-04-17 09:00:00,1.24714,1.24769,1.2446,1.24506,16584.0
2024-04-17 13:00:00,1.24506,1.247,1.24242,1.24289,28922.0
2024-04-17 17:00:00,1.24289,1.24655,1.24266,1.24552,20453.0
2024-04-17 21:00:00,1.24552,1.2459,1.24475,1.24529,7142.0
2024-04-18 01:00:00,1.24529,1.24714,1.24493,1.24706,12760.0
2024-04-18 05:00:00,1.24706,1.24846,1.24625,1.24742,15580.0
2024-04-18 09:00:00,1.24742,1.24822,1.24474,1.24588,17002.0
2024-04-18 13:00:00,1.24588,1.24684,1.24364,1.24486,26177.0
2024-04-18 17:00:00,1.24486,1.24501,1.24336,1.24366,16526.0
2024-04-18 21:00:00,1.24366,1.244,1.24262,1.24274,7008.0
2024-04-19 01:00:00,1.24274,1.24298,1.23887,1.24196,36393.0
2024-04-19 05:00:00,1.24196,1.24518,1.24034,1.24405,25314.0
2024-04-19 09:00:00,1.24405,1.24638,1.24295,1.24488,18577.0
2024-04-19 13:00:00,1.24488,1.24684,1.23727,1.23901,28102.0
2024-04-19 17:00:00,1.23901,1.23935,1.23668,1.23704,15381.0
2024-04-21 21:00:00,1.23704,1.2385,1.23661,1.23725,7054.0
2024-04-22 01:00:00,1.23725,1.23925,1.23724,1.23862,9601.0
2024-04-22 05:00:00,1.23862,1.23875,1.2351,1.2366,13866.0
2024-04-22 09:00:00,1.2366,1.23674,1.23092,1.23113,16391.0
2024-04-22 13:00:00,1.23113,1.23472,1.22994,1.23472,16974.0
2024-04-22 17:00:00,1.23472,1.23618,1.23453,1.23497,9208.0
2024-04-22 21:00:00,1.23497,1.23559,1.23474,1.23547,3839.0
2024-04-23 01:00:00,1.23547,1.2359,1.23476,1.23516,10807.0
2024-04-23 05:00:00,1.23516,1.23888,1.23317,1.23701,18910.0
2024-04-23 09:00:00,1.23701,1.24066,1.23456,1.23914,16580.0
2024-04-23 13:00:00,1.23914,1.24585,1.23812,1.24448,28379.0
2024-04-23 17:00:00,1.24448,1.24586,1.24446,1.24506,10981.0
2024-04-23 21:00:00,1.24506,1.24604,1.24477,1.24584,5346.0
2024-04-24 01:00:00,1.24584,1.24648,1.2453,1.2455,9511.0
2024-04-24 05:00:00,1.2455,1.24571,1.24226,1.24264,13461.0
2024-04-24 09:00:00,1.24264,1.24478,1.24252,1.24418,14724.0
2024-04-24 13:00:00,1.24418,1.24555,1.24266,1.24466,22786.0
2024-04-24 17:00:00,1.24466,1.247,1.24458,1.2464,11735.0
2024-04-24 21:00:00,1.2464,1.24648,1.24572,1.2462,5257.0
2024-04-25 01:00:00,1.2462,1.24688,1.24544,1.24674,11364.0
2024-04-25 05:00:00,1.24674,1.25231,1.24666,1.25212,15267.0
2024-04-25 09:00:00,1.25212,1.25268,1.24668,1.24783,19700.0
2024-04-25 13:00:00,1.24783,1.25172,1.24568,1.25148,32156.0
2024-04-25 17:00:00,1.25148,1.2523,1.2504,1.25132,17291.0
2024-04-25 21:00:00,1.25132,1.25156,1.25,1.25049,6083.0
2024-04-26 01:00:00,1.25049,1.25088,1.2494,1.2501,11638.0
2024-04-26 05:00:00,1.2501,1.2541,1.2497,1.25272,19975.0
2024-04-26 09:00:00,1.25272,1.25412,1.24967,1.25082,22722.0
2024-04-26 13:00:00,1.25082,1.25182,1.2449,1.24874,27054.0
2024-04-26 17:00:00,1.24874,1.25041,1.24854,1.24942,9633.0
2024-04-28 21:00:00,1.24942,1.2517,1.24797,1.25156,5727.0
2024-04-29 01:00:00,1.25156,1.25484,1.25124,1.25424,19181.0
2024-04-29 05:00:00,1.25424,1.25478,1.25124,1.25186,26033.0
2024-04-29 09:00:00,1.25186,1.25438,1.25074,1.253,15650.0
2024-04-29 13:00:00,1.253,1.25696,1.25146,1.25633,20574.0
2024-04-29 17:00:00,1.25633,1.25694,1.2552,1.25618,11404.0
2024-04-29 21:00:00,1.25618,1.25642,1.2553,1.2555,5624.0
2024-04-30 01:00:00,1.2555,1.25584,1.25422,1.25456,9256.0
2024-04-30 05:00:00,1.25456,1.25464,1.25242,1.25395,15160.0
2024-04-30 09:00:00,1.25395,1.25548,1.25024,1.25186,21080.0
2024-04-30 13:00:00,1.25186,1.25402,1.25014,1.25072,30270.0
2024-04-30 17:00:00,1.25072,1.25122,1.24901,1.24918,14140.0
2024-04-30 21:00:00,1.24918,1.2498,1.24813,1.24859,5978.0
2024-05-01 01:00:00,1.24859,1.24893,1.24721,1.24774,5983.0
2024-05-01 05:00:00,1.24774,1.24982,1.24664,1.2498,10558.0
2024-05-01 09:00:00,1.2498,1.24982,1.24762,1.24876,13147.0
2024-05-01 13:00:00,1.24876,1.25,1.24773,1.2481,21310.0
2024-05-01 17:00:00,1.2481,1.25503,1.24787,1.2529,44376.0
2024-05-01 21:00:00,1.2529,1.25404,1.25188,1.25274,9576.0
2024-05-02 01:00:00,1.25274,1.25396,1.25204,1.25341,13509.0
2024-05-02 05:00:00,1.25341,1.25447,1.2512,1.25209,21737.0
2024-05-02 09:00:00,1.25209,1.25326,1.25052,1.25151,20241.0
2024-05-02 13:00:00,1.25151,1.25218,1.24719,1.25162,31656.0
2024-05-02 17:00:00,1.25162,1.2539,1.25142,1.25352,15393.0
2024-05-02 21:00:00,1.25352,1.25454,1.25291,1.2544,6349.0
2024-05-03 01:00:00,1.2544,1.2557,1.25424,1.25476,11015.0
2024-05-03 05:00:00,1.25476,1.2563,1.25394,1.25596,15849.0
2024-05-03 09:00:00,1.25596,1.26348,1.25514,1.2606,23670.0
2024-05-03 13:00:00,1.2606,1.26104,1.25294,1.25428,41710.0
2024-05-03 17:00:00,1.25428,1.25548,1.25396,1.25472,11355.0
2024-05-05 21:00:00,1.25472,1.2554,1.25384,1.25508,6237.0
2024-05-06 01:00:00,1.25508,1.2557,1.25435,1.25435,12613.0
2024-05-06 05:00:00,1.25435,1.25818,1.25422,1.25812,14339.0
2024-05-06 09:00:00,1.25812,1.25944,1.25722,1.25912,14292.0
2024-05-06 13:00:00,1.25912,1.2592,1.25584,1.25636,15749.0
2024-05-06 17:00:00,1.25636,1.25695,1.2558,1.25622,9438.0
2024-05-06 21:00:00,1.25622,1.25693,1.2557,1.25686,6249.0
2024-05-07 01:00:00,1.25686,1.25709,1.25492,1.2553,11574.0
2024-05-07 05:00:00,1.2553,1.25562,1.25321,1.25396,14698.0
2024-05-07 09:00:00,1.25396,1.25548,1.25296,1.25536,12763.0
2024-05-07 13:00:00,1.25536,1.25649,1.25256,1.25266,15614.0
2024-05-07 17:00:00,1.25266,1.25272,1.25008,1.25082,10697.0
2024-05-07 21:00:00,1.25082,1.25145,1.24948,1.24956,5622.0
2024-05-08 01:00:00,1.24956,1.24972,1.2484,1.2487,12381.0
2024-05-08 05:00:00,1.2487,1.2493,1.24678,1.24753,14590.0
2024-05-08 09:00:00,1.24753,1.2501,1.2474,1.248,14469.0
2024-05-08 13:00:00,1.248,1.2505,1.24732,1.24978,17178.0
2024-05-08 17:00:00,1.24978,1.25018,1.24927,1.24978,5263.0
2024-05-08 21:00:00,1.24978,1.25008,1.24872,1.249,4775.0
2024-05-09 01:00:00,1.249,1.2502,1.2488,1.24918,10275.0
2024-05-09 05:00:00,1.24918,1.24932,1.24702,1.24732,11169.0
2024-05-09 09:00:00,1.24732,1.25116,1.24457,1.25026,24895.0
2024-05-09 13:00:00,1.25026,1.25224,1.24882,1.25142,19253.0
2024-05-09 17:00:00,1.25142,1.25268,1.25116,1.25238,8578.0
2024-05-09 21:00:00,1.25238,1.25299,1.25168,1.25202,4755.0
2024-05-10 01:00:00,1.25202,1.25248,1.25122,1.25154,9606.0
2024-05-10 05:00:00,1.25154,1.25414,1.25145,1.25322,17900.0
2024-05-10 09:00:00,1.25322,1.25361,1.25161,1.25224,16839.0
2024-05-10 13:00:00,1.25224,1.25374,1.25026,1.25346,20279.0
2024-05-10 17:00:00,1.25346,1.25358,1.2523,1.25246,7386.0
2024-05-12 21:00:00,1.25246,1.25278,1.25168,1.25214,6321.0
2024-05-13 01:00:00,1.25214,1.25287,1.25175,1.25245,12331.0
2024-05-13 05:00:00,1.25245,1.25355,1.25178,1.2533,14231.0
2024-05-13 09:00:00,1.2533,1.25576,1.2526,1.25558,13582.0
2024-05-13 13:00:00,1.25558,1.25688,1.25469,1.25612,18090.0
2024-05-13 17:00:00,1.25612,1.25638,1.2553,1.25592,8763.0
2024-05-13 21:00:00,1.25592,1.25624,1.25535,1.25574,4958.0
2024-05-14 01:00:00,1.25574,1.25597,1.2553,1.25542,14317.0
2024-05-14 05:00:00,1.25542,1.25636,1.25094,1.25288,18121.0
2024-05-14 09:00:00,1.25288,1.25651,1.25198,1.25531,21772.0
2024-05-14 13:00:00,1.25531,1.2593,1.25486,1.25852,23035.0
2024-05-14 17:00:00,1.25852,1.25926,1.25814,1.25918,8026.0
2024-05-14 21:00:00,1.25918,1.25923,1.25835,1.25884,4879.0
2024-05-15 01:00:00,1.25884,1.25997,1.25875,1.25932,9293.0
2024-05-15 05:00:00,1.25932,1.2614,1.2587,1.26124,13110.0
2024-05-15 09:00:00,1.26124,1.26708,1.26031,1.26451,22528.0
2024-05-15 13:00:00,1.26451,1.26772,1.2614,1.26742,26950.0
2024-05-15 17:00:00,1.26742,1.26864,1.26718,1.26862,9179.0
2024-05-15 21:00:00,1.26862,1.27009,1.26788,1.26994,6224.0
2024-05-16 01:00:00,1.26994,1.26995,1.26831,1.26877,13622.0
2024-05-16 05:00:00,1.26877,1.26888,1.26692,1.26746,15637.0
2024-05-16 09:00:00,1.26746,1.26757,1.26522,1.26546,16327.0
2024-05-16 13:00:00,1.26546,1.26802,1.26433,1.26731,18703.0
2024-05-16 17:00:00,1.26731,1.2677,1.26673,1.26707,7535.0
2024-05-16 21:00:00,1.26707,1.26728,1.26614,1.26648,5331.0
2024-05-17 01:00:00,1.26648,1.26652,1.26522,1.26552,11850.0
2024-05-17 05:00:00,1.26552,1.26698,1.26449,1.26492,14177.0
2024-05-17 09:00:00,1.26492,1.26616,1.26456,1.26597,11609.0
2024-05-17 13:00:00,1.26597,1.27087,1.26597,1.2701,19466.0
2024-05-17 17:00:00,1.2701,1.27118,1.27003,1.27012,8130.0
2024-05-19 21:00:00,1.27012,1.27085,1.26934,1.2705,5594.0
2024-05-20 01:00:00,1.2705,1.27112,1.27004,1.27081,11064.0
2024-05-20 05:00:00,1.27081,1.27094,1.26892,1.27051,14133.0
2024-05-20 09:00:00,1.27051,1.27059,1.26924,1.2696,13636.0
2024-05-20 13:00:00,1.2696,1.27185,1.26958,1.27178,14600.0
2024-05-20 17:00:00,1.27178,1.27256,1.27042,1.27056,7638.0
2024-05-20 21:00:00,1.27056,1.27118,1.27029,1.27092,4095.0
2024-05-21 01:00:00,1.27092,1.2712,1.26972,1.271,11819.0
2024-05-21 05:00:00,1.271,1.27208,1.2704,1.27109,14081.0
2024-05-21 09:00:00,1.27109,1.2724,1.2706,1.27078,14421.0
2024-05-21 13:00:00,1.27078,1.27266,1.26864,1.27076,22168.0
2024-05-21 17:00:00,1.27076,1.27158,1.27017,1.27091,9860.0
2024-05-21 21:00:00,1.27091,1.27166,1.2707,1.27136,4365.0
2024-05-22 01:00:00,1.27136,1.27232,1.2709,1.27098,11976.0
2024-05-22 05:00:00,1.27098,1.27614,1.2708,1.27286,18383.0
2024-05-22 09:00:00,1.27286,1.27344,1.27002,1.27266,17686.0
2024-05-22 13:00:00,1.27266,1.27478,1.27211,1.2744,19148.0
2024-05-22 17:00:00,1.2744,1.27504,1.27104,1.27173,16272.0
2024-05-22 21:00:00,1.27173,1.27244,1.27163,1.27202,6113.0
2024-05-23 01:00:00,1.27202,1.2732,1.2717,1.27258,11985.0
2024-05-23 05:00:00,1.27258,1.27388,1.27162,1.27208,17371.0
2024-05-23 09:00:00,1.27208,1.27446,1.2705,1.27321,17844.0
2024-05-23 13:00:00,1.27321,1.27466,1.27062,1.27126,30076.0
2024-05-23 17:00:00,1.27126,1.27126,1.26854,1.26988,15764.0
2024-05-23 21:00:00,1.26988,1.27004,1.26895,1.26944,5814.0
2024-05-24 01:00:00,1.26944,1.26982,1.26872,1.26918,10625.0
2024-05-24 05:00:00,1.26918,1.27074,1.26756,1.27047,15106.0
2024-05-24 09:00:00,1.27047,1.27252,1.27032,1.27206,14947.0
2024-05-24 13:00:00,1.27206,1.27509,1.27175,1.2734,19115.0
2024-05-24 17:00:00,1.2734,1.27462,1.27324,1.27378,7671.0
2024-05-26 21:00:00,1.27378,1.27434,1.27336,1.27384,4493.0
2024-05-27 01:00:00,1.27384,1.27435,1.2738,1.27425,6541.0
2024-05-27 05:00:00,1.27425,1.27474,1.2734,1.27419,10677.0
2024-05-27 09:00:00,1.27419,1.27584,1.27419,1.27567,11085.0
2024-05-27 13:00:00,1.27567,1.27778,1.27547,1.27696,9525.0
2024-05-27 17:00:00,1.27696,1.2772,1.27676,1.27694,3995.0
2024-05-27 21:00:00,1.27694,1.27762,1.2768,1.27713,5436.0
2024-05-28 01:00:00,1.27713,1.27835,1.27704,1.27748,10886.0
2024-05-28 05:00:00,1.27748,1.27812,1.27626,1.2769,13138.0
2024-05-28 09:00:00,1.2769,1.27948,1.27638,1.27924,14400.0
2024-05-28 13:00:00,1.27924,1.28008,1.27708,1.27766,17629.0
2024-05-28 17:00:00,1.27766,1.27782,1.27541,1.27619,12898.0
2024-05-28 21:00:00,1.27619,1.2766,1.27522,1.27542,7012.0
2024-05-29 01:00:00,1.27542,1.27597,1.27466,1.27522,13035.0
2024-05-29 05:00:00,1.27522,1.27718,1.27486,1.27558,17699.0
2024-05-29 09:00:00,1.27558,1.27648,1.27356,1.27446,17651.0
2024-05-29 13:00:00,1.27446,1.27462,1.2705,1.27171,22902.0
2024-05-29 17:00:00,1.27171,1.27174,1.26992,1.27009,12336.0
2024-05-29 21:00:00,1.27009,1.2708,1.26904,1.26937,7000.0
2024-05-30 01:00:00,1.26937,1.27032,1.269,1.26953,13871.0
2024-05-30 05:00:00,1.26953,1.27154,1.26808,1.27125,18270.0
2024-05-30 09:00:00,1.27125,1.2728,1.27034,1.27246,19561.0
2024-05-30 13:00:00,1.27246,1.27474,1.27178,1.27412,20691.0
2024-05-30 17:00:00,1.27412,1.27439,1.27262,1.27324,10767.0
2024-05-30 21:00:00,1.27324,1.27352,1.2727,1.27304,6176.0
2024-05-31 01:00:00,1.27304,1.27324,1.27153,1.27213,13542.0
2024-05-31 05:00:00,1.27213,1.27236,1.27004,1.27098,16282.0
2024-05-31 09:00:00,1.27098,1.27507,1.27074,1.27466,19276.0
2024-05-31 13:00:00,1.27466,1.27663,1.27177,1.27296,26108.0
2024-05-31 17:00:00,1.27296,1.27468,1.27244,1.27422,12162.0
2024-06-02 21:00:00,1.27422,1.2756,1.27354,1.27538,5979.0
2024-06-03 01:00:00,1.27538,1.2756,1.27379,1.27432,11690.0
2024-06-03 05:00:00,1.27432,1.27436,1.2704,1.27046,17277.0
2024-06-03 09:00:00,1.27046,1.27359,1.26942,1.2731,18298.0
2024-06-03 13:00:00,1.2731,1.27944,1.273,1.27792,26065.0
2024-06-03 17:00:00,1.27792,1.28091,1.27753,1.28076,12152.0
2024-06-03 21:00:00,1.28076,1.28176,1.28016,1.2812,6598.0
2024-06-04 01:00:00,1.2812,1.28128,1.28039,1.28096,9430.0
2024-06-04 05:00:00,1.28096,1.28127,1.27736,1.27766,20356.0
2024-06-04 09:00:00,1.27766,1.27788,1.27428,1.2765,22651.0
2024-06-04 13:00:00,1.2765,1.27918,1.27588,1.27866,29749.0
2024-06-04 17:00:00,1.27866,1.27972,1.27672,1.27696,16054.0
2024-06-04 21:00:00,1.27696,1.27776,1.2768,1.27755,5952.0
2024-06-05 01:00:00,1.27755,1.2781,1.27698,1.2774,11775.0
2024-06-05 05:00:00,1.2774,1.2783,1.27646,1.2775,14960.0
2024-06-05 09:00:00,1.2775,1.27946,1.27668,1.27924,16265.0
2024-06-05 13:00:00,1.27924,1.27954,1.27554,1.27778,30981.0
2024-06-05 17:00:00,1.27778,1.27946,1.27746,1.27873,11577.0
2024-06-05 21:00:00,1.27873,1.28036,1.2785,1.28022,5123.0
2024-06-06 01:00:00,1.28022,1.28092,1.27944,1.27953,11552.0
2024-06-06 05:00:00,1.27953,1.28005,1.27756,1.27872,15817.0
2024-06-06 09:00:00,1.27872,1.27919,1.27661,1.27789,18833.0
2024-06-06 13:00:00,1.27789,1.27894,1.27624,1.27785,23579.0
2024-06-06 17:00:00,1.27785,1.2796,1.27781,1.27912,10307.0
2024-06-06 21:00:00,1.27912,1.27946,1.27855,1.27884,4608.0
2024-06-07 01:00:00,1.27884,1.2792,1.27835,1.27908,11974.0
2024-06-07 05:00:00,1.27908,1.28023,1.27819,1.27886,17613.0
2024-06-07 09:00:00,1.27886,1.28218,1.27252,1.27378,24060.0
2024-06-07 13:00:00,1.27378,1.2741,1.2716,1.27241,31923.0
2024-06-07 17:00:00,1.27241,1.27274,1.2718,1.27191,13744.0
2024-06-09 21:00:00,1.27191,1.27322,1.27164,1.27242,7086.0
2024-06-10 01:00:00,1.27242,1.27266,1.27106,1.27164,8675.0
2024-06-10 05:00:00,1.27164,1.2725,1.27058,1.27078,20143.0
2024-06-10 09:00:00,1.27078,1.27297,1.2688,1.27128,18779.0
2024-06-10 13:00:00,1.27128,1.27372,1.2704,1.27289,18612.0
2024-06-10 17:00:00,1.27289,1.27375,1.27244,1.27309,13659.0
2024-06-10 21:00:00,1.27309,1.27338,1.27242,1.27281,6442.0
2024-06-11 01:00:00,1.27281,1.27392,1.27248,1.27348,10233.0
2024-06-11 05:00:00,1.27348,1.27406,1.27138,1.2725,16448.0
2024-06-11 09:00:00,1.2725,1.27496,1.2723,1.27442,21184.0
2024-06-11 13:00:00,1.27442,1.27478,1.27058,1.27292,23376.0
2024-06-11 17:00:00,1.27292,1.27516,1.2727,1.27394,11286.0
2024-06-11 21:00:00,1.27394,1.27428,1.27328,1.27336,3852.0
2024-06-12 01:00:00,1.27336,1.27454,1.2733,1.27394,9062.0
2024-06-12 05:00:00,1.27394,1.276,1.2737,1.27576,14426.0
2024-06-12 09:00:00,1.27576,1.2858,1.27488,1.2853,22892.0
2024-06-12 13:00:00,1.2853,1.28606,1.2826,1.28458,27501.0
2024-06-12 17:00:00,1.28458,1.28488,1.27912,1.27982,38471.0
2024-06-12 21:00:00,1.27982,1.28018,1.2792,1.27952,6466.0
2024-06-13 01:00:00,1.27952,1.27994,1.278,1.27801,11538.0
2024-06-13 05:00:00,1.27801,1.27992,1.27726,1.27986,16132.0
2024-06-13 09:00:00,1.27986,1.28077,1.27618,1.27845,20078.0
2024-06-13 13:00:00,1.27845,1.27932,1.27384,1.27456,28754.0
2024-06-13 17:00:00,1.27456,1.27674,1.27454,1.27632,13274.0
2024-06-13 21:00:00,1.27632,1.27632,1.27506,1.27509,5682.0
2024-06-14 01:00:00,1.27509,1.27638,1.2749,1.27492,11892.0
2024-06-14 05:00:00,1.27492,1.27532,1.272,1.2722,25200.0
2024-06-14 09:00:00,1.2722,1.2723,1.26702,1.26904,30439.0
2024-06-14 13:00:00,1.26904,1.26961,1.2657,1.26864,24329.0
2024-06-14 17:00:00,1.26864,1.26928,1.26787,1.26866,11054.0
2024-06-16 21:00:00,1.26866,1.26886,1.2678,1.26842,7429.0
2024-06-17 01:00:00,1.26842,1.26868,1.26768,1.26834,11073.0
2024-06-17 05:00:00,1.26834,1.26844,1.26612,1.26744,16150.0
2024-06-17 09:00:00,1.26746,1.26778,1.2659,1.26669,12057.0
2024-06-17 13:00:00,1.26672,1.26982,1.26642,1.26964,14222.0
2024-06-17 17:00:00,1.26964,1.27097,1.26954,1.27042,9341.0
2024-06-17 21:00:00,1.27052,1.27152,1.27009,1.27099,5597.0
2024-06-18 01:00:00,1.271,1.27112,1.2693,1.26942,11146.0
2024-06-18 05:00:00,1.2694,1.27021,1.2673,1.26802,20682.0
2024-06-18 09:00:00,1.26799,1.26946,1.26692,1.26913,22000.0
2024-06-18 13:00:00,1.26914,1.27208,1.26855,1.27024,22434.0
2024-06-18 17:00:00,1.27026,1.27104,1.26982,1.2708,14292.0
2024-06-18 21:00:00,1.27052,1.27123,1.27028,1.27039,6232.0
2024-06-19 01:00:00,1.27038,1.27137,1.27033,1.2706,10467.0
2024-06-19 05:00:00,1.27061,1.27329,1.27004,1.27326,17656.0
2024-06-19 09:00:00,1.27324,1.274,1.27156,1.27199,14923.0
2024-06-19 13:00:00,1.272,1.27338,1.2717,1.27208,9210.0
2024-06-19 17:00:00,1.27208,1.2722,1.27141,1.27202,2455.0
2024-06-19 21:00:00,1.272,1.27244,1.27139,1.27156,6120.0
2024-06-20 01:00:00,1.27157,1.27194,1.27102,1.27136,9507.0
2024-06-20 05:00:00,1.27136,1.27151,1.26956,1.2697,16437.0
2024-06-20 09:00:00,1.2697,1.27078,1.26751,1.26782,22043.0
2024-06-20 13:00:00,1.26778,1.26878,1.26594,1.26638,19013.0
2024-06-20 17:00:00,1.2664,1.26825,1.2655,1.26572,14236.0
2024-06-20 21:00:00,1.2659,1.26617,1.2655,1.26564,6415.0
2024-06-21 01:00:00,1.26563,1.26653,1.2655,1.26622,10107.0
2024-06-21 05:00:00,1.26622,1.26754,1.26314,1.26544,17036.0
2024-06-21 09:00:00,1.26546,1.2661,1.26314,1.26489,15220.0
2024-06-21 13:00:00,1.26488,1.2651,1.26222,1.2639,18675.0
2024-06-21 17:00:00,1.26389,1.26515,1.26356,1.26426,9445.0
2024-06-23 21:00:00,1.26418,1.26454,1.26364,1.26404,6170.0
2024-06-24 01:00:00,1.26404,1.26454,1.26328,1.26452,12657.0
2024-06-24 05:00:00,1.26455,1.26661,1.26446,1.26577,16836.0
2024-06-24 09:00:00,1.26574,1.2672,1.2657,1.26655,19366.0
2024-06-24 13:00:00,1.26656,1.26982,1.26656,1.26796,19846.0
2024-06-24 17:00:00,1.26798,1.26939,1.26732,1.2686,13555.0
2024-06-24 21:00:00,1.2685,1.26898,1.26801,1.26866,7306.0
2024-06-25 01:00:00,1.26865,1.26968,1.26834,1.26944,13041.0
2024-06-25 05:00:00,1.26946,1.27021,1.26829,1.27012,16028.0
2024-06-25 09:00:00,1.27008,1.27026,1.26752,1.26801,15085.0
2024-06-25 13:00:00,1.26802,1.26879,1.26704,1.26787,20229.0
2024-06-25 17:00:00,1.26786,1.26962,1.2677,1.26862,10794.0
2024-06-25 21:00:00,1.26873,1.2689,1.26792,1.2685,5649.0
2024-06-26 01:00:00,1.26849,1.26936,1.2684,1.26857,13025.0
2024-06-26 05:00:00,1.26857,1.26882,1.26618,1.26658,18438.0
2024-06-26 09:00:00,1.26658,1.26741,1.26396,1.26452,20702.0
2024-06-26 13:00:00,1.2645,1.26514,1.26182,1.2626,26418.0
2024-06-26 17:00:00,1.2626,1.26383,1.26156,1.26218,13471.0
2024-06-26 21:00:00,1.26241,1.2625,1.26128,1.26146,6647.0
2024-06-27 01:00:00,1.26145,1.26365,1.26144,1.26362,11017.0
2024-06-27 05:00:00,1.26364,1.26476,1.26264,1.26352,17191.0
2024-06-27 09:00:00,1.26354,1.26614,1.26344,1.26554,19867.0
2024-06-27 13:00:00,1.26551,1.26708,1.26438,1.26512,25919.0
2024-06-27 17:00:00,1.26512,1.26536,1.26378,1.264,11911.0
2024-06-27 21:00:00,1.2643,1.26468,1.26286,1.2629,7135.0
2024-06-28 01:00:00,1.2629,1.26381,1.26218,1.26233,13732.0
2024-06-28 05:00:00,1.26232,1.265,1.26228,1.26354,17011.0
2024-06-28 09:00:00,1.26352,1.2666,1.2631,1.26502,21860.0
2024-06-28 13:00:00,1.26504,1.26514,1.26197,1.26421,33808.0
2024-06-28 17:00:00,1.2642,1.26544,1.2631,1.26454,15675.0
2024-06-30 21:00:00,1.26582,1.26582,1.264,1.2653,7704.0
2024-07-01 01:00:00,1.26529,1.26659,1.26504,1.26572,11684.0
2024-07-01 05:00:00,1.26572,1.26894,1.26568,1.26741,22238.0
2024-07-01 09:00:00,1.2674,1.26804,1.26581,1.26656,19436.0
2024-07-01 13:00:00,1.26658,1.27112,1.26363,1.26484,31712.0
2024-07-01 17:00:00,1.26483,1.2652,1.26334,1.26501,12990.0
2024-07-01 21:00:00,1.2649,1.26556,1.26386,1.26412,5027.0
2024-07-02 01:00:00,1.26412,1.26424,1.26321,1.2633,9241.0
2024-07-02 05:00:00,1.26329,1.26398,1.26156,1.26292,19367.0
2024-07-02 09:00:00,1.26287,1.26692,1.26272,1.26646,19120.0
2024-07-02 13:00:00,1.26645,1.26856,1.26616,1.26686,29613.0
2024-07-02 17:00:00,1.26685,1.2688,1.26671,1.26852,10479.0
2024-07-02 21:00:00,1.26818,1.26934,1.26802,1.26886,5527.0
2024-07-03 01:00:00,1.26885,1.26887,1.26814,1.26869,10099.0
2024-07-03 05:00:00,1.26866,1.27019,1.26782,1.26957,17447.0
2024-07-03 09:00:00,1.26958,1.27224,1.26919,1.27188,17079.0
2024-07-03 13:00:00,1.27188,1.27774,1.27184,1.2754,28359.0
2024-07-03 17:00:00,1.27541,1.27542,1.27338,1.27428,8755.0
2024-07-03 21:00:00,1.27488,1.27523,1.2739,1.27508,4850.0
2024-07-04 01:00:00,1.27508,1.27539,1.27412,1.27436,7843.0
2024-07-04 05:00:00,1.27434,1.27629,1.2741,1.27558,16585.0
2024-07-04 09:00:00,1.27557,1.27637,1.27472,1.27496,12740.0
2024-07-04 13:00:00,1.27494,1.27677,1.27472,1.27611,9544.0
2024-07-04 17:00:00,1.27612,1.27628,1.27584,1.27588,1230.0
2024-07-04 21:00:00,1.27618,1.27675,1.27542,1.27643,6151.0
2024-07-05 01:00:00,1.27642,1.27728,1.27617,1.27705,11839.0
2024-07-05 05:00:00,1.27704,1.27816,1.27634,1.27796,15368.0
2024-07-05 09:00:00,1.27795,1.28114,1.27627,1.28031,23378.0
2024-07-05 13:00:00,1.2803,1.28144,1.27871,1.27986,32661.0
2024-07-05 17:00:00,1.27986,1.28172,1.27982,1.2815,8805.0
2024-07-07 21:00:00,1.2797,1.28156,1.27926,1.28052,7364.0
2024-07-08 01:00:00,1.28051,1.28191,1.28028,1.28146,11074.0
2024-07-08 05:00:00,1.28146,1.28216,1.27998,1.28192,21581.0
2024-07-08 09:00:00,1.2819,1.28402,1.28133,1.28382,20603.0
2024-07-08 13:00:00,1.28384,1.28459,1.28199,1.28214,21495.0
2024-07-08 17:00:00,1.28212,1.28228,1.28062,1.28063,9571.0
2024-07-08 21:00:00,1.28084,1.28166,1.28061,1.28083,5588.0
2024-07-09 01:00:00,1.28084,1.28093,1.27988,1.28083,10148.0
2024-07-09 05:00:00,1.28082,1.28126,1.27963,1.28058,16192.0
2024-07-09 09:00:00,1.28054,1.28251,1.27936,1.28066,18652.0
2024-07-09 13:00:00,1.28065,1.28217,1.27776,1.27835,28837.0
2024-07-09 17:00:00,1.27834,1.27906,1.27818,1.27866,12049.0
2024-07-09 21:00:00,1.27866,1.27918,1.27836,1.2786,5755.0
2024-07-10 01:00:00,1.27859,1.27948,1.27842,1.27944,11231.0
2024-07-10 05:00:00,1.27945,1.28022,1.27886,1.2797,18050.0
2024-07-10 09:00:00,1.2797,1.28128,1.27968,1.28084,18513.0
2024-07-10 13:00:00,1.28085,1.2847,1.28064,1.28462,23144.0
2024-07-10 17:00:00,1.28462,1.2849,1.28347,1.28482,11831.0
2024-07-10 21:00:00,1.2849,1.28592,1.28484,1.28549,5422.0
2024-07-11 01:00:00,1.28548,1.28642,1.28494,1.28576,11433.0
2024-07-11 05:00:00,1.28578,1.28756,1.28552,1.28754,20252.0
2024-07-11 09:00:00,1.28754,1.29496,1.2869,1.2932,29648.0
2024-07-11 13:00:00,1.29318,1.29487,1.2904,1.29109,42527.0
2024-07-11 17:00:00,1.29108,1.2915,1.2899,1.29141,19204.0
2024-07-11 21:00:00,1.29091,1.29242,1.29081,1.29093,13381.0
2024-07-12 01:00:00,1.29092,1.29126,1.29021,1.29112,16167.0
2024-07-12 05:00:00,1.29115,1.29461,1.29027,1.2946,22840.0
2024-07-12 09:00:00,1.29464,1.29689,1.29316,1.29654,28756.0
2024-07-12 13:00:00,1.29654,1.2991,1.2958,1.29872,37026.0
2024-07-12 17:00:00,1.29872,1.29906,1.29808,1.29884,13892.0
2024-07-14 21:00:00,1.29693,1.2984,1.2962,1.29662,10839.0
2024-07-15 01:00:00,1.29662,1.29752,1.2962,1.2975,12950.0
2024-07-15 05:00:00,1.29752,1.29896,1.29636,1.2989,22774.0
2024-07-15 09:00:00,1.2989,1.29914,1.29674,1.29772,25226.0
2024-07-15 13:00:00,1.29772,1.2995,1.29676,1.29776,32847.0
2024-07-15 17:00:00,1.29774,1.29776,1.2962,1.29682,20156.0
2024-07-15 21:00:00,1.29691,1.29765,1.29638,1.29651,7559.0
2024-07-16 01:00:00,1.29652,1.2967,1.29615,1.29632,11887.0
2024-07-16 05:00:00,1.29632,1.29729,1.29515,1.29636,22311.0
2024-07-16 09:00:00,1.29635,1.29801,1.29382,1.2947,29919.0
2024-07-16 13:00:00,1.2947,1.29586,1.29411,1.29544,32061.0
2024-07-16 17:00:00,1.29546,1.2977,1.2953,1.29737,18676.0
2024-07-16 21:00:00,1.29698,1.29782,1.29674,1.29694,9844.0
2024-07-17 01:00:00,1.29695,1.29786,1.29667,1.29684,13677.0
2024-07-17 05:00:00,1.29685,1.30306,1.29662,1.30288,30635.0
2024-07-17 09:00:00,1.30288,1.30448,1.3022,1.30324,27189.0
2024-07-17 13:00:00,1.30322,1.30364,1.29991,1.30042,38562.0
2024-07-17 17:00:00,1.3004,1.30122,1.30008,1.30084,21752.0
2024-07-17 21:00:00,1.30086,1.30112,1.30023,1.30037,10792.0
2024-07-18 01:00:00,1.30037,1.30074,1.29992,1.30018,16208.0
2024-07-18 05:00:00,1.30018,1.3013,1.2983,1.29859,28579.0
2024-07-18 09:00:00,1.2986,1.29967,1.29746,1.29815,24861.0
2024-07-18 13:00:00,1.29812,1.29852,1.29685,1.29718,37858.0
2024-07-18 17:00:00,1.29719,1.29723,1.29402,1.29434,24045.0
2024-07-18 21:00:00,1.2956,1.29576,1.29414,1.29447,10207.0
2024-07-19 01:00:00,1.29449,1.29468,1.29342,1.29388,16262.0
2024-07-19 05:00:00,1.2939,1.29419,1.29144,1.29174,27133.0
2024-07-19 09:00:00,1.29172,1.2929,1.2901,1.29203,25039.0
2024-07-19 13:00:00,1.29206,1.29268,1.29117,1.29144,36710.0
2024-07-19 17:00:00,1.2914,1.29184,1.29068,1.29149,18619.0
2024-07-21 21:00:00,1.29186,1.29396,1.29112,1.29286,12251.0
2024-07-22 01:00:00,1.29287,1.29303,1.29122,1.29179,16395.0
2024-07-22 05:00:00,1.29176,1.29323,1.29101,1.29278,27387.0
2024-07-22 09:00:00,1.29278,1.29425,1.29138,1.29166,22611.0
2024-07-22 13:00:00,1.29166,1.292,1.29054,1.2918,30258.0
2024-07-22 17:00:00,1.29184,1.29338,1.29182,1.29336,15797.0
2024-07-22 21:00:00,1.29345,1.2935,1.29252,1.29285,9287.0
2024-07-23 01:00:00,1.29284,1.2934,1.29248,1.29282,15528.0
2024-07-23 05:00:00,1.29281,1.29289,1.29092,1.29235,23923.0
2024-07-23 09:00:00,1.29236,1.29258,1.28878,1.29058,25265.0
2024-07-23 13:00:00,1.29058,1.29178,1.29045,1.29102,28970.0
2024-07-23 17:00:00,1.29102,1.29134,1.29005,1.29072,15841.0
2024-07-23 21:00:00,1.29086,1.29104,1.28956,1.28972,8621.0
2024-07-24 01:00:00,1.28971,1.29002,1.2884,1.28876,16468.0
2024-07-24 05:00:00,1.28877,1.29018,1.28774,1.28968,25283.0
2024-07-24 09:00:00,1.28968,1.293,1.28885,1.29285,24768.0
2024-07-24 13:00:00,1.29286,1.29378,1.29147,1.29263,34258.0
2024-07-24 17:00:00,1.29262,1.29276,1.28996,1.29068,20303.0
2024-07-24 21:00:00,1.29079,1.29115,1.28922,1.2896,13770.0
2024-07-25 01:00:00,1.28962,1.28987,1.28863,1.28889,20616.0
2024-07-25 05:00:00,1.28891,1.29136,1.28742,1.28861,33618.0
2024-07-25 09:00:00,1.2886,1.28943,1.28599,1.2875,32388.0
2024-07-25 13:00:00,1.2875,1.28921,1.28633,1.28832,42893.0
2024-07-25 17:00:00,1.28836,1.28901,1.28498,1.28506,22066.0
2024-07-25 21:00:00,1.28557,1.28608,1.28502,1.2857,9989.0
2024-07-26 01:00:00,1.28567,1.2866,1.2854,1.28638,15860.0
2024-07-26 05:00:00,1.28638,1.2873,1.2857,1.28656,24013.0
2024-07-26 09:00:00,1.28652,1.2874,1.28552,1.28668,24479.0
2024-07-26 13:00:00,1.28666,1.28754,1.28499,1.28744,31876.0
2024-07-26 17:00:00,1.28744,1.28782,1.28649,1.28666,17121.0
2024-07-28 21:00:00,1.28639,1.28882,1.28628,1.28849,13113.0
2024-07-29 01:00:00,1.2885,1.28882,1.28738,1.28751,18424.0
2024-07-29 05:00:00,1.28752,1.28782,1.28083,1.28132,25154.0
2024-07-29 09:00:00,1.28126,1.28466,1.28068,1.28384,23435.0
2024-07-29 13:00:00,1.28384,1.286,1.28232,1.28544,30043.0
2024-07-29 17:00:00,1.28546,1.28681,1.28539,1.28616,17458.0
2024-07-29 21:00:00,1.28621,1.28664,1.28513,1.28538,9477.0
2024-07-30 01:00:00,1.28537,1.28596,1.28452,1.28578,15296.0
2024-07-30 05:00:00,1.28578,1.28642,1.28436,1.28595,23208.0
2024-07-30 09:00:00,1.28594,1.28647,1.28288,1.2829,21286.0
2024-07-30 13:00:00,1.2829,1.28442,1.28202,1.28338,36192.0
2024-07-30 17:00:00,1.28338,1.28392,1.2827,1.28358,21455.0
2024-07-30 21:00:00,1.2834,1.28428,1.28308,1.28408,12438.0
2024-07-31 01:00:00,1.28408,1.2853,1.28354,1.28458,24514.0
2024-07-31 05:00:00,1.2846,1.28474,1.28212,1.28296,32479.0
2024-07-31 09:00:00,1.28296,1.28552,1.2821,1.28479,29034.0
2024-07-31 13:00:00,1.2848,1.28544,1.28224,1.28366,37560.0
2024-07-31 17:00:00,1.28366,1.28644,1.28214,1.28562,32653.0
2024-07-31 21:00:00,1.28566,1.28632,1.2849,1.28537,13309.0
2024-08-01 01:00:00,1.28537,1.28608,1.2848,1.28505,20203.0
2024-08-01 05:00:00,1.28506,1.28534,1.27764,1.27793,32667.0
2024-08-01 09:00:00,1.27792,1.28237,1.27511,1.28104,34039.0
2024-08-01 13:00:00,1.28104,1.28398,1.27517,1.27543,39065.0
2024-08-01 17:00:00,1.27541,1.27582,1.27269,1.2739,25022.0
2024-08-01 21:00:00,1.27413,1.27511,1.27208,1.27237,15637.0
2024-08-02 01:00:00,1.27238,1.27298,1.27128,1.27248,20386.0
2024-08-02 05:00:00,1.27248,1.27398,1.27073,1.27354,35198.0
2024-08-02 09:00:00,1.27355,1.28087,1.27332,1.28022,36275.0
2024-08-02 13:00:00,1.28021,1.28406,1.27837,1.27888,57406.0
2024-08-02 17:00:00,1.2789,1.28128,1.27884,1.28054,21465.0
2024-08-04 21:00:00,1.28076,1.28137,1.27801,1.27841,21426.0
2024-08-05 01:00:00,1.27842,1.28052,1.27782,1.28007,36112.0
2024-08-05 05:00:00,1.28008,1.28172,1.27102,1.27625,69332.0
2024-08-05 09:00:00,1.27627,1.2778,1.27274,1.27524,48859.0
2024-08-05 13:00:00,1.27524,1.27964,1.27484,1.27666,80872.0
2024-08-05 17:00:00,1.27665,1.2779,1.27444,1.27766,32271.0
2024-08-05 21:00:00,1.2771,1.28028,1.27678,1.28028,24177.0
2024-08-06 01:00:00,1.28029,1.2803,1.27721,1.27731,31020.0
2024-08-06 05:00:00,1.2773,1.27787,1.27299,1.27323,50076.0
2024-08-06 09:00:00,1.27322,1.27322,1.26728,1.26794,42415.0
2024-08-06 13:00:00,1.26796,1.27266,1.26789,1.27052,48744.0
2024-08-06 17:00:00,1.2705,1.27097,1.26848,1.26916,28569.0
2024-08-06 21:00:00,1.26914,1.27036,1.26808,1.27026,15459.0
2024-08-07 01:00:00,1.27027,1.27184,1.26934,1.27044,30971.0
2024-08-07 05:00:00,1.27046,1.27164,1.26874,1.2702,37771.0
2024-08-07 09:00:00,1.2702,1.27361,1.26974,1.27225,27683.0
2024-08-07 13:00:00,1.27223,1.2726,1.27046,1.27076,36246.0
2024-08-07 17:00:00,1.27074,1.27098,1.26832,1.2693,26898.0
2024-08-07 21:00:00,1.26896,1.2697,1.26782,1.26812,12211.0
2024-08-08 01:00:00,1.26813,1.27026,1.2681,1.26956,22672.0
2024-08-08 05:00:00,1.26956,1.27138,1.26896,1.27004,34271.0
2024-08-08 09:00:00,1.27006,1.27045,1.2665,1.26756,37497.0
2024-08-08 13:00:00,1.2676,1.27437,1.26758,1.27424,44515.0
2024-08-08 17:00:00,1.27425,1.27526,1.27344,1.27491,21859.0
2024-08-08 21:00:00,1.27462,1.275,1.2738,1.27407,11687.0
2024-08-09 01:00:00,1.2741,1.27606,1.2741,1.27499,17882.0
2024-08-09 05:00:00,1.27498,1.27722,1.27478,1.27652,28214.0
2024-08-09 09:00:00,1.27653,1.27686,1.27262,1.27372,27459.0
2024-08-09 13:00:00,1.27373,1.2774,1.27312,1.27581,33818.0
2024-08-09 17:00:00,1.2758,1.277,1.27541,1.2758,20330.0
2024-08-11 21:00:00,1.27662,1.27675,1.27468,1.2757,6396.0
2024-08-12 01:00:00,1.27566,1.27636,1.27564,1.27632,11570.0
2024-08-12 05:00:00,1.27634,1.27822,1.276,1.2764,23091.0
2024-08-12 09:00:00,1.27639,1.27756,1.27529,1.2764,22826.0
2024-08-12 13:00:00,1.27641,1.2794,1.27571,1.27582,35477.0
2024-08-12 17:00:00,1.27582,1.27712,1.27555,1.27656,22166.0
2024-08-12 21:00:00,1.2774,1.2774,1.27624,1.27667,8205.0
2024-08-13 01:00:00,1.27666,1.27793,1.27644,1.2779,12231.0
2024-08-13 05:00:00,1.2779,1.28131,1.27764,1.2798,26309.0
2024-08-13 09:00:00,1.2798,1.2813,1.27794,1.28074,29787.0
2024-08-13 13:00:00,1.28073,1.28472,1.28,1.28452,33395.0
2024-08-13 17:00:00,1.28454,1.28733,1.28438,1.28628,23376.0
2024-08-13 21:00:00,1.28588,1.28678,1.28584,1.28635,8242.0
2024-08-14 01:00:00,1.28636,1.28686,1.2854,1.28589,16820.0
2024-08-14 05:00:00,1.28588,1.28635,1.28168,1.28414,29603.0
2024-08-14 09:00:00,1.28414,1.28625,1.28268,1.28398,29176.0
2024-08-14 13:00:00,1.28393,1.28641,1.28333,1.2838,34774.0
2024-08-14 17:00:00,1.2838,1.2838,1.28212,1.28262,21909.0
2024-08-14 21:00:00,1.28298,1.2832,1.28227,1.28272,7812.0
2024-08-15 01:00:00,1.28272,1.28408,1.28198,1.28402,12861.0
2024-08-15 05:00:00,1.28402,1.28583,1.28382,1.28438,22128.0
2024-08-15 09:00:00,1.28436,1.28698,1.28102,1.2818,27345.0
2024-08-15 13:00:00,1.2818,1.28718,1.27987,1.28518,37717.0
2024-08-15 17:00:00,1.28517,1.28646,1.28482,1.2854,20323.0
2024-08-15 21:00:00,1.28572,1.2864,1.28522,1.28625,7740.0
2024-08-16 01:00:00,1.28628,1.28754,1.28604,1.28732,12228.0
2024-08-16 05:00:00,1.28732,1.28914,1.28705,1.28856,18959.0
2024-08-16 09:00:00,1.28854,1.29144,1.2885,1.28973,15656.0
2024-08-16 13:00:00,1.28972,1.29218,1.28817,1.29208,23229.0
2024-08-16 17:00:00,1.29206,1.29461,1.29206,1.29452,14427.0
2024-08-18 21:00:00,1.29398,1.2953,1.2936,1.29454,7987.0
2024-08-19 01:00:00,1.29454,1.29606,1.2944,1.29533,14227.0
2024-08-19 05:00:00,1.29534,1.29758,1.29528,1.2972,26754.0
2024-08-19 09:00:00,1.29722,1.29726,1.29426,1.29508,24512.0
2024-08-19 13:00:00,1.29508,1.29974,1.294,1.2982,30590.0
2024-08-19 17:00:00,1.29819,1.29962,1.29792,1.29906,18278.0
2024-08-19 21:00:00,1.29896,1.2994,1.29834,1.29859,8054.0
2024-08-20 01:00:00,1.2986,1.29932,1.2977,1.29798,15382.0
2024-08-20 05:00:00,1.29797,1.30132,1.29744,1.30007,26873.0
2024-08-20 09:00:00,1.30009,1.303,1.29916,1.30271,25865.0
2024-08-20 13:00:00,1.3027,1.30524,1.30128,1.30252,36464.0
2024-08-20 17:00:00,1.30251,1.3036,1.30176,1.30334,18200.0
2024-08-20 21:00:00,1.30358,1.30385,1.30291,1.30346,9864.0
2024-08-21 01:00:00,1.30346,1.30364,1.3023,1.30266,15290.0
2024-08-21 05:00:00,1.30266,1.30316,1.3011,1.30129,23815.0
2024-08-21 09:00:00,1.30128,1.30484,1.30128,1.3045,22650.0
2024-08-21 13:00:00,1.30452,1.30914,1.30352,1.30893,47334.0
2024-08-21 17:00:00,1.30895,1.31196,1.30848,1.309,23627.0
2024-08-21 21:00:00,1.30932,1.30971,1.30878,1.30902,7809.0
2024-08-22 01:00:00,1.30903,1.30914,1.30815,1.30838,12771.0
2024-08-22 05:00:00,1.30835,1.3129,1.30814,1.31139,27171.0
2024-08-22 09:00:00,1.3114,1.31279,1.30956,1.31189,28565.0
2024-08-22 13:00:00,1.31192,1.313,1.30816,1.30864,36547.0
2024-08-22 17:00:00,1.3086,1.3095,1.30766,1.30916,21712.0
2024-08-22 21:00:00,1.3091,1.31016,1.30888,1.30986,8852.0
2024-08-23 01:00:00,1.30985,1.311,1.30967,1.31096,13692.0
2024-08-23 05:00:00,1.31095,1.31314,1.31072,1.31314,22089.0
2024-08-23 09:00:00,1.31313,1.3137,1.31108,1.31196,24708.0
2024-08-23 13:00:00,1.3119,1.32304,1.31084,1.31908,54141.0
2024-08-23 17:00:00,1.31908,1.32211,1.31894,1.32174,24335.0
2024-08-25 21:00:00,1.32181,1.32226,1.32043,1.32146,11137.0
2024-08-26 01:00:00,1.32146,1.32224,1.3199,1.3201,12093.0
2024-08-26 05:00:00,1.32009,1.321,1.319,1.3198,21332.0
2024-08-26 09:00:00,1.31978,1.32058,1.318,1.32017,26363.0
2024-08-26 13:00:00,1.32015,1.32096,1.31806,1.31987,35543.0
2024-08-26 17:00:00,1.31986,1.32073,1.31819,1.31875,17339.0
2024-08-26 21:00:00,1.3188,1.31942,1.31802,1.31816,8205.0
2024-08-27 01:00:00,1.31816,1.31952,1.31812,1.31929,12357.0
2024-08-27 05:00:00,1.31932,1.32234,1.31916,1.32177,25719.0
2024-08-27 09:00:00,1.32176,1.3247,1.3204,1.32131,29352.0
2024-08-27 13:00:00,1.3213,1.32425,1.32128,1.32329,35279.0
2024-08-27 17:00:00,1.32328,1.32666,1.32319,1.32612,17938.0
2024-08-27 21:00:00,1.32582,1.32638,1.32536,1.32599,7771.0
2024-08-28 01:00:00,1.32597,1.32608,1.32404,1.32416,14709.0
2024-08-28 05:00:00,1.32418,1.32444,1.32172,1.32302,27015.0
2024-08-28 09:00:00,1.32302,1.32396,1.3199,1.32101,29691.0
2024-08-28 13:00:00,1.32103,1.32309,1.31741,1.31859,38808.0
2024-08-28 17:00:00,1.31858,1.31914,1.31676,1.3191,22760.0
2024-08-28 21:00:00,1.31954,1.32082,1.319,1.32065,7777.0
2024-08-29 01:00:00,1.32067,1.32125,1.3197,1.32122,12138.0
2024-08-29 05:00:00,1.32124,1.32271,1.31682,1.31884,30826.0
2024-08-29 09:00:00,1.31884,1.32025,1.31538,1.3161,32602.0
2024-08-29 13:00:00,1.3161,1.31906,1.31455,1.31827,41563.0
2024-08-29 17:00:00,1.31828,1.31896,1.31634,1.31684,24293.0
2024-08-29 21:00:00,1.3167,1.31714,1.31636,1.31681,6604.0
2024-08-30 01:00:00,1.3168,1.31714,1.31604,1.31642,11104.0
2024-08-30 05:00:00,1.31646,1.32,1.31641,1.3183,22930.0
2024-08-30 09:00:00,1.31832,1.31896,1.31436,1.31554,26569.0
2024-08-30 13:00:00,1.31554,1.31644,1.31098,1.31192,47179.0
2024-08-30 17:00:00,1.31192,1.31363,1.31124,1.31264,21639.0
2024-09-01 21:00:00,1.31356,1.3138,1.31258,1.31339,6051.0
2024-09-02 01:00:00,1.3134,1.31374,1.31201,1.3126,11208.0
2024-09-02 05:00:00,1.3126,1.31462,1.31228,1.3135,20412.0
2024-09-02 09:00:00,1.3135,1.31479,1.31274,1.31428,19510.0
2024-09-02 13:00:00,1.31428,1.31552,1.31358,1.31421,16146.0
2024-09-02 17:00:00,1.31422,1.31481,1.3142,1.31472,2243.0
2024-09-02 21:00:00,1.31446,1.31502,1.31342,1.31374,7770.0
2024-09-03 01:00:00,1.31374,1.31472,1.31231,1.31248,15807.0
2024-09-03 05:00:00,1.31246,1.31399,1.31089,1.31224,27466.0
2024-09-03 09:00:00,1.31225,1.31394,1.31098,1.31307,29065.0
2024-09-03 13:00:00,1.3131,1.31466,1.30885,1.31034,43867.0
2024-09-03 17:00:00,1.31034,1.3117,1.30877,1.31145,20367.0
2024-09-03 21:00:00,1.31134,1.31153,1.31027,1.31044,9826.0
2024-09-04 01:00:00,1.31044,1.31188,1.31014,1.31178,14938.0
2024-09-04 05:00:00,1.31176,1.31279,1.3101,1.31209,26142.0
2024-09-04 09:00:00,1.3121,1.31272,1.31068,1.31236,23793.0
2024-09-04 13:00:00,1.31236,1.31755,1.31211,1.31504,39312.0
2024-09-04 17:00:00,1.31502,1.31528,1.31274,1.31484,22018.0
2024-09-04 21:00:00,1.31461,1.31514,1.3141,1.31439,11408.0
2024-09-05 01:00:00,1.3144,1.31566,1.31439,1.31475,13687.0
2024-09-05 05:00:00,1.31476,1.31715,1.31373,1.31696,23030.0
2024-09-05 09:00:00,1.31695,1.31801,1.31537,1.31611,27429.0
2024-09-05 13:00:00,1.31617,1.31788,1.31512,1.31732,38338.0
2024-09-05 17:00:00,1.31732,1.31856,1.31644,1.31808,23459.0
2024-09-05 21:00:00,1.31798,1.31824,1.31746,1.31782,6324.0
2024-09-06 01:00:00,1.31784,1.318,1.3173,1.31786,11656.0
2024-09-06 05:00:00,1.31789,1.31932,1.31664,1.31676,26800.0
2024-09-06 09:00:00,1.31674,1.3239,1.3151,1.321,37790.0
2024-09-06 13:00:00,1.32102,1.3217,1.31102,1.31203,74512.0
2024-09-06 17:00:00,1.31205,1.31395,1.31132,1.31296,29041.0
2024-09-08 21:00:00,1.3124,1.31414,1.3124,1.31303,9235.0
2024-09-09 01:00:00,1.31304,1.31434,1.31196,1.31198,14507.0
2024-09-09 05:00:00,1.31196,1.31197,1.30829,1.30882,25846.0
2024-09-09 09:00:00,1.30883,1.31001,1.30727,1.30833,25951.0
2024-09-09 13:00:00,1.30832,1.31008,1.30678,1.30974,33611.0
2024-09-09 17:00:00,1.30977,1.31023,1.30706,1.30732,22639.0
2024-09-09 21:00:00,1.30736,1.30772,1.3058,1.30628,8059.0
2024-09-10 01:00:00,1.30628,1.30775,1.30616,1.30769,10526.0
2024-09-10 05:00:00,1.3077,1.31079,1.30734,1.30854,26350.0
2024-09-10 09:00:00,1.30854,1.31048,1.30684,1.30704,27274.0
2024-09-10 13:00:00,1.307,1.30758,1.30496,1.30686,37828.0
2024-09-10 17:00:00,1.30683,1.30869,1.3066,1.30794,25505.0
2024-09-10 21:00:00,1.30781,1.30851,1.30715,1.30722,7418.0
2024-09-11 01:00:00,1.30724,1.31024,1.30704,1.31022,18050.0
2024-09-11 05:00:00,1.3102,1.31116,1.30776,1.3083,29274.0
2024-09-11 09:00:00,1.3083,1.30982,1.3047,1.30616,35814.0
2024-09-11 13:00:00,1.30615,1.30732,1.3002,1.30368,48010.0
2024-09-11 17:00:00,1.30368,1.30502,1.30354,1.30431,28162.0
2024-09-11 21:00:00,1.30455,1.30477,1.3034,1.30341,6770.0
2024-09-12 01:00:00,1.30342,1.3049,1.30322,1.30488,14341.0
2024-09-12 05:00:00,1.30485,1.30568,1.30328,1.30473,25438.0
2024-09-12 09:00:00,1.30472,1.30624,1.30374,1.3054,31358.0
2024-09-12 13:00:00,1.30542,1.3095,1.30504,1.30922,41091.0
2024-09-12 17:00:00,1.30924,1.31272,1.30856,1.31258,33811.0
2024-09-12 21:00:00,1.31249,1.3146,1.31235,1.31454,7654.0
2024-09-13 01:00:00,1.31454,1.3151,1.31377,1.31473,19053.0
2024-09-13 05:00:00,1.31472,1.315,1.31244,1.31438,27052.0
2024-09-13 09:00:00,1.3144,1.31523,1.31148,1.31376,30825.0
2024-09-13 13:00:00,1.31377,1.3158,1.31233,1.31311,35949.0
2024-09-13 17:00:00,1.31311,1.31346,1.31178,1.31236,22276.0
2024-09-15 21:00:00,1.31248,1.31436,1.31217,1.31414,7200.0
2024-09-16 01:00:00,1.31412,1.31632,1.31384,1.31534,12427.0
2024-09-16 05:00:00,1.31533,1.3193,1.31528,1.31883,24428.0
2024-09-16 09:00:00,1.31882,1.32093,1.31825,1.31984,27277.0
2024-09-16 13:00:00,1.31984,1.32144,1.31915,1.32071,32645.0
2024-09-16 17:00:00,1.3207,1.32184,1.31974,1.32166,20860.0
2024-09-16 21:00:00,1.32158,1.32182,1.32004,1.3202,8235.0
2024-09-17 01:00:00,1.3202,1.32117,1.32003,1.32032,13313.0
2024-09-17 05:00:00,1.32033,1.323,1.31985,1.32284,23315.0
2024-09-17 09:00:00,1.32284,1.32293,1.31992,1.32104,30388.0
2024-09-17 13:00:00,1.32107,1.32127,1.31524,1.31582,39830.0
2024-09-17 17:00:00,1.31582,1.31694,1.3146,1.31597,29176.0
2024-09-17 21:00:00,1.31606,1.31714,1.3156,1.31688,7453.0
2024-09-18 01:00:00,1.31688,1.31725,1.3158,1.31591,14265.0
2024-09-18 05:00:00,1.3159,1.3212,1.31564,1.32058,26145.0
2024-09-18 09:00:00,1.32058,1.32276,1.32047,1.32184,26480.0
2024-09-18 13:00:00,1.32185,1.32541,1.31952,1.32106,32136.0
2024-09-18 17:00:00,1.32106,1.3298,1.31756,1.32127,87856.0
2024-09-18 21:00:00,1.32085,1.32183,1.31684,1.31712,16184.0
2024-09-19 01:00:00,1.31712,1.3214,1.31536,1.3209,26096.0
2024-09-19 05:00:00,1.32092,1.32652,1.32088,1.32636,35991.0
2024-09-19 09:00:00,1.32638,1.33144,1.324,1.32402,44696.0
2024-09-19 13:00:00,1.32401,1.32895,1.32197,1.32816,49278.0
2024-09-19 17:00:00,1.32814,1.32894,1.32738,1.32838,31263.0
2024-09-19 21:00:00,1.3283,1.32859,1.3272,1.32776,9560.0
2024-09-20 01:00:00,1.32776,1.33017,1.32745,1.32928,18619.0
2024-09-20 05:00:00,1.32928,1.33406,1.3287,1.33009,37716.0
2024-09-20 09:00:00,1.33011,1.33234,1.3281,1.33207,29395.0
2024-09-20 13:00:00,1.33208,1.33317,1.3268,1.33264,49615.0
2024-09-20 17:00:00,1.3326,1.33275,1.33066,1.33223,34324.0
2024-09-22 21:00:00,1.33161,1.33232,1.33088,1.33111,7666.0
2024-09-23 01:00:00,1.3311,1.332,1.3307,1.33164,12565.0
2024-09-23 05:00:00,1.33164,1.33204,1.32486,1.32717,35184.0
2024-09-23 09:00:00,1.32716,1.33296,1.32714,1.33274,30303.0
2024-09-23 13:00:00,1.33273,1.33596,1.33129,1.33434,44020.0
2024-09-23 17:00:00,1.33436,1.33544,1.33372,1.33483,27853.0
2024-09-23 21:00:00,1.33468,1.33544,1.33428,1.33446,9462.0
2024-09-24 01:00:00,1.33445,1.33583,1.33402,1.33582,21271.0
2024-09-24 05:00:00,1.33582,1.33814,1.33318,1.33772,36508.0
2024-09-24 09:00:00,1.33771,1.33901,1.33588,1.3387,30292.0
2024-09-24 13:00:00,1.33871,1.3399,1.3368,1.33906,41126.0
2024-09-24 17:00:00,1.33904,1.34158,1.33877,1.34133,24958.0
2024-09-24 21:00:00,1.34121,1.343,1.34114,1.34236,10189.0
2024-09-25 01:00:00,1.34238,1.3425,1.34108,1.34176,18890.0
2024-09-25 05:00:00,1.34176,1.34188,1.33757,1.33794,32921.0
2024-09-25 09:00:00,1.33794,1.33964,1.33639,1.33956,32554.0
2024-09-25 13:00:00,1.33956,1.34126,1.33276,1.33328,44706.0
2024-09-25 17:00:00,1.33328,1.33329,1.33124,1.3323,35659.0
2024-09-25 21:00:00,1.33227,1.33288,1.33127,1.3328,8692.0
2024-09-26 01:00:00,1.33284,1.3343,1.33211,1.33397,16871.0
2024-09-26 05:00:00,1.33395,1.33584,1.33343,1.33512,33685.0
2024-09-26 09:00:00,1.33512,1.33893,1.33492,1.33724,37457.0
2024-09-26 13:00:00,1.33724,1.34343,1.3351,1.34097,54952.0
2024-09-26 17:00:00,1.34096,1.34256,1.34086,1.34154,33390.0
2024-09-26 21:00:00,1.34155,1.3418,1.33975,1.33986,9484.0
2024-09-27 01:00:00,1.33984,1.34016,1.33805,1.33856,20802.0
2024-09-27 05:00:00,1.33856,1.3397,1.33599,1.33742,41899.0
2024-09-27 09:00:00,1.33742,1.34265,1.33708,1.34248,34403.0
2024-09-27 13:00:00,1.34244,1.34278,1.33798,1.33836,48104.0
2024-09-27 17:00:00,1.33834,1.33886,1.33688,1.33725,33009.0
2024-09-29 21:00:00,1.33736,1.33848,1.33732,1.33828,8786.0
2024-09-30 01:00:00,1.33829,1.33897,1.33738,1.33882,19214.0
2024-09-30 05:00:00,1.33886,1.34232,1.33744,1.34182,34727.0
2024-09-30 09:00:00,1.34181,1.34182,1.33814,1.33864,25661.0
2024-09-30 13:00:00,1.33866,1.34172,1.336,1.34021,45638.0
2024-09-30 17:00:00,1.34024,1.34084,1.33502,1.33764,34851.0
2024-09-30 21:00:00,1.3373,1.33825,1.33693,1.33754,12945.0
2024-10-01 01:00:00,1.33754,1.33898,1.33685,1.33806,22838.0
2024-10-01 05:00:00,1.33806,1.33854,1.33262,1.33318,37587.0
2024-10-01 09:00:00,1.33319,1.3339,1.3311,1.33186,38281.0
2024-10-01 13:00:00,1.33185,1.33277,1.32458,1.3255,62443.0
2024-10-01 17:00:00,1.32545,1.32903,1.32374,1.32858,50723.0
2024-10-01 21:00:00,1.32858,1.32885,1.32722,1.3277,8970.0
2024-10-02 01:00:00,1.3277,1.3296,1.32679,1.32698,20685.0
2024-10-02 05:00:00,1.32696,1.33057,1.32606,1.3297,35157.0
2024-10-02 09:00:00,1.32968,1.32977,1.32734,1.32742,34998.0
2024-10-02 13:00:00,1.32743,1.32834,1.32458,1.32713,45235.0
2024-10-02 17:00:00,1.32714,1.32753,1.32584,1.32672,30173.0
2024-10-02 21:00:00,1.32646,1.32752,1.32538,1.32618,13657.0
2024-10-03 01:00:00,1.32618,1.32633,1.32435,1.3244,24151.0
2024-10-03 05:00:00,1.32442,1.32464,1.31055,1.31164,47498.0
2024-10-03 09:00:00,1.31163,1.31288,1.30928,1.31136,42488.0
2024-10-03 13:00:00,1.3113,1.31318,1.3092,1.31253,56249.0
2024-10-03 17:00:00,1.31255,1.3132,1.31124,1.31235,32069.0
2024-10-03 21:00:00,1.31221,1.31341,1.31206,1.3131,8695.0
2024-10-04 01:00:00,1.31311,1.3136,1.31236,1.31276,19676.0
2024-10-04 05:00:00,1.31277,1.31678,1.31269,1.31568,34037.0
2024-10-04 09:00:00,1.31567,1.3175,1.30756,1.30793,39899.0
2024-10-04 13:00:00,1.30794,1.31195,1.30698,1.31152,54098.0
2024-10-04 17:00:00,1.31151,1.31297,1.31145,1.31266,30138.0
2024-10-06 21:00:00,1.31173,1.31283,1.31069,1.31224,11982.0
2024-10-07 01:00:00,1.31224,1.31346,1.31169,1.31169,21059.0
2024-10-07 05:00:00,1.31169,1.31226,1.30862,1.30888,34799.0
2024-10-07 09:00:00,1.30885,1.30898,1.30593,1.30788,35855.0
2024-10-07 13:00:00,1.30786,1.30943,1.30684,1.30898,45180.0
2024-10-07 17:00:00,1.309,1.30968,1.3069,1.30828,28514.0
2024-10-07 21:00:00,1.30819,1.31004,1.30797,1.31004,9828.0
2024-10-08 01:00:00,1.31004,1.31039,1.30849,1.30902,28032.0
2024-10-08 05:00:00,1.30902,1.31042,1.30642,1.30997,35762.0
2024-10-08 09:00:00,1.30995,1.31136,1.30902,1.31011,30936.0
2024-10-08 13:00:00,1.31008,1.31124,1.30812,1.30882,40783.0
2024-10-08 17:00:00,1.30882,1.31058,1.3076,1.31044,36259.0
2024-10-08 21:00:00,1.31039,1.31058,1.30925,1.31001,6515.0
2024-10-09 01:00:00,1.31,1.31022,1.30816,1.30842,25445.0
2024-10-09 05:00:00,1.30846,1.3102,1.30556,1.30776,36331.0
2024-10-09 09:00:00,1.30776,1.30956,1.30762,1.30828,27888.0
2024-10-09 13:00:00,1.30828,1.30892,1.30656,1.30686,36172.0
2024-10-09 17:00:00,1.30686,1.30762,1.30598,1.30725,21571.0
2024-10-09 21:00:00,1.30705,1.30738,1.30627,1.3069,9675.0
2024-10-10 01:00:00,1.30688,1.30782,1.30672,1.30724,25206.0
2024-10-10 05:00:00,1.30724,1.3089,1.30677,1.3074,30188.0
2024-10-10 09:00:00,1.30745,1.30939,1.30205,1.30758,36319.0
2024-10-10 13:00:00,1.3076,1.3085,1.30255,1.30353,48570.0
2024-10-10 17:00:00,1.30352,1.30644,1.3022,1.30596,26033.0
2024-10-10 21:00:00,1.30598,1.30642,1.30535,1.30642,11319.0
2024-10-11 01:00:00,1.30642,1.30669,1.30484,1.30496,15187.0
2024-10-11 05:00:00,1.30495,1.3082,1.30418,1.30735,24065.0
2024-10-11 09:00:00,1.3073,1.30821,1.30517,1.30652,28296.0
2024-10-11 13:00:00,1.3065,1.30832,1.30568,1.30725,35697.0
2024-10-11 17:00:00,1.30724,1.30784,1.3063,1.30671,16527.0
2024-10-13 21:00:00,1.30689,1.30702,1.3041,1.30513,9450.0
2024-10-14 01:00:00,1.30512,1.30628,1.30426,1.30592,20875.0
2024-10-14 05:00:00,1.30592,1.3072,1.3056,1.30662,25889.0
2024-10-14 09:00:00,1.30662,1.30678,1.3031,1.30343,25388.0
2024-10-14 13:00:00,1.3034,1.30604,1.30303,1.30518,31324.0
2024-10-14 17:00:00,1.30519,1.30616,1.30417,1.30605,20282.0
2024-10-14 21:00:00,1.30598,1.30677,1.3057,1.30658,7901.0
2024-10-15 01:00:00,1.30656,1.30689,1.30476,1.305,19285.0
2024-10-15 05:00:00,1.30498,1.30866,1.30358,1.30763,32506.0
2024-10-15 09:00:00,1.30766,1.3097,1.30685,1.30885,24934.0
2024-10-15 13:00:00,1.30883,1.3103,1.30686,1.30698,41973.0
2024-10-15 17:00:00,1.30698,1.30753,1.30607,1.30741,24842.0
2024-10-15 21:00:00,1.30744,1.30766,1.306,1.30648,10315.0
2024-10-16 01:00:00,1.3065,1.30776,1.30636,1.30739,20807.0
2024-10-16 05:00:00,1.30738,1.30768,1.29824,1.30037,39356.0
2024-10-16 09:00:00,1.30038,1.30379,1.30008,1.30152,30642.0
2024-10-16 13:00:00,1.30152,1.30314,1.29949,1.30044,33018.0
2024-10-16 17:00:00,1.30045,1.30058,1.29768,1.29897,17922.0
2024-10-16 21:00:00,1.29866,1.29973,1.29852,1.29874,9686.0
2024-10-17 01:00:00,1.29871,1.30015,1.29806,1.29839,23328.0
2024-10-17 05:00:00,1.29838,1.29965,1.29738,1.29778,30091.0
2024-10-17 09:00:00,1.2978,1.30234,1.29759,1.30087,34277.0
2024-10-17 13:00:00,1.3009,1.3019,1.29797,1.30106,64189.0
2024-10-17 17:00:00,1.30105,1.30156,1.30048,1.30114,30532.0
2024-10-17 21:00:00,1.30082,1.30196,1.30074,1.30141,12032.0
2024-10-18 01:00:00,1.3014,1.30267,1.3014,1.30218,30624.0
2024-10-18 05:00:00,1.30218,1.30713,1.302,1.30416,45212.0
2024-10-18 09:00:00,1.30415,1.3055,1.30342,1.3049,39366.0
2024-10-18 13:00:00,1.3049,1.3067,1.302,1.30443,46283.0
2024-10-18 17:00:00,1.30444,1.30514,1.30383,1.3051,41940.0
2024-10-20 21:00:00,1.30474,1.3058,1.30431,1.30432,15742.0
2024-10-21 01:00:00,1.3043,1.30532,1.30386,1.30404,34999.0
2024-10-21 05:00:00,1.30404,1.3045,1.30122,1.30265,39276.0
2024-10-21 09:00:00,1.30266,1.30338,1.30132,1.30293,37674.0
2024-10-21 13:00:00,1.30294,1.3032,1.29786,1.2987,45749.0
2024-10-21 17:00:00,1.29872,1.29918,1.29771,1.29844,33293.0
2024-10-21 21:00:00,1.29842,1.29882,1.29798,1.29808,13372.0
2024-10-22 01:00:00,1.29807,1.30002,1.29804,1.3,42197.0
2024-10-22 05:00:00,1.29997,1.30153,1.29862,1.29894,41657.0
2024-10-22 09:00:00,1.29892,1.29924,1.29558,1.29561,41002.0
2024-10-22 13:00:00,1.29561,1.29831,1.29445,1.29748,50895.0
2024-10-22 17:00:00,1.29749,1.29861,1.29728,1.29852,29610.0
2024-10-22 21:00:00,1.29788,1.29886,1.2972,1.2977,13339.0
2024-10-23 01:00:00,1.29769,1.29918,1.29714,1.29888,44122.0
2024-10-23 05:00:00,1.29888,1.29952,1.29622,1.29842,43746.0
2024-10-23 09:00:00,1.29843,1.29874,1.2945,1.2953,40343.0
2024-10-23 13:00:00,1.29531,1.29618,1.29225,1.29285,49500.0
2024-10-23 17:00:00,1.29285,1.2934,1.29074,1.29207,33736.0
2024-10-23 21:00:00,1.29222,1.29272,1.2909,1.2926,19811.0
2024-10-24 01:00:00,1.29259,1.29306,1.2918,1.29304,43142.0
2024-10-24 05:00:00,1.29304,1.29729,1.2926,1.29614,54184.0
2024-10-24 09:00:00,1.29614,1.29828,1.29548,1.29744,45568.0
2024-10-24 13:00:00,1.29744,1.29882,1.29481,1.29595,53814.0
2024-10-24 17:00:00,1.29592,1.2978,1.29588,1.29771,34833.0
2024-10-24 21:00:00,1.29738,1.29766,1.29653,1.29687,16952.0
2024-10-25 01:00:00,1.29688,1.29732,1.296,1.29647,39206.0
2024-10-25 05:00:00,1.29648,1.298,1.29558,1.29758,40497.0
2024-10-25 09:00:00,1.29757,1.29968,1.29742,1.29924,32000.0
2024-10-25 13:00:00,1.2992,1.29987,1.29718,1.29766,43137.0
2024-10-25 17:00:00,1.29766,1.29776,1.29582,1.2962,44511.0
2024-10-27 21:00:00,1.29658,1.29691,1.29529,1.29533,15545.0
2024-10-28 01:00:00,1.29534,1.29594,1.29418,1.29468,36136.0
2024-10-28 05:00:00,1.29468,1.29782,1.29397,1.29758,36228.0
2024-10-28 09:00:00,1.29758,1.29975,1.29662,1.2988,37251.0
2024-10-28 13:00:00,1.2988,1.30016,1.29784,1.29798,45669.0
2024-10-28 17:00:00,1.29799,1.29828,1.29678,1.29705,31186.0
2024-10-28 21:00:00,1.29744,1.29774,1.29651,1.29726,10448.0
2024-10-29 01:00:00,1.29725,1.2975,1.29582,1.29617,51307.0
2024-10-29 05:00:00,1.29618,1.299,1.29608,1.29842,45537.0
2024-10-29 09:00:00,1.29842,1.29928,1.29696,1.29777,40729.0
2024-10-29 13:00:00,1.29777,1.30119,1.29671,1.29992,67622.0
2024-10-29 17:00:00,1.29994,1.30171,1.29927,1.3017,36788.0
2024-10-29 21:00:00,1.30164,1.30172,1.30078,1.30134,14324.0
2024-10-30 01:00:00,1.30134,1.30204,1.29963,1.29987,35192.0
2024-10-30 05:00:00,1.29986,1.30248,1.29958,1.3018,42355.0
2024-10-30 09:00:00,1.3018,1.30272,1.29369,1.29496,58117.0
2024-10-30 13:00:00,1.29495,1.30435,1.29468,1.29989,73759.0
2024-10-30 17:00:00,1.29986,1.30002,1.296,1.29624,41511.0
2024-10-30 21:00:00,1.29652,1.29707,1.29489,1.29496,12899.0
2024-10-31 01:00:00,1.29494,1.29593,1.29427,1.29502,41055.0
2024-10-31 05:00:00,1.29502,1.29994,1.2948,1.29802,43910.0
2024-10-31 09:00:00,1.29804,1.29998,1.2958,1.29782,54630.0
2024-10-31 13:00:00,1.29782,1.29982,1.28438,1.28639,92294.0
2024-10-31 17:00:00,1.2864,1.29,1.28554,1.28988,41529.0
2024-10-31 21:00:00,1.29013,1.29029,1.2889,1.28951,11665.0
2024-11-01 01:00:00,1.28951,1.29025,1.28887,1.28978,29300.0
2024-11-01 05:00:00,1.2898,1.29185,1.28846,1.29046,36137.0
2024-11-01 09:00:00,1.29047,1.29674,1.29044,1.29535,51780.0
2024-11-01 13:00:00,1.29538,1.29804,1.29438,1.29564,70692.0
2024-11-01 17:00:00,1.29565,1.29576,1.2916,1.29194,42462.0
2024-11-03 22:00:00,1.29716,1.29796,1.295,1.29754,27005.0
2024-11-04 02:00:00,1.29754,1.2999,1.29719,1.29926,39714.0
2024-11-04 06:00:00,1.2993,1.29966,1.29454,1.29716,48132.0
2024-11-04 10:00:00,1.29717,1.2983,1.29515,1.29698,45021.0
2024-11-04 14:00:00,1.297,1.29935,1.29344,1.29564,60513.0
2024-11-04 18:00:00,1.29565,1.29618,1.29419,1.29568,33310.0
2024-11-04 22:00:00,1.29558,1.29594,1.29482,1.29556,16360.0
2024-11-05 02:00:00,1.29555,1.29639,1.29529,1.29602,37941.0
2024-11-05 06:00:00,1.29601,1.29848,1.2958,1.29822,35943.0
2024-11-05 10:00:00,1.29822,1.29947,1.2979,1.29828,32369.0
2024-11-05 14:00:00,1.29829,1.30348,1.29813,1.30334,58523.0
2024-11-05 18:00:00,1.30335,1.30428,1.30162,1.30418,28854.0
2024-11-05 22:00:00,1.30367,1.3048,1.29489,1.2967,73047.0
2024-11-06 02:00:00,1.29669,1.29698,1.28634,1.28888,135185.0
2024-11-06 06:00:00,1.28887,1.2924,1.28465,1.29012,121373.0
2024-11-06 10:00:00,1.29008,1.29096,1.2841,1.28644,97571.0
2024-11-06 14:00:00,1.28644,1.29088,1.2834,1.28897,98053.0
2024-11-06 18:00:00,1.28897,1.29196,1.28794,1.28794,47530.0
2024-11-06 22:00:00,1.28784,1.28922,1.28752,1.28896,19577.0
2024-11-07 02:00:00,1.28898,1.29349,1.28891,1.29307,28210.0
2024-11-07 06:00:00,1.29308,1.29474,1.29073,1.29074,57244.0
2024-11-07 10:00:00,1.29074,1.29752,1.2899,1.2972,71903.0
2024-11-07 14:00:00,1.29722,1.30094,1.29644,1.29898,71150.0
2024-11-07 18:00:00,1.29901,1.29918,1.29483,1.29872,71102.0
2024-11-07 22:00:00,1.29868,1.29902,1.29647,1.29732,19159.0
2024-11-08 02:00:00,1.2973,1.29765,1.29617,1.29702,31768.0
2024-11-08 06:00:00,1.29702,1.29744,1.29353,1.29602,57582.0
2024-11-08 10:00:00,1.29603,1.29766,1.29279,1.29417,50261.0
2024-11-08 14:00:00,1.29416,1.29486,1.28836,1.28972,66572.0
2024-11-08 18:00:00,1.28972,1.29255,1.28962,1.29195,28235.0
2024-11-10 22:00:00,1.28998,1.2926,1.28998,1.29183,20387.0
2024-11-11 02:00:00,1.29184,1.29235,1.29013,1.29155,23882.0
2024-11-11 06:00:00,1.29156,1.29224,1.2883,1.29002,46269.0
2024-11-11 10:00:00,1.29,1.29068,1.28559,1.2867,43417.0
2024-11-11 14:00:00,1.2867,1.28781,1.28578,1.28642,43540.0
2024-11-11 18:00:00,1.28641,1.28702,1.28572,1.28688,20273.0
2024-11-11 22:00:00,1.287,1.28738,1.28578,1.28612,21204.0
2024-11-12 02:00:00,1.28614,1.28614,1.283,1.28334,38777.0
2024-11-12 06:00:00,1.28334,1.28334,1.27924,1.2824,57028.0
2024-11-12 10:00:00,1.28239,1.28318,1.28046,1.281,55305.0
2024-11-12 14:00:00,1.281,1.2811,1.27192,1.27334,69500.0
2024-11-12 18:00:00,1.27336,1.27512,1.27326,1.2748,33731.0
2024-11-12 22:00:00,1.275,1.27536,1.2731,1.27502,23195.0
2024-11-13 02:00:00,1.27503,1.2755,1.27376,1.27434,32937.0
2024-11-13 06:00:00,1.27434,1.27561,1.27298,1.27514,46299.0
2024-11-13 10:00:00,1.27513,1.277,1.27364,1.27546,59558.0
2024-11-13 14:00:00,1.27544,1.27568,1.26866,1.27101,93214.0
2024-11-13 18:00:00,1.27102,1.27205,1.27,1.2708,36138.0
2024-11-13 22:00:00,1.27136,1.27157,1.2692,1.26942,19906.0
2024-11-14 02:00:00,1.26942,1.26943,1.26732,1.26875,33931.0
2024-11-14 06:00:00,1.26874,1.26956,1.26552,1.26569,45766.0
2024-11-14 10:00:00,1.26568,1.26798,1.26297,1.26573,60878.0
2024-11-14 14:00:00,1.2657,1.27204,1.26559,1.27036,69734.0
2024-11-14 18:00:00,1.27036,1.2705,1.26473,1.26664,53232.0
2024-11-14 22:00:00,1.26663,1.26724,1.26565,1.26654,24365.0
2024-11-15 02:00:00,1.26652,1.26828,1.26652,1.26752,38981.0
2024-11-15 06:00:00,1.26749,1.26906,1.2649,1.26525,51588.0
2024-11-15 10:00:00,1.26524,1.26972,1.26402,1.26502,55866.0
2024-11-15 14:00:00,1.265,1.26545,1.26142,1.26271,85313.0
2024-11-15 18:00:00,1.26272,1.26322,1.25973,1.26202,48764.0
2024-11-17 22:00:00,1.26173,1.26425,1.26085,1.26355,30593.0
2024-11-18 02:00:00,1.26354,1.26403,1.26207,1.26302,36051.0
2024-11-18 06:00:00,1.26302,1.26409,1.26132,1.26298,45245.0
2024-11-18 10:00:00,1.26298,1.26324,1.26136,1.26251,45866.0
2024-11-18 14:00:00,1.26252,1.26688,1.26189,1.26657,53363.0
2024-11-18 18:00:00,1.26658,1.26868,1.26645,1.26778,28364.0
2024-11-18 22:00:00,1.26768,1.26811,1.2666,1.26772,18620.0
2024-11-19 02:00:00,1.26772,1.26895,1.26674,1.26693,30100.0
2024-11-19 06:00:00,1.26694,1.26799,1.26133,1.26274,64555.0
2024-11-19 10:00:00,1.26273,1.26538,1.26252,1.26356,58391.0
2024-11-19 14:00:00,1.26354,1.26825,1.26275,1.26712,68747.0
2024-11-19 18:00:00,1.26711,1.26856,1.26616,1.26825,27788.0
2024-11-19 22:00:00,1.268,1.26956,1.26778,1.26898,21456.0
2024-11-20 02:00:00,1.26898,1.2694,1.268,1.2684,21483.0
2024-11-20 06:00:00,1.26839,1.27149,1.2664,1.26692,50767.0
2024-11-20 10:00:00,1.26692,1.26756,1.2649,1.26741,47723.0
2024-11-20 14:00:00,1.2674,1.26752,1.26309,1.26543,60206.0
2024-11-20 18:00:00,1.26542,1.2655,1.26416,1.26535,30327.0
2024-11-20 22:00:00,1.26551,1.26592,1.26496,1.2655,16637.0
2024-11-21 02:00:00,1.26552,1.26604,1.26496,1.26502,22578.0
2024-11-21 06:00:00,1.26502,1.2658,1.2623,1.26324,57550.0
2024-11-21 10:00:00,1.26326,1.26578,1.26255,1.26476,49494.0
2024-11-21 14:00:00,1.26477,1.26529,1.25763,1.26003,75858.0
2024-11-21 18:00:00,1.26002,1.26056,1.25868,1.25896,27988.0
2024-11-21 22:00:00,1.25938,1.25944,1.25835,1.25882,25449.0
2024-11-22 02:00:00,1.25882,1.25944,1.25664,1.25688,34018.0
2024-11-22 06:00:00,1.25686,1.2582,1.24924,1.2512,82539.0
2024-11-22 10:00:00,1.25119,1.25406,1.24872,1.25204,56475.0
2024-11-22 14:00:00,1.25204,1.25378,1.25072,1.25302,65639.0
2024-11-22 18:00:00,1.25303,1.25352,1.25221,1.25316,33940.0
2024-11-24 22:00:00,1.25908,1.26052,1.25723,1.25942,28447.0
2024-11-25 02:00:00,1.2594,1.26072,1.25887,1.25944,30565.0
2024-11-25 06:00:00,1.25944,1.26054,1.25485,1.25741,53267.0
2024-11-25 10:00:00,1.2574,1.26134,1.25516,1.26113,51996.0
2024-11-25 14:00:00,1.26114,1.26134,1.25416,1.25545,65349.0
2024-11-25 18:00:00,1.25544,1.25786,1.2554,1.25684,33441.0
2024-11-25 22:00:00,1.257,1.25736,1.25072,1.25268,52105.0
2024-11-26 02:00:00,1.2527,1.25628,1.25244,1.25484,40101.0
2024-11-26 06:00:00,1.25484,1.25786,1.25379,1.25717,59508.0
2024-11-26 10:00:00,1.25716,1.26165,1.2571,1.25826,51082.0
2024-11-26 14:00:00,1.25823,1.25884,1.25312,1.25373,68880.0
2024-11-26 18:00:00,1.25371,1.25696,1.25248,1.2569,36513.0
2024-11-26 22:00:00,1.25722,1.25802,1.25676,1.25749,29887.0
2024-11-27 02:00:00,1.25746,1.2576,1.25668,1.25681,28673.0
2024-11-27 06:00:00,1.2568,1.26168,1.25672,1.26042,52650.0
2024-11-27 10:00:00,1.26039,1.26629,1.25977,1.26628,48120.0
2024-11-27 14:00:00,1.26626,1.26949,1.26331,1.26748,71451.0
2024-11-27 18:00:00,1.26748,1.26826,1.26698,1.26802,27292.0
2024-11-27 22:00:00,1.26781,1.26833,1.26652,1.26728,21358.0
2024-11-28 02:00:00,1.2673,1.26754,1.26588,1.26644,31839.0
2024-11-28 06:00:00,1.26641,1.26686,1.26452,1.2651,50530.0
2024-11-28 10:00:00,1.26512,1.26744,1.26475,1.2664,36951.0
2024-11-28 14:00:00,1.2664,1.26902,1.26611,1.26877,31998.0
2024-11-28 18:00:00,1.26878,1.2691,1.26845,1.2687,3732.0
2024-11-28 22:00:00,1.26866,1.2712,1.26842,1.2702,21964.0
2024-11-29 02:00:00,1.27023,1.2717,1.27016,1.27068,30075.0
2024-11-29 06:00:00,1.27067,1.27503,1.26903,1.2693,48365.0
2024-11-29 10:00:00,1.26929,1.27034,1.26774,1.26855,48752.0
2024-11-29 14:00:00,1.26854,1.27246,1.26718,1.27243,58816.0
2024-11-29 18:00:00,1.27246,1.27461,1.27238,1.27372,54102.0
2024-12-01 22:00:00,1.27306,1.2736,1.26864,1.26908,31692.0
2024-12-02 02:00:00,1.26906,1.26946,1.26802,1.26866,31357.0
2024-12-02 06:00:00,1.26862,1.27088,1.2679,1.27034,61604.0
2024-12-02 10:00:00,1.27036,1.27229,1.26622,1.26849,58329.0
2024-12-02 14:00:00,1.26852,1.26923,1.26172,1.26444,75835.0
2024-12-02 18:00:00,1.26443,1.26708,1.26408,1.26546,35532.0
2024-12-02 22:00:00,1.26545,1.26604,1.26428,1.26464,19041.0
2024-12-03 02:00:00,1.26464,1.26502,1.26384,1.26474,28026.0
2024-12-03 06:00:00,1.26474,1.26972,1.26431,1.26776,49999.0
2024-12-03 10:00:00,1.26776,1.26834,1.26433,1.26698,45259.0
2024-12-03 14:00:00,1.26702,1.26928,1.26366,1.26916,65591.0
2024-12-03 18:00:00,1.26917,1.26998,1.26656,1.2673,33285.0
2024-12-03 22:00:00,1.26731,1.26782,1.266,1.26675,17240.0
2024-12-04 02:00:00,1.26674,1.26952,1.26519,1.2691,29858.0
2024-12-04 06:00:00,1.26911,1.27019,1.263,1.26764,55619.0
2024-12-04 10:00:00,1.26765,1.2686,1.26608,1.26704,54921.0
2024-12-04 14:00:00,1.26705,1.27218,1.26625,1.27166,68580.0
2024-12-04 18:00:00,1.27166,1.27194,1.2687,1.27,31256.0
2024-12-04 22:00:00,1.27042,1.2708,1.2693,1.26967,13268.0
2024-12-05 02:00:00,1.26966,1.2717,1.26946,1.27146,22062.0
2024-12-05 06:00:00,1.27145,1.27407,1.27123,1.27217,35826.0
2024-12-05 10:00:00,1.27216,1.2752,1.27138,1.27514,46276.0
2024-12-05 14:00:00,1.27513,1.2771,1.27334,1.27464,57361.0
2024-12-05 18:00:00,1.27465,1.27614,1.27319,1.27608,25066.0
2024-12-05 22:00:00,1.27592,1.27625,1.27399,1.27443,14886.0
2024-12-06 02:00:00,1.27445,1.27541,1.27424,1.27449,17943.0
2024-12-06 06:00:00,1.27447,1.27745,1.2741,1.27596,32655.0
2024-12-06 10:00:00,1.27595,1.28116,1.27496,1.27948,49530.0
2024-12-06 14:00:00,1.27948,1.27989,1.27214,1.27276,74075.0
2024-12-06 18:00:00,1.27276,1.27436,1.27236,1.27418,21272.0
2024-12-08 22:00:00,1.27358,1.2752,1.27358,1.27388,14836.0
2024-12-09 02:00:00,1.2739,1.27439,1.27172,1.27201,19641.0
2024-12-09 06:00:00,1.272,1.27789,1.272,1.27687,39948.0
2024-12-09 10:00:00,1.27686,1.27846,1.27513,1.27786,38322.0
2024-12-09 14:00:00,1.27785,1.2799,1.27638,1.27706,40820.0
2024-12-09 18:00:00,1.27703,1.27717,1.27432,1.2751,17597.0
2024-12-09 22:00:00,1.275,1.27543,1.27394,1.27474,15282.0
2024-12-10 02:00:00,1.27475,1.2755,1.27356,1.27543,23515.0
2024-12-10 06:00:00,1.27544,1.27636,1.2737,1.27547,34944.0
2024-12-10 10:00:00,1.27546,1.27661,1.27438,1.27506,37226.0
2024-12-10 14:00:00,1.27507,1.27629,1.27239,1.27458,46232.0
2024-12-10 18:00:00,1.27458,1.27782,1.27446,1.27718,24211.0
2024-12-10 22:00:00,1.27708,1.27801,1.27682,1.27782,14755.0
2024-12-11 02:00:00,1.27783,1.27818,1.27629,1.2766,19723.0
2024-12-11 06:00:00,1.27658,1.27718,1.27273,1.273,47251.0
2024-12-11 10:00:00,1.27298,1.27816,1.27134,1.27703,54215.0
2024-12-11 14:00:00,1.27698,1.27762,1.27339,1.27434,63356.0
2024-12-11 18:00:00,1.27434,1.27574,1.2733,1.27508,27911.0
2024-12-11 22:00:00,1.27522,1.27718,1.27486,1.27683,14692.0
2024-12-12 02:00:00,1.27684,1.27707,1.2761,1.27644,16482.0
2024-12-12 06:00:00,1.27644,1.27882,1.27546,1.27591,37375.0
2024-12-12 10:00:00,1.27592,1.27646,1.27194,1.27292,49008.0
2024-12-12 14:00:00,1.27294,1.27369,1.2671,1.27032,72422.0
2024-12-12 18:00:00,1.27034,1.2704,1.26668,1.26736,28993.0
2024-12-12 22:00:00,1.26761,1.26794,1.26639,1.26663,19150.0
2024-12-13 02:00:00,1.26662,1.26697,1.26572,1.26642,18976.0
2024-12-13 06:00:00,1.26645,1.26654,1.26187,1.264,39402.0
2024-12-13 10:00:00,1.26402,1.26686,1.26336,1.26649,39314.0
2024-12-13 14:00:00,1.2665,1.26658,1.26082,1.26208,46253.0
2024-12-13 18:00:00,1.26208,1.26284,1.26134,1.262,22179.0
2024-12-15 22:00:00,1.26147,1.26362,1.26112,1.26356,14284.0
2024-12-16 02:00:00,1.26356,1.26397,1.26288,1.26369,15070.0
2024-12-16 06:00:00,1.26368,1.26719,1.26296,1.26538,33794.0
2024-12-16 10:00:00,1.26538,1.26646,1.26419,1.2664,30906.0
2024-12-16 14:00:00,1.2664,1.26986,1.26354,1.26824,49146.0
2024-12-16 18:00:00,1.26823,1.2699,1.26776,1.26836,18221.0
2024-12-16 22:00:00,1.26812,1.26986,1.26793,1.26896,12736.0
2024-12-17 02:00:00,1.26895,1.2698,1.26726,1.26746,15286.0
2024-12-17 06:00:00,1.26746,1.2707,1.26661,1.26869,39514.0
2024-12-17 10:00:00,1.2687,1.27089,1.26707,1.27022,41782.0
2024-12-17 14:00:00,1.27024,1.27289,1.2684,1.27199,49543.0
2024-12-17 18:00:00,1.27198,1.27284,1.27029,1.27129,20446.0
2024-12-17 22:00:00,1.27074,1.27156,1.27048,1.27106,13325.0
2024-12-18 02:00:00,1.2711,1.27122,1.2695,1.27023,18734.0
2024-12-18 06:00:00,1.27022,1.27276,1.26797,1.26878,38073.0
2024-12-18 10:00:00,1.26879,1.27224,1.26869,1.26912,40155.0
2024-12-18 14:00:00,1.2691,1.27096,1.26836,1.27052,41994.0
2024-12-18 18:00:00,1.27052,1.27186,1.25622,1.25724,92916.0
2024-12-18 22:00:00,1.2573,1.25904,1.25634,1.25898,27467.0
2024-12-19 02:00:00,1.25898,1.25968,1.25815,1.25854,24971.0
2024-12-19 06:00:00,1.25854,1.2667,1.25831,1.2661,56573.0
2024-12-19 10:00:00,1.26609,1.26612,1.25838,1.25921,59108.0
2024-12-19 14:00:00,1.2592,1.26027,1.25076,1.25105,65601.0
2024-12-19 18:00:00,1.25104,1.25313,1.24953,1.2502,31368.0
2024-12-19 22:00:00,1.25033,1.25095,1.24864,1.249,15089.0
2024-12-20 02:00:00,1.249,1.24908,1.24748,1.2487,20884.0
2024-12-20 06:00:00,1.2487,1.25178,1.24776,1.25034,45957.0
2024-12-20 10:00:00,1.25034,1.25596,1.24956,1.25542,38531.0
2024-12-20 14:00:00,1.2554,1.26142,1.25376,1.26035,63755.0
2024-12-20 18:00:00,1.26034,1.26086,1.2565,1.25679,23271.0
2024-12-22 22:00:00,1.25669,1.25833,1.25613,1.25812,15397.0
2024-12-23 02:00:00,1.25812,1.25884,1.2576,1.25779,16560.0
2024-12-23 06:00:00,1.2578,1.25833,1.25556,1.25694,26590.0
2024-12-23 10:00:00,1.25692,1.25723,1.25126,1.25257,28924.0
2024-12-23 14:00:00,1.2526,1.25387,1.25098,1.25208,39790.0
2024-12-23 18:00:00,1.2521,1.25392,1.25208,1.2536,21388.0
2024-12-23 22:00:00,1.25384,1.25396,1.25248,1.2532,9929.0
2024-12-24 02:00:00,1.2532,1.25422,1.25276,1.2538,13041.0
2024-12-24 06:00:00,1.2538,1.25452,1.25283,1.25339,19919.0
2024-12-24 10:00:00,1.2534,1.25684,1.25266,1.25657,26873.0
2024-12-24 14:00:00,1.25658,1.25751,1.25188,1.25196,32117.0
2024-12-24 18:00:00,1.25195,1.2553,1.25192,1.25432,6128.0
2024-12-25 22:00:00,1.25438,1.2552,1.25378,1.25416,10314.0
2024-12-26 02:00:00,1.25412,1.25486,1.25381,1.25448,12308.0
2024-12-26 06:00:00,1.25448,1.25454,1.2522,1.2531,16170.0
2024-12-26 10:00:00,1.2531,1.2535,1.25146,1.25238,20997.0
2024-12-26 14:00:00,1.25238,1.25252,1.25012,1.25157,31788.0
2024-12-26 18:00:00,1.25158,1.25366,1.25157,1.25269,23258.0
2024-12-26 22:00:00,1.25258,1.25322,1.25225,1.25232,14394.0
2024-12-27 02:00:00,1.25229,1.25292,1.25183,1.25205,22355.0
2024-12-27 06:00:00,1.25206,1.25347,1.25052,1.25087,26768.0
2024-12-27 10:00:00,1.25088,1.25744,1.25087,1.25742,34603.0
2024-12-27 14:00:00,1.25743,1.25928,1.25537,1.25602,48294.0
2024-12-27 18:00:00,1.25602,1.25836,1.256,1.2577,25049.0
2024-12-29 22:00:00,1.25799,1.25887,1.25656,1.25806,8925.0
2024-12-30 02:00:00,1.25805,1.25854,1.25754,1.25819,18013.0
2024-12-30 06:00:00,1.2582,1.25893,1.25616,1.25774,25257.0
2024-12-30 10:00:00,1.25773,1.26074,1.25532,1.25546,35240.0
2024-12-30 14:00:00,1.25546,1.25684,1.25066,1.25446,57843.0
2024-12-30 18:00:00,1.25448,1.25589,1.25412,1.2552,24006.0
2024-12-30 22:00:00,1.25486,1.25601,1.2538,1.25584,10469.0
2024-12-31 02:00:00,1.25584,1.25602,1.25448,1.25512,9932.0
2024-12-31 06:00:00,1.25513,1.25694,1.2542,1.25546,28350.0
2024-12-31 10:00:00,1.25548,1.2555,1.252,1.25294,38497.0
2024-12-31 14:00:00,1.25297,1.25547,1.25052,1.25184,56720.0
2024-12-31 18:00:00,1.25184,1.25276,1.25056,1.25134,21144.0
2025-01-01 22:00:00,1.25154,1.25226,1.25077,1.25202,14323.0
2025-01-02 02:00:00,1.25202,1.25408,1.25202,1.25328,11814.0
2025-01-02 06:00:00,1.25326,1.25344,1.24802,1.24826,31526.0
2025-01-02 10:00:00,1.24826,1.24922,1.23974,1.24043,48927.0
2025-01-02 14:00:00,1.24042,1.24115,1.23521,1.23723,71556.0
2025-01-02 18:00:00,1.23724,1.23856,1.2364,1.2381,26255.0
2025-01-02 22:00:00,1.23766,1.23904,1.23742,1.23852,10825.0
2025-01-03 02:00:00,1.23852,1.23976,1.23841,1.23955,12048.0
2025-01-03 06:00:00,1.23954,1.24168,1.23872,1.24058,31686.0
2025-01-03 10:00:00,1.2406,1.24169,1.23863,1.24014,30003.0
2025-01-03 14:00:00,1.24014,1.24294,1.23878,1.24186,47191.0
2025-01-03 18:00:00,1.24185,1.24343,1.24157,1.24222,19510.0
2025-01-05 22:00:00,1.24266,1.24388,1.24157,1.2435,15840.0
2025-01-06 02:00:00,1.2435,1.24442,1.24318,1.24366,14531.0
2025-01-06 06:00:00,1.24364,1.2492,1.24358,1.24756,36001.0
2025-01-06 10:00:00,1.24758,1.2551,1.24553,1.25342,72122.0
2025-01-06 14:00:00,1.25343,1.25374,1.24683,1.25182,75030.0
2025-01-06 18:00:00,1.25184,1.25238,1.25026,1.25204,20571.0
2025-01-06 22:00:00,1.25198,1.25236,1.25041,1.25196,14621.0
2025-01-07 02:00:00,1.25194,1.25428,1.25166,1.2538,16070.0
2025-01-07 06:00:00,1.25379,1.2576,1.25317,1.25636,36960.0
2025-01-07 10:00:00,1.25636,1.25689,1.2524,1.25424,39847.0
2025-01-07 14:00:00,1.25426,1.25442,1.248,1.25001,70884.0
2025-01-07 18:00:00,1.25002,1.25039,1.24771,1.24778,23484.0
2025-01-07 22:00:00,1.24764,1.24856,1.2473,1.24854,12699.0
2025-01-08 02:00:00,1.24854,1.24894,1.24782,1.24882,13753.0
2025-01-08 06:00:00,1.24882,1.24943,1.24404,1.24506,39678.0
2025-01-08 10:00:00,1.24504,1.24523,1.23209,1.23564,74722.0
2025-01-08 14:00:00,1.23566,1.23688,1.23242,1.23458,54403.0
2025-01-08 18:00:00,1.23456,1.23772,1.23456,1.23634,27399.0
2025-01-08 22:00:00,1.23632,1.23666,1.23478,1.23592,12181.0
2025-01-09 02:00:00,1.23591,1.23653,1.2329,1.23318,17502.0
2025-01-09 06:00:00,1.23318,1.23322,1.22384,1.2282,57883.0
2025-01-09 10:00:00,1.22818,1.23235,1.22516,1.23008,49645.0
2025-01-09 14:00:00,1.23008,1.2317,1.22872,1.23014,39913.0
2025-01-09 18:00:00,1.23011,1.23154,1.22968,1.23073,12534.0
2025-01-09 22:00:00,1.23075,1.2311,1.22944,1.23036,12378.0
2025-01-10 02:00:00,1.23037,1.2308,1.22744,1.22758,16063.0
2025-01-10 06:00:00,1.22757,1.23084,1.22666,1.23024,35054.0
2025-01-10 10:00:00,1.23023,1.2322,1.21914,1.22318,62958.0
2025-01-10 14:00:00,1.22318,1.22628,1.21952,1.22222,101489.0
2025-01-10 18:00:00,1.22221,1.22232,1.22022,1.22086,31680.0
2025-01-12 22:00:00,1.22014,1.22112,1.21889,1.21914,17300.0
2025-01-13 02:00:00,1.21914,1.21932,1.2126,1.21472,22926.0
2025-01-13 06:00:00,1.21473,1.21716,1.21015,1.21067,54693.0
2025-01-13 10:00:00,1.21066,1.21536,1.20997,1.21418,54323.0
2025-01-13 14:00:00,1.21416,1.21748,1.21324,1.21739,58695.0
2025-01-13 18:00:00,1.2174,1.22046,1.21635,1.22034,28025.0
2025-01-13 22:00:00,1.22012,1.22506,1.21998,1.22114,24028.0
2025-01-14 02:00:00,1.22113,1.22179,1.21922,1.22026,21785.0
2025-01-14 06:00:00,1.22028,1.22462,1.21764,1.21784,53153.0
2025-01-14 10:00:00,1.21784,1.21932,1.21384,1.21534,53207.0
2025-01-14 14:00:00,1.21534,1.22128,1.21409,1.21854,63051.0
2025-01-14 18:00:00,1.21856,1.22172,1.21838,1.22156,25613.0
2025-01-14 22:00:00,1.22148,1.22155,1.21994,1.22,11985.0
2025-01-15 02:00:00,1.21998,1.22081,1.21924,1.21998,15446.0
2025-01-15 06:00:00,1.21997,1.22412,1.2162,1.22184,50531.0
2025-01-15 10:00:00,1.22184,1.23067,1.22014,1.22978,48085.0
2025-01-15 14:00:00,1.2298,1.23059,1.21934,1.22151,72650.0
2025-01-15 18:00:00,1.22152,1.2245,1.2213,1.22437,20694.0
2025-01-15 22:00:00,1.224,1.22483,1.22268,1.22291,18668.0
2025-01-16 02:00:00,1.22292,1.22338,1.2207,1.22092,18749.0
2025-01-16 06:00:00,1.22091,1.22266,1.21898,1.21976,40397.0
2025-01-16 10:00:00,1.21976,1.22129,1.2175,1.21973,49311.0
2025-01-16 14:00:00,1.21974,1.22605,1.21766,1.22366,80184.0
2025-01-16 18:00:00,1.22366,1.22466,1.22272,1.22384,24826.0
2025-01-16 22:00:00,1.22412,1.22442,1.22294,1.22326,9453.0
2025-01-17 02:00:00,1.22326,1.22445,1.22126,1.22172,14927.0
2025-01-17 06:00:00,1.22173,1.2218,1.21604,1.21962,42636.0
2025-01-17 10:00:00,1.21962,1.22169,1.21756,1.2182,40776.0
2025-01-17 14:00:00,1.21822,1.22282,1.21606,1.21732,67982.0
2025-01-17 18:00:00,1.21732,1.21869,1.21648,1.21685,22510.0
2025-01-19 22:00:00,1.21788,1.2195,1.216,1.21922,15428.0
2025-01-20 02:00:00,1.21922,1.22152,1.21857,1.22106,16707.0
2025-01-20 06:00:00,1.22106,1.2222,1.21656,1.2178,40331.0
2025-01-20 10:00:00,1.21781,1.22994,1.21781,1.22989,60722.0
2025-01-20 14:00:00,1.2299,1.23266,1.22549,1.22821,82231.0
2025-01-20 18:00:00,1.22824,1.2345,1.22789,1.23296,28921.0
2025-01-20 22:00:00,1.23276,1.23452,1.22479,1.22754,63365.0
2025-01-21 02:00:00,1.22752,1.23118,1.22726,1.22763,33477.0
2025-01-21 06:00:00,1.22762,1.22868,1.22348,1.22486,44778.0
2025-01-21 10:00:00,1.22486,1.22814,1.22292,1.22786,52681.0
2025-01-21 14:00:00,1.22788,1.23354,1.22702,1.23262,64731.0
2025-01-21 18:00:00,1.2326,1.23606,1.23231,1.23556,22958.0
2025-01-21 22:00:00,1.235,1.23551,1.23225,1.23325,25974.0
2025-01-22 02:00:00,1.23321,1.23482,1.23286,1.23437,17345.0
2025-01-22 06:00:00,1.23436,1.23654,1.23117,1.23644,46411.0
2025-01-22 10:00:00,1.23643,1.23768,1.2336,1.23454,43152.0
2025-01-22 14:00:00,1.23453,1.23486,1.23074,1.23218,54879.0
2025-01-22 18:00:00,1.23218,1.23312,1.23137,1.23166,21436.0
2025-01-22 22:00:00,1.23198,1.23238,1.23072,1.23107,17312.0
2025-01-23 02:00:00,1.23106,1.23216,1.23021,1.2312,20496.0
2025-01-23 06:00:00,1.23118,1.23216,1.22934,1.2317,39703.0
2025-01-23 10:00:00,1.2317,1.2331,1.23002,1.2323,46794.0
2025-01-23 14:00:00,1.23232,1.23759,1.23003,1.23724,77229.0
2025-01-23 18:00:00,1.23724,1.23728,1.23469,1.2352,26227.0
2025-01-23 22:00:00,1.23556,1.23586,1.23486,1.23548,12893.0
2025-01-24 02:00:00,1.23548,1.24043,1.23547,1.23997,38646.0
2025-01-24 06:00:00,1.24,1.2448,1.23764,1.24278,58276.0
2025-01-24 10:00:00,1.24278,1.24362,1.24006,1.24146,35881.0
2025-01-24 14:00:00,1.24145,1.25022,1.24096,1.24877,58002.0
2025-01-24 18:00:00,1.24876,1.24958,1.24778,1.24827,24366.0
2025-01-26 22:00:00,1.2471,1.24746,1.24477,1.2449,21148.0
2025-01-27 02:00:00,1.24489,1.24634,1.24422,1.24469,24818.0
2025-01-27 06:00:00,1.24471,1.24866,1.2426,1.24863,51583.0
2025-01-27 10:00:00,1.24864,1.25236,1.24857,1.25027,57354.0
2025-01-27 14:00:00,1.25028,1.2512,1.24674,1.24748,59611.0
2025-01-27 18:00:00,1.24746,1.25004,1.24696,1.24999,31780.0
2025-01-27 22:00:00,1.24946,1.24997,1.24362,1.24506,38663.0
2025-01-28 02:00:00,1.24505,1.24548,1.24344,1.24452,29627.0
2025-01-28 06:00:00,1.24454,1.24558,1.24262,1.24484,42793.0
2025-01-28 10:00:00,1.24486,1.24522,1.24146,1.2424,38026.0
2025-01-28 14:00:00,1.2424,1.24474,1.24221,1.24288,47549.0
2025-01-28 18:00:00,1.2429,1.24456,1.24222,1.24436,24424.0
2025-01-28 22:00:00,1.24426,1.24476,1.24357,1.2436,14717.0
2025-01-29 02:00:00,1.24361,1.24555,1.24345,1.2454,21064.0
2025-01-29 06:00:00,1.24541,1.24636,1.2416,1.24208,41459.0
2025-01-29 10:00:00,1.24207,1.24286,1.23932,1.23977,44400.0
2025-01-29 14:00:00,1.23978,1.24494,1.23966,1.24422,61940.0
2025-01-29 18:00:00,1.24424,1.24583,1.24123,1.2451,75315.0
2025-01-29 22:00:00,1.24386,1.24603,1.24352,1.24498,15698.0
2025-01-30 02:00:00,1.24498,1.24559,1.24422,1.24482,22531.0
2025-01-30 06:00:00,1.24481,1.24628,1.24318,1.24434,36002.0
2025-01-30 10:00:00,1.24432,1.24714,1.24247,1.24673,48418.0
2025-01-30 14:00:00,1.24674,1.2477,1.24355,1.24447,62958.0
2025-01-30 18:00:00,1.24448,1.24644,1.24079,1.24172,46436.0
2025-01-30 22:00:00,1.24204,1.24316,1.2407,1.24191,19430.0
2025-01-31 02:00:00,1.2419,1.24279,1.24142,1.24207,22955.0
2025-01-31 06:00:00,1.24208,1.24398,1.2401,1.24216,40737.0
2025-01-31 10:00:00,1.24214,1.2432,1.24059,1.24138,41700.0
2025-01-31 14:00:00,1.24136,1.24721,1.23875,1.24538,72724.0
2025-01-31 18:00:00,1.24538,1.24616,1.23861,1.23926,77151.0
2025-02-02 22:00:00,1.23122,1.23246,1.2265,1.22882,75836.0
2025-02-03 02:00:00,1.22882,1.22884,1.22494,1.22774,56367.0
2025-02-03 06:00:00,1.22776,1.23232,1.2273,1.22928,65243.0
2025-02-03 10:00:00,1.22928,1.2375,1.22922,1.23649,59430.0
2025-02-03 14:00:00,1.2365,1.24365,1.23358,1.23941,142789.0
2025-02-03 18:00:00,1.2394,1.24557,1.23818,1.24501,57546.0
2025-02-03 22:00:00,1.24391,1.24541,1.24094,1.24214,21414.0
2025-02-04 02:00:00,1.24216,1.24276,1.23793,1.23978,40755.0
2025-02-04 06:00:00,1.2398,1.2437,1.23934,1.24251,49444.0
2025-02-04 10:00:00,1.24252,1.24347,1.23958,1.24286,42826.0
2025-02-04 14:00:00,1.24287,1.24933,1.24283,1.24827,70057.0
2025-02-04 18:00:00,1.24826,1.24908,1.24748,1.24817,29006.0
2025-02-04 22:00:00,1.24778,1.24902,1.24702,1.24704,19750.0
2025-02-05 02:00:00,1.24704,1.24827,1.24635,1.2468,22348.0
2025-02-05 06:00:00,1.2468,1.2529,1.2466,1.25176,42645.0
2025-02-05 10:00:00,1.2517,1.25502,1.2512,1.2515,44625.0
2025-02-05 14:00:00,1.25153,1.25376,1.25018,1.2509,57572.0
2025-02-05 18:00:00,1.25088,1.25144,1.24979,1.25047,22638.0
2025-02-05 22:00:00,1.25061,1.25098,1.24985,1.25076,13100.0
2025-02-06 02:00:00,1.25076,1.25092,1.24832,1.24838,18662.0
2025-02-06 06:00:00,1.2484,1.24912,1.24176,1.24255,33922.0
2025-02-06 10:00:00,1.24258,1.2432,1.23604,1.23836,61206.0
2025-02-06 14:00:00,1.23838,1.24454,1.23818,1.24419,52723.0
2025-02-06 18:00:00,1.24418,1.2456,1.24329,1.24348,25801.0
2025-02-06 22:00:00,1.2434,1.24434,1.24228,1.24316,13296.0
2025-02-07 02:00:00,1.24316,1.24401,1.24198,1.24218,18797.0
2025-02-07 06:00:00,1.24217,1.24687,1.24194,1.24594,28645.0
2025-02-07 10:00:00,1.24594,1.2494,1.24203,1.24303,49301.0
2025-02-07 14:00:00,1.24304,1.24668,1.23761,1.24028,108051.0
2025-02-07 18:00:00,1.24027,1.24224,1.23982,1.24006,30806.0
2025-02-09 22:00:00,1.23751,1.24008,1.2374,1.2383,24649.0
2025-02-10 02:00:00,1.23831,1.24088,1.23801,1.2401,20764.0
2025-02-10 06:00:00,1.24012,1.2421,1.2391,1.24086,37479.0
2025-02-10 10:00:00,1.24083,1.24224,1.23795,1.23909,34341.0
2025-02-10 14:00:00,1.2391,1.23944,1.23713,1.23804,38118.0
2025-02-10 18:00:00,1.23805,1.23814,1.2363,1.23668,15756.0
2025-02-10 22:00:00,1.23683,1.23713,1.2354,1.23594,16622.0
2025-02-11 02:00:00,1.23597,1.23632,1.23452,1.23617,19903.0
2025-02-11 06:00:00,1.23614,1.23782,1.23324,1.23656,31765.0
2025-02-11 10:00:00,1.23658,1.23992,1.2356,1.23982,35446.0
2025-02-11 14:00:00,1.23984,1.24263,1.23968,1.24236,39871.0
2025-02-11 18:00:00,1.24237,1.2455,1.2421,1.24468,26958.0
2025-02-11 22:00:00,1.24418,1.24539,1.24382,1.24503,16764.0
2025-02-12 02:00:00,1.24502,1.24589,1.2441,1.24454,21129.0
2025-02-12 06:00:00,1.24454,1.24657,1.24352,1.24464,33939.0
2025-02-12 10:00:00,1.24465,1.2462,1.23776,1.23892,52723.0
2025-02-12 14:00:00,1.23891,1.24838,1.2378,1.24778,84814.0
2025-02-12 18:00:00,1.24776,1.2483,1.24354,1.24434,31969.0
2025-02-12 22:00:00,1.24396,1.2458,1.24396,1.24568,19070.0
2025-02-13 02:00:00,1.24568,1.24965,1.24522,1.24912,29026.0
2025-02-13 06:00:00,1.24912,1.25176,1.2472,1.24912,47368.0
2025-02-13 10:00:00,1.24914,1.25056,1.24526,1.2471,52881.0
2025-02-13 14:00:00,1.24712,1.25432,1.24614,1.25221,66023.0
2025-02-13 18:00:00,1.25222,1.25686,1.2477,1.2566,58403.0
2025-02-13 22:00:00,1.25569,1.25723,1.25508,1.25638,18688.0
2025-02-14 02:00:00,1.25636,1.25658,1.25498,1.2554,17480.0
2025-02-14 06:00:00,1.25539,1.25962,1.2552,1.25878,41818.0
2025-02-14 10:00:00,1.25878,1.26095,1.2572,1.26033,44599.0
2025-02-14 14:00:00,1.26034,1.26306,1.26009,1.26093,47830.0
2025-02-14 18:00:00,1.26094,1.26106,1.25838,1.25864,19266.0
2025-02-16 22:00:00,1.25889,1.26009,1.25784,1.25997,19978.0
2025-02-17 02:00:00,1.25997,1.25998,1.25832,1.25884,31182.0
2025-02-17 06:00:00,1.25884,1.26047,1.25836,1.25916,35000.0
2025-02-17 10:00:00,1.25915,1.26082,1.2588,1.25932,27981.0
2025-02-17 14:00:00,1.25932,1.26266,1.25854,1.26228,21578.0
2025-02-17 18:00:00,1.26227,1.2635,1.26187,1.26258,8796.0
2025-02-17 22:00:00,1.26247,1.26264,1.26,1.26058,13610.0
2025-02-18 02:00:00,1.26059,1.26128,1.25932,1.25981,24105.0
2025-02-18 06:00:00,1.25982,1.26234,1.25929,1.26074,35933.0
2025-02-18 10:00:00,1.26073,1.261,1.25824,1.25924,33491.0
2025-02-18 14:00:00,1.25926,1.26212,1.2589,1.26006,38477.0
2025-02-18 18:00:00,1.26006,1.26148,1.25927,1.26138,19860.0
2025-02-18 22:00:00,1.26179,1.26404,1.26075,1.26136,19790.0
2025-02-19 02:00:00,1.26134,1.26248,1.26086,1.26244,24501.0
2025-02-19 06:00:00,1.26244,1.26377,1.26036,1.26048,30993.0
2025-02-19 10:00:00,1.26048,1.26058,1.25753,1.2591,33996.0
2025-02-19 14:00:00,1.25912,1.26068,1.25632,1.25728,45415.0
2025-02-19 18:00:00,1.25727,1.25908,1.25665,1.25856,27547.0
2025-02-19 22:00:00,1.25834,1.25944,1.25788,1.25834,16960.0
2025-02-20 02:00:00,1.25834,1.25996,1.25812,1.25941,28133.0
2025-02-20 06:00:00,1.25942,1.2616,1.25892,1.2614,33850.0
2025-02-20 10:00:00,1.2614,1.26232,1.25972,1.26131,36633.0
2025-02-20 14:00:00,1.2613,1.26606,1.26056,1.26524,51876.0
2025-02-20 18:00:00,1.26524,1.26716,1.2649,1.26696,22176.0
2025-02-20 22:00:00,1.26692,1.26744,1.26538,1.26562,18673.0
2025-02-21 02:00:00,1.2656,1.26744,1.26558,1.266,28010.0
2025-02-21 06:00:00,1.266,1.2679,1.26422,1.26502,39668.0
2025-02-21 10:00:00,1.26501,1.26566,1.26366,1.26458,27632.0
2025-02-21 14:00:00,1.26458,1.26686,1.26301,1.2645,50832.0
2025-02-21 18:00:00,1.26449,1.26454,1.26248,1.26356,32319.0
2025-02-23 22:00:00,1.26377,1.268,1.26354,1.26785,26135.0
2025-02-24 02:00:00,1.26784,1.26908,1.26709,1.26744,28666.0
2025-02-24 06:00:00,1.26744,1.26748,1.26256,1.2638,45201.0
2025-02-24 10:00:00,1.2638,1.26508,1.26266,1.26451,33343.0
2025-02-24 14:00:00,1.2645,1.26498,1.26121,1.26404,55171.0
2025-02-24 18:00:00,1.26401,1.2651,1.26182,1.26253,29897.0
2025-02-24 22:00:00,1.26295,1.26312,1.26159,1.26232,17004.0
2025-02-25 02:00:00,1.26233,1.26388,1.26212,1.2637,28427.0
2025-02-25 06:00:00,1.2637,1.2639,1.26058,1.2624,41926.0
2025-02-25 10:00:00,1.26242,1.26778,1.26154,1.26709,39592.0
2025-02-25 14:00:00,1.26707,1.26776,1.26405,1.26634,59804.0
2025-02-25 18:00:00,1.26633,1.26774,1.26598,1.26669,32694.0
2025-02-25 22:00:00,1.26636,1.26779,1.26618,1.26648,18271.0
2025-02-26 02:00:00,1.26648,1.26668,1.26354,1.26386,23309.0
2025-02-26 06:00:00,1.26386,1.26645,1.2636,1.26534,38760.0
2025-02-26 10:00:00,1.26536,1.26649,1.26401,1.26539,34861.0
2025-02-26 14:00:00,1.26538,1.27161,1.26517,1.26846,66655.0
2025-02-26 18:00:00,1.26846,1.26964,1.267,1.26768,39732.0
2025-02-26 22:00:00,1.26782,1.26842,1.26608,1.26646,17257.0
2025-02-27 02:00:00,1.26647,1.26668,1.26503,1.26548,30982.0
2025-02-27 06:00:00,1.26549,1.2679,1.2654,1.26788,38524.0
2025-02-27 10:00:00,1.26786,1.26892,1.26286,1.26326,49795.0
2025-02-27 14:00:00,1.26326,1.26452,1.26091,1.26128,63690.0
2025-02-27 18:00:00,1.26128,1.26298,1.25982,1.26014,33087.0
2025-02-27 22:00:00,1.26009,1.26106,1.25943,1.25946,19252.0
2025-02-28 02:00:00,1.25946,1.26009,1.25807,1.25859,26392.0
2025-02-28 06:00:00,1.25858,1.26073,1.2573,1.25952,38916.0
2025-02-28 10:00:00,1.2595,1.26106,1.25837,1.26025,35005.0
2025-02-28 14:00:00,1.26026,1.26221,1.25807,1.25899,59541.0
2025-02-28 18:00:00,1.259,1.2591,1.25594,1.25794,46292.0
2025-03-02 22:00:00,1.25864,1.2614,1.25822,1.26088,28051.0
2025-03-03 02:00:00,1.26086,1.26139,1.25967,1.26052,26013.0
2025-03-03 06:00:00,1.26052,1.26302,1.25824,1.26289,42519.0
2025-03-03 10:00:00,1.2629,1.26892,1.26288,1.26797,54901.0
2025-03-03 14:00:00,1.26797,1.2718,1.26726,1.27165,65906.0
2025-03-03 18:00:00,1.27165,1.27246,1.26799,1.27015,57286.0
2025-03-03 22:00:00,1.27008,1.27098,1.26878,1.26976,27140.0
2025-03-04 02:00:00,1.26976,1.26999,1.26788,1.26957,33623.0
2025-03-04 06:00:00,1.26956,1.27412,1.26886,1.27248,55216.0
2025-03-04 10:00:00,1.27248,1.2754,1.27045,1.27224,50872.0
2025-03-04 14:00:00,1.27226,1.2746,1.26997,1.27438,80404.0
2025-03-04 18:00:00,1.27438,1.27999,1.27414,1.27952,63640.0
2025-03-04 22:00:00,1.27925,1.2797,1.27764,1.27774,33488.0
2025-03-05 02:00:00,1.27776,1.27974,1.27678,1.27958,44550.0
2025-03-05 06:00:00,1.27954,1.28546,1.27874,1.28361,62726.0
2025-03-05 10:00:00,1.2836,1.28438,1.28038,1.28226,57640.0
2025-03-05 14:00:00,1.28222,1.28815,1.28198,1.28794,95553.0
2025-03-05 18:00:00,1.28796,1.29011,1.28648,1.28951,52132.0
2025-03-05 22:00:00,1.28941,1.29079,1.28871,1.2905,24531.0
2025-03-06 02:00:00,1.2905,1.29088,1.28834,1.29024,33882.0
2025-03-06 06:00:00,1.29025,1.2924,1.2869,1.28766,67606.0
2025-03-06 10:00:00,1.28766,1.28978,1.2866,1.28971,65079.0
2025-03-06 14:00:00,1.28972,1.29189,1.28803,1.28878,99623.0
2025-03-06 18:00:00,1.28876,1.29036,1.28708,1.2882,41403.0
2025-03-06 22:00:00,1.28784,1.28895,1.28762,1.28838,17841.0
2025-03-07 02:00:00,1.28838,1.2893,1.28773,1.2885,29546.0
2025-03-07 06:00:00,1.28848,1.29448,1.288,1.29386,47601.0
2025-03-07 10:00:00,1.29386,1.29425,1.29024,1.29028,60330.0
2025-03-07 14:00:00,1.29028,1.29372,1.28948,1.29074,91002.0
2025-03-07 18:00:00,1.29074,1.29298,1.28967,1.29217,38357.0
2025-03-09 21:00:00,1.29014,1.29438,1.29014,1.29382,22469.0
2025-03-10 01:00:00,1.2938,1.2946,1.29075,1.29077,29389.0
2025-03-10 05:00:00,1.29076,1.2923,1.28742,1.28779,45789.0
2025-03-10 09:00:00,1.28782,1.29458,1.28744,1.29337,64427.0
2025-03-10 13:00:00,1.29338,1.29468,1.28854,1.2895,66265.0
2025-03-10 17:00:00,1.28948,1.2895,1.28614,1.28784,39353.0
2025-03-10 21:00:00,1.28782,1.28889,1.28726,1.28858,17443.0
2025-03-11 01:00:00,1.28857,1.28982,1.28764,1.28948,41260.0
2025-03-11 05:00:00,1.28948,1.29374,1.28732,1.29299,55950.0
2025-03-11 09:00:00,1.29298,1.29521,1.29192,1.29447,49377.0
2025-03-11 13:00:00,1.29448,1.29567,1.29181,1.2937,79278.0
2025-03-11 17:00:00,1.29372,1.29661,1.29339,1.29505,45539.0
2025-03-11 21:00:00,1.29508,1.29556,1.29314,1.29359,12331.0
2025-03-12 01:00:00,1.2936,1.29436,1.29195,1.2924,32399.0
2025-03-12 05:00:00,1.2924,1.29424,1.29134,1.29423,46156.0
2025-03-12 09:00:00,1.29424,1.29917,1.29297,1.29431,59726.0
2025-03-12 13:00:00,1.29432,1.29828,1.29245,1.29729,65636.0
2025-03-12 17:00:00,1.2973,1.29806,1.29602,1.29634,30507.0
2025-03-12 21:00:00,1.29616,1.29684,1.29608,1.29674,7823.0
2025-03-13 01:00:00,1.29672,1.29736,1.29546,1.29624,27097.0
2025-03-13 05:00:00,1.29623,1.29662,1.29414,1.29481,42226.0
2025-03-13 09:00:00,1.29478,1.2968,1.29271,1.29328,54945.0
2025-03-13 13:00:00,1.29328,1.29602,1.29209,1.29468,62410.0
2025-03-13 17:00:00,1.29468,1.29564,1.29364,1.29515,30407.0
2025-03-13 21:00:00,1.29522,1.29592,1.2945,1.29452,11318.0
2025-03-14 01:00:00,1.2945,1.29492,1.29359,1.29414,34011.0
2025-03-14 05:00:00,1.29412,1.29498,1.29176,1.2933,40240.0
2025-03-14 09:00:00,1.2933,1.29542,1.29202,1.29422,56456.0
2025-03-14 13:00:00,1.29422,1.29458,1.29112,1.29251,56622.0
2025-03-14 17:00:00,1.29252,1.29392,1.29246,1.29366,22412.0
2025-03-16 21:00:00,1.29347,1.2936,1.29256,1.29296,13813.0
2025-03-17 01:00:00,1.29296,1.29452,1.29286,1.29352,23652.0
2025-03-17 05:00:00,1.29352,1.29464,1.29282,1.29422,30413.0
2025-03-17 09:00:00,1.29422,1.29776,1.29407,1.29718,36000.0
2025-03-17 13:00:00,1.2972,1.29954,1.29676,1.29909,37085.0
2025-03-17 17:00:00,1.2991,1.2999,1.29856,1.29918,20328.0
2025-03-17 21:00:00,1.29937,1.29938,1.29822,1.29836,8473.0
2025-03-18 01:00:00,1.29834,1.29872,1.29708,1.29774,22471.0
2025-03-18 05:00:00,1.29774,1.3005,1.29678,1.29968,25756.0
2025-03-18 09:00:00,1.2997,1.30038,1.29514,1.29697,33637.0
2025-03-18 13:00:00,1.29698,1.29992,1.29538,1.29991,50463.0
2025-03-18 17:00:00,1.2999,1.301,1.2997,1.30016,23719.0
2025-03-18 21:00:00,1.30014,1.3005,1.29942,1.29964,7550.0
2025-03-19 01:00:00,1.29963,1.3003,1.29861,1.29876,17062.0
2025-03-19 05:00:00,1.29877,1.2991,1.29576,1.29738,36903.0
2025-03-19 09:00:00,1.2974,1.29826,1.29572,1.29663,33010.0
2025-03-19 13:00:00,1.29666,1.29762,1.29551,1.29741,34388.0
2025-03-19 17:00:00,1.29742,1.30114,1.29558,1.30038,54626.0
2025-03-19 21:00:00,1.29982,1.30149,1.29969,1.30092,10689.0
2025-03-20 01:00:00,1.30094,1.30132,1.30004,1.3002,21345.0
2025-03-20 05:00:00,1.3002,1.30022,1.29626,1.2972,28893.0
2025-03-20 09:00:00,1.29716,1.29798,1.29362,1.29514,47273.0
2025-03-20 13:00:00,1.29514,1.2974,1.2936,1.29652,46410.0
2025-03-20 17:00:00,1.29652,1.29704,1.29564,1.2967,16017.0
2025-03-20 21:00:00,1.29662,1.29716,1.29606,1.29642,9531.0
2025-03-21 01:00:00,1.29642,1.29682,1.29378,1.294,17405.0
2025-03-21 05:00:00,1.294,1.29454,1.29224,1.29406,29345.0
2025-03-21 09:00:00,1.29407,1.29558,1.29326,1.29368,29126.0
2025-03-21 13:00:00,1.29366,1.29396,1.28879,1.29208,45280.0
2025-03-21 17:00:00,1.29208,1.29298,1.29092,1.29168,18278.0
2025-03-23 21:00:00,1.28984,1.29346,1.28978,1.29337,13395.0
2025-03-24 01:00:00,1.29338,1.29351,1.29113,1.29167,24939.0
2025-03-24 05:00:00,1.29168,1.29575,1.29127,1.29531,33397.0
2025-03-24 09:00:00,1.29534,1.29743,1.29398,1.29436,36713.0
2025-03-24 13:00:00,1.29436,1.29502,1.28956,1.29036,52729.0
2025-03-24 17:00:00,1.29035,1.29302,1.29006,1.29234,22086.0
2025-03-24 21:00:00,1.29235,1.29246,1.29162,1.29174,6340.0
2025-03-25 01:00:00,1.29174,1.29288,1.29118,1.29236,16610.0
2025-03-25 05:00:00,1.29237,1.29283,1.29021,1.29128,27906.0
2025-03-25 09:00:00,1.29126,1.2961,1.29112,1.29551,37129.0
2025-03-25 13:00:00,1.29552,1.29609,1.29332,1.29572,40264.0
2025-03-25 17:00:00,1.29572,1.2967,1.29396,1.2945,20220.0
2025-03-25 21:00:00,1.2942,1.29492,1.29334,1.29336,8890.0
2025-03-26 01:00:00,1.29334,1.29464,1.29271,1.2935,19390.0
2025-03-26 05:00:00,1.29348,1.29436,1.28864,1.29072,33555.0
2025-03-26 09:00:00,1.29072,1.29134,1.28828,1.28933,37225.0
2025-03-26 13:00:00,1.28934,1.29096,1.28744,1.28959,44100.0
2025-03-26 17:00:00,1.28958,1.28976,1.28792,1.28875,23643.0
2025-03-26 21:00:00,1.28885,1.2891,1.2871,1.28894,13796.0
2025-03-27 01:00:00,1.28895,1.29258,1.28893,1.29212,19220.0
2025-03-27 05:00:00,1.29213,1.29294,1.29016,1.29234,35843.0
2025-03-27 09:00:00,1.29235,1.29692,1.29113,1.29451,38435.0
2025-03-27 13:00:00,1.29452,1.29922,1.29227,1.29571,52298.0
2025-03-27 17:00:00,1.29571,1.2967,1.29458,1.29492,18819.0
2025-03-27 21:00:00,1.29468,1.29594,1.2941,1.29484,8341.0
2025-03-28 01:00:00,1.29484,1.29532,1.29409,1.29414,14953.0
2025-03-28 05:00:00,1.29416,1.29684,1.29376,1.29468,25931.0
2025-03-28 09:00:00,1.29469,1.2957,1.29224,1.2944,30646.0
2025-03-28 13:00:00,1.29438,1.29682,1.29341,1.29438,51139.0
2025-03-28 17:00:00,1.29438,1.2948,1.29294,1.29407,18455.0
2025-03-30 21:00:00,1.29366,1.29596,1.29222,1.29596,18749.0
2025-03-31 01:00:00,1.29596,1.29721,1.2955,1.29569,28443.0
2025-03-31 05:00:00,1.29568,1.29728,1.29354,1.29444,38850.0
2025-03-31 09:00:00,1.29445,1.29594,1.29182,1.29324,32438.0
2025-03-31 13:00:00,1.29324,1.29414,1.28863,1.29067,55872.0
2025-03-31 17:00:00,1.29066,1.29247,1.29048,1.29169,21772.0
2025-03-31 21:00:00,1.2918,1.29272,1.29156,1.29264,10715.0
2025-04-01 01:00:00,1.29264,1.29409,1.2918,1.29376,21593.0
2025-04-01 05:00:00,1.29379,1.2938,1.29026,1.2926,34136.0
2025-04-01 09:00:00,1.2926,1.29384,1.28852,1.289,41155.0
2025-04-01 13:00:00,1.28901,1.29298,1.28795,1.29267,52497.0
2025-04-01 17:00:00,1.29266,1.2933,1.29084,1.29228,19669.0
2025-04-01 21:00:00,1.29228,1.29332,1.29101,1.29108,11264.0
2025-04-02 01:00:00,1.29106,1.29306,1.29062,1.29187,15553.0
2025-04-02 05:00:00,1.29188,1.29248,1.29004,1.29206,24635.0
2025-04-02 09:00:00,1.29207,1.29504,1.29198,1.29432,29535.0
2025-04-02 13:00:00,1.29432,1.29792,1.2934,1.29708,45711.0
2025-04-02 17:00:00,1.29708,1.30253,1.29544,1.3006,62266.0
2025-04-02 21:00:00,1.29853,1.30577,1.29732,1.30404,56334.0
2025-04-03 01:00:00,1.30404,1.30773,1.30372,1.30588,45645.0
2025-04-03 05:00:00,1.3059,1.31688,1.3058,1.31625,72497.0
2025-04-03 09:00:00,1.31627,1.32077,1.3138,1.3158,93479.0
2025-04-03 13:00:00,1.31578,1.31965,1.31042,1.31047,90961.0
2025-04-03 17:00:00,1.31048,1.31088,1.308,1.31012,34575.0
2025-04-03 21:00:00,1.31013,1.31084,1.30834,1.31014,25089.0
2025-04-04 01:00:00,1.31016,1.31099,1.30806,1.30976,42689.0
2025-04-04 05:00:00,1.30976,1.31139,1.29753,1.29828,74355.0
2025-04-04 09:00:00,1.2983,1.30514,1.29625,1.30011,153006.0
2025-04-04 13:00:00,1.30014,1.30179,1.2888,1.28948,159357.0
2025-04-04 17:00:00,1.28948,1.29146,1.2853,1.28986,68718.0
2025-04-06 21:00:00,1.28454,1.29336,1.28286,1.29095,80347.0
2025-04-07 01:00:00,1.29094,1.29164,1.28498,1.29024,73916.0
2025-04-07 05:00:00,1.29023,1.2934,1.28654,1.28712,118913.0
2025-04-07 09:00:00,1.28714,1.28768,1.28034,1.28374,120266.0
2025-04-07 13:00:00,1.28373,1.28468,1.27104,1.27304,154508.0
2025-04-07 17:00:00,1.2731,1.27786,1.27081,1.27238,77642.0
2025-04-07 21:00:00,1.27214,1.2766,1.27212,1.27518,26749.0
2025-04-08 01:00:00,1.27519,1.27922,1.27514,1.2786,43697.0
2025-04-08 05:00:00,1.2786,1.2797,1.27458,1.27529,68259.0
2025-04-08 09:00:00,1.27528,1.27964,1.27245,1.27759,75529.0
2025-04-08 13:00:00,1.27759,1.27939,1.27439,1.27727,104119.0
2025-04-08 17:00:00,1.27728,1.28148,1.27552,1.27657,71316.0
2025-04-08 21:00:00,1.2765,1.28158,1.27622,1.28146,33956.0
2025-04-09 01:00:00,1.28151,1.2857,1.28134,1.28552,74989.0
2025-04-09 05:00:00,1.28552,1.28642,1.27866,1.28253,114714.0
2025-04-09 09:00:00,1.28252,1.28372,1.27705,1.28036,100739.0
2025-04-09 13:00:00,1.28038,1.28151,1.27516,1.27654,87579.0
2025-04-09 17:00:00,1.27654,1.28376,1.27432,1.28238,163512.0
2025-04-09 21:00:00,1.28232,1.2847,1.28104,1.28442,44724.0
2025-04-10 01:00:00,1.28444,1.28611,1.2822,1.28594,50233.0
2025-04-10 05:00:00,1.28596,1.28818,1.28451,1.28698,79969.0
2025-04-10 09:00:00,1.28698,1.29571,1.2861,1.2925,88047.0
2025-04-10 13:00:00,1.29252,1.2979,1.28924,1.29544,121784.0
2025-04-10 17:00:00,1.29544,1.2996,1.29312,1.29707,76526.0
2025-04-10 21:00:00,1.29723,1.30478,1.29674,1.3017,70823.0
2025-04-11 01:00:00,1.30171,1.30472,1.29944,1.30216,101858.0
2025-04-11 05:00:00,1.30216,1.31338,1.2985,1.31089,124129.0
2025-04-11 09:00:00,1.3109,1.31452,1.30564,1.3123,118162.0
2025-04-11 13:00:00,1.3123,1.31344,1.30304,1.30516,139270.0
2025-04-11 17:00:00,1.30512,1.31032,1.30442,1.30887,60628.0
2025-04-13 21:00:00,1.30932,1.31066,1.30636,1.30974,40695.0
2025-04-14 01:00:00,1.30976,1.31287,1.30955,1.31045,55350.0
2025-04-14 05:00:00,1.31044,1.31878,1.30964,1.31712,65478.0
2025-04-14 09:00:00,1.31713,1.32014,1.31413,1.31458,54409.0
2025-04-14 13:00:00,1.3146,1.31926,1.3123,1.31666,84081.0
2025-04-14 17:00:00,1.31665,1.32,1.31664,1.3189,36847.0
2025-04-14 21:00:00,1.3189,1.31976,1.31642,1.31736,17084.0
2025-04-15 01:00:00,1.31734,1.3218,1.31695,1.32118,24142.0
2025-04-15 05:00:00,1.32118,1.3239,1.31842,1.32302,54116.0
2025-04-15 09:00:00,1.323,1.32522,1.32188,1.32238,49836.0
2025-04-15 13:00:00,1.32238,1.32466,1.32053,1.32126,74979.0
2025-04-15 17:00:00,1.32126,1.32348,1.32064,1.32319,24015.0
2025-04-15 21:00:00,1.32276,1.32543,1.32216,1.32468,20370.0
2025-04-16 01:00:00,1.32469,1.32672,1.32431,1.32644,28280.0
2025-04-16 05:00:00,1.32646,1.32913,1.32572,1.32892,60960.0
2025-04-16 09:00:00,1.32892,1.32924,1.32506,1.326,59275.0
2025-04-16 13:00:00,1.32599,1.3272,1.32266,1.32339,56047.0
2025-04-16 17:00:00,1.32338,1.32498,1.32121,1.32408,47396.0
2025-04-16 21:00:00,1.32322,1.325,1.32113,1.32122,23948.0
2025-04-17 01:00:00,1.32124,1.323,1.32028,1.32098,26740.0
2025-04-17 05:00:00,1.32095,1.32479,1.32036,1.32396,45614.0
2025-04-17 09:00:00,1.32394,1.32508,1.32194,1.32496,51791.0
2025-04-17 13:00:00,1.32498,1.32734,1.32275,1.32584,69542.0
2025-04-17 17:00:00,1.32584,1.32728,1.3247,1.32671,22270.0
2025-04-17 21:00:00,1.3257,1.32854,1.32555,1.32814,54969.0
2025-04-18 01:00:00,1.32814,1.3284,1.32641,1.32692,368121.0
2025-04-18 05:00:00,1.3269,1.32807,1.32593,1.32728,300276.0
2025-04-18 09:00:00,1.32735,1.32818,1.32664,1.3277,268050.0
2025-04-18 13:00:00,1.32768,1.32864,1.3272,1.32845,233065.0
2025-04-18 17:00:00,1.32844,1.3299,1.32799,1.32958,126279.0
2025-04-20 21:00:00,1.32767,1.33562,1.32758,1.33466,26278.0
2025-04-21 01:00:00,1.33468,1.3387,1.33426,1.3383,33493.0
2025-04-21 05:00:00,1.3383,1.34166,1.33724,1.34148,42093.0
2025-04-21 09:00:00,1.34148,1.34222,1.33795,1.34044,38370.0
2025-04-21 13:00:00,1.34042,1.34092,1.33754,1.3379,45079.0
2025-04-21 17:00:00,1.3379,1.33848,1.33631,1.33802,21223.0
2025-04-21 21:00:00,1.33754,1.33887,1.3362,1.33707,17374.0
2025-04-22 01:00:00,1.33708,1.34104,1.33708,1.34028,26066.0
2025-04-22 05:00:00,1.3403,1.34242,1.33686,1.33874,56383.0
2025-04-22 09:00:00,1.33874,1.33907,1.33551,1.33722,48220.0
2025-04-22 13:00:00,1.33724,1.33905,1.3343,1.33462,59326.0
2025-04-22 17:00:00,1.33462,1.33547,1.3326,1.33319,29923.0
2025-04-22 21:00:00,1.33318,1.33365,1.3234,1.33058,45838.0
2025-04-23 01:00:00,1.33058,1.33178,1.32871,1.33053,32760.0
2025-04-23 05:00:00,1.33054,1.33286,1.32804,1.33198,59839.0
2025-04-23 09:00:00,1.33198,1.33396,1.32906,1.33044,53186.0
2025-04-23 13:00:00,1.33042,1.33198,1.32501,1.32608,100062.0
2025-04-23 17:00:00,1.32608,1.32775,1.32506,1.32537,29341.0
2025-04-23 21:00:00,1.32564,1.32795,1.32539,1.3277,16206.0
2025-04-24 01:00:00,1.3277,1.3287,1.32654,1.32701,22462.0
2025-04-24 05:00:00,1.327,1.331,1.32646,1.33016,42291.0
2025-04-24 09:00:00,1.33014,1.33212,1.32978,1.33014,37294.0
2025-04-24 13:00:00,1.33016,1.33328,1.32902,1.33288,48567.0
2025-04-24 17:00:00,1.33286,1.33489,1.33152,1.33372,19411.0
2025-04-24 21:00:00,1.3341,1.33423,1.33062,1.33072,13340.0
2025-04-25 01:00:00,1.33073,1.33181,1.32792,1.32872,27617.0
2025-04-25 05:00:00,1.3287,1.33145,1.3274,1.33024,39181.0
2025-04-25 09:00:00,1.33028,1.33263,1.32867,1.33231,26835.0
2025-04-25 13:00:00,1.33234,1.33325,1.3298,1.33195,37403.0
2025-04-25 17:00:00,1.33194,1.33325,1.33064,1.33112,17772.0
2025-04-27 21:00:00,1.33068,1.3312,1.32884,1.33004,14387.0
2025-04-28 01:00:00,1.33003,1.33158,1.32802,1.33158,18498.0
2025-04-28 05:00:00,1.33156,1.33339,1.32882,1.33292,35137.0
2025-04-28 09:00:00,1.33293,1.33548,1.33293,1.33427,33557.0
2025-04-28 13:00:00,1.33428,1.34206,1.3341,1.34132,51333.0
2025-04-28 17:00:00,1.34132,1.34442,1.34112,1.34432,20849.0
2025-04-28 21:00:00,1.34376,1.3444,1.34252,1.34262,12124.0
2025-04-29 01:00:00,1.34262,1.34426,1.3394,1.33963,22792.0
2025-04-29 05:00:00,1.33968,1.34262,1.33967,1.34111,34781.0
2025-04-29 09:00:00,1.34112,1.34144,1.33803,1.34094,30136.0
2025-04-29 13:00:00,1.34092,1.34213,1.33884,1.34074,45229.0
2025-04-29 17:00:00,1.34074,1.34111,1.33934,1.34076,17822.0
2025-04-29 21:00:00,1.34048,1.34148,1.33987,1.34026,11896.0
2025-04-30 01:00:00,1.34023,1.34118,1.33824,1.33909,19219.0
2025-04-30 05:00:00,1.3391,1.34066,1.3363,1.33674,30680.0
2025-04-30 09:00:00,1.33678,1.33744,1.3343,1.3352,42006.0
2025-04-30 13:00:00,1.33521,1.33592,1.3309,1.33467,64634.0
2025-04-30 17:00:00,1.33466,1.33582,1.3319,1.33319,24371.0
2025-04-30 21:00:00,1.33285,1.33326,1.33176,1.33192,11456.0
2025-05-01 01:00:00,1.33192,1.33194,1.32932,1.32938,17249.0
2025-05-01 05:00:00,1.32938,1.33333,1.32748,1.33248,31485.0
2025-05-01 09:00:00,1.33248,1.33457,1.3312,1.33159,36048.0
2025-05-01 13:00:00,1.33158,1.33274,1.3262,1.32808,54212.0
2025-05-01 17:00:00,1.32809,1.32868,1.32604,1.32786,19139.0
2025-05-01 21:00:00,1.32784,1.32903,1.3274,1.32791,12659.0
2025-05-02 01:00:00,1.32792,1.33138,1.32756,1.33082,25342.0
2025-05-02 05:00:00,1.33082,1.33221,1.32825,1.3292,35088.0
2025-05-02 09:00:00,1.3292,1.33159,1.32624,1.32908,50900.0
2025-05-02 13:00:00,1.32908,1.33309,1.32765,1.32836,70445.0
2025-05-02 17:00:00,1.32836,1.32942,1.32634,1.327,21250.0
2025-05-04 21:00:00,1.32638,1.32765,1.32601,1.32712,11530.0
2025-05-05 01:00:00,1.32714,1.33011,1.32714,1.32954,20676.0
2025-05-05 05:00:00,1.32956,1.33071,1.32755,1.32821,34115.0
2025-05-05 09:00:00,1.32823,1.33358,1.32822,1.3331,36272.0
2025-05-05 13:00:00,1.33312,1.33367,1.32704,1.32739,46846.0
2025-05-05 17:00:00,1.32738,1.32994,1.32721,1.32968,15901.0
2025-05-05 21:00:00,1.3292,1.32993,1.32676,1.32696,10134.0
2025-05-06 01:00:00,1.32692,1.33058,1.32605,1.33026,25156.0
2025-05-06 05:00:00,1.33026,1.33342,1.32856,1.33155,38129.0
2025-05-06 09:00:00,1.33153,1.34028,1.33079,1.33966,37667.0
2025-05-06 13:00:00,1.33962,1.33974,1.33519,1.33581,47071.0
2025-05-06 17:00:00,1.33582,1.3387,1.33566,1.33688,22988.0
2025-05-06 21:00:00,1.33718,1.33824,1.33334,1.33522,26702.0
2025-05-07 01:00:00,1.33521,1.33621,1.33358,1.33427,28928.0
2025-05-07 05:00:00,1.33426,1.33674,1.33356,1.33362,36312.0
2025-05-07 09:00:00,1.3336,1.33684,1.3323,1.3367,27070.0
2025-05-07 13:00:00,1.33669,1.33773,1.33326,1.33482,33767.0
2025-05-07 17:00:00,1.33482,1.33533,1.32802,1.32912,52347.0
2025-05-07 21:00:00,1.32933,1.33071,1.32862,1.3296,11965.0
2025-05-08 01:00:00,1.32958,1.33566,1.32938,1.33322,27589.0
2025-05-08 05:00:00,1.33322,1.33332,1.32612,1.32663,47223.0
2025-05-08 09:00:00,1.32664,1.33424,1.32416,1.33238,48273.0
2025-05-08 13:00:00,1.3324,1.33455,1.32616,1.32658,59391.0
2025-05-08 17:00:00,1.32658,1.32675,1.32366,1.32465,23442.0
2025-05-08 21:00:00,1.32468,1.3253,1.32196,1.324,11449.0
2025-05-09 01:00:00,1.32397,1.32426,1.32121,1.32365,27222.0
2025-05-09 05:00:00,1.32364,1.32714,1.32238,1.32702,31885.0
2025-05-09 09:00:00,1.32702,1.32871,1.32621,1.32854,30876.0
2025-05-09 13:00:00,1.32854,1.33228,1.32839,1.33072,37927.0
2025-05-09 17:00:00,1.3307,1.33192,1.3297,1.33034,14499.0
2025-05-11 21:00:00,1.32674,1.32954,1.32621,1.32892,21112.0
2025-05-12 01:00:00,1.32892,1.32942,1.3275,1.32862,29728.0
2025-05-12 05:00:00,1.32862,1.32996,1.31591,1.31944,75697.0
2025-05-12 09:00:00,1.31942,1.32044,1.314,1.31963,58368.0
2025-05-12 13:00:00,1.31962,1.32154,1.31768,1.31779,54601.0
2025-05-12 17:00:00,1.3178,1.3185,1.31622,1.3177,23648.0
2025-05-12 21:00:00,1.31748,1.31856,1.31692,1.31788,16451.0
2025-05-13 01:00:00,1.31786,1.32012,1.31752,1.32012,27215.0
2025-05-13 05:00:00,1.32012,1.32173,1.31895,1.32115,39409.0
2025-05-13 09:00:00,1.32116,1.32444,1.32024,1.32434,37060.0
2025-05-13 13:00:00,1.32434,1.32948,1.32213,1.32926,52670.0
2025-05-13 17:00:00,1.32926,1.33164,1.32875,1.33049,18620.0
2025-05-13 21:00:00,1.33083,1.33165,1.32996,1.33138,14078.0
2025-05-14 01:00:00,1.33138,1.33202,1.32984,1.33044,27135.0
2025-05-14 05:00:00,1.33042,1.3359,1.32909,1.33472,52268.0
2025-05-14 09:00:00,1.33473,1.33606,1.33163,1.33252,50974.0
2025-05-14 13:00:00,1.33253,1.33295,1.32707,1.32824,63015.0
2025-05-14 17:00:00,1.32824,1.32886,1.32534,1.32614,25085.0
2025-05-14 21:00:00,1.32633,1.32748,1.32584,1.32728,13758.0
2025-05-15 01:00:00,1.32726,1.3287,1.32725,1.32744,27080.0
2025-05-15 05:00:00,1.32746,1.33052,1.32625,1.32898,41131.0
2025-05-15 09:00:00,1.32898,1.33094,1.32673,1.33056,45138.0
2025-05-15 13:00:00,1.33054,1.332,1.32636,1.32889,58088.0
2025-05-15 17:00:00,1.32888,1.33088,1.32867,1.33058,19778.0
2025-05-15 21:00:00,1.33008,1.33181,1.32996,1.33144,15390.0
2025-05-16 01:00:00,1.33144,1.33197,1.33066,1.33184,24324.0
2025-05-16 05:00:00,1.33185,1.3333,1.33016,1.33048,33528.0
2025-05-16 09:00:00,1.33048,1.33091,1.32735,1.32836,35111.0
2025-05-16 13:00:00,1.32835,1.32994,1.32506,1.32687,53169.0
2025-05-16 17:00:00,1.3269,1.32878,1.3268,1.32816,21031.0
2025-05-18 21:00:00,1.32772,1.33138,1.32763,1.33128,20227.0
2025-05-19 01:00:00,1.33128,1.3314,1.32904,1.3299,28784.0
2025-05-19 05:00:00,1.3299,1.3373,1.32928,1.33676,48395.0
2025-05-19 09:00:00,1.33677,1.34041,1.3363,1.33716,46804.0
2025-05-19 13:00:00,1.33714,1.33762,1.33459,1.33548,49485.0
2025-05-19 17:00:00,1.33548,1.33646,1.3345,1.33614,20426.0
2025-05-19 21:00:00,1.33564,1.33644,1.3345,1.33564,13989.0
2025-05-20 01:00:00,1.33564,1.3374,1.33471,1.33637,29067.0
2025-05-20 05:00:00,1.33636,1.33949,1.33636,1.33738,43814.0
2025-05-20 09:00:00,1.33736,1.33843,1.33354,1.33401,33907.0
2025-05-20 13:00:00,1.334,1.33744,1.3335,1.33716,46673.0
2025-05-20 17:00:00,1.33715,1.3394,1.337,1.33934,21595.0
2025-05-20 21:00:00,1.33858,1.34121,1.33832,1.34089,11179.0
2025-05-21 01:00:00,1.3409,1.3436,1.33989,1.34304,28613.0
2025-05-21 05:00:00,1.34303,1.34692,1.33906,1.33991,52226.0
2025-05-21 09:00:00,1.33992,1.34383,1.33886,1.34228,47648.0
2025-05-21 13:00:00,1.34228,1.3452,1.34145,1.3447,52517.0
2025-05-21 17:00:00,1.34472,1.34529,1.34131,1.34198,36265.0
2025-05-21 21:00:00,1.34192,1.34317,1.34048,1.34249,19323.0
2025-05-22 01:00:00,1.3425,1.3441,1.34164,1.3429,29253.0
2025-05-22 05:00:00,1.34292,1.34406,1.34015,1.34026,45574.0
2025-05-22 09:00:00,1.34023,1.34266,1.3391,1.34134,42831.0
2025-05-22 13:00:00,1.34134,1.34368,1.34056,1.3418,51517.0
2025-05-22 17:00:00,1.3418,1.343,1.34036,1.34193,19319.0
2025-05-22 21:00:00,1.34158,1.3436,1.34145,1.34322,12560.0
2025-05-23 01:00:00,1.34322,1.34558,1.34299,1.34522,19190.0
2025-05-23 05:00:00,1.34523,1.34914,1.34438,1.34883,32349.0
2025-05-23 09:00:00,1.34881,1.35338,1.34738,1.3518,66701.0
2025-05-23 13:00:00,1.35181,1.35236,1.34807,1.3522,51568.0
2025-05-23 17:00:00,1.35221,1.35432,1.35214,1.35393,18749.0
2025-05-25 21:00:00,1.35262,1.35616,1.35234,1.35612,21555.0
2025-05-26 01:00:00,1.35611,1.35934,1.35535,1.35823,34267.0
2025-05-26 05:00:00,1.35822,1.3593,1.3558,1.35645,37759.0
2025-05-26 09:00:00,1.35646,1.35682,1.35512,1.35558,22793.0
2025-05-26 13:00:00,1.35558,1.35684,1.35523,1.35643,18548.0
2025-05-26 17:00:00,1.35642,1.35652,1.35578,1.35636,4896.0
2025-05-26 21:00:00,1.35646,1.35856,1.35568,1.35824,11615.0
2025-05-27 01:00:00,1.35828,1.35871,1.35538,1.35552,22763.0
2025-05-27 05:00:00,1.35554,1.35736,1.35219,1.35368,48261.0
2025-05-27 09:00:00,1.35366,1.35626,1.35336,1.3562,37884.0
2025-05-27 13:00:00,1.3562,1.35652,1.35003,1.35074,46359.0
2025-05-27 17:00:00,1.35075,1.35154,1.35022,1.35076,16718.0
2025-05-27 21:00:00,1.35085,1.35224,1.35076,1.35154,10321.0
2025-05-28 01:00:00,1.35154,1.35168,1.34708,1.34723,33168.0
2025-05-28 05:00:00,1.34722,1.35112,1.34613,1.35094,37355.0
2025-05-28 09:00:00,1.35094,1.35198,1.34657,1.34692,32492.0
2025-05-28 13:00:00,1.34692,1.34895,1.34494,1.34749,52449.0
2025-05-28 17:00:00,1.3475,1.34799,1.34621,1.34702,20322.0
2025-05-28 21:00:00,1.34706,1.34718,1.34156,1.34284,41694.0
2025-05-29 01:00:00,1.34284,1.3447,1.34187,1.344,32436.0
2025-05-29 05:00:00,1.34401,1.34752,1.34264,1.34606,43204.0
2025-05-29 09:00:00,1.34605,1.35056,1.34581,1.35016,45861.0
2025-05-29 13:00:00,1.35017,1.35075,1.34764,1.34932,54877.0
2025-05-29 17:00:00,1.3493,1.35048,1.34872,1.34922,21450.0
2025-05-29 21:00:00,1.34916,1.35101,1.34892,1.34968,17257.0
2025-05-30 01:00:00,1.34968,1.35112,1.34683,1.34716,29415.0
2025-05-30 05:00:00,1.34715,1.34855,1.34552,1.3466,38557.0
2025-05-30 09:00:00,1.3466,1.34996,1.34626,1.34926,43232.0
2025-05-30 13:00:00,1.34927,1.34946,1.3448,1.34608,61687.0
2025-05-30 17:00:00,1.3461,1.34768,1.34525,1.34532,22392.0
2025-06-01 21:00:00,1.34645,1.34924,1.34526,1.34886,16116.0
2025-06-02 01:00:00,1.34884,1.35058,1.34732,1.34886,29939.0
2025-06-02 05:00:00,1.34886,1.35575,1.34879,1.35432,43544.0
2025-06-02 09:00:00,1.35434,1.35555,1.3527,1.35426,41569.0
2025-06-02 13:00:00,1.35428,1.35598,1.35186,1.35224,53186.0
2025-06-02 17:00:00,1.35224,1.35499,1.35172,1.35448,18809.0
2025-06-02 21:00:00,1.35442,1.35596,1.35388,1.35476,14572.0
2025-06-03 01:00:00,1.35476,1.35479,1.35146,1.35242,30401.0
2025-06-03 05:00:00,1.35242,1.35378,1.35052,1.35155,37294.0
2025-06-03 09:00:00,1.35156,1.35264,1.34917,1.35038,35154.0
2025-06-03 13:00:00,1.3504,1.35335,1.34964,1.35184,51290.0
2025-06-03 17:00:00,1.35187,1.35292,1.35138,1.35174,17215.0
2025-06-03 21:00:00,1.35176,1.35338,1.35164,1.35269,13899.0
2025-06-04 01:00:00,1.35267,1.35448,1.35106,1.35123,29036.0
2025-06-04 05:00:00,1.35124,1.35458,1.3501,1.35401,38210.0
2025-06-04 09:00:00,1.35402,1.35442,1.35118,1.35434,38745.0
2025-06-04 13:00:00,1.35432,1.35804,1.35314,1.35714,52680.0
2025-06-04 17:00:00,1.35715,1.35741,1.35453,1.3553,18076.0
2025-06-04 21:00:00,1.3557,1.356,1.35467,1.35598,12896.0
2025-06-05 01:00:00,1.35598,1.35659,1.35406,1.35474,26719.0
2025-06-05 05:00:00,1.35476,1.35744,1.35427,1.35676,30385.0
2025-06-05 09:00:00,1.35673,1.35946,1.35606,1.3579,45590.0
2025-06-05 13:00:00,1.3579,1.36168,1.35712,1.35866,73850.0
2025-06-05 17:00:00,1.35865,1.35896,1.35667,1.35704,25648.0
2025-06-05 21:00:00,1.35718,1.35848,1.35698,1.35792,12550.0
2025-06-06 01:00:00,1.35792,1.3584,1.35654,1.3575,24001.0
2025-06-06 05:00:00,1.35749,1.35752,1.35346,1.35383,30747.0
2025-06-06 09:00:00,1.35382,1.35644,1.35193,1.35362,42707.0
2025-06-06 13:00:00,1.3536,1.35487,1.35074,1.35195,64516.0
2025-06-06 17:00:00,1.35194,1.35345,1.3516,1.35257,21654.0
2025-06-08 21:00:00,1.35278,1.35398,1.35262,1.35313,10310.0
2025-06-09 01:00:00,1.35315,1.35657,1.35315,1.35543,23887.0
2025-06-09 05:00:00,1.35542,1.35782,1.3549,1.35733,27384.0
2025-06-09 09:00:00,1.35734,1.35816,1.35338,1.35364,30443.0
2025-06-09 13:00:00,1.35362,1.35644,1.35246,1.35586,37302.0
2025-06-09 17:00:00,1.35588,1.3566,1.35488,1.35513,15633.0
2025-06-09 21:00:00,1.3551,1.35644,1.3547,1.35548,15150.0
2025-06-10 01:00:00,1.35548,1.35606,1.35195,1.35382,32464.0
2025-06-10 05:00:00,1.35384,1.35462,1.34564,1.34877,49232.0
2025-06-10 09:00:00,1.34876,1.35128,1.34798,1.35072,33984.0
2025-06-10 13:00:00,1.3507,1.3537,1.34978,1.34987,39911.0
2025-06-10 17:00:00,1.34988,1.35084,1.34902,1.34981,20726.0
2025-06-10 21:00:00,1.3502,1.35104,1.34912,1.34923,22640.0
2025-06-11 01:00:00,1.34923,1.34958,1.34746,1.34828,24716.0
2025-06-11 05:00:00,1.34828,1.34965,1.34644,1.34946,31879.0
2025-06-11 09:00:00,1.34945,1.35499,1.34848,1.3519,45513.0
2025-06-11 13:00:00,1.35191,1.35581,1.35018,1.35497,50088.0
2025-06-11 17:00:00,1.35499,1.35676,1.35361,1.35464,25608.0
2025-06-11 21:00:00,1.35462,1.35887,1.35458,1.35832,18325.0
2025-06-12 01:00:00,1.35832,1.35934,1.3567,1.35826,28610.0
2025-06-12 05:00:00,1.35823,1.35901,1.35229,1.35664,47794.0
2025-06-12 09:00:00,1.35662,1.36196,1.356,1.36106,58045.0
2025-06-12 13:00:00,1.36106,1.36237,1.35822,1.35918,54847.0
2025-06-12 17:00:00,1.35914,1.36159,1.3584,1.36128,18478.0
2025-06-12 21:00:00,1.36102,1.36326,1.3559,1.35702,38147.0
2025-06-13 01:00:00,1.35702,1.35718,1.35301,1.35344,47341.0
2025-06-13 05:00:00,1.35343,1.35706,1.35216,1.35593,53344.0
2025-06-13 09:00:00,1.35594,1.3563,1.35231,1.35343,50914.0
2025-06-13 13:00:00,1.35344,1.36032,1.35165,1.35946,47945.0
2025-06-13 17:00:00,1.35947,1.35947,1.35586,1.35748,28352.0
2025-06-15 21:00:00,1.35651,1.35672,1.35403,1.355,27448.0
2025-06-16 01:00:00,1.35498,1.35586,1.35348,1.35474,32542.0
2025-06-16 05:00:00,1.35474,1.35928,1.35474,1.35796,47019.0
2025-06-16 09:00:00,1.35796,1.35912,1.35741,1.35826,34096.0
2025-06-16 13:00:00,1.35826,1.36226,1.35825,1.36085,52531.0
2025-06-16 17:00:00,1.36086,1.36111,1.35728,1.35768,21296.0
2025-06-16 21:00:00,1.35749,1.35803,1.3558,1.3567,21959.0
2025-06-17 01:00:00,1.3567,1.35796,1.35589,1.35734,28850.0
2025-06-17 05:00:00,1.35733,1.35789,1.3548,1.35482,37345.0
2025-06-17 09:00:00,1.35483,1.35738,1.35416,1.35478,38975.0
2025-06-17 13:00:00,1.35479,1.3565,1.34664,1.34718,53606.0
2025-06-17 17:00:00,1.34719,1.34746,1.34154,1.34292,42238.0
2025-06-17 21:00:00,1.34278,1.34386,1.34214,1.34316,19830.0
2025-06-18 01:00:00,1.34316,1.34475,1.34269,1.3444,26535.0
2025-06-18 05:00:00,1.34441,1.34766,1.34382,1.3453,37857.0
2025-06-18 09:00:00,1.34531,1.34688,1.34382,1.34474,34786.0
2025-06-18 13:00:00,1.34472,1.34758,1.34353,1.3457,56770.0
2025-06-18 17:00:00,1.3457,1.34769,1.34003,1.3421,66046.0
2025-06-18 21:00:00,1.34236,1.34288,1.3408,1.34154,19165.0
2025-06-19 01:00:00,1.34154,1.34158,1.33872,1.3411,32081.0
2025-06-19 05:00:00,1.3411,1.34286,1.33828,1.34273,43390.0
2025-06-19 09:00:00,1.34274,1.34496,1.34042,1.34413,44320.0
2025-06-19 13:00:00,1.34412,1.34457,1.34172,1.34252,34441.0
2025-06-19 17:00:00,1.34251,1.34702,1.34246,1.34684,14952.0
2025-06-19 21:00:00,1.3458,1.34904,1.34532,1.34882,17701.0
2025-06-20 01:00:00,1.34882,1.35,1.3477,1.34956,29567.0
2025-06-20 05:00:00,1.34955,1.35012,1.34626,1.34912,37203.0
2025-06-20 09:00:00,1.34911,1.35114,1.34855,1.35018,36975.0
2025-06-20 13:00:00,1.35017,1.35062,1.34538,1.34708,53452.0
2025-06-20 17:00:00,1.34708,1.34767,1.34412,1.34494,22097.0
2025-06-22 21:00:00,1.34037,1.34419,1.33994,1.34219,29327.0
2025-06-23 01:00:00,1.34222,1.34382,1.34034,1.34094,35146.0
2025-06-23 05:00:00,1.34092,1.34493,1.34092,1.34147,55647.0
2025-06-23 09:00:00,1.34146,1.34174,1.33704,1.33921,55260.0
2025-06-23 13:00:00,1.33919,1.35062,1.33872,1.34926,76982.0
2025-06-23 17:00:00,1.34925,1.35314,1.349,1.35256,39300.0
2025-06-23 21:00:00,1.35198,1.3555,1.35151,1.35486,30393.0
2025-06-24 01:00:00,1.35486,1.35729,1.35355,1.35653,33144.0
2025-06-24 05:00:00,1.35652,1.36036,1.35596,1.36006,57817.0
2025-06-24 09:00:00,1.36006,1.36267,1.35949,1.36012,39770.0
2025-06-24 13:00:00,1.3601,1.36487,1.35907,1.36255,60753.0
2025-06-24 17:00:00,1.36254,1.36393,1.36129,1.3615,21589.0
2025-06-24 21:00:00,1.36214,1.36286,1.3611,1.36174,13023.0
2025-06-25 01:00:00,1.36174,1.36294,1.36114,1.36164,32255.0
2025-06-25 05:00:00,1.36166,1.36338,1.36063,1.36216,41629.0
2025-06-25 09:00:00,1.36216,1.36222,1.35907,1.35968,41513.0
2025-06-25 13:00:00,1.35968,1.36436,1.35941,1.36406,47727.0
2025-06-25 17:00:00,1.36406,1.36718,1.36366,1.36641,26795.0
2025-06-25 21:00:00,1.36602,1.36958,1.36584,1.36898,18510.0
2025-06-26 01:00:00,1.36898,1.37251,1.3677,1.37008,34653.0
2025-06-26 05:00:00,1.37008,1.3765,1.36968,1.37498,52436.0
2025-06-26 09:00:00,1.37497,1.3754,1.36996,1.37183,50518.0
2025-06-26 13:00:00,1.37184,1.3771,1.37072,1.3755,61816.0
2025-06-26 17:00:00,1.3755,1.37632,1.3723,1.3728,27064.0
2025-06-26 21:00:00,1.37307,1.3736,1.37168,1.37308,17326.0
2025-06-27 01:00:00,1.37308,1.375,1.37228,1.37231,29409.0
2025-06-27 05:00:00,1.37232,1.37504,1.37204,1.37434,37272.0
2025-06-27 09:00:00,1.37436,1.37528,1.37202,1.37406,42563.0
2025-06-27 13:00:00,1.37407,1.3747,1.37034,1.37076,52308.0
2025-06-27 17:00:00,1.37076,1.37224,1.36829,1.37206,39398.0
2025-06-29 21:00:00,1.37115,1.37287,1.37078,1.37142,17627.0
2025-06-30 01:00:00,1.37141,1.37308,1.37115,1.37294,26384.0
2025-06-30 05:00:00,1.37294,1.37408,1.36932,1.36997,40166.0
2025-06-30 09:00:00,1.36996,1.3712,1.36849,1.36934,30875.0
2025-06-30 13:00:00,1.36935,1.37231,1.36742,1.37143,55948.0
2025-06-30 17:00:00,1.37142,1.37364,1.37039,1.37346,26445.0
2025-06-30 21:00:00,1.3729,1.37414,1.37236,1.37408,15006.0
2025-07-01 01:00:00,1.37409,1.3749,1.37242,1.3741,26503.0
2025-07-01 05:00:00,1.37412,1.37837,1.37324,1.37742,40548.0
2025-07-01 09:00:00,1.37741,1.37888,1.37406,1.37415,44354.0
2025-07-01 13:00:00,1.37414,1.37437,1.37036,1.37247,61542.0
2025-07-01 17:00:00,1.37248,1.37505,1.37212,1.37462,25673.0
2025-07-01 21:00:00,1.37472,1.37498,1.37416,1.37484,11887.0
2025-07-02 01:00:00,1.37484,1.37528,1.37324,1.3744,21383.0
2025-07-02 05:00:00,1.37439,1.37458,1.36942,1.3698,34146.0
2025-07-02 09:00:00,1.36978,1.3713,1.35886,1.3608,63063.0
2025-07-02 13:00:00,1.36078,1.36324,1.3563,1.36308,59994.0
2025-07-02 17:00:00,1.36308,1.36448,1.3627,1.36348,24099.0
2025-07-02 21:00:00,1.36364,1.36674,1.36338,1.36474,12217.0
2025-07-03 01:00:00,1.36475,1.36539,1.36238,1.36292,20568.0
2025-07-03 05:00:00,1.36293,1.3676,1.3625,1.36644,34307.0
2025-07-03 09:00:00,1.36642,1.36682,1.35858,1.36152,53407.0
2025-07-03 13:00:00,1.36149,1.36742,1.36115,1.36504,64517.0
2025-07-03 17:00:00,1.36504,1.36545,1.36392,1.36545,11737.0
2025-07-03 21:00:00,1.3657,1.36688,1.36477,1.36634,11043.0
2025-07-04 01:00:00,1.36634,1.36746,1.36454,1.36738,24693.0
2025-07-04 05:00:00,1.3674,1.36816,1.36569,1.36642,35339.0
2025-07-04 09:00:00,1.3664,1.3665,1.36346,1.36352,31758.0
2025-07-04 13:00:00,1.36352,1.36536,1.3635,1.3647,29055.0
2025-07-04 17:00:00,1.36472,1.36588,1.36418,1.36475,87010.0
2025-07-06 21:00:00,1.36435,1.36616,1.36435,1.36474,14402.0
2025-07-07 01:00:00,1.36474,1.36474,1.3616,1.36172,27667.0
2025-07-07 05:00:00,1.36174,1.36264,1.35794,1.35806,39567.0
2025-07-07 09:00:00,1.35804,1.36218,1.35754,1.36175,32746.0
2025-07-07 13:00:00,1.36176,1.36479,1.35941,1.35952,47341.0
2025-07-07 17:00:00,1.35954,1.36169,1.35892,1.3601,36508.0
2025-07-07 21:00:00,1.36061,1.3637,1.36008,1.36286,14140.0
2025-07-08 01:00:00,1.36286,1.36428,1.36179,1.36316,27664.0
2025-07-08 05:00:00,1.36316,1.36466,1.36097,1.36123,37837.0
2025-07-08 09:00:00,1.36123,1.36148,1.35634,1.35781,33435.0
2025-07-08 13:00:00,1.35782,1.35824,1.35254,1.35788,57755.0
2025-07-08 17:00:00,1.35788,1.35976,1.35773,1.35928,32679.0
2025-07-08 21:00:00,1.35908,1.3595,1.35762,1.35862,12109.0
2025-07-09 01:00:00,1.35864,1.35932,1.35645,1.35858,29271.0
2025-07-09 05:00:00,1.35858,1.36066,1.35794,1.36014,36740.0
2025-07-09 09:00:00,1.36012,1.36132,1.3574,1.36084,33494.0
2025-07-09 13:00:00,1.36083,1.362,1.35792,1.35842,38409.0
2025-07-09 17:00:00,1.35841,1.3601,1.35808,1.35858,23320.0
2025-07-09 21:00:00,1.35864,1.36136,1.3586,1.36097,14460.0
2025-07-10 01:00:00,1.36096,1.36126,1.36,1.36053,22267.0
2025-07-10 05:00:00,1.36052,1.36196,1.36023,1.3606,27294.0
2025-07-10 09:00:00,1.36059,1.36166,1.35572,1.35604,28524.0
2025-07-10 13:00:00,1.35604,1.3573,1.3533,1.35639,48398.0
2025-07-10 17:00:00,1.35637,1.3584,1.35611,1.35798,22357.0
2025-07-10 21:00:00,1.35772,1.35856,1.3545,1.3555,19142.0
2025-07-11 01:00:00,1.3555,1.35698,1.3549,1.35563,31552.0
2025-07-11 05:00:00,1.35562,1.35644,1.35286,1.35358,33918.0
2025-07-11 09:00:00,1.35357,1.3553,1.34964,1.35044,37540.0
2025-07-11 13:00:00,1.35044,1.35202,1.34811,1.35066,49765.0
2025-07-11 17:00:00,1.35067,1.35176,1.34844,1.34905,24812.0
2025-07-13 21:00:00,1.34914,1.35044,1.34821,1.3499,14702.0
2025-07-14 01:00:00,1.3499,1.35024,1.34721,1.34762,25207.0
2025-07-14 05:00:00,1.34762,1.34894,1.34516,1.34758,28951.0
2025-07-14 09:00:00,1.34756,1.34937,1.34706,1.34778,26640.0
2025-07-14 13:00:00,1.3478,1.34848,1.34272,1.34356,41928.0
2025-07-14 17:00:00,1.34356,1.34411,1.34244,1.34268,18461.0
2025-07-14 21:00:00,1.34333,1.34408,1.34216,1.34356,15172.0
2025-07-15 01:00:00,1.34358,1.34396,1.3427,1.34316,21231.0
2025-07-15 05:00:00,1.34317,1.34536,1.34278,1.34468,26119.0
2025-07-15 09:00:00,1.34465,1.34676,1.34318,1.34484,33894.0
2025-07-15 13:00:00,1.34483,1.34508,1.33802,1.3387,59880.0
2025-07-15 17:00:00,1.33872,1.33934,1.33788,1.33846,19944.0
2025-07-15 21:00:00,1.33852,1.33992,1.3382,1.33936,11513.0
2025-07-16 01:00:00,1.33934,1.34006,1.33827,1.33966,22634.0
2025-07-16 05:00:00,1.33966,1.34168,1.33891,1.33914,31073.0
2025-07-16 09:00:00,1.33915,1.34126,1.33833,1.33927,35250.0
2025-07-16 13:00:00,1.33926,1.34862,1.3365,1.34218,116556.0
2025-07-16 17:00:00,1.34216,1.34409,1.34049,1.342,31627.0
2025-07-16 21:00:00,1.34206,1.34281,1.33958,1.33998,13325.0
2025-07-17 01:00:00,1.33998,1.34054,1.33842,1.33954,22436.0
2025-07-17 05:00:00,1.33956,1.34109,1.33742,1.34108,40024.0
2025-07-17 09:00:00,1.34109,1.3414,1.33803,1.3401,31866.0
2025-07-17 13:00:00,1.34009,1.3421,1.3393,1.34006,39985.0
2025-07-17 17:00:00,1.34006,1.34205,1.33994,1.34184,20336.0
2025-07-17 21:00:00,1.34164,1.34382,1.34148,1.34318,9561.0
2025-07-18 01:00:00,1.3432,1.3441,1.3424,1.3424,16297.0
2025-07-18 05:00:00,1.34239,1.34429,1.34105,1.3437,23565.0
2025-07-18 09:00:00,1.3437,1.34726,1.34352,1.3458,22543.0
2025-07-18 13:00:00,1.34582,1.34755,1.34172,1.34191,41441.0
2025-07-18 17:00:00,1.3419,1.34216,1.34062,1.34085,17983.0
2025-07-20 21:00:00,1.34179,1.34319,1.3403,1.3404,12217.0
2025-07-21 01:00:00,1.3404,1.34194,1.34023,1.34188,18257.0
2025-07-21 05:00:00,1.3419,1.34664,1.3417,1.34522,27019.0
2025-07-21 09:00:00,1.34522,1.34839,1.34452,1.34802,27351.0
2025-07-21 13:00:00,1.348,1.35108,1.3467,1.34946,39978.0
2025-07-21 17:00:00,1.34946,1.3496,1.34832,1.34918,18232.0
2025-07-21 21:00:00,1.34884,1.34937,1.34792,1.34834,9477.0
2025-07-22 01:00:00,1.34834,1.34877,1.3474,1.34769,17184.0
2025-07-22 05:00:00,1.34768,1.34926,1.34621,1.349,25447.0
2025-07-22 09:00:00,1.349,1.34998,1.34751,1.34814,25925.0
2025-07-22 13:00:00,1.34813,1.35329,1.34714,1.35298,50183.0
2025-07-22 17:00:00,1.35299,1.35342,1.35192,1.35338,21727.0
2025-07-22 21:00:00,1.35308,1.3535,1.35174,1.3527,16709.0
2025-07-23 01:00:00,1.3527,1.35352,1.35164,1.35277,31566.0
2025-07-23 05:00:00,1.35276,1.3549,1.35153,1.3542,32573.0
2025-07-23 09:00:00,1.35418,1.3549,1.353,1.35454,29767.0
2025-07-23 13:00:00,1.35454,1.35768,1.35236,1.35616,51878.0
2025-07-23 17:00:00,1.35616,1.35844,1.35574,1.35806,27881.0
2025-07-23 21:00:00,1.35794,1.35874,1.35712,1.3574,13508.0
2025-07-24 01:00:00,1.3574,1.35887,1.35736,1.35796,29216.0
2025-07-24 05:00:00,1.35798,1.3582,1.35428,1.35441,35087.0
2025-07-24 09:00:00,1.3544,1.35543,1.35316,1.35356,32282.0
2025-07-24 13:00:00,1.35355,1.3563,1.35046,1.35114,62276.0
2025-07-24 17:00:00,1.35114,1.35281,1.3503,1.3508,27767.0
2025-07-24 21:00:00,1.35114,1.35153,1.35029,1.35074,14735.0
2025-07-25 01:00:00,1.35075,1.35125,1.34863,1.34916,28922.0
2025-07-25 05:00:00,1.34915,1.35048,1.34596,1.34632,40694.0
2025-07-25 09:00:00,1.34631,1.34646,1.34234,1.34336,31822.0
2025-07-25 13:00:00,1.34336,1.34438,1.34162,1.3421,58174.0
2025-07-25 17:00:00,1.3421,1.34416,1.34196,1.34363,23447.0
2025-07-27 21:00:00,1.34312,1.34492,1.34298,1.34432,17040.0
2025-07-28 01:00:00,1.34433,1.3453,1.343,1.34364,26306.0
2025-07-28 05:00:00,1.34362,1.34368,1.34061,1.34212,41230.0
2025-07-28 09:00:00,1.34211,1.34386,1.34026,1.34381,44131.0
2025-07-28 13:00:00,1.3438,1.34402,1.33762,1.33788,44397.0
2025-07-28 17:00:00,1.33788,1.33805,1.33512,1.33548,17412.0
2025-07-28 21:00:00,1.33562,1.33616,1.3345,1.33456,13246.0
2025-07-29 01:00:00,1.33454,1.33585,1.33368,1.33498,27911.0
2025-07-29 05:00:00,1.33498,1.33538,1.33155,1.33417,45405.0
2025-07-29 09:00:00,1.33418,1.33618,1.33154,1.33154,37619.0
2025-07-29 13:00:00,1.33154,1.33476,1.33078,1.33388,57607.0
2025-07-29 17:00:00,1.33388,1.33642,1.33358,1.33504,27018.0
2025-07-29 21:00:00,1.33497,1.33668,1.33468,1.33658,12207.0
2025-07-30 01:00:00,1.3366,1.33695,1.33497,1.3351,31263.0
2025-07-30 05:00:00,1.33509,1.3369,1.33418,1.33676,34996.0
2025-07-30 09:00:00,1.33676,1.33859,1.33074,1.33092,46549.0
2025-07-30 13:00:00,1.33092,1.3314,1.32698,1.32818,54069.0
2025-07-30 17:00:00,1.32818,1.33132,1.32281,1.32392,68404.0
2025-07-30 21:00:00,1.32422,1.32592,1.3233,1.32515,15398.0
2025-07-31 01:00:00,1.32516,1.32702,1.3242,1.32693,31610.0
2025-07-31 05:00:00,1.32692,1.32823,1.32394,1.32498,35870.0
2025-07-31 09:00:00,1.32498,1.32502,1.32087,1.32166,39802.0
2025-07-31 13:00:00,1.32166,1.32394,1.31857,1.32229,57310.0
2025-07-31 17:00:00,1.32228,1.32272,1.31992,1.32046,28637.0
2025-07-31 21:00:00,1.32045,1.32135,1.31998,1.32102,17203.0
2025-08-01 01:00:00,1.32104,1.32132,1.31901,1.3199,29805.0
2025-08-01 05:00:00,1.31988,1.32134,1.316,1.31608,29521.0
2025-08-01 09:00:00,1.31608,1.33033,1.31415,1.32846,57360.0
2025-08-01 13:00:00,1.3285,1.33106,1.32424,1.32454,102478.0
2025-08-01 17:00:00,1.32452,1.32922,1.32159,1.32788,36668.0
2025-08-03 21:00:00,1.3279,1.32934,1.32585,1.32616,18701.0
2025-08-04 01:00:00,1.32616,1.329,1.32539,1.32781,30684.0
2025-08-04 05:00:00,1.3278,1.32914,1.32648,1.3278,38925.0
2025-08-04 09:00:00,1.3278,1.33142,1.32708,1.3298,41153.0
2025-08-04 13:00:00,1.32978,1.33311,1.32777,1.32854,54108.0
2025-08-04 17:00:00,1.32855,1.32886,1.32724,1.32856,26480.0
2025-08-04 21:00:00,1.32882,1.33031,1.3281,1.32991,12493.0
2025-08-05 01:00:00,1.3299,1.32998,1.32758,1.3286,27882.0
2025-08-05 05:00:00,1.32857,1.32955,1.32596,1.328,33824.0
2025-08-05 09:00:00,1.32801,1.32952,1.32664,1.3282,38847.0
2025-08-05 13:00:00,1.3282,1.33163,1.32684,1.33096,58869.0
2025-08-05 17:00:00,1.33098,1.33157,1.3289,1.32999,23523.0
2025-08-05 21:00:00,1.32968,1.33062,1.3292,1.3301,10892.0
2025-08-06 01:00:00,1.3301,1.33142,1.32948,1.33118,19294.0
2025-08-06 05:00:00,1.33116,1.33122,1.32814,1.3284,27500.0
2025-08-06 09:00:00,1.3284,1.33302,1.32837,1.33172,32629.0
2025-08-06 13:00:00,1.33172,1.33624,1.3313,1.33472,52749.0
2025-08-06 17:00:00,1.33471,1.33684,1.33453,1.33578,23275.0
2025-08-06 21:00:00,1.33507,1.33611,1.33464,1.33481,13316.0
2025-08-07 01:00:00,1.33481,1.3369,1.33458,1.33685,19652.0
2025-08-07 05:00:00,1.33686,1.33802,1.33633,1.33692,29555.0
2025-08-07 09:00:00,1.33694,1.34368,1.33648,1.3421,46004.0
2025-08-07 13:00:00,1.3421,1.34345,1.33906,1.34299,54011.0
2025-08-07 17:00:00,1.34301,1.34483,1.34036,1.34435,30886.0
2025-08-07 21:00:00,1.34422,1.34535,1.3438,1.3448,14367.0
2025-08-08 01:00:00,1.34482,1.34508,1.34344,1.34354,16600.0
2025-08-08 05:00:00,1.34354,1.34511,1.34244,1.34346,25731.0
2025-08-08 09:00:00,1.34346,1.34534,1.3418,1.34231,32347.0
2025-08-08 13:00:00,1.34233,1.34544,1.34232,1.34476,38447.0
2025-08-08 17:00:00,1.34474,1.34592,1.3443,1.3451,21000.0
2025-08-10 21:00:00,1.34503,1.34532,1.34368,1.34429,7885.0
2025-08-11 01:00:00,1.3443,1.34684,1.34409,1.34666,16586.0
2025-08-11 05:00:00,1.34666,1.3477,1.34482,1.34644,23750.0
2025-08-11 09:00:00,1.34644,1.34694,1.34124,1.34232,29036.0
2025-08-11 13:00:00,1.34232,1.34268,1.33992,1.34246,34064.0
2025-08-11 17:00:00,1.34248,1.34374,1.34176,1.34318,19487.0
2025-08-11 21:00:00,1.34339,1.34376,1.3427,1.34304,10134.0
2025-08-12 01:00:00,1.34304,1.34399,1.34244,1.34383,19859.0
2025-08-12 05:00:00,1.34384,1.34714,1.34206,1.34691,35718.0
2025-08-12 09:00:00,1.3469,1.35098,1.34465,1.34856,47657.0
2025-08-12 13:00:00,1.34858,1.35238,1.34632,1.35156,73048.0
2025-08-12 17:00:00,1.35158,1.3516,1.34882,1.35006,23319.0
2025-08-12 21:00:00,1.35046,1.35064,1.34973,1.35026,11053.0
2025-08-13 01:00:00,1.35026,1.3508,1.34929,1.35048,16792.0
2025-08-13 05:00:00,1.35049,1.35632,1.34997,1.35573,27623.0
2025-08-13 09:00:00,1.35575,1.35796,1.35564,1.35606,30302.0
2025-08-13 13:00:00,1.35604,1.35852,1.35538,1.35734,37986.0
2025-08-13 17:00:00,1.35734,1.3581,1.35637,1.35776,16519.0
2025-08-13 21:00:00,1.35701,1.35876,1.35701,1.3586,10491.0
2025-08-14 01:00:00,1.3586,1.35921,1.3571,1.35758,23423.0
2025-08-14 05:00:00,1.35758,1.35916,1.35632,1.35722,34920.0
2025-08-14 09:00:00,1.35722,1.3595,1.35464,1.3553,40453.0
2025-08-14 13:00:00,1.35529,1.35572,1.3521,1.35233,46500.0
2025-08-14 17:00:00,1.35234,1.35394,1.35232,1.353,18273.0
2025-08-14 21:00:00,1.35334,1.35358,1.35262,1.35347,10597.0
2025-08-15 01:00:00,1.35348,1.35512,1.35312,1.35477,21361.0
2025-08-15 05:00:00,1.35478,1.35604,1.35426,1.35466,22090.0
2025-08-15 09:00:00,1.35463,1.35697,1.35458,1.35611,28934.0
2025-08-15 13:00:00,1.35612,1.35753,1.35541,1.35576,40823.0
2025-08-15 17:00:00,1.35576,1.35592,1.35484,1.35524,17614.0
2025-08-17 21:00:00,1.35552,1.35673,1.35522,1.35532,7858.0
2025-08-18 01:00:00,1.3553,1.35652,1.35492,1.35632,15335.0
2025-08-18 05:00:00,1.35632,1.35643,1.3531,1.35464,25775.0
2025-08-18 09:00:00,1.35464,1.35506,1.35354,1.3544,23931.0
2025-08-18 13:00:00,1.3544,1.35466,1.35072,1.35091,33279.0
2025-08-18 17:00:00,1.35092,1.35158,1.35016,1.35033,15327.0
2025-08-18 21:00:00,1.35111,1.35158,1.3501,1.35026,15247.0
2025-08-19 01:00:00,1.35026,1.35066,1.3487,1.35053,22754.0
2025-08-19 05:00:00,1.35052,1.35229,1.34965,1.35199,27576.0
2025-08-19 09:00:00,1.352,1.35314,1.35035,1.35096,25538.0
2025-08-19 13:00:00,1.35092,1.3516,1.34855,1.34894,33683.0
2025-08-19 17:00:00,1.34895,1.34958,1.34779,1.34927,16045.0
2025-08-19 21:00:00,1.34915,1.3493,1.3475,1.34803,15796.0
2025-08-20 01:00:00,1.34804,1.34836,1.3462,1.34746,23974.0
2025-08-20 05:00:00,1.34746,1.35094,1.3472,1.3501,31470.0
2025-08-20 09:00:00,1.35008,1.35054,1.3472,1.34891,25160.0
2025-08-20 13:00:00,1.3489,1.34918,1.34473,1.34607,36386.0
2025-08-20 17:00:00,1.34608,1.34707,1.34484,1.34552,19038.0
2025-08-20 21:00:00,1.34614,1.34669,1.34508,1.34569,14172.0
2025-08-21 01:00:00,1.34568,1.34649,1.3448,1.34524,16555.0
2025-08-21 05:00:00,1.34523,1.34732,1.34354,1.34662,27180.0
2025-08-21 09:00:00,1.34661,1.34829,1.3442,1.34463,29831.0
2025-08-21 13:00:00,1.34462,1.34596,1.34056,1.34192,51205.0
2025-08-21 17:00:00,1.34195,1.3427,1.34116,1.34134,16945.0
2025-08-21 21:00:00,1.34104,1.34204,1.34102,1.34202,8675.0
2025-08-22 01:00:00,1.34202,1.34236,1.33933,1.33941,23058.0
2025-08-22 05:00:00,1.3394,1.34148,1.33906,1.34136,27039.0
2025-08-22 09:00:00,1.34136,1.34207,1.34074,1.34133,25991.0
2025-08-22 13:00:00,1.34134,1.35444,1.34124,1.35256,80705.0
2025-08-22 17:00:00,1.35256,1.35444,1.35174,1.35274,26964.0
2025-08-24 21:00:00,1.35193,1.3529,1.3495,1.34976,12408.0
2025-08-25 01:00:00,1.34976,1.35152,1.34899,1.35118,15567.0
2025-08-25 05:00:00,1.35116,1.35275,1.35024,1.35034,21657.0
2025-08-25 09:00:00,1.35032,1.35208,1.34841,1.35048,20457.0
2025-08-25 13:00:00,1.35048,1.35132,1.34847,1.34882,40071.0
2025-08-25 17:00:00,1.3488,1.349,1.34462,1.34544,26527.0
2025-08-25 21:00:00,1.34588,1.34906,1.34482,1.34811,25878.0
2025-08-26 01:00:00,1.34808,1.3483,1.34504,1.34571,29103.0
2025-08-26 05:00:00,1.3457,1.34698,1.34346,1.34637,43081.0
2025-08-26 09:00:00,1.34634,1.34934,1.34614,1.34788,33657.0
2025-08-26 13:00:00,1.34791,1.3493,1.34704,1.34776,45200.0
2025-08-26 17:00:00,1.34778,1.34858,1.34684,1.34776,20218.0
2025-08-26 21:00:00,1.34802,1.34828,1.3469,1.34716,21079.0
2025-08-27 01:00:00,1.34717,1.3475,1.34471,1.34486,22495.0
2025-08-27 05:00:00,1.34486,1.34659,1.34307,1.34452,28267.0
2025-08-27 09:00:00,1.34453,1.345,1.34166,1.34416,28247.0
2025-08-27 13:00:00,1.34416,1.34975,1.3436,1.34963,39842.0
2025-08-27 17:00:00,1.34964,1.35022,1.34906,1.34985,21227.0
2025-08-27 21:00:00,1.34952,1.35064,1.34934,1.3505,10205.0
2025-08-28 01:00:00,1.35051,1.35186,1.3501,1.35044,16634.0
2025-08-28 05:00:00,1.35044,1.35134,1.34834,1.34992,28617.0
2025-08-28 09:00:00,1.34992,1.35265,1.34976,1.35033,37015.0
2025-08-28 13:00:00,1.35035,1.35272,1.34892,1.35224,45191.0
2025-08-28 17:00:00,1.35222,1.35308,1.35072,1.35126,19685.0
2025-08-28 21:00:00,1.35108,1.35123,1.35032,1.35087,12338.0
2025-08-29 01:00:00,1.3509,1.35116,1.34944,1.35032,24459.0
2025-08-29 05:00:00,1.35032,1.35033,1.347,1.34775,28633.0
2025-08-29 09:00:00,1.34776,1.3479,1.34465,1.34606,33030.0
2025-08-29 13:00:00,1.34605,1.35164,1.34468,1.35081,48846.0
2025-08-29 17:00:00,1.3508,1.35171,1.34997,1.35047,17901.0
2025-08-31 21:00:00,1.34974,1.35195,1.34972,1.35184,9455.0
2025-09-01 01:00:00,1.35185,1.35295,1.35054,1.35184,25420.0
2025-09-01 05:00:00,1.35183,1.35408,1.35151,1.35354,28181.0
2025-09-01 09:00:00,1.35354,1.35374,1.35226,1.35334,24552.0
2025-09-01 13:00:00,1.35335,1.35498,1.3531,1.35422,25176.0
2025-09-01 17:00:00,1.35422,1.355,1.35404,1.35449,5442.0
2025-09-01 21:00:00,1.35464,1.35494,1.35352,1.35378,10926.0
2025-09-02 01:00:00,1.35378,1.35415,1.35232,1.35276,21481.0
2025-09-02 05:00:00,1.35276,1.35336,1.33756,1.34134,55239.0
2025-09-02 09:00:00,1.34136,1.34179,1.33403,1.33518,57975.0
2025-09-02 13:00:00,1.33518,1.34188,1.33426,1.33926,52656.0
2025-09-02 17:00:00,1.33928,1.33976,1.3375,1.33958,19273.0
2025-09-02 21:00:00,1.33894,1.33958,1.33724,1.3376,9343.0
2025-09-03 01:00:00,1.33758,1.3378,1.33608,1.33696,19272.0
2025-09-03 05:00:00,1.33694,1.34096,1.33332,1.34073,38299.0
2025-09-03 09:00:00,1.34076,1.343,1.33951,1.3425,37279.0
2025-09-03 13:00:00,1.3425,1.34543,1.34106,1.345,49271.0
2025-09-03 17:00:00,1.34501,1.34586,1.34346,1.34459,20576.0
2025-09-03 21:00:00,1.34404,1.34458,1.34361,1.34422,14678.0
2025-09-04 01:00:00,1.34423,1.34504,1.34258,1.34272,19311.0
2025-09-04 05:00:00,1.34271,1.3457,1.34166,1.34542,25777.0
2025-09-04 09:00:00,1.34542,1.34595,1.34222,1.34412,36449.0
2025-09-04 13:00:00,1.34412,1.3447,1.34173,1.34216,40622.0
2025-09-04 17:00:00,1.34214,1.34376,1.34191,1.34366,14965.0
2025-09-04 21:00:00,1.34312,1.34504,1.34306,1.34492,11250.0
2025-09-05 01:00:00,1.34492,1.34572,1.34469,1.34504,21855.0
2025-09-05 05:00:00,1.34505,1.34722,1.34499,1.34702,26314.0
2025-09-05 09:00:00,1.34702,1.35352,1.34578,1.35212,48212.0
2025-09-05 13:00:00,1.35214,1.35549,1.35048,1.3526,67420.0
2025-09-05 17:00:00,1.35262,1.35262,1.3501,1.35082,27277.0
2025-09-07 21:00:00,1.35036,1.3505,1.34827,1.3496,17081.0
2025-09-08 01:00:00,1.34962,1.35056,1.3487,1.34964,29116.0
2025-09-08 05:00:00,1.34963,1.35263,1.34956,1.35124,33360.0
2025-09-08 09:00:00,1.35124,1.35494,1.35021,1.35431,29277.0
2025-09-08 13:00:00,1.35432,1.35568,1.3528,1.35376,38752.0
2025-09-08 17:00:00,1.35376,1.35551,1.35274,1.35454,17578.0
2025-09-08 21:00:00,1.3548,1.35625,1.3544,1.35586,12175.0
2025-09-09 01:00:00,1.35582,1.35756,1.35531,1.3574,18748.0
2025-09-09 05:00:00,1.35737,1.35827,1.35579,1.35733,37392.0
2025-09-09 09:00:00,1.35732,1.35906,1.35458,1.35543,31877.0
2025-09-09 13:00:00,1.35544,1.35745,1.35227,1.35347,53610.0
2025-09-09 17:00:00,1.35346,1.35388,1.35183,1.35275,21037.0
2025-09-09 21:00:00,1.35253,1.3531,1.35164,1.35224,15195.0
2025-09-10 01:00:00,1.35224,1.35427,1.35148,1.35423,26190.0
2025-09-10 05:00:00,1.35422,1.35436,1.3513,1.35274,34589.0
2025-09-10 09:00:00,1.35274,1.3565,1.35236,1.35304,40579.0
2025-09-10 13:00:00,1.35304,1.35616,1.35256,1.35361,45192.0
2025-09-10 17:00:00,1.35362,1.3542,1.35216,1.35305,19729.0
2025-09-10 21:00:00,1.35344,1.35401,1.35262,1.35274,10952.0
2025-09-11 01:00:00,1.35275,1.3534,1.35226,1.3527,19669.0
2025-09-11 05:00:00,1.35269,1.3527,1.35035,1.35146,31004.0
2025-09-11 09:00:00,1.35147,1.35492,1.34939,1.3545,54305.0
2025-09-11 13:00:00,1.35452,1.35792,1.35398,1.35777,56386.0
2025-09-11 17:00:00,1.35779,1.3583,1.35687,1.35742,21914.0
2025-09-11 21:00:00,1.35738,1.35806,1.35686,1.35728,17831.0
2025-09-12 01:00:00,1.35728,1.35738,1.35522,1.35564,24883.0
2025-09-12 05:00:00,1.35564,1.35751,1.35311,1.35339,34112.0
2025-09-12 09:00:00,1.3534,1.35628,1.35242,1.35434,34981.0
2025-09-12 13:00:00,1.35432,1.35698,1.35379,1.35602,37575.0
2025-09-12 17:00:00,1.35604,1.35709,1.35552,1.35598,17398.0
2025-09-14 21:00:00,1.35566,1.35753,1.35482,1.3556,8241.0
2025-09-15 01:00:00,1.35558,1.3571,1.35529,1.35674,16328.0
2025-09-15 05:00:00,1.35676,1.35994,1.35534,1.35819,28894.0
2025-09-15 09:00:00,1.35821,1.36202,1.35788,1.36148,31965.0
2025-09-15 13:00:00,1.36148,1.36177,1.35848,1.35988,40660.0
2025-09-15 17:00:00,1.3599,1.36114,1.35948,1.35984,21113.0
2025-09-15 21:00:00,1.35978,1.3606,1.35978,1.36018,9683.0
2025-09-16 01:00:00,1.36018,1.36252,1.3598,1.36158,22823.0
2025-09-16 05:00:00,1.36158,1.3643,1.36145,1.36268,32862.0
2025-09-16 09:00:00,1.36268,1.36498,1.36241,1.36409,39410.0
2025-09-16 13:00:00,1.36409,1.3672,1.3639,1.36582,47803.0
2025-09-16 17:00:00,1.36581,1.3668,1.36422,1.36456,20508.0
2025-09-16 21:00:00,1.36522,1.36595,1.36446,1.36452,12537.0
2025-09-17 01:00:00,1.36451,1.36484,1.36394,1.36419,19243.0
2025-09-17 05:00:00,1.36421,1.36548,1.363,1.36404,27772.0
2025-09-17 09:00:00,1.36404,1.36566,1.36386,1.36544,27827.0
2025-09-17 13:00:00,1.36544,1.36696,1.36482,1.36651,29850.0
2025-09-17 17:00:00,1.3665,1.37266,1.36197,1.36244,97129.0
2025-09-17 21:00:00,1.36256,1.36356,1.36205,1.36271,17554.0
2025-09-18 01:00:00,1.36272,1.36308,1.36048,1.36066,29848.0
2025-09-18 05:00:00,1.36067,1.36486,1.35864,1.36396,39417.0
2025-09-18 09:00:00,1.36396,1.36612,1.35947,1.35948,42413.0
2025-09-18 13:00:00,1.35946,1.3596,1.35342,1.35529,60748.0
2025-09-18 17:00:00,1.3553,1.35633,1.35444,1.35541,20702.0
2025-09-18 21:00:00,1.35536,1.35568,1.35404,1.3549,16956.0
2025-09-19 01:00:00,1.35489,1.35596,1.35312,1.35442,32430.0
2025-09-19 05:00:00,1.35444,1.35514,1.34824,1.34996,48008.0
2025-09-19 09:00:00,1.34996,1.35106,1.3463,1.34685,36508.0
2025-09-19 13:00:00,1.34686,1.34982,1.34684,1.34828,51071.0
2025-09-19 17:00:00,1.34828,1.34854,1.34668,1.34708,19326.0
2025-09-21 21:00:00,1.34773,1.34773,1.34574,1.34679,34260.0
2025-09-22 01:00:00,1.34678,1.34746,1.34534,1.34608,21611.0
2025-09-22 05:00:00,1.34608,1.35036,1.34594,1.34961,32804.0
2025-09-22 09:00:00,1.34962,1.35163,1.34902,1.35084,29088.0
2025-09-22 13:00:00,1.35084,1.35206,1.34923,1.35082,36778.0
2025-09-22 17:00:00,1.35082,1.35196,1.35071,1.35126,13930.0
2025-09-22 21:00:00,1.351,1.35208,1.35078,1.35207,14890.0
2025-09-23 01:00:00,1.35206,1.35274,1.35032,1.35077,21409.0
2025-09-23 05:00:00,1.35078,1.3528,1.3487,1.35038,40753.0
2025-09-23 09:00:00,1.35038,1.35298,1.34972,1.35247,34124.0
2025-09-23 13:00:00,1.35246,1.35366,1.3506,1.35208,47122.0
2025-09-23 17:00:00,1.35208,1.35272,1.35135,1.35257,27196.0
2025-09-23 21:00:00,1.35258,1.35284,1.35142,1.3515,17610.0
2025-09-24 01:00:00,1.3515,1.35162,1.35055,1.3509,20253.0
2025-09-24 05:00:00,1.3509,1.35123,1.34734,1.34838,30443.0
2025-09-24 09:00:00,1.34838,1.34878,1.34364,1.34458,31217.0
2025-09-24 13:00:00,1.34458,1.34576,1.34266,1.34428,44615.0
2025-09-24 17:00:00,1.34428,1.3456,1.34422,1.34476,18507.0
2025-09-24 21:00:00,1.34497,1.34578,1.3444,1.34568,18763.0
2025-09-25 01:00:00,1.3457,1.34647,1.34492,1.3463,24134.0
2025-09-25 05:00:00,1.34631,1.34671,1.34344,1.34528,33099.0
2025-09-25 09:00:00,1.3453,1.34594,1.33723,1.33838,40611.0
2025-09-25 13:00:00,1.33836,1.33946,1.33362,1.33394,59828.0
2025-09-25 17:00:00,1.33393,1.33474,1.33238,1.33438,27573.0
2025-09-25 21:00:00,1.33451,1.33484,1.33296,1.33454,17186.0
2025-09-26 01:00:00,1.33454,1.33556,1.33396,1.33545,17985.0
2025-09-26 05:00:00,1.33544,1.33708,1.33447,1.33652,31275.0
2025-09-26 09:00:00,1.33651,1.33772,1.33434,1.3377,36153.0
2025-09-26 13:00:00,1.33772,1.34132,1.33754,1.33985,49717.0
2025-09-26 17:00:00,1.33984,1.34117,1.33976,1.34016,15697.0
2025-09-28 21:00:00,1.34016,1.3425,1.33958,1.3424,10368.0
2025-09-29 01:00:00,1.3424,1.34418,1.34164,1.34375,21080.0
2025-09-29 05:00:00,1.34376,1.34504,1.34316,1.34356,31269.0
2025-09-29 09:00:00,1.34355,1.34571,1.34245,1.34516,32356.0
2025-09-29 13:00:00,1.34516,1.34522,1.34158,1.3431,42747.0
2025-09-29 17:00:00,1.3431,1.3439,1.34231,1.34309,16990.0
2025-09-29 21:00:00,1.34294,1.34379,1.34206,1.34251,11032.0
2025-09-30 01:00:00,1.34252,1.34388,1.34206,1.34384,20978.0
2025-09-30 05:00:00,1.34384,1.34522,1.34284,1.34458,38015.0
2025-09-30 09:00:00,1.34458,1.34522,1.34248,1.34424,29687.0
2025-09-30 13:00:00,1.34426,1.34672,1.34136,1.3459,52349.0
2025-09-30 17:00:00,1.3459,1.34639,1.34398,1.34446,21738.0
2025-09-30 21:00:00,1.3444,1.3452,1.3436,1.34409,14751.0
2025-10-01 01:00:00,1.34408,1.34642,1.34348,1.34631,19646.0
2025-10-01 05:00:00,1.34632,1.34805,1.34538,1.34674,43573.0
2025-10-01 09:00:00,1.34674,1.3522,1.3458,1.35127,55387.0
2025-10-01 13:00:00,1.35128,1.35276,1.34653,1.34742,65258.0
2025-10-01 17:00:00,1.34742,1.34896,1.34687,1.34773,20301.0
2025-10-01 21:00:00,1.34774,1.34834,1.34692,1.34694,10279.0
2025-10-02 01:00:00,1.34695,1.34879,1.34675,1.34756,21490.0
2025-10-02 05:00:00,1.34755,1.35104,1.34692,1.35046,32692.0
2025-10-02 09:00:00,1.35044,1.35081,1.34638,1.3466,35529.0
2025-10-02 13:00:00,1.34658,1.34686,1.34011,1.34392,53505.0
2025-10-02 17:00:00,1.34392,1.34522,1.34359,1.34392,19738.0
2025-10-02 21:00:00,1.34401,1.3455,1.34354,1.34448,9059.0
2025-10-03 01:00:00,1.34447,1.34508,1.34333,1.34356,20623.0
2025-10-03 05:00:00,1.34354,1.34676,1.34289,1.34581,28479.0
2025-10-03 09:00:00,1.34579,1.34599,1.3437,1.34583,27579.0
2025-10-03 13:00:00,1.34584,1.34853,1.34506,1.34776,48047.0
2025-10-03 17:00:00,1.34777,1.34868,1.34632,1.34797,18762.0
2025-10-05 21:00:00,1.34409,1.34557,1.34229,1.34404,28393.0
2025-10-06 01:00:00,1.34403,1.34586,1.34355,1.3447,28139.0
2025-10-06 05:00:00,1.3447,1.34646,1.34184,1.3436,52576.0
2025-10-06 09:00:00,1.3436,1.34406,1.34165,1.34377,41949.0
2025-10-06 13:00:00,1.34376,1.34846,1.34375,1.34754,41889.0
2025-10-06 17:00:00,1.34755,1.34902,1.34754,1.34856,16305.0
2025-10-06 21:00:00,1.34856,1.34874,1.34778,1.34824,12071.0
2025-10-07 01:00:00,1.34823,1.34823,1.34679,1.34698,18530.0
2025-10-07 05:00:00,1.34698,1.3471,1.34294,1.34371,32882.0
2025-10-07 09:00:00,1.3437,1.34442,1.33924,1.34144,33354.0
2025-10-07 13:00:00,1.34144,1.34548,1.34097,1.34428,44545.0
2025-10-07 17:00:00,1.34427,1.34522,1.3416,1.3425,23453.0
2025-10-07 21:00:00,1.3431,1.34317,1.3412,1.34158,13014.0
2025-10-08 01:00:00,1.34158,1.34158,1.33902,1.33938,28619.0
2025-10-08 05:00:00,1.33937,1.34262,1.33841,1.34086,35318.0
2025-10-08 09:00:00,1.34087,1.34274,1.34002,1.34194,37111.0
2025-10-08 13:00:00,1.34194,1.34386,1.33722,1.33874,39370.0
2025-10-08 17:00:00,1.33874,1.34064,1.3371,1.34036,25076.0
2025-10-08 21:00:00,1.34068,1.34132,1.33994,1.341,14371.0
2025-10-09 01:00:00,1.341,1.34192,1.34066,1.34126,17546.0
2025-10-09 05:00:00,1.34127,1.34168,1.33426,1.3362,40697.0
2025-10-09 09:00:00,1.33618,1.33902,1.33587,1.33846,38862.0
2025-10-09 13:00:00,1.33848,1.33954,1.32912,1.3294,65964.0
2025-10-09 17:00:00,1.3294,1.33062,1.32794,1.33044,26502.0
2025-10-09 21:00:00,1.32998,1.3308,1.32928,1.33046,13247.0
2025-10-10 01:00:00,1.33047,1.33141,1.32999,1.3309,17697.0
2025-10-10 05:00:00,1.3309,1.33145,1.3279,1.33082,38929.0
2025-10-10 09:00:00,1.33082,1.33093,1.32618,1.32796,40915.0
2025-10-10 13:00:00,1.32796,1.33708,1.32687,1.33454,87017.0
2025-10-10 17:00:00,1.33453,1.33602,1.33319,1.33601,32738.0
2025-10-12 21:00:00,1.335,1.33546,1.33316,1.33508,21145.0
2025-10-13 01:00:00,1.33509,1.33634,1.33452,1.33566,25613.0
2025-10-13 05:00:00,1.33566,1.33665,1.3315,1.33263,43373.0
2025-10-13 09:00:00,1.33264,1.33528,1.33246,1.33336,39898.0
2025-10-13 13:00:00,1.33336,1.33386,1.33193,1.33304,43995.0
2025-10-13 17:00:00,1.33304,1.33406,1.33264,1.33334,17563.0
2025-10-13 21:00:00,1.33295,1.33405,1.33256,1.33364,14022.0
2025-10-14 01:00:00,1.33363,1.33528,1.33352,1.33522,25378.0
2025-10-14 05:00:00,1.33522,1.33523,1.32525,1.32841,56282.0
2025-10-14 09:00:00,1.3284,1.32841,1.32486,1.32616,45039.0
2025-10-14 13:00:00,1.32613,1.33296,1.32608,1.33178,68427.0
2025-10-14 17:00:00,1.33178,1.33323,1.33122,1.33204,28700.0
2025-10-14 21:00:00,1.33201,1.33309,1.33166,1.33286,13436.0
2025-10-15 01:00:00,1.33286,1.33542,1.33257,1.33487,25928.0
2025-10-15 05:00:00,1.3349,1.33736,1.33414,1.33458,40629.0
2025-10-15 09:00:00,1.33458,1.33667,1.3336,1.33458,38306.0
2025-10-15 13:00:00,1.33459,1.34034,1.3335,1.33908,52362.0
2025-10-15 17:00:00,1.33907,1.3408,1.33704,1.34024,27930.0
2025-10-15 21:00:00,1.34013,1.34286,1.33924,1.34222,19347.0
2025-10-16 01:00:00,1.34222,1.34422,1.34126,1.34143,24485.0
2025-10-16 05:00:00,1.34142,1.34432,1.3404,1.34382,43353.0
2025-10-16 09:00:00,1.34382,1.3449,1.34217,1.34478,41320.0
2025-10-16 13:00:00,1.34478,1.34546,1.34118,1.34267,66428.0
2025-10-16 17:00:00,1.34268,1.3448,1.34199,1.34354,36186.0
2025-10-16 21:00:00,1.34346,1.34522,1.34308,1.34472,16410.0
2025-10-17 01:00:00,1.34472,1.34538,1.34314,1.34525,30615.0
2025-10-17 05:00:00,1.34523,1.34716,1.34113,1.3424,50900.0
2025-10-17 09:00:00,1.34239,1.34434,1.34084,1.34122,48869.0
2025-10-17 13:00:00,1.34123,1.3431,1.33908,1.34172,63454.0
2025-10-17 17:00:00,1.34169,1.3439,1.34108,1.34258,31180.0
2025-10-19 21:00:00,1.34314,1.34349,1.34218,1.34341,12276.0
2025-10-20 01:00:00,1.34342,1.34431,1.34272,1.3436,18537.0
2025-10-20 05:00:00,1.34358,1.34411,1.34056,1.34276,35132.0
2025-10-20 09:00:00,1.34276,1.34391,1.34,1.34258,41406.0
2025-10-20 13:00:00,1.3426,1.34277,1.3402,1.34158,39743.0
2025-10-20 17:00:00,1.34156,1.34163,1.34002,1.34049,17256.0
2025-10-20 21:00:00,1.3408,1.34162,1.3403,1.34145,9871.0
2025-10-21 01:00:00,1.34143,1.34143,1.33877,1.33923,21919.0
2025-10-21 05:00:00,1.33924,1.33976,1.33722,1.338,48921.0
2025-10-21 09:00:00,1.338,1.33948,1.33661,1.33868,46282.0
2025-10-21 13:00:00,1.33866,1.33982,1.33612,1.33734,63193.0
2025-10-21 17:00:00,1.33733,1.33771,1.33655,1.3369,24548.0
2025-10-21 21:00:00,1.33709,1.33746,1.3364,1.33714,14357.0
2025-10-22 01:00:00,1.33716,1.33803,1.33679,1.33792,18577.0
2025-10-22 05:00:00,1.33793,1.33872,1.33128,1.33208,55890.0
2025-10-22 09:00:00,1.33206,1.33406,1.33058,1.33238,43653.0
2025-10-22 13:00:00,1.33238,1.33766,1.3316,1.33713,59598.0
2025-10-22 17:00:00,1.33713,1.33726,1.33526,1.3356,25915.0
2025-10-22 21:00:00,1.3353,1.336,1.33395,1.33458,11272.0
2025-10-23 01:00:00,1.33458,1.33474,1.33298,1.3339,17156.0
2025-10-23 05:00:00,1.3339,1.33574,1.33383,1.33498,28218.0
2025-10-23 09:00:00,1.33497,1.33548,1.33268,1.33435,28622.0
2025-10-23 13:00:00,1.33434,1.3348,1.33109,1.33126,46545.0
2025-10-23 17:00:00,1.33124,1.33283,1.33082,1.3326,17828.0
2025-10-23 21:00:00,1.33248,1.33324,1.33242,1.33302,21265.0
2025-10-24 01:00:00,1.33301,1.33314,1.33174,1.33211,22123.0
2025-10-24 05:00:00,1.3321,1.33336,1.33006,1.33208,41329.0
2025-10-24 09:00:00,1.33208,1.33708,1.33002,1.33457,49225.0
2025-10-24 13:00:00,1.33458,1.33592,1.32874,1.32956,62867.0
2025-10-24 17:00:00,1.32956,1.33177,1.32956,1.33108,21063.0
2025-10-26 21:00:00,1.3326,1.33284,1.33176,1.33242,13480.0
2025-10-27 01:00:00,1.33242,1.3336,1.3313,1.33162,19990.0
2025-10-27 05:00:00,1.33162,1.33347,1.33104,1.33267,31675.0
2025-10-27 09:00:00,1.33268,1.33532,1.33232,1.33479,33214.0
2025-10-27 13:00:00,1.3348,1.33518,1.33176,1.33352,41794.0
2025-10-27 17:00:00,1.33352,1.33392,1.33246,1.3335,21296.0
2025-10-27 21:00:00,1.33366,1.33541,1.33357,1.335,17481.0
2025-10-28 01:00:00,1.335,1.33671,1.33477,1.33664,28971.0
2025-10-28 05:00:00,1.33665,1.33696,1.33013,1.33078,38634.0
2025-10-28 09:00:00,1.33077,1.33288,1.3279,1.32844,42157.0
2025-10-28 13:00:00,1.32843,1.32911,1.32476,1.32898,52142.0
2025-10-28 17:00:00,1.32899,1.32902,1.32694,1.32718,23282.0
2025-10-28 21:00:00,1.32736,1.32808,1.32684,1.32724,14797.0
2025-10-29 01:00:00,1.32724,1.32744,1.32494,1.32512,22916.0
2025-10-29 05:00:00,1.32512,1.32514,1.32086,1.32088,33389.0
2025-10-29 09:00:00,1.32088,1.32286,1.31969,1.32037,36859.0
2025-10-29 13:00:00,1.32036,1.32476,1.31946,1.32279,53947.0
2025-10-29 17:00:00,1.32274,1.32319,1.31403,1.31944,79347.0
2025-10-29 21:00:00,1.31934,1.32074,1.31858,1.32037,15533.0
2025-10-30 01:00:00,1.32036,1.32182,1.31966,1.32166,38522.0
2025-10-30 05:00:00,1.32167,1.3219,1.31851,1.32074,44173.0
2025-10-30 09:00:00,1.32074,1.32092,1.31356,1.31376,40601.0
2025-10-30 13:00:00,1.31376,1.31806,1.31166,1.31556,53312.0
2025-10-30 17:00:00,1.31558,1.31594,1.31394,1.3151,23547.0
2025-10-30 21:00:00,1.31505,1.31614,1.31497,1.31592,12363.0
2025-10-31 01:00:00,1.31594,1.31649,1.31501,1.31569,17671.0
2025-10-31 05:00:00,1.3157,1.31572,1.3125,1.31408,27493.0
2025-10-31 09:00:00,1.31409,1.31484,1.31047,1.31066,33657.0
2025-10-31 13:00:00,1.31066,1.3143,1.30973,1.31282,50665.0
2025-10-31 17:00:00,1.31282,1.31506,1.31231,1.31506,20892.0
2025-11-02 22:00:00,1.31311,1.31426,1.313,1.31348,17370.0
2025-11-03 02:00:00,1.31348,1.3146,1.3133,1.31421,15260.0
2025-11-03 06:00:00,1.31422,1.31492,1.31174,1.31254,27708.0
2025-11-03 10:00:00,1.31254,1.3147,1.31206,1.31268,28233.0
2025-11-03 14:00:00,1.31268,1.31624,1.31084,1.31448,43242.0
2025-11-03 18:00:00,1.31447,1.31481,1.31348,1.31388,16755.0
2025-11-03 22:00:00,1.31416,1.31454,1.31186,1.31246,16802.0
2025-11-04 02:00:00,1.31245,1.31339,1.3118,1.31215,21827.0
2025-11-04 06:00:00,1.31216,1.31394,1.30593,1.30629,43460.0
2025-11-04 10:00:00,1.3063,1.30791,1.3053,1.30577,34529.0
2025-11-04 14:00:00,1.30576,1.30652,1.3026,1.30287,44817.0
2025-11-04 18:00:00,1.30286,1.30286,1.30102,1.30202,18650.0
2025-11-04 22:00:00,1.302,1.30288,1.30103,1.30156,17243.0
2025-11-05 02:00:00,1.30156,1.30302,1.30139,1.30219,17690.0
2025-11-05 06:00:00,1.3022,1.30534,1.30194,1.304,29154.0
2025-11-05 10:00:00,1.30399,1.3047,1.30116,1.30255,33479.0
2025-11-05 14:00:00,1.30253,1.30494,1.30136,1.3039,47043.0
2025-11-05 18:00:00,1.3039,1.30544,1.30378,1.30523,15252.0
2025-11-05 22:00:00,1.30489,1.30654,1.3046,1.30632,11259.0
2025-11-06 02:00:00,1.30632,1.30658,1.30574,1.30604,15037.0
2025-11-06 06:00:00,1.30604,1.30896,1.30531,1.30804,30348.0
2025-11-06 10:00:00,1.30803,1.31254,1.30594,1.31082,43749.0
2025-11-06 14:00:00,1.3108,1.31249,1.30808,1.31226,52269.0
2025-11-06 18:00:00,1.3123,1.31428,1.31203,1.31388,23853.0
2025-11-06 22:00:00,1.31298,1.31422,1.31238,1.31254,15910.0
2025-11-07 02:00:00,1.31256,1.31308,1.31155,1.31194,16750.0
2025-11-07 06:00:00,1.31194,1.31276,1.30949,1.30978,26092.0
2025-11-07 10:00:00,1.30977,1.31378,1.30959,1.31306,39073.0
2025-11-07 14:00:00,1.31308,1.31746,1.31275,1.31706,51756.0
2025-11-07 18:00:00,1.31708,1.31751,1.3153,1.31633,27582.0
2025-11-09 22:00:00,1.31588,1.3163,1.31368,1.31513,29382.0
2025-11-10 02:00:00,1.31512,1.31602,1.31426,1.31554,31061.0
2025-11-10 06:00:00,1.31554,1.31848,1.31392,1.31733,46013.0
2025-11-10 10:00:00,1.31732,1.31912,1.31521,1.31749,35984.0
2025-11-10 14:00:00,1.3175,1.318,1.31458,1.31786,46097.0
2025-11-10 18:00:00,1.31786,1.3185,1.31738,1.31752,24154.0
2025-11-10 22:00:00,1.31744,1.31778,1.31576,1.31651,18361.0
2025-11-11 02:00:00,1.31649,1.3172,1.31612,1.31662,33093.0
2025-11-11 06:00:00,1.31661,1.31715,1.31166,1.31294,41130.0
2025-11-11 10:00:00,1.31294,1.31783,1.31214,1.31716,36978.0
2025-11-11 14:00:00,1.31715,1.31846,1.31586,1.31742,46377.0
2025-11-11 18:00:00,1.31741,1.31783,1.31481,1.31496,23894.0
2025-11-11 22:00:00,1.3157,1.31576,1.31372,1.31386,12843.0
2025-11-12 02:00:00,1.31388,1.3144,1.31286,1.31337,16303.0
2025-11-12 06:00:00,1.31336,1.31555,1.31152,1.31162,37196.0
2025-11-12 10:00:00,1.3116,1.314,1.30958,1.3105,37659.0
2025-11-12 14:00:00,1.3105,1.31398,1.30844,1.31394,43071.0
2025-11-12 18:00:00,1.31392,1.3144,1.31244,1.31334,19908.0
2025-11-12 22:00:00,1.31326,1.3134,1.31107,1.31238,22629.0
2025-11-13 02:00:00,1.31239,1.31288,1.31152,1.31176,31618.0
2025-11-13 06:00:00,1.31175,1.31712,1.31006,1.3156,46543.0
2025-11-13 10:00:00,1.3156,1.31842,1.31435,1.31692,43035.0
2025-11-13 14:00:00,1.3169,1.32158,1.31656,1.32116,58024.0
2025-11-13 18:00:00,1.32116,1.32142,1.31844,1.31916,31339.0
2025-11-13 22:00:00,1.31959,1.31988,1.31356,1.31469,21628.0
2025-11-14 02:00:00,1.31467,1.31594,1.3139,1.3148,23836.0
2025-11-14 06:00:00,1.3148,1.32012,1.3108,1.31551,55339.0
2025-11-14 10:00:00,1.31548,1.31812,1.31224,1.31674,41307.0
2025-11-14 14:00:00,1.31674,1.31786,1.31251,1.31614,56495.0
2025-11-14 18:00:00,1.31611,1.3176,1.31499,1.31738,24883.0
2025-11-16 22:00:00,1.3164,1.3172,1.31498,1.31558,17667.0
2025-11-17 02:00:00,1.31558,1.3156,1.31416,1.31432,21829.0
2025-11-17 06:00:00,1.31432,1.31808,1.3136,1.31646,34955.0
2025-11-17 10:00:00,1.31646,1.31934,1.31492,1.3173,38762.0
2025-11-17 14:00:00,1.3173,1.31793,1.31614,1.317,40465.0
2025-11-17 18:00:00,1.317,1.31712,1.31446,1.31546,23286.0
2025-11-17 22:00:00,1.31576,1.31586,1.31454,1.31513,18847.0
2025-11-18 02:00:00,1.31514,1.31642,1.31451,1.3161,31649.0
2025-11-18 06:00:00,1.31609,1.31772,1.31482,1.31529,45848.0
2025-11-18 10:00:00,1.31528,1.3161,1.3134,1.31543,42028.0
2025-11-18 14:00:00,1.31544,1.31714,1.31356,1.31412,56517.0
2025-11-18 18:00:00,1.31412,1.31572,1.314,1.31454,26954.0
2025-11-18 22:00:00,1.31508,1.31514,1.31316,1.3133,15678.0
2025-11-19 02:00:00,1.31332,1.31473,1.31292,1.31465,28296.0
2025-11-19 06:00:00,1.31464,1.3156,1.31178,1.3127,40682.0
2025-11-19 10:00:00,1.3127,1.31298,1.30923,1.31189,41217.0
2025-11-19 14:00:00,1.31188,1.31224,1.3057,1.30685,51874.0
2025-11-19 18:00:00,1.30683,1.30767,1.30436,1.30594,29638.0
2025-11-19 22:00:00,1.30592,1.30624,1.30453,1.30464,15939.0
2025-11-20 02:00:00,1.30463,1.30622,1.3038,1.3053,21444.0
2025-11-20 06:00:00,1.3053,1.30802,1.30499,1.30792,34301.0
2025-11-20 10:00:00,1.30792,1.30997,1.30492,1.30959,42692.0
2025-11-20 14:00:00,1.30958,1.3124,1.30661,1.3068,65543.0
2025-11-20 18:00:00,1.30678,1.30878,1.30671,1.3073,28209.0
2025-11-20 22:00:00,1.30747,1.30876,1.30691,1.30821,23359.0
2025-11-21 02:00:00,1.3082,1.30963,1.30752,1.30894,31510.0
2025-11-21 06:00:00,1.30896,1.31031,1.30592,1.30616,56061.0
2025-11-21 10:00:00,1.30614,1.30952,1.30386,1.30842,62777.0
2025-11-21 14:00:00,1.3084,1.31074,1.30696,1.31006,64892.0
2025-11-21 18:00:00,1.31005,1.31096,1.30916,1.30982,24581.0
2025-11-23 22:00:00,1.31024,1.31034,1.30857,1.30888,20745.0
2025-11-24 02:00:00,1.3089,1.31074,1.30888,1.31025,41856.0
2025-11-24 06:00:00,1.31024,1.3112,1.30881,1.309,47946.0
2025-11-24 10:00:00,1.30898,1.31181,1.3088,1.31054,42282.0
2025-11-24 14:00:00,1.31054,1.31076,1.30806,1.31007,49509.0
2025-11-24 18:00:00,1.31006,1.31168,1.31,1.31042,23321.0
2025-11-24 22:00:00,1.31078,1.3116,1.31022,1.3108,21757.0
2025-11-25 02:00:00,1.3108,1.3116,1.30958,1.31019,30462.0
2025-11-25 06:00:00,1.31017,1.31384,1.30982,1.31352,40713.0
2025-11-25 10:00:00,1.31352,1.31608,1.3109,1.3154,49291.0
2025-11-25 14:00:00,1.3154,1.32044,1.31532,1.3201,63874.0
2025-11-25 18:00:00,1.3201,1.32142,1.31537,1.3166,33767.0
2025-11-25 22:00:00,1.31702,1.31879,1.31578,1.31788,31420.0
2025-11-26 02:00:00,1.31788,1.31974,1.3177,1.31914,34545.0
2025-11-26 06:00:00,1.31914,1.31982,1.31652,1.31742,47772.0
2025-11-26 10:00:00,1.31744,1.32284,1.3124,1.31931,78417.0
2025-11-26 14:00:00,1.31928,1.32382,1.31849,1.32262,58191.0
2025-11-26 18:00:00,1.32263,1.32446,1.32238,1.32428,21262.0
2025-11-26 22:00:00,1.32406,1.32606,1.32396,1.3257,17798.0
2025-11-27 02:00:00,1.32571,1.3269,1.32481,1.32588,30014.0
2025-11-27 06:00:00,1.32588,1.3264,1.32102,1.32138,28815.0
2025-11-27 10:00:00,1.32138,1.32493,1.3212,1.32432,26699.0
2025-11-27 14:00:00,1.32433,1.32552,1.32291,1.3238,20761.0
2025-11-27 18:00:00,1.3238,1.32404,1.3234,1.32393,9374.0
2025-11-27 22:00:00,1.32393,1.32446,1.32286,1.32331,25471.0
2025-11-28 02:00:00,1.3233,1.32453,1.32278,1.32332,65441.0
2025-11-28 06:00:00,1.32333,1.32341,1.32014,1.32084,104415.0
2025-11-28 10:00:00,1.32082,1.32286,1.32013,1.32254,135010.0
2025-11-28 14:00:00,1.32254,1.32548,1.32064,1.32372,68116.0
2025-11-28 18:00:00,1.32372,1.32468,1.32288,1.32318,29677.0
2025-11-30 22:00:00,1.3227,1.3249,1.32234,1.32376,35889.0
2025-12-01 02:00:00,1.32376,1.32402,1.32186,1.32212,42448.0
2025-12-01 06:00:00,1.32209,1.32366,1.32056,1.3233,52791.0
2025-12-01 10:00:00,1.3233,1.32758,1.32176,1.3266,52591.0
2025-12-01 14:00:00,1.3266,1.32664,1.32215,1.3225,63038.0
2025-12-01 18:00:00,1.3225,1.32282,1.32083,1.32127,27449.0
2025-12-01 22:00:00,1.3218,1.3218,1.32032,1.3212,12466.0
2025-12-02 02:00:00,1.3212,1.32218,1.32108,1.32146,15411.0
2025-12-02 06:00:00,1.32144,1.3221,1.32012,1.32108,36166.0
2025-12-02 10:00:00,1.32108,1.32125,1.31807,1.32067,37495.0
2025-12-02 14:00:00,1.32068,1.32136,1.31797,1.31942,52558.0
2025-12-02 18:00:00,1.31942,1.3216,1.31907,1.32136,20456.0
2025-12-02 22:00:00,1.3207,1.32274,1.32058,1.32266,16520.0
2025-12-03 02:00:00,1.32266,1.32382,1.32244,1.3237,23423.0
2025-12-03 06:00:00,1.32369,1.3285,1.32356,1.32786,42719.0
2025-12-03 10:00:00,1.32786,1.3316,1.3274,1.32995,38898.0
2025-12-03 14:00:00,1.32996,1.33478,1.32922,1.33427,53590.0
2025-12-03 18:00:00,1.33428,1.33545,1.33387,1.33531,21708.0
2025-12-03 22:00:00,1.33527,1.33532,1.33349,1.33404,16692.0
2025-12-04 02:00:00,1.33405,1.33405,1.33276,1.33383,21973.0
2025-12-04 06:00:00,1.33384,1.33593,1.33316,1.3346,37445.0
2025-12-04 10:00:00,1.33458,1.33641,1.33221,1.33424,42074.0
2025-12-04 14:00:00,1.33426,1.33858,1.33406,1.33433,47435.0
2025-12-04 18:00:00,1.33432,1.33514,1.33248,1.33278,22500.0
2025-12-04 22:00:00,1.33272,1.33336,1.33205,1.33334,19807.0
2025-12-05 02:00:00,1.33335,1.33457,1.33252,1.33452,17166.0
2025-12-05 06:00:00,1.33451,1.33624,1.33422,1.3346,31160.0
2025-12-05 10:00:00,1.3346,1.33558,1.3328,1.3351,30195.0
2025-12-05 14:00:00,1.33509,1.3362,1.33162,1.33312,47880.0
2025-12-05 18:00:00,1.33311,1.33408,1.33261,1.33316,19123.0
2025-12-07 22:00:00,1.33268,1.33382,1.3322,1.33367,16447.0
2025-12-08 02:00:00,1.33368,1.33426,1.33348,1.33372,19106.0
2025-12-08 06:00:00,1.33372,1.33466,1.33137,1.33172,33330.0
2025-12-08 10:00:00,1.33172,1.33294,1.3314,1.33198,30594.0
2025-12-08 14:00:00,1.332,1.33384,1.33058,1.33236,47474.0
2025-12-08 18:00:00,1.33238,1.33308,1.33193,1.33213,17211.0
2025-12-08 22:00:00,1.33217,1.3333,1.33185,1.3333,13655.0
2025-12-09 02:00:00,1.3333,1.3337,1.33261,1.33334,23681.0
2025-12-09 06:00:00,1.33336,1.33564,1.33236,1.33469,38845.0
2025-12-09 10:00:00,1.33468,1.3349,1.33101,1.33146,37950.0
2025-12-09 14:00:00,1.33144,1.33204,1.32874,1.32976,50858.0
2025-12-09 18:00:00,1.32976,1.3307,1.32912,1.32985,22156.0
2025-12-09 22:00:00,1.32976,1.3305,1.32961,1.32988,13635.0
2025-12-10 02:00:00,1.32985,1.331,1.32978,1.33074,20229.0
2025-12-10 06:00:00,1.33074,1.33272,1.33058,1.33132,34376.0
2025-12-10 10:00:00,1.33131,1.33318,1.33014,1.33304,34597.0
2025-12-10 14:00:00,1.33306,1.33478,1.3315,1.33457,40641.0
2025-12-10 18:00:00,1.33458,1.3389,1.33269,1.33814,72430.0
2025-12-10 22:00:00,1.33796,1.33922,1.33764,1.33822,18316.0
2025-12-11 02:00:00,1.33822,1.33874,1.33614,1.33618,21856.0
2025-12-11 06:00:00,1.3362,1.33793,1.33549,1.3372,36643.0
2025-12-11 10:00:00,1.3372,1.34154,1.3368,1.34078,36826.0
2025-12-11 14:00:00,1.34076,1.34384,1.3407,1.34212,49134.0
2025-12-11 18:00:00,1.34212,1.34247,1.33822,1.33866,22710.0
2025-12-11 22:00:00,1.3391,1.34,1.33884,1.33922,20171.0
2025-12-12 02:00:00,1.33922,1.33969,1.33884,1.33955,15956.0
2025-12-12 06:00:00,1.33956,1.33992,1.33736,1.33828,32930.0
2025-12-12 10:00:00,1.33829,1.33836,1.33645,1.33698,28717.0
2025-12-12 14:00:00,1.33696,1.33784,1.33424,1.33731,50530.0
2025-12-12 18:00:00,1.33732,1.33771,1.33566,1.33718,21330.0
2025-12-14 22:00:00,1.33778,1.33782,1.33559,1.33734,16510.0
2025-12-15 02:00:00,1.3373,1.33742,1.3355,1.33642,19078.0
2025-12-15 06:00:00,1.33641,1.33886,1.33575,1.33878,31746.0
2025-12-15 10:00:00,1.33876,1.33966,1.33746,1.33874,25857.0
2025-12-15 14:00:00,1.33872,1.34016,1.33657,1.33679,45455.0
2025-12-15 18:00:00,1.33678,1.33788,1.33598,1.33774,20837.0
2025-12-15 22:00:00,1.33723,1.33836,1.33617,1.33681,21137.0
2025-12-16 02:00:00,1.33682,1.3374,1.33611,1.33624,30498.0
2025-12-16 06:00:00,1.33624,1.34158,1.33554,1.34104,36152.0
2025-12-16 10:00:00,1.34104,1.34562,1.34068,1.34256,50947.0
2025-12-16 14:00:00,1.34256,1.34476,1.34042,1.34238,64396.0
2025-12-16 18:00:00,1.34238,1.34362,1.33998,1.34214,35508.0
2025-12-16 22:00:00,1.34234,1.3427,1.34196,1.34248,14482.0
2025-12-17 02:00:00,1.34246,1.34246,1.33795,1.33836,19329.0
2025-12-17 06:00:00,1.33836,1.33901,1.33116,1.33257,41434.0
2025-12-17 10:00:00,1.33258,1.33592,1.33204,1.33563,33580.0
2025-12-17 14:00:00,1.33564,1.34068,1.33487,1.33872,48488.0
2025-12-17 18:00:00,1.3387,1.33948,1.33727,1.33746,21232.0
2025-12-17 22:00:00,1.3376,1.33815,1.33617,1.33647,14341.0
2025-12-18 02:00:00,1.33648,1.33741,1.33617,1.337,16837.0
2025-12-18 06:00:00,1.33698,1.33754,1.33411,1.33488,30948.0
2025-12-18 10:00:00,1.33484,1.34426,1.33434,1.34278,53855.0
2025-12-18 14:00:00,1.34278,1.34466,1.33704,1.33814,66308.0
2025-12-18 18:00:00,1.33814,1.33907,1.33753,1.33823,23471.0
2025-12-18 22:00:00,1.33811,1.3391,1.3378,1.33826,16504.0
2025-12-19 02:00:00,1.33824,1.33862,1.33696,1.33757,23870.0
2025-12-19 06:00:00,1.33758,1.33877,1.33631,1.33818,37061.0
2025-12-19 10:00:00,1.33817,1.33867,1.33576,1.33722,31003.0
2025-12-19 14:00:00,1.33724,1.33868,1.33571,1.33774,45058.0
2025-12-19 18:00:00,1.33774,1.33942,1.33727,1.33767,23256.0
2025-12-21 22:00:00,1.33784,1.33983,1.33748,1.33958,46849.0
2025-12-22 02:00:00,1.33963,1.34018,1.33916,1.33972,13791.0
2025-12-22 06:00:00,1.33972,1.34247,1.33919,1.34244,27689.0
2025-12-22 10:00:00,1.34244,1.34444,1.34244,1.34378,35493.0
2025-12-22 14:00:00,1.34378,1.34778,1.34316,1.34709,37217.0
2025-12-22 18:00:00,1.34709,1.3471,1.3454,1.34626,20609.0
2025-12-22 22:00:00,1.34562,1.34836,1.34562,1.3477,19098.0
2025-12-23 02:00:00,1.34769,1.34937,1.34769,1.3489,20739.0
2025-12-23 06:00:00,1.3489,1.35186,1.34798,1.35056,35637.0
2025-12-23 10:00:00,1.35056,1.35188,1.34943,1.34946,41545.0
2025-12-23 14:00:00,1.34948,1.35007,1.34711,1.34734,50452.0
2025-12-23 18:00:00,1.34733,1.35242,1.34718,1.3518,16907.0
2025-12-23 22:00:00,1.35116,1.3532,1.35034,1.35292,15970.0
2025-12-24 02:00:00,1.35293,1.35343,1.35096,1.35191,21069.0
2025-12-24 06:00:00,1.3519,1.3528,1.35027,1.3522,31559.0
2025-12-24 10:00:00,1.35218,1.35239,1.35013,1.35049,35249.0
2025-12-24 14:00:00,1.35045,1.35108,1.3492,1.34978,46525.0
2025-12-24 18:00:00,1.34978,1.35088,1.34946,1.3507,28142.0
2025-12-25 22:00:00,1.35201,1.35228,1.35015,1.35128,34763.0
2025-12-26 02:00:00,1.35127,1.35192,1.34868,1.34946,27099.0
2025-12-26 06:00:00,1.34947,1.35004,1.34774,1.34854,45749.0
2025-12-26 10:00:00,1.34854,1.35274,1.34837,1.35168,49571.0
2025-12-26 14:00:00,1.35168,1.35258,1.34816,1.3495,60159.0
2025-12-26 18:00:00,1.34952,1.35066,1.34902,1.3499,38283.0
2025-12-28 22:00:00,1.3493,1.35119,1.3489,1.35092,20163.0
2025-12-29 02:00:00,1.35091,1.351,1.34837,1.3491,21651.0
2025-12-29 06:00:00,1.34914,1.3508,1.34737,1.34906,39837.0
2025-12-29 10:00:00,1.34904,1.35112,1.34692,1.34936,42184.0
2025-12-29 14:00:00,1.34936,1.35128,1.34816,1.34856,67021.0
2025-12-29 18:00:00,1.34856,1.35159,1.34844,1.3513,26073.0
2025-12-29 22:00:00,1.35076,1.35113,1.34977,1.3509,14696.0
2025-12-30 02:00:00,1.3509,1.35172,1.34999,1.35148,16825.0
2025-12-30 06:00:00,1.35148,1.35216,1.35008,1.35145,28890.0
2025-12-30 10:00:00,1.35144,1.3531,1.34869,1.34877,32647.0
2025-12-30 14:00:00,1.34878,1.34882,1.34496,1.34698,39541.0
2025-12-30 18:00:00,1.34697,1.34748,1.34612,1.34687,16180.0
2025-12-30 22:00:00,1.34686,1.34706,1.34586,1.34614,15223.0
2025-12-31 02:00:00,1.34613,1.34658,1.34574,1.34608,26284.0
2025-12-31 06:00:00,1.34609,1.34655,1.34258,1.34377,35036.0
2025-12-31 10:00:00,1.34382,1.34766,1.34328,1.34544,42357.0
2025-12-31 14:00:00,1.34544,1.34608,1.34016,1.34522,61280.0
2025-12-31 18:00:00,1.34521,1.34838,1.34469,1.34738,22387.0
2026-01-01 22:00:00,1.34688,1.34881,1.34632,1.34878,10335.0
2026-01-02 02:00:00,1.34878,1.34914,1.34696,1.34712,11609.0
2026-01-02 06:00:00,1.3471,1.34714,1.34492,1.3455,31958.0
2026-01-02 10:00:00,1.34551,1.34598,1.34342,1.34576,34148.0
2026-01-02 14:00:00,1.34576,1.3502,1.34534,1.34628,44651.0
2026-01-02 18:00:00,1.34628,1.3467,1.34464,1.34602,24292.0
2026-01-04 22:00:00,1.34545,1.34599,1.34371,1.34402,24787.0
2026-01-05 02:00:00,1.34402,1.34429,1.3414,1.34283,27506.0
2026-01-05 06:00:00,1.34282,1.34436,1.34176,1.34429,36550.0
2026-01-05 10:00:00,1.34428,1.34742,1.3425,1.34528,40713.0
2026-01-05 14:00:00,1.34529,1.35396,1.34508,1.35328,56145.0
2026-01-05 18:00:00,1.35328,1.35484,1.3529,1.35427,21672.0
2026-01-05 22:00:00,1.35415,1.35463,1.35281,1.35462,15820.0
2026-01-06 02:00:00,1.35464,1.35624,1.35418,1.35495,20625.0
2026-01-06 06:00:00,1.35494,1.3568,1.35357,1.35357,37012.0
2026-01-06 10:00:00,1.35358,1.35399,1.35066,1.35241,40849.0
2026-01-06 14:00:00,1.3524,1.35347,1.34916,1.35102,50264.0
2026-01-06 18:00:00,1.35102,1.35122,1.34926,1.3502,22142.0
2026-01-06 22:00:00,1.35044,1.35103,1.34954,1.3506,16570.0
2026-01-07 02:00:00,1.35056,1.35169,1.3503,1.35084,23346.0
2026-01-07 06:00:00,1.35084,1.35169,1.34852,1.34946,29635.0
2026-01-07 10:00:00,1.34945,1.35058,1.34822,1.34946,38272.0
2026-01-07 14:00:00,1.34947,1.35024,1.34684,1.34732,54247.0
2026-01-07 18:00:00,1.34732,1.34737,1.34564,1.3458,22010.0
2026-01-07 22:00:00,1.34596,1.34627,1.34532,1.34558,12760.0
2026-01-08 02:00:00,1.34558,1.34657,1.34508,1.34583,22019.0
2026-01-08 06:00:00,1.34584,1.34618,1.34322,1.34382,34546.0
2026-01-08 10:00:00,1.34382,1.34508,1.34158,1.34234,34390.0
2026-01-08 14:00:00,1.34232,1.34471,1.34175,1.3436,48784.0
2026-01-08 18:00:00,1.3436,1.34456,1.34196,1.34402,21951.0
2026-01-08 22:00:00,1.34363,1.34424,1.34269,1.34282,16131.0
2026-01-09 02:00:00,1.34281,1.34382,1.34246,1.34302,22604.0
2026-01-09 06:00:00,1.34302,1.34346,1.34048,1.34103,32082.0
2026-01-09 10:00:00,1.34102,1.34511,1.33977,1.34357,47943.0
2026-01-09 14:00:00,1.34357,1.34434,1.33926,1.3403,73929.0
2026-01-09 18:00:00,1.34029,1.34146,1.33972,1.34021,20576.0
2026-01-11 22:00:00,1.33999,1.3441,1.33908,1.34276,21510.0
2026-01-12 02:00:00,1.34275,1.34366,1.34165,1.34341,21024.0
2026-01-12 06:00:00,1.3434,1.34694,1.34296,1.34538,35391.0
2026-01-12 10:00:00,1.34538,1.3486,1.3448,1.34818,34017.0
2026-01-12 14:00:00,1.34818,1.34834,1.34553,1.34643,44912.0
2026-01-12 18:00:00,1.34642,1.34702,1.34572,1.34646,15706.0
2026-01-12 22:00:00,1.34662,1.34771,1.34622,1.34703,15419.0
2026-01-13 02:00:00,1.34704,1.34788,1.34696,1.34724,21937.0
2026-01-13 06:00:00,1.34724,1.34854,1.34624,1.34811,31033.0
2026-01-13 10:00:00,1.3481,1.34949,1.34544,1.34753,41792.0
2026-01-13 14:00:00,1.34754,1.34774,1.34251,1.34336,58493.0
2026-01-13 18:00:00,1.34336,1.3441,1.34216,1.34222,21607.0
2026-01-13 22:00:00,1.34255,1.34284,1.34198,1.34227,13551.0
2026-01-14 02:00:00,1.34228,1.34478,1.34212,1.34357,18840.0
2026-01-14 06:00:00,1.34358,1.3459,1.34345,1.3457,31183.0
2026-01-14 10:00:00,1.34569,1.34588,1.34387,1.34449,36158.0
2026-01-14 14:00:00,1.34446,1.34643,1.34303,1.3432,52042.0
2026-01-14 18:00:00,1.34319,1.34473,1.34248,1.3447,22204.0
2026-01-14 22:00:00,1.3443,1.34464,1.34274,1.34354,20600.0
2026-01-15 02:00:00,1.34348,1.34348,1.34232,1.34274,21350.0
2026-01-15 06:00:00,1.34274,1.34453,1.34237,1.34368,35223.0
2026-01-15 10:00:00,1.34369,1.34388,1.33689,1.33731,35194.0
2026-01-15 14:00:00,1.33732,1.3394,1.33628,1.33876,45124.0
2026-01-15 18:00:00,1.33875,1.3394,1.33745,1.33823,20470.0
2026-01-15 22:00:00,1.33777,1.33838,1.33706,1.33797,15960.0
2026-01-16 02:00:00,1.33798,1.33914,1.33788,1.33831,21392.0
2026-01-16 06:00:00,1.33832,1.34053,1.33771,1.3397,26781.0
2026-01-16 10:00:00,1.3397,1.34132,1.33886,1.34036,32646.0
2026-01-16 14:00:00,1.34034,1.34053,1.33662,1.33787,57178.0
2026-01-16 18:00:00,1.33786,1.33873,1.33738,1.33796,22405.0
2026-01-18 22:00:00,1.3354,1.3409,1.33436,1.33917,40976.0
2026-01-19 02:00:00,1.33918,1.34062,1.33814,1.3395,46630.0
2026-01-19 06:00:00,1.33949,1.34157,1.33843,1.34062,43072.0
2026-01-19 10:00:00,1.34061,1.34169,1.3402,1.34136,31490.0
2026-01-19 14:00:00,1.34136,1.34353,1.34104,1.34314,27280.0
2026-01-19 18:00:00,1.34314,1.34338,1.34225,1.34258,8027.0
2026-01-19 22:00:00,1.34264,1.34282,1.34102,1.34239,15895.0
2026-01-20 02:00:00,1.3424,1.34498,1.34199,1.34416,20723.0
2026-01-20 06:00:00,1.34416,1.34918,1.34258,1.34748,60312.0
2026-01-20 10:00:00,1.34747,1.34852,1.34396,1.34524,60560.0
2026-01-20 14:00:00,1.34528,1.34772,1.34406,1.34564,61827.0
2026-01-20 18:00:00,1.34563,1.34576,1.34253,1.34437,25901.0
2026-01-20 22:00:00,1.34449,1.34568,1.34334,1.34522,19157.0
2026-01-21 02:00:00,1.34522,1.34547,1.34331,1.34376,22561.0
2026-01-21 06:00:00,1.34376,1.34492,1.34088,1.34104,35959.0
2026-01-21 10:00:00,1.34104,1.34442,1.34015,1.34419,47430.0
2026-01-21 14:00:00,1.34418,1.34594,1.34164,1.3428,72578.0
2026-01-21 18:00:00,1.3428,1.34328,1.34096,1.34326,37059.0
2026-01-21 22:00:00,1.34325,1.34351,1.34169,1.34304,20301.0
2026-01-22 02:00:00,1.34304,1.34394,1.34226,1.34292,21425.0
2026-01-22 06:00:00,1.34292,1.34466,1.34096,1.34442,38231.0
2026-01-22 10:00:00,1.34442,1.34529,1.34014,1.3423,56641.0
2026-01-22 14:00:00,1.3423,1.3499,1.34223,1.34924,55945.0
2026-01-22 18:00:00,1.34922,1.35072,1.34863,1.35027,20628.0
2026-01-22 22:00:00,1.3495,1.3509,1.34918,1.3498,21289.0
2026-01-23 02:00:00,1.3498,1.35007,1.34888,1.34984,24574.0
2026-01-23 06:00:00,1.34984,1.3535,1.34826,1.35302,55884.0
2026-01-23 10:00:00,1.35303,1.35365,1.35146,1.35251,41586.0
2026-01-23 14:00:00,1.3525,1.36232,1.35207,1.36084,61527.0
2026-01-23 18:00:00,1.36084,1.36466,1.3592,1.36454,46016.0
2026-01-25 22:00:00,1.36671,1.36844,1.36434,1.3661,38811.0
2026-01-26 02:00:00,1.3661,1.36798,1.36534,1.36668,34388.0
2026-01-26 06:00:00,1.36668,1.3677,1.36432,1.36722,54111.0
2026-01-26 10:00:00,1.36724,1.36758,1.36432,1.36616,42954.0
2026-01-26 14:00:00,1.36617,1.37134,1.36582,1.36882,55670.0
2026-01-26 18:00:00,1.36884,1.37015,1.36746,1.36791,30100.0
2026-01-26 22:00:00,1.36777,1.36828,1.367,1.36798,20947.0
2026-01-27 02:00:00,1.36798,1.37007,1.36716,1.36784,28313.0
2026-01-27 06:00:00,1.36783,1.37001,1.36638,1.36994,45087.0
2026-01-27 10:00:00,1.36993,1.37488,1.36832,1.37352,66366.0
2026-01-27 14:00:00,1.37354,1.3791,1.37314,1.37876,77085.0
2026-01-27 18:00:00,1.37875,1.387,1.37747,1.38482,68763.0
2026-01-27 22:00:00,1.38436,1.38494,1.37992,1.38001,30351.0
2026-01-28 02:00:00,1.38002,1.38106,1.37892,1.3805,34949.0
2026-01-28 06:00:00,1.38051,1.38314,1.37752,1.37872,59932.0
2026-01-28 10:00:00,1.37872,1.38,1.3765,1.37702,55494.0
2026-01-28 14:00:00,1.37702,1.38016,1.37494,1.37894,89999.0
2026-01-28 18:00:00,1.37894,1.38114,1.37522,1.38082,65584.0
2026-01-28 22:00:00,1.38054,1.38352,1.37982,1.3803,47867.0
2026-01-29 02:00:00,1.3803,1.3844,1.37934,1.3838,43276.0
2026-01-29 06:00:00,1.3838,1.38481,1.38006,1.38036,58096.0
2026-01-29 10:00:00,1.38036,1.38186,1.37805,1.38062,52881.0
2026-01-29 14:00:00,1.38064,1.38341,1.37424,1.3798,125400.0
2026-01-29 18:00:00,1.37978,1.38139,1.37882,1.38105,48264.0
2026-01-29 22:00:00,1.38066,1.38149,1.37585,1.37612,39389.0
2026-01-30 02:00:00,1.37614,1.37676,1.37318,1.37558,64670.0
2026-01-30 06:00:00,1.37559,1.37832,1.37251,1.3734,77157.0
2026-01-30 10:00:00,1.3734,1.37878,1.37325,1.37448,72078.0
2026-01-30 14:00:00,1.37446,1.37578,1.36998,1.3709,112830.0
2026-01-30 18:00:00,1.37089,1.37187,1.36793,1.36881,71425.0
2026-02-01 22:00:00,1.36965,1.3706,1.36623,1.36938,58723.0
2026-02-02 02:00:00,1.36937,1.37001,1.36606,1.36724,66808.0
2026-02-02 06:00:00,1.36724,1.37108,1.36618,1.37091,73045.0
2026-02-02 10:00:00,1.37088,1.37154,1.36494,1.36516,67345.0
2026-02-02 14:00:00,1.36516,1.3677,1.36232,1.36603,82583.0
2026-02-02 18:00:00,1.36602,1.36689,1.36436,1.36676,35489.0
2026-02-02 22:00:00,1.36646,1.36864,1.36604,1.36863,24531.0
2026-02-03 02:00:00,1.36861,1.36944,1.36714,1.36899,34881.0
2026-02-03 06:00:00,1.369,1.37066,1.36666,1.36668,54840.0
2026-02-03 10:00:00,1.36669,1.36897,1.36506,1.36702,49782.0
2026-02-03 14:00:00,1.36702,1.37072,1.36564,1.36958,72260.0
2026-02-03 18:00:00,1.36958,1.37024,1.36733,1.36974,37907.0
2026-02-03 22:00:00,1.36962,1.37104,1.3691,1.37064,22232.0
2026-02-04 02:00:00,1.37066,1.37199,1.36969,1.37152,26674.0
2026-02-04 06:00:00,1.37152,1.37334,1.37012,1.3709,44164.0
2026-02-04 10:00:00,1.3709,1.37292,1.36948,1.37134,45935.0
2026-02-04 14:00:00,1.37136,1.3718,1.36432,1.36464,79505.0
2026-02-04 18:00:00,1.36463,1.36636,1.36424,1.36529,35674.0
2026-02-04 22:00:00,1.36603,1.36603,1.36433,1.36481,20329.0
2026-02-05 02:00:00,1.36482,1.36484,1.36163,1.362,32270.0
2026-02-05 06:00:00,1.362,1.36329,1.35567,1.35658,45915.0
2026-02-05 10:00:00,1.35659,1.36158,1.35402,1.35852,76294.0
2026-02-05 14:00:00,1.35851,1.35894,1.35178,1.35511,87148.0
2026-02-05 18:00:00,1.35512,1.35572,1.3525,1.35312,31457.0
2026-02-05 22:00:00,1.35349,1.3543,1.35087,1.35404,26645.0
2026-02-06 02:00:00,1.35402,1.35702,1.35401,1.35696,25726.0
2026-02-06 06:00:00,1.35694,1.35825,1.35582,1.35772,40816.0
2026-02-06 10:00:00,1.35771,1.35964,1.3572,1.35889,32796.0
2026-02-06 14:00:00,1.35888,1.36238,1.35876,1.36182,47061.0
2026-02-06 18:00:00,1.36182,1.36232,1.36088,1.3612,20612.0
2026-02-08 22:00:00,1.3598,1.36208,1.3588,1.36014,26959.0
2026-02-09 02:00:00,1.36014,1.36173,1.3591,1.36144,12965.0
2026-02-09 06:00:00,1.36141,1.36292,1.35865,1.36008,44427.0
2026-02-09 10:00:00,1.36007,1.36702,1.35934,1.36511,51243.0
2026-02-09 14:00:00,1.36512,1.36913,1.36216,1.36718,59722.0
2026-02-09 18:00:00,1.36716,1.37005,1.36646,1.36962,30039.0
2026-02-09 22:00:00,1.36956,1.36996,1.36723,1.36845,18123.0
2026-02-10 02:00:00,1.36846,1.36964,1.36745,1.36783,20233.0
2026-02-10 06:00:00,1.3678,1.36844,1.36637,1.36682,33098.0
2026-02-10 10:00:00,1.36681,1.36928,1.3658,1.36814,42128.0
2026-02-10 14:00:00,1.36814,1.36967,1.36438,1.36536,56596.0
2026-02-10 18:00:00,1.36537,1.36576,1.36389,1.3643,23265.0
2026-02-10 22:00:00,1.36459,1.36531,1.36317,1.36443,22109.0
2026-02-11 02:00:00,1.36442,1.36702,1.36442,1.36699,19261.0
2026-02-11 06:00:00,1.367,1.36992,1.36644,1.36956,31634.0
2026-02-11 10:00:00,1.36956,1.37124,1.36096,1.36418,57009.0
2026-02-11 14:00:00,1.36416,1.36703,1.36266,1.36578,83900.0
2026-02-11 18:00:00,1.36578,1.36592,1.36191,1.36288,29174.0
2026-02-11 22:00:00,1.3624,1.36402,1.36158,1.364,16517.0
2026-02-12 02:00:00,1.364,1.36423,1.36176,1.36219,23945.0
2026-02-12 06:00:00,1.3622,1.3654,1.36046,1.36492,37896.0
2026-02-12 10:00:00,1.36494,1.3652,1.36219,1.365,34817.0
2026-02-12 14:00:00,1.36502,1.36716,1.36162,1.36192,78339.0
2026-02-12 18:00:00,1.36192,1.36267,1.36049,1.36224,34465.0
2026-02-12 22:00:00,1.36219,1.36268,1.36121,1.3617,15986.0
2026-02-13 02:00:00,1.3617,1.36242,1.35998,1.3604,18400.0
2026-02-13 06:00:00,1.36039,1.36296,1.35906,1.36226,33861.0
2026-02-13 10:00:00,1.36228,1.3646,1.35989,1.36336,44584.0
2026-02-13 14:00:00,1.36334,1.36596,1.3607,1.36486,64964.0
2026-02-13 18:00:00,1.36486,1.36582,1.36414,1.36553,28380.0
2026-02-15 22:00:00,1.36461,1.36495,1.36371,1.36435,22087.0
2026-02-16 02:00:00,1.36435,1.36456,1.36355,1.36392,14929.0
2026-02-16 06:00:00,1.36391,1.36621,1.36358,1.36448,24065.0
2026-02-16 10:00:00,1.36446,1.36521,1.36289,1.36334,19593.0
2026-02-16 14:00:00,1.36332,1.36405,1.36258,1.36272,15956.0
2026-02-16 18:00:00,1.36272,1.36332,1.36254,1.36306,5098.0
2026-02-16 22:00:00,1.36326,1.36348,1.3614,1.36166,15022.0
2026-02-17 02:00:00,1.36165,1.36204,1.36036,1.36074,16616.0
2026-02-17 06:00:00,1.36074,1.36149,1.35524,1.35914,30596.0
2026-02-17 10:00:00,1.35914,1.36064,1.35246,1.35249,34626.0
2026-02-17 14:00:00,1.35248,1.35502,1.34959,1.35466,51702.0
2026-02-17 18:00:00,1.35467,1.35692,1.35412,1.35675,18395.0
2026-02-17 22:00:00,1.35645,1.35726,1.35542,1.35585,13792.0
2026-02-18 02:00:00,1.35588,1.35596,1.35498,1.3559,11796.0
2026-02-18 06:00:00,1.3559,1.35794,1.35537,1.35746,26643.0
2026-02-18 10:00:00,1.35746,1.35822,1.3552,1.35521,22967.0
2026-02-18 14:00:00,1.35522,1.35586,1.35127,1.35222,41506.0
2026-02-18 18:00:00,1.35221,1.35256,1.3492,1.34934,25114.0
2026-02-18 22:00:00,1.34934,1.35018,1.34883,1.34964,13842.0
2026-02-19 02:00:00,1.34964,1.3498,1.34806,1.34874,12855.0
2026-02-19 06:00:00,1.34875,1.3517,1.34851,1.35046,21931.0
2026-02-19 10:00:00,1.35046,1.35074,1.34491,1.34672,32577.0
2026-02-19 14:00:00,1.3467,1.34742,1.34341,1.34525,56043.0
2026-02-19 18:00:00,1.34526,1.34734,1.34472,1.3464,23159.0
2026-02-19 22:00:00,1.34652,1.34716,1.34416,1.3447,16264.0
2026-02-20 02:00:00,1.3447,1.3449,1.34352,1.34456,18986.0
2026-02-20 06:00:00,1.34458,1.34792,1.34362,1.3467,32519.0
2026-02-20 10:00:00,1.34672,1.3498,1.34618,1.34866,34417.0
2026-02-20 14:00:00,1.34864,1.35153,1.3461,1.34896,94470.0
2026-02-20 18:00:00,1.34896,1.35072,1.34776,1.34785,40981.0
2026-02-22 22:00:00,1.34915,1.35336,1.34828,1.35193,26506.0
2026-02-23 02:00:00,1.35192,1.35288,1.35105,1.35204,22244.0
2026-02-23 06:00:00,1.35204,1.35354,1.35058,1.35085,31097.0
2026-02-23 10:00:00,1.35084,1.3513,1.34756,1.35062,33284.0
2026-02-23 14:00:00,1.35062,1.3525,1.34848,1.34958,55398.0
2026-02-23 18:00:00,1.34958,1.35016,1.34856,1.34922,24166.0
2026-02-23 22:00:00,1.34929,1.34998,1.34779,1.34908,34742.0
2026-02-24 02:00:00,1.34907,1.35015,1.34792,1.34888,19092.0
2026-02-24 06:00:00,1.34888,1.35028,1.347,1.34998,35281.0
2026-02-24 10:00:00,1.34999,1.35062,1.34766,1.34862,31893.0
2026-02-24 14:00:00,1.34861,1.35366,1.348,1.35184,48072.0
2026-02-24 18:00:00,1.35183,1.35201,1.34881,1.34892,20168.0
2026-02-24 22:00:00,1.3492,1.35068,1.34878,1.35028,15986.0
2026-02-25 02:00:00,1.35028,1.35252,1.35025,1.35218,30176.0
2026-02-25 06:00:00,1.35218,1.3534,1.35098,1.3518,34075.0
2026-02-25 10:00:00,1.3518,1.35356,1.34912,1.35083,30467.0
2026-02-25 14:00:00,1.35082,1.3566,1.35066,1.35559,43083.0
2026-02-25 18:00:00,1.3556,1.3561,1.3548,1.35592,15705.0
2026-02-25 22:00:00,1.3557,1.3574,1.35518,1.35735,19354.0
2026-02-26 02:00:00,1.35736,1.35752,1.35497,1.35607,18741.0
2026-02-26 06:00:00,1.35608,1.35626,1.35193,1.35276,30937.0
2026-02-26 10:00:00,1.35276,1.35568,1.35238,1.35368,29045.0
2026-02-26 14:00:00,1.35366,1.35542,1.34492,1.3451,57051.0
2026-02-26 18:00:00,1.3451,1.34933,1.34454,1.34836,22295.0
2026-02-26 22:00:00,1.34837,1.34936,1.34764,1.34768,17562.0
2026-02-27 02:00:00,1.34772,1.35014,1.34772,1.34899,19271.0
2026-02-27 06:00:00,1.34896,1.35082,1.34616,1.34846,33103.0
2026-02-27 10:00:00,1.34848,1.34867,1.34396,1.34448,35483.0
2026-02-27 14:00:00,1.3445,1.34769,1.34412,1.34601,53767.0
2026-02-27 18:00:00,1.34602,1.34906,1.34599,1.34868,22763.0
2026-03-01 22:00:00,1.34086,1.34541,1.34006,1.34506,43089.0
2026-03-02 02:00:00,1.34506,1.34561,1.34146,1.34151,30764.0
2026-03-02 06:00:00,1.3415,1.34158,1.33144,1.33728,65523.0
2026-03-02 10:00:00,1.33727,1.34264,1.33726,1.33828,52508.0
2026-03-02 14:00:00,1.33824,1.34256,1.33599,1.34156,74541.0
2026-03-02 18:00:00,1.34156,1.34319,1.33862,1.34054,36947.0
2026-03-02 22:00:00,1.34075,1.34254,1.33979,1.34092,21876.0
2026-03-03 02:00:00,1.34093,1.34127,1.33611,1.33634,37269.0
2026-03-03 06:00:00,1.33634,1.33666,1.3281,1.32979,58844.0
2026-03-03 10:00:00,1.32978,1.33276,1.32626,1.33012,73406.0
2026-03-03 14:00:00,1.33012,1.33376,1.32532,1.33233,111200.0
2026-03-03 18:00:00,1.33232,1.33702,1.33226,1.33565,51427.0
2026-03-03 22:00:00,1.33571,1.33638,1.33034,1.33258,34008.0
2026-03-04 02:00:00,1.33256,1.33416,1.33112,1.33178,41225.0
2026-03-04 06:00:00,1.33178,1.33763,1.33056,1.33608,60713.0
2026-03-04 10:00:00,1.3361,1.34036,1.33486,1.33628,69780.0
2026-03-04 14:00:00,1.33625,1.33849,1.33466,1.33611,78100.0
2026-03-04 18:00:00,1.33612,1.33809,1.33468,1.33726,26672.0
2026-03-04 22:00:00,1.33728,1.33872,1.33648,1.33673,28313.0
2026-03-05 02:00:00,1.33672,1.33716,1.33136,1.33142,36632.0
2026-03-05 06:00:00,1.33142,1.33771,1.3306,1.3355,75222.0
2026-03-05 10:00:00,1.33549,1.33739,1.33328,1.33458,57548.0
2026-03-05 14:00:00,1.33456,1.336,1.32975,1.33298,81704.0
2026-03-05 18:00:00,1.333,1.33655,1.3318,1.33589,54275.0
2026-03-05 22:00:00,1.33517,1.33718,1.3337,1.33652,26528.0
2026-03-06 02:00:00,1.33652,1.33734,1.33553,1.33564,27883.0
2026-03-06 06:00:00,1.33564,1.33796,1.33182,1.3324,45465.0
2026-03-06 10:00:00,1.3324,1.33928,1.33114,1.33386,81513.0
2026-03-06 14:00:00,1.33387,1.34098,1.33254,1.33872,112397.0
2026-03-06 18:00:00,1.33872,1.34124,1.33782,1.34105,58428.0
2026-03-08 21:00:00,1.33384,1.33553,1.32965,1.33004,36069.0
2026-03-09 01:00:00,1.33004,1.33105,1.32832,1.32978,54474.0
2026-03-09 05:00:00,1.32979,1.33513,1.32962,1.33191,79427.0
2026-03-09 09:00:00,1.33192,1.33638,1.3314,1.33526,82880.0
2026-03-09 13:00:00,1.33526,1.34088,1.33463,1.3391,87927.0
2026-03-09 17:00:00,1.33909,1.3447,1.33821,1.34431,67576.0
2026-03-09 21:00:00,1.34441,1.34488,1.34181,1.34352,27064.0
2026-03-10 01:00:00,1.34352,1.34394,1.34136,1.34248,38850.0
2026-03-10 05:00:00,1.34246,1.34835,1.34245,1.34598,46439.0
2026-03-10 09:00:00,1.346,1.34688,1.34306,1.34415,61354.0
2026-03-10 13:00:00,1.34416,1.3473,1.34378,1.34629,65433.0
2026-03-10 17:00:00,1.3463,1.34811,1.34122,1.34168,68917.0
2026-03-10 21:00:00,1.3418,1.34374,1.34102,1.34308,23850.0
2026-03-11 01:00:00,1.34308,1.34577,1.34264,1.34543,34747.0
2026-03-11 05:00:00,1.34544,1.34567,1.34101,1.34268,46791.0
2026-03-11 09:00:00,1.34268,1.34497,1.33946,1.33994,63854.0
2026-03-11 13:00:00,1.33994,1.3444,1.33935,1.34101,75542.0
2026-03-11 17:00:00,1.34103,1.34224,1.33987,1.34127,31824.0
2026-03-11 21:00:00,1.34109,1.3415,1.337,1.33828,17615.0
2026-03-12 01:00:00,1.33828,1.33972,1.33614,1.33629,31009.0
2026-03-12 05:00:00,1.33628,1.33978,1.33617,1.33788,37926.0
2026-03-12 09:00:00,1.33788,1.34098,1.3368,1.33782,39964.0
2026-03-12 13:00:00,1.33782,1.33919,1.33382,1.33483,84331.0
2026-03-12 17:00:00,1.33481,1.33616,1.33401,1.33436,37443.0
2026-03-12 21:00:00,1.33388,1.33652,1.33387,1.33634,22633.0
2026-03-13 01:00:00,1.33633,1.33698,1.33296,1.33316,27474.0
2026-03-13 05:00:00,1.33316,1.33377,1.32557,1.32606,45587.0
2026-03-13 09:00:00,1.32611,1.3286,1.32456,1.32714,57804.0
2026-03-13 13:00:00,1.32714,1.32898,1.32304,1.32442,77807.0
2026-03-13 17:00:00,1.32444,1.32532,1.32186,1.3224,33163.0
2026-03-15 21:00:00,1.32432,1.32645,1.32254,1.32634,21887.0
2026-03-16 01:00:00,1.32636,1.32661,1.32473,1.32514,23974.0
2026-03-16 05:00:00,1.32513,1.32566,1.32303,1.3252,31719.0
2026-03-16 09:00:00,1.3252,1.32901,1.32413,1.3278,42618.0
2026-03-16 13:00:00,1.3278,1.33176,1.3278,1.33034,49961.0
2026-03-16 17:00:00,1.33036,1.334,1.33001,1.33193,39847.0
2026-03-16 21:00:00,1.33199,1.33215,1.32997,1.33027,13321.0
2026-03-17 01:00:00,1.33028,1.33156,1.32956,1.33118,23100.0
2026-03-17 05:00:00,1.33118,1.33314,1.32733,1.33291,38500.0
2026-03-17 09:00:00,1.3329,1.33398,1.33115,1.33325,40399.0
2026-03-17 13:00:00,1.3333,1.33604,1.33328,1.33474,57933.0
2026-03-17 17:00:00,1.33475,1.33647,1.33444,1.33558,22766.0
2026-03-17 21:00:00,1.33562,1.33635,1.33512,1.33519,25868.0
2026-03-18 01:00:00,1.3352,1.33654,1.33504,1.33638,20270.0
2026-03-18 05:00:00,1.33638,1.33746,1.33414,1.33502,24587.0
2026-03-18 09:00:00,1.33502,1.33714,1.33126,1.33147,44724.0
2026-03-18 13:00:00,1.33147,1.33373,1.33028,1.33354,64451.0
2026-03-18 17:00:00,1.33354,1.33508,1.32525,1.32576,56623.0
2026-03-18 21:00:00,1.32591,1.32856,1.32513,1.32855,16709.0
2026-03-19 01:00:00,1.32856,1.3298,1.32686,1.32728,24257.0
2026-03-19 05:00:00,1.32725,1.32771,1.3246,1.32535,45111.0
2026-03-19 09:00:00,1.32534,1.33102,1.32534,1.32991,70512.0
2026-03-19 13:00:00,1.3299,1.339,1.32812,1.33694,119800.0
2026-03-19 17:00:00,1.33694,1.34674,1.33689,1.34312,66480.0
2026-03-19 21:00:00,1.34318,1.34425,1.34182,1.3424,13223.0
2026-03-20 01:00:00,1.34241,1.34294,1.3402,1.3403,21993.0
2026-03-20 05:00:00,1.34031,1.34366,1.33983,1.34174,30536.0
2026-03-20 09:00:00,1.34174,1.34182,1.33634,1.33814,48711.0
2026-03-20 13:00:00,1.33814,1.33829,1.32988,1.33232,90319.0
2026-03-20 17:00:00,1.33232,1.33536,1.33162,1.33406,56384.0
2026-03-22 21:00:00,1.33136,1.33394,1.3304,1.332,22690.0
2026-03-23 01:00:00,1.33198,1.33434,1.3313,1.3324,39291.0
2026-03-23 05:00:00,1.33239,1.33312,1.32814,1.33089,60068.0
2026-03-23 09:00:00,1.33091,1.34346,1.32571,1.34294,187913.0
2026-03-23 13:00:00,1.34296,1.34795,1.33778,1.34008,179991.0
2026-03-23 17:00:00,1.34008,1.34584,1.33944,1.34268,68180.0
2026-03-23 21:00:00,1.34352,1.34376,1.33934,1.3401,25576.0
2026-03-24 01:00:00,1.34008,1.34088,1.33864,1.33944,39158.0
2026-03-24 05:00:00,1.33944,1.34456,1.33856,1.33902,67184.0
2026-03-24 09:00:00,1.33904,1.34153,1.338,1.3393,58210.0
2026-03-24 13:00:00,1.33927,1.34256,1.33652,1.33832,93781.0
2026-03-24 17:00:00,1.33832,1.34322,1.33522,1.34114,79546.0
2026-03-24 21:00:00,1.34066,1.34361,1.34036,1.3429,31435.0
2026-03-25 01:00:00,1.34289,1.3433,1.33914,1.3392,32879.0
2026-03-25 05:00:00,1.3392,1.34244,1.337,1.34077,49129.0
2026-03-25 09:00:00,1.34076,1.34271,1.33895,1.33938,51919.0
2026-03-25 13:00:00,1.33938,1.3401,1.3359,1.33788,70999.0
2026-03-25 17:00:00,1.33789,1.33927,1.33584,1.33652,36153.0
2026-03-25 21:00:00,1.33657,1.33716,1.33544,1.3359,14524.0
2026-03-26 01:00:00,1.3359,1.33682,1.33484,1.33655,22180.0
2026-03-26 05:00:00,1.33656,1.33673,1.33367,1.3353,35365.0
2026-03-26 09:00:00,1.3353,1.33616,1.33218,1.33304,37052.0
2026-03-26 13:00:00,1.33304,1.33784,1.33302,1.33374,67142.0
2026-03-26 17:00:00,1.33374,1.3369,1.33102,1.33307,47188.0
2026-03-26 21:00:00,1.33316,1.33406,1.33222,1.33338,19877.0
2026-03-27 01:00:00,1.33338,1.3347,1.3332,1.33431,25812.0
2026-03-27 05:00:00,1.3343,1.33474,1.33094,1.3314,38120.0
2026-03-27 09:00:00,1.33136,1.33181,1.3272,1.3282,38808.0
2026-03-27 13:00:00,1.3282,1.33328,1.3274,1.32767,71096.0
2026-03-27 17:00:00,1.32766,1.32886,1.32602,1.32617,36682.0
2026-03-29 21:00:00,1.32613,1.3272,1.32326,1.32524,31255.0
2026-03-30 01:00:00,1.32524,1.32774,1.32454,1.32681,36425.0
2026-03-30 05:00:00,1.32682,1.32828,1.32328,1.3235,36336.0
2026-03-30 09:00:00,1.3235,1.3254,1.32205,1.3228,41620.0
2026-03-30 13:00:00,1.3228,1.32342,1.31738,1.31906,67525.0
2026-03-30 17:00:00,1.31907,1.31972,1.31742,1.3184,31974.0
2026-03-30 21:00:00,1.31845,1.3203,1.31596,1.32006,24227.0
2026-03-31 01:00:00,1.32006,1.32246,1.31962,1.31972,35767.0
2026-03-31 05:00:00,1.31972,1.32197,1.31912,1.3212,37657.0
2026-03-31 09:00:00,1.3212,1.32488,1.3192,1.3237,50416.0
2026-03-31 13:00:00,1.32372,1.32644,1.31722,1.3216,104916.0
2026-03-31 17:00:00,1.3216,1.32484,1.32158,1.32288,68343.0
2026-03-31 21:00:00,1.32281,1.32547,1.32212,1.32466,16336.0
2026-04-01 01:00:00,1.32468,1.32478,1.32198,1.3243,33977.0
2026-04-01 05:00:00,1.3243,1.3301,1.32416,1.3289,57667.0
2026-04-01 09:00:00,1.32889,1.3327,1.32774,1.33058,56211.0
2026-04-01 13:00:00,1.3306,1.3339,1.32932,1.33389,80696.0
2026-04-01 17:00:00,1.3339,1.33464,1.3293,1.3307,41718.0
2026-04-01 21:00:00,1.33044,1.33148,1.32963,1.33124,23879.0
2026-04-02 01:00:00,1.33121,1.33208,1.32298,1.32361,74804.0
2026-04-02 05:00:00,1.32362,1.32382,1.31962,1.32016,45576.0
2026-04-02 09:00:00,1.32016,1.3219,1.31818,1.32145,34603.0
2026-04-02 13:00:00,1.32143,1.32516,1.32021,1.32316,84812.0
2026-04-02 17:00:00,1.32314,1.32427,1.3221,1.3227,31172.0
2026-04-02 21:00:00,1.3225,1.32381,1.32196,1.32348,11352.0
2026-04-03 01:00:00,1.32347,1.3235,1.32218,1.32268,6826.0
2026-04-03 05:00:00,1.32267,1.32429,1.32222,1.32384,8634.0
2026-04-03 09:00:00,1.32382,1.32396,1.32007,1.32128,14898.0
2026-04-03 13:00:00,1.3213,1.32201,1.3195,1.31976,19334.0
2026-04-03 17:00:00,1.31976,1.32109,1.31874,1.31984,13627.0
2026-04-05 21:00:00,1.31924,1.31984,1.3177,1.3197,24041.0
2026-04-06 01:00:00,1.3197,1.32184,1.31908,1.32126,30817.0
2026-04-06 05:00:00,1.32125,1.32594,1.32094,1.32492,32799.0
2026-04-06 09:00:00,1.32491,1.3256,1.32328,1.32456,31084.0
2026-04-06 13:00:00,1.32456,1.32687,1.32239,1.3235,54651.0
2026-04-06 17:00:00,1.32349,1.32445,1.3218,1.3237,35857.0
2026-04-06 21:00:00,1.3238,1.32425,1.32296,1.32312,20694.0
2026-04-07 01:00:00,1.32313,1.32354,1.32116,1.32328,29861.0
2026-04-07 05:00:00,1.3233,1.32854,1.3219,1.32834,52243.0
2026-04-07 09:00:00,1.3283,1.32844,1.32366,1.32507,51897.0
2026-04-07 13:00:00,1.3251,1.32672,1.3236,1.32504,75965.0
2026-04-07 17:00:00,1.32504,1.33009,1.32476,1.32942,58572.0
2026-04-07 21:00:00,1.32896,1.34106,1.32882,1.33881,81986.0
2026-04-08 01:00:00,1.33881,1.34176,1.33862,1.34162,53813.0
2026-04-08 05:00:00,1.34164,1.34461,1.34066,1.3428,64764.0
2026-04-08 09:00:00,1.3428,1.34846,1.34204,1.34734,51770.0
2026-04-08 13:00:00,1.34732,1.34826,1.342,1.34246,79135.0
2026-04-08 17:00:00,1.34244,1.34283,1.33812,1.33956,46184.0
2026-04-08 21:00:00,1.33969,1.34048,1.33854,1.33911,18301.0
2026-04-09 01:00:00,1.3391,1.34066,1.33814,1.33994,27452.0
2026-04-09 05:00:00,1.33994,1.34078,1.3381,1.34037,37662.0
2026-04-09 09:00:00,1.34036,1.34304,1.33958,1.34163,32728.0
2026-04-09 13:00:00,1.34162,1.3456,1.34038,1.34448,63759.0
2026-04-09 17:00:00,1.34448,1.34587,1.34298,1.34367,32778.0
2026-04-09 21:00:00,1.34335,1.34384,1.34211,1.34253,18247.0
2026-04-10 01:00:00,1.34254,1.34322,1.34204,1.34215,19882.0
2026-04-10 05:00:00,1.34216,1.34288,1.34108,1.3421,28243.0
2026-04-10 09:00:00,1.3421,1.34698,1.34174,1.34586,38023.0
2026-04-10 13:00:00,1.34584,1.34792,1.3448,1.3456,56588.0
2026-04-10 17:00:00,1.34563,1.34721,1.34533,1.34601,26728.0
2026-04-12 21:00:00,1.33942,1.34115,1.33809,1.34026,23790.0
2026-04-13 01:00:00,1.34026,1.34096,1.33984,1.34052,23149.0
2026-04-13 05:00:00,1.34051,1.34344,1.34019,1.3428,32929.0
2026-04-13 09:00:00,1.3428,1.3443,1.34162,1.34361,31861.0
2026-04-13 13:00:00,1.34362,1.3483,1.34346,1.3474,63550.0
2026-04-13 17:00:00,1.34742,1.35088,1.3474,1.35056,25017.0
2026-04-13 21:00:00,1.35042,1.35168,1.35004,1.35148,12223.0
2026-04-14 01:00:00,1.35148,1.3522,1.35036,1.35192,16676.0
2026-04-14 05:00:00,1.35196,1.35394,1.3511,1.35378,34371.0
2026-04-14 09:00:00,1.35378,1.359,1.35339,1.3587,33840.0
2026-04-14 13:00:00,1.35869,1.35889,1.35583,1.35676,50907.0
2026-04-14 17:00:00,1.35676,1.3573,1.35606,1.35664,21872.0
2026-04-14 21:00:00,1.35681,1.35796,1.35608,1.35734,18314.0
2026-04-15 01:00:00,1.35733,1.35776,1.35572,1.35675,19468.0
2026-04-15 05:00:00,1.35676,1.35789,1.35557,1.35644,30293.0
2026-04-15 09:00:00,1.35644,1.357,1.35435,1.35551,41586.0
2026-04-15 13:00:00,1.35552,1.35792,1.35528,1.35736,53110.0
2026-04-15 17:00:00,1.35732,1.35766,1.35592,1.35607,23437.0
2026-04-15 21:00:00,1.35641,1.35751,1.35588,1.35738,13253.0
2026-04-16 01:00:00,1.35736,1.35951,1.35612,1.35766,20992.0
2026-04-16 05:00:00,1.35767,1.35816,1.35474,1.35507,32888.0
2026-04-16 09:00:00,1.35506,1.35538,1.35318,1.35468,29064.0
2026-04-16 13:00:00,1.35472,1.35552,1.35166,1.3529,59261.0
2026-04-16 17:00:00,1.35291,1.35351,1.35216,1.3527,26286.0
2026-04-16 21:00:00,1.35283,1.3537,1.35192,1.35208,14347.0
2026-04-17 01:00:00,1.35207,1.35274,1.35144,1.35226,18657.0
2026-04-17 05:00:00,1.35226,1.35342,1.35046,1.35312,27386.0
2026-04-17 09:00:00,1.35312,1.3586,1.35194,1.35836,40287.0
2026-04-17 13:00:00,1.35834,1.35996,1.35444,1.3554,87748.0
2026-04-17 17:00:00,1.35539,1.35548,1.35133,1.35184,35929.0
2026-04-19 21:00:00,1.34894,1.34962,1.34759,1.34956,24111.0
2026-04-20 01:00:00,1.34956,1.35088,1.34896,1.35054,21644.0
2026-04-20 05:00:00,1.3505,1.3519,1.3482,1.34976,45112.0
2026-04-20 09:00:00,1.34976,1.35282,1.34968,1.35163,37739.0
2026-04-20 13:00:00,1.35164,1.35446,1.35069,1.35384,65772.0
2026-04-20 17:00:00,1.35384,1.35444,1.35304,1.35332,25917.0
2026-04-20 21:00:00,1.35337,1.35394,1.35224,1.35246,13857.0
2026-04-21 01:00:00,1.35246,1.35294,1.35148,1.35154,19794.0
2026-04-21 05:00:00,1.35154,1.35312,1.34826,1.35037,47491.0
2026-04-21 09:00:00,1.35038,1.35236,1.34958,1.35148,34653.0
2026-04-21 13:00:00,1.35151,1.35396,1.34975,1.3498,53916.0
2026-04-21 17:00:00,1.3498,1.35258,1.34748,1.35085,67883.0
2026-04-21 21:00:00,1.35063,1.35204,1.3498,1.351,16421.0
2026-04-22 01:00:00,1.35101,1.35151,1.35033,1.35076,20975.0
2026-04-22 05:00:00,1.35077,1.35346,1.35071,1.35286,36948.0
2026-04-22 09:00:00,1.35286,1.35354,1.34926,1.34943,33059.0
2026-04-22 13:00:00,1.34942,1.35246,1.3492,1.35048,55057.0
2026-04-22 17:00:00,1.35047,1.35166,1.34984,1.35038,23208.0
2026-04-22 21:00:00,1.3504,1.35104,1.3479,1.35086,22773.0
2026-04-23 01:00:00,1.35088,1.35104,1.34825,1.34905,29777.0
2026-04-23 05:00:00,1.34906,1.35078,1.34816,1.35048,33873.0
2026-04-23 09:00:00,1.35046,1.35133,1.34834,1.34878,43441.0
2026-04-23 13:00:00,1.34877,1.35182,1.34786,1.3492,48641.0
2026-04-23 17:00:00,1.34922,1.34937,1.34479,1.34668,61118.0
2026-04-23 21:00:00,1.34685,1.34728,1.34628,1.3468,13152.0
2026-04-24 01:00:00,1.3468,1.34732,1.34536,1.34629,23897.0
2026-04-24 05:00:00,1.3463,1.34845,1.34602,1.34768,30573.0
2026-04-24 09:00:00,1.34769,1.35048,1.34743,1.35016,43800.0
2026-04-24 13:00:00,1.35016,1.35217,1.34865,1.35211,60148.0
2026-04-24 17:00:00,1.3521,1.3538,1.35174,1.35308,24132.0
2026-04-26 21:00:00,1.35076,1.35232,1.35043,1.35217,12072.0
2026-04-27 01:00:00,1.3522,1.35486,1.3522,1.35408,26050.0
2026-04-27 05:00:00,1.35408,1.35576,1.35246,1.35542,32977.0
2026-04-27 09:00:00,1.35544,1.35763,1.35477,1.35488,30192.0
2026-04-27 13:00:00,1.3549,1.35646,1.35371,1.35432,43225.0
2026-04-27 17:00:00,1.35433,1.35449,1.35306,1.35334,19263.0
2026-04-27 21:00:00,1.35406,1.35415,1.35314,1.35324,13051.0
2026-04-28 01:00:00,1.35324,1.35364,1.35209,1.35304,23295.0
2026-04-28 05:00:00,1.35304,1.35314,1.35024,1.35056,36153.0
2026-04-28 09:00:00,1.35053,1.35056,1.34632,1.34927,44351.0
2026-04-28 13:00:00,1.34926,1.35167,1.34812,1.35146,56624.0
2026-04-28 17:00:00,1.35146,1.35226,1.35081,1.3518,22308.0
2026-04-28 21:00:00,1.35168,1.35282,1.35126,1.35247,9457.0
2026-04-29 01:00:00,1.35248,1.35255,1.35103,1.35133,20301.0
2026-04-29 05:00:00,1.35134,1.35136,1.34948,1.34996,30577.0
2026-04-29 09:00:00,1.34996,1.3514,1.34962,1.35006,31549.0
2026-04-29 13:00:00,1.35006,1.35075,1.34714,1.34813,62039.0
2026-04-29 17:00:00,1.34814,1.34934,1.34578,1.34764,49807.0
2026-04-29 21:00:00,1.34771,1.34957,1.34719,1.34846,23575.0
2026-04-30 01:00:00,1.34846,1.34867,1.34554,1.34609,37375.0
2026-04-30 05:00:00,1.3461,1.35006,1.34542,1.3485,52608.0
2026-04-30 09:00:00,1.3485,1.35355,1.34792,1.3513,86273.0
2026-04-30 13:00:00,1.35128,1.35938,1.35048,1.35779,82719.0
2026-04-30 17:00:00,1.3578,1.36124,1.35762,1.36034,31532.0
2026-04-30 21:00:00,1.3604,1.36094,1.35994,1.36038,14101.0
2026-05-01 01:00:00,1.36038,1.36122,1.3596,1.35974,21630.0
2026-05-01 05:00:00,1.35974,1.36228,1.35868,1.36084,41484.0
2026-05-01 09:00:00,1.36086,1.36432,1.35918,1.36299,30327.0
2026-05-01 13:00:00,1.36296,1.36578,1.3599,1.3599,67250.0
2026-05-01 17:00:00,1.3599,1.36018,1.35688,1.3575,30270.0
2026-05-03 21:00:00,1.36003,1.36053,1.35751,1.35867,14269.0
2026-05-04 01:00:00,1.35866,1.36016,1.35764,1.3588,29557.0
2026-05-04 05:00:00,1.3588,1.35986,1.35594,1.35609,32875.0
2026-05-04 09:00:00,1.35612,1.35664,1.35235,1.35574,47625.0
2026-05-04 13:00:00,1.35572,1.35695,1.35122,1.35188,70595.0
2026-05-04 17:00:00,1.35189,1.35425,1.35188,1.35322,34317.0
2026-05-04 21:00:00,1.3532,1.35356,1.35232,1.35248,12242.0
2026-05-05 01:00:00,1.3525,1.3532,1.3515,1.3516,18214.0
2026-05-05 05:00:00,1.35158,1.35508,1.35138,1.35422,36378.0
2026-05-05 09:00:00,1.35419,1.35514,1.3531,1.3544,36783.0
2026-05-05 13:00:00,1.3544,1.35786,1.35436,1.3556,50604.0
2026-05-05 17:00:00,1.35561,1.35592,1.35379,1.35382,18061.0
2026-05-05 21:00:00,1.35446,1.35802,1.35382,1.35748,25451.0
2026-05-06 01:00:00,1.35748,1.35958,1.35634,1.35894,39460.0
2026-05-06 05:00:00,1.35895,1.36346,1.35812,1.36259,49847.0
2026-05-06 09:00:00,1.36258,1.36436,1.3608,1.36117,64379.0
2026-05-06 13:00:00,1.36116,1.36196,1.35788,1.35837,57902.0
2026-05-06 17:00:00,1.35838,1.35996,1.35816,1.35933,22356.0
2026-05-06 21:00:00,1.35946,1.35994,1.35898,1.35922,15156.0
2026-05-07 01:00:00,1.35924,1.36085,1.35904,1.35977,25697.0
2026-05-07 05:00:00,1.35974,1.36248,1.35912,1.36224,41798.0
2026-05-07 09:00:00,1.36224,1.36306,1.36096,1.36236,36088.0
2026-05-07 13:00:00,1.36236,1.36324,1.35908,1.35942,57339.0
2026-05-07 17:00:00,1.35944,1.35952,1.35482,1.35503,46419.0
2026-05-07 21:00:00,1.35556,1.35612,1.35472,1.35509,16385.0
2026-05-08 01:00:00,1.35512,1.35686,1.35494,1.35654,24666.0
2026-05-08 05:00:00,1.35653,1.36154,1.35652,1.36136,31848.0
2026-05-08 09:00:00,1.36138,1.36246,1.36005,1.3614,34604.0
2026-05-08 13:00:00,1.36138,1.36308,1.36062,1.36173,47860.0
2026-05-08 17:00:00,1.36171,1.36371,1.36162,1.36324,22665.0
2026-05-10 21:00:00,1.35589,1.36011,1.35575,1.35992,18820.0
2026-05-11 01:00:00,1.35991,1.3601,1.35792,1.3581,26021.0
2026-05-11 05:00:00,1.3581,1.36148,1.35803,1.36079,31140.0
2026-05-11 09:00:00,1.36076,1.36159,1.35858,1.36112,33357.0
2026-05-11 13:00:00,1.36112,1.36536,1.3611,1.36412,43134.0
2026-05-11 17:00:00,1.36412,1.36452,1.3607,1.36101,21834.0
2026-05-11 21:00:00,1.36138,1.36141,1.35931,1.35941,12594.0
2026-05-12 01:00:00,1.3594,1.35958,1.35799,1.35848,30354.0
2026-05-12 05:00:00,1.35848,1.3586,1.35024,1.35303,47491.0
2026-05-12 09:00:00,1.35302,1.35532,1.3513,1.35374,52045.0
2026-05-12 13:00:00,1.35374,1.3543,1.35002,1.3518,66975.0
2026-05-12 17:00:00,1.3518,1.35442,1.35167,1.3541,27684.0
2026-05-12 21:00:00,1.3536,1.35427,1.35304,1.35368,14144.0
2026-05-13 01:00:00,1.35368,1.35463,1.35284,1.35342,25421.0
2026-05-13 05:00:00,1.35341,1.35514,1.3519,1.35242,37592.0
2026-05-13 09:00:00,1.35243,1.35251,1.34846,1.34904,48457.0
2026-05-13 13:00:00,1.34904,1.35294,1.34904,1.35154,47618.0
2026-05-13 17:00:00,1.35152,1.35268,1.35111,1.35239,22859.0
2026-05-13 21:00:00,1.35246,1.3533,1.35198,1.35298,11616.0
2026-05-14 01:00:00,1.35297,1.35328,1.35209,1.35284,24241.0
2026-05-14 05:00:00,1.35284,1.35326,1.35035,1.352,33270.0
2026-05-14 09:00:00,1.352,1.3521,1.3495,1.35078,31219.0
2026-05-14 13:00:00,1.35076,1.3513,1.34322,1.34432,49845.0
2026-05-14 17:00:00,1.34433,1.34464,1.3395,1.3401,25462.0
2026-05-14 21:00:00,1.3402,1.34057,1.33746,1.33806,17866.0
2026-05-15 01:00:00,1.33806,1.33824,1.3363,1.33636,29117.0
2026-05-15 05:00:00,1.33636,1.33756,1.3335,1.33462,48975.0
2026-05-15 09:00:00,1.33462,1.33936,1.33282,1.33535,45538.0
2026-05-15 13:00:00,1.33536,1.33634,1.33164,1.33308,62374.0
2026-05-15 17:00:00,1.33308,1.33387,1.33152,1.33242,28220.0
2026-05-17 21:00:00,1.33254,1.33277,1.33048,1.3309,21175.0
2026-05-18 01:00:00,1.3309,1.33197,1.33026,1.33156,39925.0
2026-05-18 05:00:00,1.33155,1.33844,1.33132,1.33772,42475.0
2026-05-18 09:00:00,1.3377,1.34032,1.33464,1.33954,47324.0
2026-05-18 13:00:00,1.33953,1.34498,1.33802,1.34294,67477.0
2026-05-18 17:00:00,1.34296,1.34394,1.34006,1.34336,44703.0
2026-05-18 21:00:00,1.34316,1.34376,1.3419,1.34196,17157.0
2026-05-19 01:00:00,1.34194,1.34252,1.34062,1.34063,35350.0
2026-05-19 05:00:00,1.34064,1.3418,1.33892,1.33928,43330.0
2026-05-19 09:00:00,1.33928,1.342,1.33872,1.3407,44989.0
2026-05-19 13:00:00,1.3407,1.34077,1.33785,1.33996,71017.0
2026-05-19 17:00:00,1.33996,1.34122,1.3394,1.33948,28696.0
2026-05-19 21:00:00,1.34022,1.34044,1.33876,1.33894,29118.0
2026-05-20 01:00:00,1.33892,1.34065,1.33783,1.33908,44779.0
2026-05-20 05:00:00,1.33907,1.34069,1.3375,1.33822,49651.0
2026-05-20 09:00:00,1.33821,1.34082,1.33804,1.33976,35632.0
2026-05-20 13:00:00,1.33976,1.34638,1.33833,1.3442,93050.0
2026-05-20 17:00:00,1.3442,1.3451,1.34326,1.34348,38689.0
2026-05-20 21:00:00,1.34385,1.34426,1.34285,1.34374,13876.0
2026-05-21 01:00:00,1.34374,1.34454,1.34192,1.34316,28542.0
2026-05-21 05:00:00,1.34316,1.34551,1.34156,1.34354,57252.0
2026-05-21 09:00:00,1.34354,1.34466,1.34119,1.34138,51893.0
2026-05-21 13:00:00,1.34136,1.34209,1.33923,1.34082,67838.0
2026-05-21 17:00:00,1.34083,1.34493,1.34056,1.34296,54974.0
2026-05-21 21:00:00,1.34264,1.3437,1.34232,1.34256,19734.0
2026-05-22 01:00:00,1.34252,1.3432,1.34233,1.34306,26990.0
2026-05-22 05:00:00,1.34304,1.34388,1.34133,1.34262,34902.0
2026-05-22 09:00:00,1.3426,1.34372,1.34168,1.34368,33932.0
2026-05-22 13:00:00,1.3437,1.34632,1.3418,1.34443,52468.0
2026-05-22 17:00:00,1.34446,1.34538,1.34296,1.34312,30091.0
2026-05-24 21:00:00,1.3459,1.34884,1.34514,1.3479,13473.0
2026-05-25 01:00:00,1.3479,1.34908,1.34742,1.34832,19527.0
2026-05-25 05:00:00,1.34832,1.3494,1.34706,1.34936,24651.0
2026-05-25 09:00:00,1.34936,1.35066,1.34876,1.35008,16282.0
2026-05-25 13:00:00,1.35006,1.35054,1.34927,1.3504,18696.0
2026-05-25 17:00:00,1.3504,1.35091,1.35035,1.3507,6226.0
2026-05-25 21:00:00,1.35024,1.35068,1.34881,1.34943,14920.0
2026-05-26 01:00:00,1.34942,1.34951,1.34806,1.34808,19811.0
2026-05-26 05:00:00,1.34809,1.34852,1.34648,1.3475,32512.0
2026-05-26 09:00:00,1.3475,1.34895,1.34658,1.3467,32376.0
2026-05-26 13:00:00,1.3467,1.34704,1.34346,1.34412,45240.0
2026-05-26 17:00:00,1.34414,1.34538,1.34386,1.34471,17057.0
2026-05-26 21:00:00,1.3448,1.34591,1.34466,1.34556,11776.0
2026-05-27 01:00:00,1.34556,1.34586,1.34462,1.34542,21357.0
2026-05-27 05:00:00,1.34541,1.34569,1.34415,1.34465,28651.0
2026-05-27 09:00:00,1.34464,1.3457,1.34304,1.34402,39496.0
2026-05-27 13:00:00,1.34398,1.34582,1.34164,1.3431,58741.0
2026-05-27 17:00:00,1.3431,1.34332,1.34174,1.34276,21835.0
2026-05-27 21:00:00,1.34228,1.34308,1.34096,1.34136,14567.0
2026-05-28 01:00:00,1.34136,1.34142,1.33676,1.33778,32935.0
2026-05-28 05:00:00,1.33778,1.34116,1.33754,1.34018,42590.0
2026-05-28 09:00:00,1.34017,1.34251,1.33866,1.3421,40679.0
2026-05-28 13:00:00,1.34211,1.34514,1.34075,1.34467,66842.0
2026-05-28 17:00:00,1.34468,1.34482,1.34366,1.34439,30133.0
2026-05-28 21:00:00,1.34458,1.34489,1.34395,1.34409,11659.0
2026-05-29 01:00:00,1.3441,1.34508,1.34306,1.34386,22357.0
2026-05-29 05:00:00,1.34386,1.34448,1.34084,1.34117,33348.0
2026-05-29 09:00:00,1.34116,1.34346,1.34096,1.34342,37223.0
2026-05-29 13:00:00,1.34343,1.34854,1.34297,1.34674,67947.0
2026-05-29 17:00:00,1.34675,1.34711,1.34534,1.34564,30657.0
2026-05-31 21:00:00,1.34574,1.34644,1.34457,1.34515,29083.0
2026-06-01 01:00:00,1.34515,1.34596,1.34486,1.34572,21932.0
2026-06-01 05:00:00,1.34573,1.34762,1.34555,1.34708,36479.0
2026-06-01 09:00:00,1.34708,1.34752,1.34556,1.34638,35376.0
2026-06-01 13:00:00,1.34638,1.3464,1.34069,1.34608,70718.0
2026-06-01 17:00:00,1.34608,1.34702,1.34534,1.34552,26900.0
2026-06-01 21:00:00,1.34596,1.3465,1.34526,1.34538,19276.0
2026-06-02 01:00:00,1.3454,1.34648,1.34509,1.3464,22322.0
2026-06-02 05:00:00,1.3464,1.34818,1.34608,1.34636,37360.0
2026-06-02 09:00:00,1.34636,1.34774,1.34607,1.3472,30216.0
2026-06-02 13:00:00,1.34722,1.34808,1.34632,1.34662,42029.0
2026-06-02 17:00:00,1.34664,1.34724,1.34534,1.34644,20097.0
2026-06-02 21:00:00,1.34676,1.34694,1.34506,1.3466,15059.0
2026-06-03 01:00:00,1.3466,1.3472,1.34588,1.34605,19209.0
2026-06-03 05:00:00,1.34603,1.34638,1.34368,1.3443,37705.0
2026-06-03 09:00:00,1.3443,1.34602,1.34277,1.34322,38635.0
2026-06-03 13:00:00,1.34321,1.344,1.34157,1.34228,58001.0
2026-06-03 17:00:00,1.34228,1.34288,1.34126,1.34172,17724.0
2026-06-03 21:00:00,1.34186,1.34321,1.3412,1.34256,16874.0
2026-06-04 01:00:00,1.34256,1.34318,1.34174,1.3431,20562.0
2026-06-04 05:00:00,1.3431,1.34358,1.34116,1.34302,32107.0
2026-06-04 09:00:00,1.34302,1.34626,1.343,1.3456,40728.0
2026-06-04 13:00:00,1.3456,1.34575,1.343,1.34353,41546.0
2026-06-04 17:00:00,1.34354,1.34366,1.34207,1.3424,16306.0
2026-06-04 21:00:00,1.34295,1.34325,1.34186,1.34236,20286.0
2026-06-05 01:00:00,1.34235,1.34316,1.3416,1.34294,22975.0
2026-06-05 05:00:00,1.34294,1.34582,1.3424,1.34554,29938.0
2026-06-05 09:00:00,1.34554,1.34832,1.34042,1.34047,40000.0
2026-06-05 13:00:00,1.34048,1.34221,1.33408,1.3356,69205.0
2026-06-05 17:00:00,1.3356,1.3357,1.33302,1.33391,32332.0
2026-06-07 21:00:00,1.33305,1.33492,1.3317,1.33492,14260.0
2026-06-08 01:00:00,1.33492,1.33505,1.33186,1.33398,33447.0
2026-06-08 05:00:00,1.33398,1.33489,1.332,1.33216,49085.0
2026-06-08 09:00:00,1.33215,1.33698,1.3306,1.33506,47538.0
2026-06-08 13:00:00,1.33506,1.33654,1.33354,1.33433,59588.0
2026-06-08 17:00:00,1.33436,1.33526,1.33378,1.3339,29887.0
2026-06-08 21:00:00,1.3342,1.33488,1.3331,1.33364,18890.0
2026-06-09 01:00:00,1.33365,1.3363,1.33356,1.33604,23752.0
2026-06-09 05:00:00,1.33605,1.33828,1.33558,1.338,35801.0
2026-06-09 09:00:00,1.338,1.34078,1.33792,1.3404,25411.0
2026-06-09 13:00:00,1.3404,1.34112,1.33584,1.33716,69927.0
2026-06-09 17:00:00,1.33718,1.33907,1.33708,1.33788,38213.0
2026-06-09 21:00:00,1.3373,1.33835,1.33684,1.33789,22635.0
2026-06-10 01:00:00,1.33788,1.33908,1.33726,1.33823,28488.0
2026-06-10 05:00:00,1.33822,1.33972,1.33799,1.33863,34146.0
2026-06-10 09:00:00,1.33864,1.34088,1.3376,1.33892,49183.0
2026-06-10 13:00:00,1.33892,1.34236,1.33714,1.33895,75780.0
2026-06-10 17:00:00,1.33896,1.33966,1.33672,1.33678,34617.0
2026-06-10 21:00:00,1.33722,1.33788,1.33498,1.33708,44018.0
2026-06-11 01:00:00,1.3371,1.33919,1.337,1.33836,30294.0
2026-06-11 05:00:00,1.33835,1.33918,1.33612,1.33634,31229.0
2026-06-11 09:00:00,1.33635,1.33695,1.33404,1.33614,40296.0
2026-06-11 13:00:00,1.33614,1.33626,1.33246,1.33334,61904.0
2026-06-11 17:00:00,1.33333,1.34334,1.33265,1.34159,69194.0
2026-06-11 21:00:00,1.34161,1.34278,1.34059,1.34086,24069.0
2026-06-12 01:00:00,1.34087,1.3418,1.33999,1.34115,38972.0
2026-06-12 05:00:00,1.34112,1.34194,1.33836,1.34134,50621.0
2026-06-12 09:00:00,1.34134,1.3426,1.33898,1.33936,44706.0
2026-06-12 13:00:00,1.33936,1.3424,1.33904,1.34157,70969.0
2026-06-12 17:00:00,1.34156,1.34217,1.34022,1.34066,26832.0
2026-06-14 21:00:00,1.34092,1.3461,1.34092,1.3444,21780.0
2026-06-15 01:00:00,1.34439,1.34512,1.34328,1.34504,22712.0
2026-06-15 05:00:00,1.34504,1.34603,1.34185,1.34228,32824.0
2026-06-15 09:00:00,1.3423,1.34343,1.34172,1.343,31372.0
2026-06-15 13:00:00,1.34301,1.34446,1.34242,1.34294,38561.0
2026-06-15 17:00:00,1.34294,1.34314,1.34064,1.3412,21839.0
2026-06-15 21:00:00,1.3418,1.34224,1.34077,1.34136,17649.0
2026-06-16 01:00:00,1.34136,1.34181,1.33911,1.33973,23250.0
2026-06-16 05:00:00,1.33973,1.34242,1.33907,1.34242,27968.0
2026-06-16 09:00:00,1.34241,1.34317,1.34078,1.3416,30884.0
2026-06-16 13:00:00,1.34159,1.34434,1.34031,1.34293,43745.0
2026-06-16 17:00:00,1.34294,1.3433,1.34219,1.3427,19330.0
2026-06-16 21:00:00,1.343,1.34324,1.3422,1.34306,30398.0
2026-06-17 01:00:00,1.34307,1.34338,1.34249,1.3431,14084.0
2026-06-17 05:00:00,1.3431,1.34416,1.34084,1.34171,27536.0
2026-06-17 09:00:00,1.34168,1.34198,1.33996,1.34152,25796.0
2026-06-17 13:00:00,1.3415,1.34186,1.33848,1.33965,35925.0
2026-06-17 17:00:00,1.33966,1.34038,1.3262,1.32942,98149.0
2026-06-17 21:00:00,1.32888,1.3318,1.32848,1.33065,21096.0
2026-06-18 01:00:00,1.33066,1.33198,1.3306,1.33146,23530.0
2026-06-18 05:00:00,1.33146,1.3325,1.32414,1.32453,40803.0
2026-06-18 09:00:00,1.32456,1.32501,1.32051,1.32334,47133.0
2026-06-18 13:00:00,1.32334,1.32536,1.32112,1.32214,63279.0
2026-06-18 17:00:00,1.32214,1.32304,1.31929,1.3205,33388.0
2026-06-18 21:00:00,1.32063,1.32216,1.32006,1.32091,14377.0
2026-06-19 01:00:00,1.32094,1.32108,1.31682,1.31698,25997.0
2026-06-19 05:00:00,1.31699,1.32328,1.31633,1.32326,36241.0
2026-06-19 09:00:00,1.32328,1.3241,1.32232,1.32352,39643.0
2026-06-19 13:00:00,1.32353,1.32367,1.32137,1.32287,31919.0
2026-06-19 17:00:00,1.32286,1.32408,1.32228,1.32335,31107.0
2026-06-21 21:00:00,1.31951,1.32225,1.31926,1.32222,14749.0
2026-06-22 01:00:00,1.32222,1.32338,1.32039,1.32075,28348.0
2026-06-22 05:00:00,1.32074,1.32208,1.31836,1.32058,39948.0
2026-06-22 09:00:00,1.32058,1.32732,1.32054,1.32614,47105.0
2026-06-22 13:00:00,1.32614,1.32677,1.3238,1.32446,66115.0
2026-06-22 17:00:00,1.32446,1.3252,1.32404,1.32504,23839.0
2026-06-22 21:00:00,1.32508,1.32572,1.32395,1.3245,14137.0
2026-06-23 01:00:00,1.3245,1.32498,1.32344,1.3237,32393.0
2026-06-23 05:00:00,1.32369,1.32498,1.32127,1.32204,46093.0
2026-06-23 09:00:00,1.32204,1.32316,1.32069,1.32118,36398.0
2026-06-23 13:00:00,1.32119,1.3222,1.31851,1.31868,44915.0
2026-06-23 17:00:00,1.31866,1.32032,1.31822,1.32031,16564.0
2026-06-23 21:00:00,1.32002,1.3206,1.3194,1.31992,14595.0
2026-06-24 01:00:00,1.31992,1.32047,1.31872,1.31932,31817.0
2026-06-24 05:00:00,1.31931,1.32093,1.31713,1.3193,42439.0
2026-06-24 09:00:00,1.31928,1.31958,1.31417,1.31505,39036.0
2026-06-24 13:00:00,1.31504,1.31792,1.31402,1.31706,50889.0
2026-06-24 17:00:00,1.31707,1.31722,1.31538,1.31681,30575.0
2026-06-24 21:00:00,1.31634,1.31728,1.31583,1.3163,20211.0
2026-06-25 01:00:00,1.31631,1.31856,1.31624,1.31824,31538.0
2026-06-25 05:00:00,1.31824,1.31969,1.31676,1.31907,30706.0
2026-06-25 09:00:00,1.31909,1.31975,1.31512,1.31764,34581.0
2026-06-25 13:00:00,1.31763,1.32192,1.31737,1.32058,64433.0
2026-06-25 17:00:00,1.32058,1.32067,1.31902,1.3191,25529.0
2026-06-25 21:00:00,1.32001,1.32028,1.31848,1.31931,25832.0
2026-06-26 01:00:00,1.31932,1.3202,1.31804,1.32014,38235.0
2026-06-26 05:00:00,1.32015,1.32224,1.3191,1.32164,39409.0
2026-06-26 09:00:00,1.32165,1.32288,1.31998,1.32107,42324.0
2026-06-26 13:00:00,1.32108,1.32321,1.31974,1.32059,49060.0
2026-06-26 17:00:00,1.32062,1.321,1.31922,1.31974,23240.0
2026-06-28 21:00:00,1.32062,1.32064,1.3191,1.31991,15350.0
2026-06-29 01:00:00,1.3199,1.32102,1.3196,1.31992,27125.0
2026-06-29 05:00:00,1.31991,1.32282,1.31988,1.32072,27481.0
2026-06-29 09:00:00,1.32071,1.32404,1.32066,1.32336,31268.0
2026-06-29 13:00:00,1.32336,1.32589,1.32279,1.32546,43447.0
2026-06-29 17:00:00,1.32546,1.32626,1.32508,1.32594,16942.0
2026-06-29 21:00:00,1.32503,1.3262,1.32394,1.32454,16067.0
2026-06-30 01:00:00,1.32454,1.32481,1.32286,1.32288,31277.0
2026-06-30 05:00:00,1.32288,1.32472,1.32216,1.32304,39519.0
2026-06-30 09:00:00,1.32304,1.324,1.32122,1.32156,34657.0
2026-06-30 13:00:00,1.32156,1.32768,1.32136,1.3251,46808.0
2026-06-30 17:00:00,1.32511,1.32662,1.32502,1.3261,20088.0
2026-06-30 21:00:00,1.32575,1.3265,1.32442,1.32456,11841.0
2026-07-01 01:00:00,1.32457,1.3246,1.3232,1.32417,27398.0
2026-07-01 05:00:00,1.32416,1.32529,1.32289,1.32468,33939.0
2026-07-01 09:00:00,1.32468,1.32572,1.32338,1.3237,38666.0
2026-07-01 13:00:00,1.3237,1.32923,1.3219,1.32814,69483.0
2026-07-01 17:00:00,1.32816,1.32857,1.32687,1.32758,23420.0
2026-07-01 21:00:00,1.32769,1.32836,1.32682,1.3278,14899.0
2026-07-02 01:00:00,1.32782,1.32951,1.3277,1.32893,24170.0
2026-07-02 05:00:00,1.32896,1.33632,1.32865,1.33574,52461.0
2026-07-02 09:00:00,1.33571,1.33832,1.32971,1.33648,62730.0
2026-07-02 13:00:00,1.33648,1.33849,1.33492,1.33531,82754.0
2026-07-02 17:00:00,1.3353,1.3354,1.33381,1.3347,32798.0
2026-07-02 21:00:00,1.33469,1.3352,1.33345,1.33478,17138.0
2026-07-03 01:00:00,1.33478,1.33666,1.33466,1.33653,29436.0
2026-07-03 05:00:00,1.33652,1.33813,1.33572,1.33604,31992.0
2026-07-03 09:00:00,1.33602,1.3364,1.33491,1.33559,19663.0
2026-07-03 13:00:00,1.3356,1.33588,1.33458,1.3355,18131.0
2026-07-03 17:00:00,1.3355,1.33583,1.33464,1.33536,24543.0
2026-07-05 21:00:00,1.33501,1.33568,1.33462,1.33532,18129.0
2026-07-06 01:00:00,1.33532,1.33544,1.33392,1.33431,24440.0
2026-07-06 05:00:00,1.3343,1.33504,1.33287,1.33376,32349.0
2026-07-06 09:00:00,1.33376,1.33518,1.33314,1.33424,31502.0
2026-07-06 13:00:00,1.33424,1.33768,1.33411,1.33757,34754.0
2026-07-06 17:00:00,1.33756,1.33974,1.3375,1.33897,14994.0
2026-07-06 21:00:00,1.33888,1.34016,1.33854,1.33883,15215.0
2026-07-07 01:00:00,1.33882,1.34018,1.3388,1.3389,21146.0
2026-07-07 05:00:00,1.3389,1.33939,1.33752,1.33916,29598.0
2026-07-07 09:00:00,1.33916,1.33943,1.33695,1.33855,27232.0
2026-07-07 13:00:00,1.33856,1.33868,1.33608,1.33712,38159.0
2026-07-07 17:00:00,1.33714,1.33762,1.33489,1.3359,23115.0
2026-07-07 21:00:00,1.33534,1.33597,1.33431,1.33528,19001.0
2026-07-08 01:00:00,1.33528,1.33592,1.33423,1.33536,34866.0
2026-07-08 05:00:00,1.33535,1.33704,1.33376,1.33398,47191.0
2026-07-08 09:00:00,1.33398,1.3357,1.33222,1.33411,53852.0
2026-07-08 13:00:00,1.33408,1.3386,1.33406,1.33848,57827.0
2026-07-08 17:00:00,1.33848,1.34104,1.33848,1.33888,31602.0
2026-07-08 21:00:00,1.33955,1.34042,1.33858,1.33977,13894.0
2026-07-09 01:00:00,1.33978,1.34009,1.33866,1.3399,23459.0
2026-07-09 05:00:00,1.3399,1.3431,1.33987,1.34126,32599.0
2026-07-09 09:00:00,1.34127,1.34159,1.33808,1.33845,29564.0
2026-07-09 13:00:00,1.33846,1.3412,1.33846,1.34098,34252.0
2026-07-09 17:00:00,1.34097,1.34194,1.3405,1.34088,16145.0
2026-07-09 21:00:00,1.34059,1.34251,1.34007,1.34226,19397.0
2026-07-10 01:00:00,1.34225,1.34519,1.34197,1.34304,31732.0
2026-07-10 05:00:00,1.34306,1.34362,1.34087,1.341,34600.0
2026-07-10 09:00:00,1.341,1.34376,1.34092,1.34212,33382.0
2026-07-10 13:00:00,1.34214,1.34233,1.33922,1.34112,43344.0
2026-07-10 17:00:00,1.3411,1.3413,1.33929,1.34021,21455.0
2026-07-12 21:00:00,1.3389,1.3389,1.33694,1.3376,27733.0
2026-07-13 01:00:00,1.33761,1.33848,1.33668,1.33839,49909.0
2026-07-13 05:00:00,1.33838,1.34119,1.33744,1.33944,56036.0
2026-07-13 09:00:00,1.33944,1.34024,1.33818,1.33992,42969.0
2026-07-13 13:00:00,1.33994,1.34026,1.33575,1.33632,64596.0
2026-07-13 17:00:00,1.33636,1.33666,1.33426,1.33464,32182.0
2026-07-13 21:00:00,1.33556,1.33588,1.33424,1.33516,27363.0
2026-07-14 01:00:00,1.33514,1.33644,1.33508,1.33594,41352.0
2026-07-14 05:00:00,1.33593,1.33765,1.33514,1.33748,45323.0
2026-07-14 09:00:00,1.33752,1.34438,1.33662,1.34094,60308.0
2026-07-14 13:00:00,1.34094,1.34232,1.33757,1.3389,72955.0
2026-07-14 17:00:00,1.3389,1.33922,1.33682,1.33914,30109.0
2026-07-14 21:00:00,1.33864,1.34044,1.33802,1.34033,15202.0
2026-07-15 01:00:00,1.34032,1.34095,1.33986,1.34026,25720.0
2026-07-15 05:00:00,1.34027,1.34201,1.33912,1.33966,33783.0
2026-07-15 09:00:00,1.33967,1.34302,1.33806,1.34282,37777.0
2026-07-15 13:00:00,1.34285,1.35284,1.34219,1.35258,55431.0
2026-07-15 17:00:00,1.35261,1.35582,1.35258,1.3539,34624.0
2026-07-15 21:00:00,1.35366,1.35446,1.35274,1.35338,22153.0
2026-07-16 01:00:00,1.35341,1.3538,1.35198,1.35326,30896.0
2026-07-16 05:00:00,1.35327,1.35425,1.3519,1.35208,36947.0
2026-07-16 09:00:00,1.35208,1.35212,1.34938,1.34976,38246.0
2026-07-16 13:00:00,1.34978,1.35174,1.34654,1.3466,48752.0
2026-07-16 17:00:00,1.3466,1.34803,1.34597,1.34793,26182.0
2026-07-16 21:00:00,1.34784,1.34814,1.34696,1.34772,13772.0
2026-07-17 01:00:00,1.34772,1.34799,1.34572,1.3459,35315.0
2026-07-17 05:00:00,1.34592,1.34809,1.34421,1.34432,39794.0
2026-07-17 09:00:00,1.34432,1.34468,1.34262,1.34316,38464.0
2026-07-17 13:00:00,1.34316,1.3456,1.34283,1.3456,52453.0
2026-07-17 17:00:00,1.34563,1.34602,1.3451,1.34522,24805.0
2026-07-19 21:00:00,1.34489,1.3452,1.34389,1.34509,17102.0
2026-07-20 01:00:00,1.34512,1.3468,1.34486,1.34664,28404.0
2026-07-20 05:00:00,1.34664,1.34814,1.34576,1.34696,32561.0
2026-07-20 09:00:00,1.34697,1.34788,1.34484,1.34549,37233.0
2026-07-20 13:00:00,1.3455,1.34588,1.34126,1.34204,38118.0
2026-07-20 17:00:00,1.34206,1.34397,1.3419,1.34306,20693.0
2026-07-20 21:00:00,1.34345,1.34352,1.34224,1.34314,13818.0
2026-07-21 01:00:00,1.34316,1.34408,1.34294,1.34402,29483.0
2026-07-21 05:00:00,1.34404,1.34557,1.34272,1.34292,31466.0
2026-07-21 09:00:00,1.34292,1.3434,1.33822,1.33889,28227.0
2026-07-21 13:00:00,1.33888,1.33992,1.33594,1.33826,40695.0
2026-07-21 17:00:00,1.33826,1.33875,1.33739,1.33751,18237.0
2026-07-21 21:00:00,1.33748,1.33872,1.3372,1.33852,20231.0
2026-07-22 01:00:00,1.33852,1.339,1.33796,1.33839,27117.0
2026-07-22 05:00:00,1.3384,1.33954,1.33694,1.33738,37937.0
2026-07-22 09:00:00,1.33735,1.3375,1.33546,1.33592,33958.0
2026-07-22 13:00:00,1.33592,1.33908,1.33591,1.33731,37480.0
2026-07-22 17:00:00,1.3373,1.33772,1.33687,1.33756,14893.0
2026-07-22 21:00:00,1.33781,1.33818,1.33674,1.33812,14126.0
2026-07-23 01:00:00,1.33814,1.33934,1.33799,1.3387,32881.0
2026-07-23 05:00:00,1.3387,1.33911,1.3361,1.33686,34412.0
2026-07-23 09:00:00,1.33686,1.33776,1.3335,1.33424,43095.0
2026-07-23 13:00:00,1.33426,1.33448,1.3299,1.33238,60510.0
2026-07-23 17:00:00,1.33238,1.33248,1.33115,1.33144,20924.0
2026-07-23 21:00:00,1.33172,1.33246,1.33079,1.33246,16293.0
2026-07-24 01:00:00,1.33248,1.33268,1.33065,1.33105,25239.0
2026-07-24 05:00:00,1.33107,1.33444,1.33084,1.33213,29052.0
2026-07-24 09:00:00,1.33212,1.33288,1.33059,1.33101,31729.0
2026-07-24 13:00:00,1.33099,1.33491,1.3306,1.33326,40222.0
2026-07-24 17:00:00,1.33326,1.33328,1.33168,1.33239,16661.0
2026-07-26 21:00:00,1.33478,1.33632,1.3333,1.33511,20733.0
2026-07-27 01:00:00,1.3351,1.33637,1.335,1.3351,32563.0
2026-07-27 05:00:00,1.3351,1.33612,1.33308,1.33378,34547.0
2026-07-27 09:00:00,1.33378,1.33411,1.33044,1.33138,33510.0
2026-07-27 13:00:00,1.33138,1.33212,1.32993,1.33032,45535.0
2026-07-27 17:00:00,1.33034,1.33034,1.32845,1.32882,19762.0
2026-07-27 21:00:00,1.32881,1.33012,1.32836,1.3293,16384.0
2026-07-28 01:00:00,1.32932,1.33044,1.32898,1.32941,25873.0
2026-07-28 05:00:00,1.3294,1.33053,1.32857,1.33028,29489.0
2026-07-28 09:00:00,1.33028,1.33032,1.32735,1.32978,30174.0
2026-07-28 13:00:00,1.32978,1.33112,1.32857,1.33013,42922.0
2026-07-28 17:00:00,1.33014,1.33059,1.32867,1.32894,18533.0
2026-07-28 21:00:00,1.32895,1.32958,1.32808,1.32925,18175.0
2026-07-29 01:00:00,1.32926,1.33015,1.32818,1.32978,33866.0
2026-07-29 05:00:00,1.32978,1.33092,1.32948,1.3306,27126.0
2026-07-29 09:00:00,1.33059,1.3306,1.32789,1.3284,29562.0
2026-07-29 13:00:00,1.3284,1.33044,1.32799,1.32889,35794.0
2026-07-29 17:00:00,1.3289,1.33874,1.32878,1.3367,80104.0
2026-07-29 21:00:00,1.33692,1.33757,1.3353,1.33553,35787.0
2026-07-30 01:00:00,1.33554,1.33593,1.33418,1.33444,31176.0
2026-07-30 05:00:00,1.33444,1.33622,1.3333,1.33559,41036.0
2026-07-30 09:00:00,1.33558,1.3407,1.33557,1.33714,58637.0
2026-07-30 13:00:00,1.33714,1.34706,1.33671,1.34648,101773.0
2026-07-30 17:00:00,1.34648,1.34768,1.34546,1.34644,30192.0
2026-07-30 21:00:00,1.34674,1.34711,1.3453,1.34585,20169.0
2026-07-31 01:00:00,1.34584,1.3463,1.34422,1.34458,41330.0
2026-07-31 05:00:00,1.34459,1.34645,1.34353,1.34592,50025.0
2026-07-31 09:00:00,1.34592,1.34682,1.34148,1.34208,44537.0
2026-07-31 13:00:00,1.34207,1.34728,1.34003,1.34648,75475.0
2026-07-31 17:00:00,1.34648,1.34954,1.34647,1.34836,53892.0
2026-08-02 21:00:00,1.34946,1.35065,1.34826,1.34874,35876.0
2026-08-03 01:00:00,1.34874,1.34916,1.34642,1.34722,41577.0
2026-08-03 05:00:00,1.34721,1.3478,1.3453,1.34548,42896.0
2026-08-03 09:00:00,1.34546,1.34712,1.34481,1.34642,37709.0
2026-08-03 13:00:00,1.34642,1.34672,1.34226,1.34254,44478.0
2026-08-03 17:00:00,1.34255,1.34346,1.34176,1.34333,21334.0
2026-08-03 21:00:00,1.34298,1.34334,1.34241,1.34244,19975.0
2026-08-04 01:00:00,1.34245,1.34334,1.34202,1.3426,34968.0
2026-08-04 05:00:00,1.3426,1.34426,1.34196,1.34424,36007.0
2026-08-04 09:00:00,1.34422,1.3455,1.34361,1.34428,35794.0
2026-08-04 13:00:00,1.3443,1.34562,1.34379,1.34462,41571.0
2026-08-04 17:00:00,1.34462,1.34546,1.34397,1.34524,22843.0
2026-08-04 21:00:00,1.34478,1.34562,1.34455,1.34508,18862.0
2026-08-05 01:00:00,1.34509,1.346,1.3444,1.3455,30199.0
2026-08-05 05:00:00,1.3455,1.34706,1.3451,1.34568,37904.0
2026-08-05 09:00:00,1.34568,1.3484,1.3455,1.347,31212.0
2026-08-05 13:00:00,1.34702,1.34862,1.3457,1.34599,45761.0
2026-08-05 17:00:00,1.346,1.34732,1.34552,1.34682,18529.0
2026-08-05 21:00:00,1.34665,1.34712,1.3461,1.34668,21654.0
2026-08-06 01:00:00,1.34668,1.34726,1.34581,1.34602,30809.0
2026-08-06 05:00:00,1.34602,1.34659,1.34548,1.34643,28504.0
2026-08-06 09:00:00,1.34642,1.3472,1.34521,1.34694,26249.0
2026-08-06 13:00:00,1.34696,1.34794,1.34496,1.3456,39711.0
2026-08-06 17:00:00,1.34562,1.34593,1.34486,1.3454,18837.0
2026-08-06 21:00:00,1.34563,1.34567,1.34442,1.345,18770.0
2026-08-07 01:00:00,1.345,1.34567,1.34486,1.34538,28734.0
2026-08-07 05:00:00,1.34538,1.34582,1.34428,1.3443,28196.0
2026-08-07 09:00:00,1.3443,1.35082,1.34344,1.35,39600.0
2026-08-07 13:00:00,1.35,1.3509,1.34828,1.34964,52205.0
2026-08-07 17:00:00,1.34963,1.35037,1.34894,1.34922,24839.0
2026-08-09 21:00:00,1.34971,1.35,1.34857,1.34904,30141.0
2026-08-10 01:00:00,1.34904,1.3492,1.34832,1.34884,24853.0
2026-08-10 05:00:00,1.34883,1.35056,1.34874,1.35034,33937.0
2026-08-10 09:00:00,1.35034,1.35068,1.34904,1.3495,26958.0
2026-08-10 13:00:00,1.3495,1.35308,1.34948,1.35138,36410.0
2026-08-10 17:00:00,1.35138,1.35148,1.35054,1.35078,15533.0
2026-08-10 21:00:00,1.35068,1.35155,1.35039,1.3511,10461.0
2026-08-11 01:00:00,1.3511,1.35152,1.35028,1.35118,26728.0
2026-08-11 05:00:00,1.35119,1.35159,1.34945,1.35042,30924.0
2026-08-11 09:00:00,1.35043,1.35067,1.34922,1.34992,29310.0
2026-08-11 13:00:00,1.3499,1.35157,1.34969,1.35058,31135.0
2026-08-11 17:00:00,1.35062,1.35094,1.34966,1.35084,14272.0
2026-08-11 21:00:00,1.35055,1.35116,1.35031,1.3508,12000.0
2026-08-12 01:00:00,1.3508,1.35094,1.35016,1.35074,21207.0
2026-08-12 05:00:00,1.35074,1.35126,1.35025,1.3511,22464.0
2026-08-12 09:00:00,1.35112,1.3546,1.35072,1.35379,48278.0
2026-08-12 13:00:00,1.35376,1.35412,1.34945,1.34972,49594.0
2026-08-12 17:00:00,1.34972,1.35016,1.34878,1.34952,15209.0
2026-08-12 21:00:00,1.34941,1.35007,1.34908,1.34976,10577.0
2026-08-13 01:00:00,1.34977,1.34996,1.34868,1.34957,25574.0
2026-08-13 05:00:00,1.34958,1.35008,1.34743,1.3479,28918.0
2026-08-13 09:00:00,1.34787,1.35099,1.34753,1.3509,25345.0
2026-08-13 13:00:00,1.3509,1.35132,1.34828,1.34859,41214.0
2026-08-13 17:00:00,1.3486,1.34894,1.34797,1.3487,15541.0
2026-08-13 21:00:00,1.34862,1.34983,1.34834,1.34977,14605.0
2026-08-14 01:00:00,1.34976,1.35002,1.34886,1.34973,25426.0
2026-08-14 05:00:00,1.34974,1.35274,1.3497,1.35228,27859.0
2026-08-14 09:00:00,1.35226,1.3551,1.35198,1.35383,29996.0
2026-08-14 13:00:00,1.35384,1.3562,1.35344,1.35394,44444.0
2026-08-14 17:00:00,1.35393,1.35396,1.3527,1.35336,19803.0
2026-08-16 21:00:00,1.35413,1.35559,1.35311,1.35551,12388.0
2026-08-17 01:00:00,1.35553,1.35568,1.35468,1.35513,24783.0
2026-08-17 05:00:00,1.35512,1.35712,1.35494,1.35538,31341.0
2026-08-17 09:00:00,1.35539,1.35652,1.35518,1.35608,27633.0
2026-08-17 13:00:00,1.35608,1.35688,1.35504,1.35588,30205.0
2026-08-17 17:00:00,1.35589,1.35599,1.35358,1.35425,16949.0
2026-08-17 21:00:00,1.35484,1.35542,1.35392,1.35504,14579.0
2026-08-18 01:00:00,1.35505,1.35536,1.35311,1.35353,30379.0
2026-08-18 05:00:00,1.35352,1.3543,1.35197,1.35322,30010.0
2026-08-18 09:00:00,1.35322,1.35344,1.35198,1.35314,24849.0
2026-08-18 13:00:00,1.35314,1.35511,1.35282,1.35407,39404.0
2026-08-18 17:00:00,1.35408,1.35415,1.35285,1.35319,17561.0
2026-08-18 21:00:00,1.35346,1.35418,1.3529,1.35292,16513.0
2026-08-19 01:00:00,1.3529,1.35437,1.35236,1.35418,35586.0
2026-08-19 05:00:00,1.35418,1.3566,1.35395,1.35533,35625.0
2026-08-19 09:00:00,1.35532,1.36034,1.35476,1.35949,36565.0
2026-08-19 13:00:00,1.3595,1.36306,1.35949,1.36102,61386.0
2026-08-19 17:00:00,1.36103,1.3616,1.35897,1.36062,29356.0
2026-08-19 21:00:00,1.36033,1.36128,1.35974,1.35996,17811.0
2026-08-20 01:00:00,1.35996,1.36167,1.35946,1.36074,39350.0
2026-08-20 05:00:00,1.36075,1.36374,1.36,1.36356,39227.0
2026-08-20 09:00:00,1.36356,1.36598,1.36204,1.36422,39963.0
2026-08-20 13:00:00,1.36424,1.3653,1.36237,1.36308,53962.0
2026-08-20 17:00:00,1.36308,1.3633,1.36207,1.36308,18630.0
2026-08-20 21:00:00,1.36296,1.36468,1.3626,1.3638,15375.0
2026-08-21 01:00:00,1.36382,1.36556,1.36368,1.36434,30463.0
2026-08-21 05:00:00,1.36436,1.36654,1.36354,1.36646,36377.0
2026-08-21 09:00:00,1.36647,1.36758,1.36352,1.36434,39715.0
2026-08-21 13:00:00,1.36434,1.36472,1.36184,1.36421,45362.0
2026-08-21 17:00:00,1.3642,1.3654,1.36396,1.36456,24592.0
2026-08-23 21:00:00,1.36339,1.3656,1.36323,1.36548,16617.0
2026-08-24 01:00:00,1.36548,1.36562,1.36413,1.36476,35561.0
2026-08-24 05:00:00,1.36476,1.36492,1.36212,1.36218,39234.0
2026-08-24 09:00:00,1.36218,1.36476,1.36216,1.36428,35209.0
2026-08-24 13:00:00,1.36427,1.36498,1.36288,1.36346,43306.0
2026-08-24 17:00:00,1.36346,1.3637,1.36248,1.36306,21260.0
2026-08-24 21:00:00,1.36338,1.36406,1.36292,1.36394,16743.0
2026-08-25 01:00:00,1.36394,1.36398,1.36237,1.36264,34371.0
2026-08-25 05:00:00,1.36262,1.36445,1.36221,1.36414,32134.0
2026-08-25 09:00:00,1.36414,1.36496,1.36262,1.36358,31316.0
2026-08-25 13:00:00,1.36358,1.3653,1.36276,1.3635,39611.0
2026-08-25 17:00:00,1.3635,1.36549,1.36338,1.36488,20292.0
2026-08-25 21:00:00,1.36459,1.36514,1.36411,1.36452,14993.0
2026-08-26 01:00:00,1.3645,1.36478,1.36318,1.36327,26938.0
2026-08-26 05:00:00,1.36326,1.36408,1.3625,1.36288,27060.0
2026-08-26 09:00:00,1.36287,1.36357,1.36068,1.36073,27791.0
2026-08-26 13:00:00,1.3607,1.3609,1.35831,1.35905,42468.0
2026-08-26 17:00:00,1.35906,1.35983,1.35888,1.3597,16566.0
2026-08-26 21:00:00,1.35943,1.35986,1.359,1.35924,29520.0
2026-08-27 01:00:00,1.35924,1.35952,1.35866,1.3588,26516.0
2026-08-27 05:00:00,1.35879,1.35969,1.35799,1.358,27541.0
2026-08-27 09:00:00,1.358,1.3584,1.35707,1.35746,32983.0
2026-08-27 13:00:00,1.35747,1.36028,1.35736,1.35936,41458.0
2026-08-27 17:00:00,1.35938,1.3597,1.35834,1.35932,15511.0
2026-08-27 21:00:00,1.35905,1.3599,1.3589,1.3596,13054.0
2026-08-28 01:00:00,1.35961,1.35981,1.35876,1.35888,23967.0
2026-08-28 05:00:00,1.35888,1.35948,1.35805,1.35876,30653.0
2026-08-28 09:00:00,1.35876,1.3592,1.35737,1.3584,26782.0
2026-08-28 13:00:00,1.35841,1.35987,1.35292,1.35372,79546.0
2026-08-28 17:00:00,1.35372,1.35406,1.35268,1.35347,24385.0
2026-08-30 21:00:00,1.35335,1.35472,1.35292,1.35451,15458.0
2026-08-31 01:00:00,1.35453,1.35474,1.35372,1.35449,34648.0
2026-08-31 05:00:00,1.3545,1.35558,1.35368,1.35403,31147.0
2026-08-31 09:00:00,1.35404,1.3547,1.35357,1.35384,32122.0
2026-08-31 13:00:00,1.35386,1.35654,1.3536,1.3549,42179.0
2026-08-31 17:00:00,1.35488,1.35534,1.35462,1.35489,16174.0
2026-08-31 21:00:00,1.35486,1.35598,1.35438,1.3553,17965.0
2026-09-01 01:00:00,1.3553,1.35536,1.35383,1.3543,33546.0
2026-09-01 05:00:00,1.35429,1.35496,1.35292,1.35414,34239.0
2026-09-01 09:00:00,1.35416,1.35486,1.35292,1.35298,34849.0
2026-09-01 13:00:00,1.35295,1.35523,1.35144,1.35148,40926.0
2026-09-01 17:00:00,1.35147,1.35211,1.35061,1.3516,17453.0
2026-09-01 21:00:00,1.35137,1.35196,1.35068,1.35068,19232.0
2026-09-02 01:00:00,1.35068,1.35087,1.34963,1.34967,33626.0
2026-09-02 05:00:00,1.34968,1.35148,1.34896,1.3501,38784.0
2026-09-02 09:00:00,1.3501,1.3507,1.34746,1.3475,38850.0
2026-09-02 13:00:00,1.34751,1.35138,1.34749,1.34943,56998.0
2026-09-02 17:00:00,1.34944,1.34956,1.34834,1.3486,21240.0
2026-09-02 21:00:00,1.34862,1.34907,1.34802,1.3488,15490.0
2026-09-03 01:00:00,1.3488,1.34988,1.34806,1.34938,36910.0
2026-09-03 05:00:00,1.34938,1.35076,1.34834,1.35001,52292.0
2026-09-03 09:00:00,1.35,1.3522,1.34845,1.35184,50765.0
2026-09-03 13:00:00,1.35184,1.35483,1.35004,1.35444,59296.0
2026-09-03 17:00:00,1.35444,1.35473,1.35224,1.35244,22259.0
2026-09-03 21:00:00,1.35276,1.35339,1.35234,1.35302,18419.0
2026-09-04 01:00:00,1.35302,1.35378,1.35268,1.35319,33781.0
2026-09-04 05:00:00,1.35318,1.35491,1.35292,1.3533,32537.0
2026-09-04 09:00:00,1.35329,1.35388,1.3484,1.3504,49143.0
2026-09-04 13:00:00,1.3504,1.35253,1.34948,1.352,55844.0
2026-09-04 17:00:00,1.352,1.35218,1.35108,1.35162,19630.0
2026-09-06 21:00:00,1.35198,1.35222,1.35143,1.352,21300.0
2026-09-07 01:00:00,1.35201,1.35206,1.35056,1.35124,22402.0
2026-09-07 05:00:00,1.3512,1.35452,1.351,1.35358,33151.0
2026-09-07 09:00:00,1.35356,1.35438,1.35292,1.35376,25276.0
2026-09-07 13:00:00,1.35376,1.35477,1.35356,1.35466,18016.0
2026-09-07 17:00:00,1.35467,1.35467,1.3539,1.35408,3582.0
2026-09-07 21:00:00,1.35387,1.35491,1.35378,1.35428,16417.0
2026-09-08 01:00:00,1.35426,1.355,1.35336,1.35398,30901.0
2026-09-08 05:00:00,1.35398,1.35529,1.35221,1.35257,39825.0
2026-09-08 09:00:00,1.35258,1.35558,1.35216,1.35543,35304.0
2026-09-08 13:00:00,1.35542,1.3562,1.35308,1.35366,35324.0
2026-09-08 17:00:00,1.35366,1.35507,1.3536,1.35398,19529.0
2026-09-08 21:00:00,1.35359,1.35482,1.35358,1.3548,13449.0
2026-09-09 01:00:00,1.35482,1.35507,1.35416,1.35504,27879.0
2026-09-09 05:00:00,1.35504,1.3568,1.3542,1.35428,36022.0
2026-09-09 09:00:00,1.35428,1.35666,1.35304,1.3551,35595.0
2026-09-09 13:00:00,1.35511,1.35652,1.35346,1.35518,53267.0
2026-09-09 17:00:00,1.35516,1.3561,1.35416,1.3547,17698.0
2026-09-09 21:00:00,1.35466,1.35548,1.35446,1.35456,17776.0
2026-09-10 01:00:00,1.35458,1.35604,1.35452,1.35534,26772.0
2026-09-10 05:00:00,1.35534,1.35596,1.3547,1.35567,27703.0
2026-09-10 09:00:00,1.35568,1.35578,1.34912,1.35113,45987.0
2026-09-10 13:00:00,1.35114,1.35346,1.34963,1.35237,60805.0
2026-09-10 17:00:00,1.35238,1.35308,1.35046,1.35116,27392.0
2026-09-10 21:00:00,1.35111,1.3516,1.35061,1.35158,15872.0
2026-09-11 01:00:00,1.35158,1.35166,1.34958,1.35031,38314.0
2026-09-11 05:00:00,1.35032,1.35266,1.3502,1.3506,39582.0
2026-09-11 09:00:00,1.3506,1.35243,1.3481,1.35243,53505.0
2026-09-11 13:00:00,1.3524,1.3535,1.35137,1.35232,62528.0
2026-09-11 17:00:00,1.35232,1.35287,1.35173,1.35264,22926.0
2026-09-13 21:00:00,1.35261,1.35289,1.35154,1.35185,33660.0
2026-09-14 01:00:00,1.35184,1.352,1.35016,1.35037,35656.0
2026-09-14 05:00:00,1.35036,1.35065,1.34795,1.34835,41766.0
2026-09-14 09:00:00,1.34836,1.34962,1.34667,1.34692,41567.0
2026-09-14 13:00:00,1.34692,1.35088,1.3464,1.35056,55894.0
2026-09-14 17:00:00,1.35057,1.35138,1.34962,1.35005,26134.0
2026-09-14 21:00:00,1.3501,1.3505,1.34948,1.34956,22179.0
2026-09-15 01:00:00,1.34954,1.34965,1.34828,1.3484,27890.0
2026-09-15 05:00:00,1.34842,1.34867,1.34644,1.34743,35702.0
2026-09-15 09:00:00,1.34744,1.349,1.34682,1.3482,33544.0
2026-09-15 13:00:00,1.3482,1.34967,1.34698,1.34814,40806.0
2026-09-15 17:00:00,1.34814,1.34826,1.34712,1.34766,21140.0
2026-09-15 21:00:00,1.34772,1.348,1.34665,1.34694,18759.0
2026-09-16 01:00:00,1.34694,1.34859,1.34653,1.34846,24485.0
2026-09-16 05:00:00,1.34846,1.34998,1.34668,1.34705,34529.0
2026-09-16 09:00:00,1.34704,1.34736,1.34458,1.34576,30474.0
2026-09-16 13:00:00,1.34574,1.34632,1.34424,1.34452,36403.0
2026-09-16 17:00:00,1.34452,1.34616,1.33724,1.33804,72421.0
2026-09-16 21:00:00,1.33806,1.33896,1.33722,1.33728,14078.0
2026-09-17 01:00:00,1.33727,1.33812,1.33694,1.33811,23484.0
2026-09-17 05:00:00,1.3381,1.34022,1.3378,1.33952,29022.0
2026-09-17 09:00:00,1.33953,1.34066,1.33496,1.33865,48556.0
2026-09-17 13:00:00,1.33864,1.33883,1.33363,1.33486,46303.0
2026-09-17 17:00:00,1.33487,1.33592,1.33453,1.33588,16819.0
2026-09-17 21:00:00,1.33563,1.33623,1.33527,1.33613,12870.0
2026-09-18 01:00:00,1.33614,1.3376,1.33562,1.33692,30499.0
2026-09-18 05:00:00,1.33691,1.33752,1.33607,1.33708,35595.0
2026-09-18 09:00:00,1.33706,1.33728,1.33356,1.33486,35902.0
2026-09-18 13:00:00,1.33484,1.33862,1.33394,1.33824,44731.0
2026-09-18 17:00:00,1.33826,1.33982,1.33825,1.33947,19880.0
2026-09-20 21:00:00,1.33869,1.33941,1.33866,1.33878,16914.0
2026-09-21 01:00:00,1.33878,1.33933,1.33738,1.33782,23323.0
2026-09-21 05:00:00,1.33781,1.33886,1.33686,1.3383,24809.0
2026-09-21 09:00:00,1.33831,1.34005,1.33796,1.33912,23837.0
2026-09-21 13:00:00,1.33913,1.33945,1.33674,1.33693,32291.0
2026-09-21 17:00:00,1.33692,1.33746,1.3365,1.33681,12826.0
2026-09-21 21:00:00,1.33654,1.33759,1.33646,1.33742,14865.0
2026-09-22 01:00:00,1.33744,1.33873,1.33623,1.33869,27432.0
2026-09-22 05:00:00,1.3387,1.33873,1.33262,1.33572,41573.0
2026-09-22 09:00:00,1.33574,1.33738,1.33475,1.33554,47563.0
2026-09-22 13:00:00,1.33554,1.33665,1.33216,1.33308,44995.0
2026-09-22 17:00:00,1.33306,1.33498,1.33234,1.33438,21582.0
2026-09-22 21:00:00,1.3347,1.33482,1.33366,1.33376,11892.0
2026-09-23 01:00:00,1.33377,1.33378,1.3315,1.3316,23277.0
2026-09-23 05:00:00,1.3316,1.33227,1.32936,1.3301,29808.0
2026-09-23 09:00:00,1.33011,1.33026,1.32635,1.3276,34686.0
2026-09-23 13:00:00,1.3276,1.32891,1.32301,1.32334,56586.0
2026-09-23 17:00:00,1.32332,1.32546,1.32236,1.32405,29376.0
2026-09-23 21:00:00,1.3243,1.32474,1.32231,1.32293,16229.0
2026-09-24 01:00:00,1.32294,1.32448,1.32246,1.32418,32319.0
2026-09-24 05:00:00,1.3242,1.32562,1.32306,1.32374,43926.0
2026-09-24 09:00:00,1.32376,1.3242,1.32146,1.32318,43568.0
2026-09-24 13:00:00,1.32316,1.32404,1.32097,1.32289,57487.0
2026-09-24 17:00:00,1.3229,1.32358,1.32043,1.32188,31469.0
2026-09-24 21:00:00,1.32156,1.32198,1.32091,1.32144,17631.0
2026-09-25 01:00:00,1.32144,1.32238,1.32102,1.32131,25346.0
2026-09-25 05:00:00,1.3213,1.32411,1.32122,1.32334,32521.0
2026-09-25 09:00:00,1.32333,1.32596,1.32308,1.32571,37988.0
2026-09-25 13:00:00,1.32573,1.32638,1.32293,1.32425,65771.0
2026-09-25 17:00:00,1.32428,1.32547,1.32403,1.32455,26704.0
2026-09-27 21:00:00,1.32338,1.32412,1.32238,1.32369,21157.0
2026-09-28 01:00:00,1.32368,1.32476,1.32333,1.32434,25751.0
2026-09-28 05:00:00,1.32434,1.32748,1.32316,1.32684,43390.0
2026-09-28 09:00:00,1.32685,1.32696,1.32489,1.32581,49341.0
2026-09-28 13:00:00,1.3258,1.32804,1.32405,1.32645,65424.0
2026-09-28 17:00:00,1.32644,1.32756,1.32494,1.32545,35038.0
2026-09-28 21:00:00,1.32576,1.32583,1.3243,1.32468,12812.0
2026-09-29 01:00:00,1.32468,1.32557,1.32338,1.32354,25946.0
2026-09-29 05:00:00,1.32355,1.32454,1.32274,1.32366,44168.0
2026-09-29 09:00:00,1.32366,1.32526,1.32212,1.32242,46638.0
2026-09-29 13:00:00,1.3224,1.32338,1.32022,1.32056,59459.0
2026-09-29 17:00:00,1.32056,1.32344,1.32048,1.32314,34146.0
2026-09-29 21:00:00,1.32298,1.3233,1.32249,1.3229,10889.0
2026-09-30 01:00:00,1.32291,1.32348,1.3223,1.32271,26900.0
2026-09-30 05:00:00,1.32272,1.32784,1.32267,1.32752,45875.0
2026-09-30 09:00:00,1.32752,1.33111,1.32665,1.3289,59753.0
2026-09-30 13:00:00,1.3289,1.32964,1.32563,1.32646,74673.0
2026-09-30 17:00:00,1.32646,1.32696,1.32558,1.32636,27292.0
2026-09-30 21:00:00,1.32664,1.32718,1.3261,1.32684,16011.0
2026-10-01 01:00:00,1.32684,1.32728,1.325,1.32506,23388.0
2026-10-01 05:00:00,1.32504,1.32514,1.3245,1.3246,5942.0
