timestamp,open,high,low,close,volume
2007-07-01 21:00:00,123.119,123.285,122.098,122.42,13632.0
2007-07-02 21:00:00,122.42,122.685,122.137,122.465,14377.0
2007-07-03 21:00:00,122.465,122.717,122.215,122.717,10075.0
2007-07-04 21:00:00,122.717,123.017,122.332,122.939,16834.0
2007-07-05 21:00:00,122.939,123.555,122.858,123.345,15668.0
2007-07-08 21:00:00,123.39,123.661,123.212,123.41,11138.0
2007-07-09 21:00:00,123.41,123.488,121.73,121.744,19700.0
2007-07-10 21:00:00,121.744,122.528,120.986,122.478,24296.0
2007-07-11 21:00:00,122.478,122.595,121.838,122.42,17521.0
2007-07-12 21:00:00,122.42,122.615,121.92,121.936,16420.0
2007-07-15 21:00:00,121.945,122.185,121.56,121.898,11883.0
2007-07-16 21:00:00,121.898,122.415,121.706,122.347,12200.0
2007-07-17 21:00:00,122.347,122.347,121.59,121.946,16508.0
2007-07-18 21:00:00,121.946,122.183,121.755,122.013,13578.0
2007-07-19 21:00:00,122.013,122.434,120.868,121.273,19272.0
2007-07-22 21:00:00,121.55,121.68,120.82,121.107,18912.0
2007-07-23 21:00:00,121.107,121.147,120.041,120.257,22573.0
2007-07-24 21:00:00,120.257,120.643,119.807,120.5,24982.0
2007-07-25 21:00:00,120.5,120.745,118.513,118.682,24176.0
2007-07-26 21:00:00,118.682,119.289,118.025,118.615,38012.0
2007-07-29 21:00:00,118.485,119.17,118.0,119.048,27920.0
2007-07-30 21:00:00,119.048,119.493,118.441,118.62,24946.0
2007-07-31 21:00:00,118.62,118.994,117.607,118.95,32271.0
2007-08-01 21:00:00,118.95,119.371,118.331,119.206,28463.0
2007-08-02 21:00:00,119.206,119.32,117.943,118.056,27617.0
2007-08-05 21:00:00,117.556,119.102,117.188,118.882,33327.0
2007-08-06 21:00:00,118.882,118.974,117.975,118.833,28114.0
2007-08-07 21:00:00,118.833,119.832,118.72,119.722,21455.0
2007-08-08 21:00:00,119.722,119.768,118.157,118.168,27990.0
2007-08-09 21:00:00,118.168,118.738,117.219,118.395,35325.0
2007-08-12 21:00:00,118.13,118.565,117.69,118.242,23867.0
2007-08-13 21:00:00,118.242,118.523,117.565,117.577,36475.0
2007-08-14 21:00:00,117.577,117.656,116.57,116.604,42666.0
2007-08-15 21:00:00,116.604,116.747,112.02,113.88,55605.0
2007-08-16 21:00:00,113.88,114.9,111.588,114.3,50066.0
2007-08-19 21:00:00,114.18,115.502,113.675,114.895,32561.0
2007-08-20 21:00:00,114.895,115.237,114.02,114.425,30451.0
2007-08-21 21:00:00,114.425,115.472,113.99,115.345,24939.0
2007-08-22 21:00:00,115.345,117.14,115.315,116.193,29810.0
2007-08-23 21:00:00,116.193,116.508,115.532,116.435,30724.0
2007-08-26 21:00:00,116.39,116.73,115.865,115.865,18739.0
2007-08-27 21:00:00,115.865,115.875,114.212,114.262,27602.0
2007-08-28 21:00:00,114.262,116.253,113.852,116.163,23122.0
2007-08-29 21:00:00,116.163,116.248,115.222,115.857,26358.0
2007-08-30 21:00:00,115.857,116.61,115.493,115.773,25358.0
2007-09-02 21:00:00,115.713,116.118,115.668,115.962,12303.0
2007-09-03 21:00:00,115.962,116.417,115.338,116.331,21064.0
2007-09-04 21:00:00,116.331,116.478,114.998,115.2905,25726.0
2007-09-05 21:00:00,115.2905,115.575,114.825,115.3755,24188.0
2007-09-06 21:00:00,115.3755,115.6755,113.14,113.38,26480.0
2007-09-09 21:00:00,113.065,114.001,112.63,113.7155,23036.0
2007-09-10 21:00:00,113.7155,114.372,113.379,114.267,20188.0
2007-09-11 21:00:00,114.267,114.382,113.788,114.255,19930.0
2007-09-12 21:00:00,114.255,115.486,114.11,115.085,24881.0
2007-09-13 21:00:00,115.085,115.4,114.357,115.363,32281.0
2007-09-16 21:00:00,115.245,115.375,114.665,115.117,21344.0
2007-09-17 21:00:00,115.117,116.395,114.793,116.088,22225.0
2007-09-18 21:00:00,116.088,116.314,115.663,116.093,24538.0
2007-09-19 21:00:00,116.093,116.093,113.999,114.738,24208.0
2007-09-20 21:00:00,114.738,115.854,114.545,115.503,24492.0
2007-09-23 21:00:00,115.405,115.421,114.664,114.875,15652.0
2007-09-24 21:00:00,114.875,114.99,114.0375,114.773,21604.0
2007-09-25 21:00:00,114.773,115.739,114.531,115.545,21600.0
2007-09-26 21:00:00,115.545,115.889,115.113,115.639,24136.0
2007-09-27 21:00:00,115.639,115.653,114.68,114.809,24019.0
2007-09-30 21:00:00,114.77,116.0775,114.74,115.74,19432.0
2007-10-01 21:00:00,115.74,115.99,115.285,115.738,19566.0
2007-10-02 21:00:00,115.738,116.773,115.56,116.742,19432.0
2007-10-03 21:00:00,116.742,116.768,116.277,116.46,16873.0
2007-10-04 21:00:00,116.46,117.275,116.35,116.988,18335.0
2007-10-07 21:00:00,116.985,117.605,116.935,117.407,14364.0
2007-10-08 21:00:00,117.407,117.491,116.813,117.131,24172.0
2007-10-09 21:00:00,117.131,117.535,116.953,117.255,19378.0
2007-10-10 21:00:00,117.255,117.782,117.007,117.287,22119.0
2007-10-11 21:00:00,117.287,117.685,117.137,117.609,22690.0
2007-10-14 21:00:00,117.545,117.939,117.108,117.391,19948.0
2007-10-15 21:00:00,117.391,117.466,116.444,116.925,26295.0
2007-10-16 21:00:00,116.925,117.196,116.176,116.68,29626.0
2007-10-17 21:00:00,116.68,116.7,115.293,115.63,29179.0
2007-10-18 21:00:00,115.63,115.727,114.513,114.513,27920.0
2007-10-21 21:00:00,114.12,114.631,113.25,114.55,37973.0
2007-10-22 21:00:00,114.55,115.038,114.175,114.772,38596.0
2007-10-23 21:00:00,114.772,114.969,113.815,114.256,37298.0
2007-10-24 21:00:00,114.256,114.576,113.771,114.179,44667.0
2007-10-25 21:00:00,114.179,114.579,113.922,114.175,27736.0
2007-10-28 21:00:00,114.143,114.911,114.028,114.658,20295.0
2007-10-29 21:00:00,114.658,115.012,114.382,114.636,22182.0
2007-10-30 21:00:00,114.636,115.502,114.535,115.439,23197.0
2007-10-31 21:00:00,115.439,115.923,114.495,114.664,28995.0
2007-11-01 21:00:00,114.664,115.4175,114.375,114.844,33003.0
2007-11-04 22:00:00,114.769,114.815,114.022,114.55,26789.0
2007-11-05 22:00:00,114.55,114.786,114.274,114.724,25144.0
2007-11-06 22:00:00,114.724,114.779,112.603,112.623,35010.0
2007-11-07 22:00:00,112.623,113.377,112.1,112.598,41161.0
2007-11-08 22:00:00,112.598,112.875,110.5,110.686,37601.0
2007-11-11 22:00:00,110.225,110.775,109.132,109.412,44452.0
2007-11-12 22:00:00,109.412,110.98,109.227,110.898,36431.0
2007-11-13 22:00:00,110.898,111.751,110.761,111.325,36877.0
2007-11-14 22:00:00,111.325,111.683,110.206,110.3,48398.0
2007-11-15 22:00:00,110.3,111.338,109.79,111.095,38506.0
2007-11-18 22:00:00,110.873,111.079,109.75,109.765,40406.0
2007-11-19 22:00:00,109.765,110.588,109.505,109.97,52778.0
2007-11-20 22:00:00,109.97,109.98,108.257,108.43,47505.0
2007-11-21 22:00:00,108.43,109.185,108.308,108.4465,23230.0
2007-11-22 22:00:00,108.4465,108.616,107.564,108.285,32434.0
2007-11-25 22:00:00,108.405,108.79,107.232,107.418,38610.0
2007-11-26 22:00:00,107.418,109.157,107.29,108.971,48479.0
2007-11-27 22:00:00,108.971,110.482,108.265,110.025,42183.0
2007-11-28 22:00:00,110.025,110.311,109.477,109.938,41877.0
2007-11-29 22:00:00,109.938,111.255,109.656,111.255,39475.0
2007-12-02 22:00:00,111.045,111.045,110.137,110.467,29813.0
2007-12-03 22:00:00,110.467,110.546,109.568,109.865,35952.0
2007-12-04 22:00:00,109.865,110.955,109.705,110.893,25223.0
2007-12-05 22:00:00,110.893,111.463,110.627,111.318,33571.0
2007-12-06 22:00:00,111.318,111.789,111.163,111.68,26675.0
2007-12-09 22:00:00,111.433,111.884,111.347,111.699,18227.0
2007-12-10 22:00:00,111.699,112.144,110.485,110.66,31955.0
2007-12-11 22:00:00,110.66,112.471,110.63,112.238,40468.0
2007-12-12 22:00:00,112.238,112.451,111.412,112.224,35387.0
2007-12-13 22:00:00,112.224,113.593,112.214,113.272,30070.0
2007-12-16 22:00:00,113.485,113.515,112.825,112.94,31006.0
2007-12-17 22:00:00,112.94,113.535,112.746,113.4,28837.0
2007-12-18 22:00:00,113.4,113.498,112.747,113.432,31065.0
2007-12-19 22:00:00,113.432,113.434,112.799,113.134,28832.0
2007-12-20 22:00:00,113.134,114.22,112.948,114.038,26201.0
2007-12-23 22:00:00,114.13,114.505,113.986,114.29,10242.0
2007-12-24 22:00:00,114.29,114.332,113.94,114.18,2716.0
2007-12-25 22:00:00,114.18,114.395,113.903,114.3435,13566.0
2007-12-26 22:00:00,114.3435,114.665,113.573,113.73,28107.0
2007-12-27 22:00:00,113.73,114.024,112.289,112.289,37254.0
2007-12-30 22:00:00,112.544,112.681,111.334,111.713,17805.0
2007-12-31 22:00:00,111.713,111.713,111.469,111.66,605.0
2008-01-01 22:00:00,111.66,112.135,109.205,109.655,27820.0
2008-01-02 22:00:00,109.655,109.758,108.243,109.327,35284.0
2008-01-03 22:00:00,109.327,109.592,107.904,108.609,37154.0
2008-01-06 22:00:00,108.512,109.737,108.512,109.18,34891.0
2008-01-07 22:00:00,109.18,109.834,108.863,108.895,30222.0
2008-01-08 22:00:00,108.895,110.133,108.797,110.04,40933.0
2008-01-09 22:00:00,110.04,110.103,109.117,109.341,42076.0
2008-01-10 22:00:00,109.341,109.709,108.638,108.853,39871.0
2008-01-13 22:00:00,108.63,108.965,107.38,108.161,28514.0
2008-01-14 22:00:00,108.161,108.355,106.62,106.781,36442.0
2008-01-15 22:00:00,106.781,107.935,105.919,107.643,47455.0
2008-01-16 22:00:00,107.643,107.879,106.541,106.551,43961.0
2008-01-17 22:00:00,106.551,107.595,106.36,106.871,33046.0
2008-01-20 22:00:00,106.715,106.98,105.678,105.978,32054.0
2008-01-21 22:00:00,105.978,107.048,105.617,106.43,43589.0
2008-01-22 22:00:00,106.43,107.383,104.966,106.712,54116.0
2008-01-23 22:00:00,106.712,107.187,105.941,107.175,49459.0
2008-01-24 22:00:00,107.175,107.892,106.717,106.717,41894.0
2008-01-27 22:00:00,106.772,107.039,106.002,106.892,43198.0
2008-01-28 22:00:00,106.892,107.242,106.39,107.112,26259.0
2008-01-29 22:00:00,107.112,107.467,106.212,106.258,37489.0
2008-01-30 22:00:00,106.258,106.874,105.72,106.425,53516.0
2008-01-31 22:00:00,106.425,106.73,105.7685,106.485,42348.0
2008-02-03 22:00:00,106.535,107.09,106.51,106.715,32377.0
2008-02-04 22:00:00,106.715,107.742,106.59,106.818,40591.0
2008-02-05 22:00:00,106.818,106.868,106.185,106.536,41780.0
2008-02-06 22:00:00,106.536,107.819,105.915,107.485,43798.0
2008-02-07 22:00:00,107.485,107.727,107.15,107.33,36252.0
2008-02-10 22:00:00,107.335,107.656,106.341,106.963,32333.0
2008-02-11 22:00:00,106.963,107.526,106.771,107.306,36876.0
2008-02-12 22:00:00,107.306,108.373,106.991,108.328,35580.0
2008-02-13 22:00:00,108.328,108.6,107.769,107.867,27768.0
2008-02-14 22:00:00,107.867,108.313,107.269,107.82,34238.0
2008-02-17 22:00:00,107.8,108.322,107.715,108.227,18931.0
2008-02-18 22:00:00,108.227,108.287,107.216,107.772,30438.0
2008-02-19 22:00:00,107.772,108.37,107.473,108.116,36889.0
2008-02-20 22:00:00,108.116,108.322,107.153,107.403,30868.0
2008-02-21 22:00:00,107.403,107.573,106.733,107.177,29330.0
2008-02-24 22:00:00,107.315,108.22,107.17,108.066,29533.0
2008-02-25 22:00:00,108.066,108.146,107.187,107.273,27809.0
2008-02-26 22:00:00,107.273,107.398,105.9615,106.487,37767.0
2008-02-27 22:00:00,106.487,106.643,105.074,105.369,35308.0
2008-02-28 22:00:00,105.369,105.382,103.693,103.731,40392.0
2008-03-02 22:00:00,103.61,103.717,102.618,103.494,37458.0
2008-03-03 22:00:00,103.494,103.592,102.659,103.367,35447.0
2008-03-04 22:00:00,103.367,104.189,103.291,104.012,32559.0
2008-03-05 22:00:00,104.012,104.015,102.556,102.674,35191.0
2008-03-06 22:00:00,102.674,103.27,101.449,102.675,39494.0
2008-03-09 21:00:00,102.518,102.536,101.56,101.759,33837.0
2008-03-10 21:00:00,101.759,103.592,101.429,103.417,48134.0
2008-03-11 21:00:00,103.417,103.532,101.645,101.811,44378.0
2008-03-12 21:00:00,101.811,101.811,99.751,100.648,59280.0
2008-03-13 21:00:00,100.648,101.155,98.902,99.087,57305.0
2008-03-16 21:00:00,99.11,99.11,95.74,97.33,65728.0
2008-03-17 21:00:00,97.33,99.98,96.86,99.86,50562.0
2008-03-18 21:00:00,99.86,100.4455,97.677,99.038,56373.0
2008-03-19 21:00:00,99.038,100.21,98.453,99.518,37310.0
2008-03-20 21:00:00,99.518,99.74,99.003,99.565,12572.0
2008-03-23 21:00:00,99.415,100.895,99.32,100.74,24605.0
2008-03-24 21:00:00,100.74,101.04,99.625,99.974,37085.0
2008-03-25 21:00:00,99.974,100.341,98.875,99.207,36715.0
2008-03-26 21:00:00,99.207,100.166,98.562,99.67,45453.0
2008-03-27 21:00:00,99.67,100.397,99.112,99.24,39148.0
2008-03-30 21:00:00,99.142,100.2,98.832,99.697,38603.0
2008-03-31 21:00:00,99.697,102.159,99.584,101.841,39552.0
2008-04-01 21:00:00,101.841,102.831,101.513,102.36,50026.0
2008-04-02 21:00:00,102.36,102.946,102.066,102.251,41969.0
2008-04-03 21:00:00,102.251,102.684,101.461,101.473,37322.0
2008-04-06 21:00:00,101.525,102.861,101.5,102.407,32079.0
2008-04-07 21:00:00,102.407,102.684,101.758,102.669,38505.0
2008-04-08 21:00:00,102.669,102.847,101.509,101.81,32287.0
2008-04-09 21:00:00,101.81,102.042,100.027,101.94,43257.0
2008-04-10 21:00:00,101.94,102.285,100.649,101.013,40066.0
2008-04-13 21:00:00,101.425,101.51,100.308,101.099,38231.0
2008-04-14 21:00:00,101.099,101.837,100.796,101.832,36660.0
2008-04-15 21:00:00,101.832,101.937,100.829,101.828,38227.0
2008-04-16 21:00:00,101.828,102.725,101.702,102.471,40676.0
2008-04-17 21:00:00,102.471,104.652,102.254,103.677,39469.0
2008-04-20 21:00:00,103.877,104.067,102.986,103.269,35920.0
2008-04-21 21:00:00,103.269,103.55,102.68,103.027,42510.0
2008-04-22 21:00:00,103.027,103.787,102.748,103.381,35129.0
2008-04-23 21:00:00,103.381,104.54,103.314,104.236,41778.0
2008-04-24 21:00:00,104.236,104.825,103.9,104.427,38105.0
2008-04-27 21:00:00,104.462,104.812,104.083,104.182,30336.0
2008-04-28 21:00:00,104.182,104.368,103.217,104.016,33945.0
2008-04-29 21:00:00,104.016,104.902,103.689,103.88,36307.0
2008-04-30 21:00:00,103.88,104.593,103.545,104.425,29796.0
2008-05-01 21:00:00,104.425,105.7015,104.333,105.394,38502.0
2008-05-04 21:00:00,105.217,105.623,104.74,104.855,22300.0
2008-05-05 21:00:00,104.855,105.128,104.025,104.77,33284.0
2008-05-06 21:00:00,104.77,105.585,104.61,104.73,34157.0
2008-05-07 21:00:00,104.73,104.968,103.407,103.738,46654.0
2008-05-08 21:00:00,103.738,103.968,102.612,102.859,37186.0
2008-05-11 21:00:00,103.048,104.032,102.573,103.75,37108.0
2008-05-12 21:00:00,103.75,104.917,103.386,104.748,40725.0
2008-05-13 21:00:00,104.748,105.442,104.572,105.047,35959.0
2008-05-14 21:00:00,105.047,105.296,104.433,104.745,35193.0
2008-05-15 21:00:00,104.745,105.104,103.53,104.054,36811.0
2008-05-18 21:00:00,104.038,104.694,103.627,104.33,35835.0
2008-05-19 21:00:00,104.33,104.482,103.46,103.674,42839.0
2008-05-20 21:00:00,103.674,103.695,102.965,103.055,35814.0
2008-05-21 21:00:00,103.055,104.387,102.736,104.067,40185.0
2008-05-22 21:00:00,104.067,104.26,103.071,103.387,30184.0
2008-05-25 21:00:00,103.281,103.495,103.141,103.425,12274.0
2008-05-26 21:00:00,103.425,104.351,103.265,104.25,30307.0
2008-05-27 21:00:00,104.25,105.307,103.9,104.695,34331.0
2008-05-28 21:00:00,104.695,105.87,104.605,105.503,32729.0
2008-05-29 21:00:00,105.503,105.737,105.238,105.517,32410.0
2008-06-01 21:00:00,105.145,105.56,104.028,104.43,33877.0
2008-06-02 21:00:00,104.43,105.553,103.875,105.084,38407.0
2008-06-03 21:00:00,105.084,105.361,104.539,105.232,36962.0
2008-06-04 21:00:00,105.232,106.432,105.205,105.943,35878.0
2008-06-05 21:00:00,105.943,106.3395,104.914,104.931,38023.0
2008-06-08 21:00:00,104.67,106.358,104.425,106.304,38417.0
2008-06-09 21:00:00,106.304,107.453,106.238,107.448,38764.0
2008-06-10 21:00:00,107.448,107.758,106.565,106.975,38063.0
2008-06-11 21:00:00,106.975,108.09,106.799,107.965,35716.0
2008-06-12 21:00:00,107.965,108.3945,107.655,108.192,38544.0
2008-06-15 21:00:00,108.03,108.591,107.925,108.221,30590.0
2008-06-16 21:00:00,108.221,108.398,107.603,107.931,33139.0
2008-06-17 21:00:00,107.931,108.434,107.721,107.886,34009.0
2008-06-18 21:00:00,107.886,108.067,107.425,108.008,40999.0
2008-06-19 21:00:00,108.008,108.068,107.129,107.339,33639.0
2008-06-22 21:00:00,107.105,108.073,107.085,107.854,34294.0
2008-06-23 21:00:00,107.854,108.215,107.359,107.817,32628.0
2008-06-24 21:00:00,107.817,108.4105,107.663,107.79,29522.0
2008-06-25 21:00:00,107.79,108.191,106.612,106.814,30629.0
2008-06-26 21:00:00,106.814,107.216,105.868,106.143,41581.0
2008-06-29 21:00:00,106.198,106.471,104.987,106.213,33486.0
2008-06-30 21:00:00,106.213,106.385,105.233,106.13,35783.0
2008-07-01 21:00:00,106.13,106.768,105.783,105.896,33065.0
2008-07-02 21:00:00,105.896,106.935,105.775,106.7285,33207.0
2008-07-03 21:00:00,106.7285,106.884,106.602,106.805,21588.0
2008-07-06 21:00:00,106.755,107.755,106.662,107.181,37364.0
2008-07-07 21:00:00,107.181,107.545,106.253,107.504,41179.0
2008-07-08 21:00:00,107.504,107.667,106.691,106.762,41125.0
2008-07-09 21:00:00,106.762,107.44,106.7,107.074,38629.0
2008-07-10 21:00:00,107.074,107.302,105.655,106.275,40942.0
2008-07-13 21:00:00,106.031,106.812,106.03,106.144,43363.0
2008-07-14 21:00:00,106.144,106.278,104.1225,104.73,52675.0
2008-07-15 21:00:00,104.73,105.188,103.777,105.126,47440.0
2008-07-16 21:00:00,105.126,107.095,104.757,106.285,45071.0
2008-07-17 21:00:00,106.285,106.985,105.973,106.961,40231.0
2008-07-20 21:00:00,106.903,107.157,106.374,106.46,32025.0
2008-07-21 21:00:00,106.46,107.445,106.06,107.32,39493.0
2008-07-22 21:00:00,107.32,107.961,107.172,107.894,42534.0
2008-07-23 21:00:00,107.894,107.983,107.19,107.32,42428.0
2008-07-24 21:00:00,107.32,107.947,106.58,107.838,44335.0
2008-07-27 21:00:00,107.778,108.08,107.347,107.461,40239.0
2008-07-28 21:00:00,107.461,108.293,107.296,108.11,39940.0
2008-07-29 21:00:00,108.11,108.331,107.706,108.136,41198.0
2008-07-30 21:00:00,108.136,108.375,107.571,107.912,38726.0
2008-07-31 21:00:00,107.912,107.931,107.279,107.685,43950.0
2008-08-03 21:00:00,107.702,108.306,107.455,108.272,40351.0
2008-08-04 21:00:00,108.272,108.412,107.67,108.344,46957.0
2008-08-05 21:00:00,108.344,109.884,108.22,109.79,48708.0
2008-08-06 21:00:00,109.79,109.81,109.138,109.438,45288.0
2008-08-07 21:00:00,109.438,110.367,109.309,110.167,50761.0
2008-08-10 21:00:00,110.297,110.399,109.542,110.059,48117.0
2008-08-11 21:00:00,110.059,110.355,109.25,109.28,44456.0
2008-08-12 21:00:00,109.28,109.748,108.37,109.528,51963.0
2008-08-13 21:00:00,109.528,109.98,109.028,109.727,41651.0
2008-08-14 21:00:00,109.727,110.663,109.628,110.522,38947.0
2008-08-17 21:00:00,110.545,110.575,109.962,110.128,38330.0
2008-08-18 21:00:00,110.128,110.33,109.561,109.724,41376.0
2008-08-19 21:00:00,109.724,110.279,109.606,109.858,33606.0
2008-08-20 21:00:00,109.858,109.875,108.131,108.436,40568.0
2008-08-21 21:00:00,108.436,110.148,108.349,110.062,37104.0
2008-08-24 21:00:00,110.083,110.293,109.023,109.307,28192.0
2008-08-25 21:00:00,109.307,109.94,109.15,109.602,51197.0
2008-08-26 21:00:00,109.602,109.8915,108.706,109.4845,41144.0
2008-08-27 21:00:00,109.4845,109.723,108.7875,109.4925,43939.0
2008-08-28 21:00:00,109.4925,109.5835,108.433,108.812,37785.0
2008-08-31 21:00:00,108.436,108.675,107.622,108.1445,32174.0
2008-09-01 21:00:00,108.1445,109.182,107.7795,108.607,43785.0
2008-09-02 21:00:00,108.607,109.091,108.107,108.29,45340.0
2008-09-03 21:00:00,108.29,108.572,106.978,107.075,47812.0
2008-09-04 21:00:00,107.075,107.747,105.532,107.742,61995.0
2008-09-07 21:00:00,108.7,109.078,107.753,108.278,65025.0
2008-09-08 21:00:00,108.278,108.47,106.661,106.801,62987.0
2008-09-09 21:00:00,106.801,107.945,106.603,107.7015,57904.0
2008-09-10 21:00:00,107.7015,107.8805,106.057,107.173,69855.0
2008-09-11 21:00:00,107.173,107.987,106.726,107.945,69900.0
2008-09-14 21:00:00,105.515,106.935,104.5375,104.677,69777.0
2008-09-15 21:00:00,104.677,106.382,103.55,105.65,75323.0
2008-09-16 21:00:00,105.65,106.7105,104.386,104.658,90928.0
2008-09-17 21:00:00,104.658,105.8055,103.9975,105.453,75627.0
2008-09-18 21:00:00,105.453,108.048,105.408,107.452,53368.0
2008-09-21 21:00:00,106.84,107.166,105.155,105.51,71926.0
2008-09-22 21:00:00,105.51,106.079,105.165,105.558,57300.0
2008-09-23 21:00:00,105.558,106.352,105.3505,106.113,53354.0
2008-09-24 21:00:00,106.113,107.0035,105.475,106.55,69192.0
2008-09-25 21:00:00,106.55,106.55,105.037,106.01,63737.0
2008-09-28 21:00:00,106.078,106.97,104.0115,104.17,71206.0
2008-09-29 21:00:00,104.17,106.491,103.495,106.115,61798.0
2008-09-30 21:00:00,106.115,106.537,105.3405,105.715,65273.0
2008-10-01 21:00:00,105.715,106.29,105.083,105.3275,73863.0
2008-10-02 21:00:00,105.3275,106.163,104.494,105.32,80270.0
2008-10-05 21:00:00,104.935,105.179,100.234,101.83,82067.0
2008-10-06 21:00:00,101.83,103.3,101.0795,101.48,90402.0
2008-10-07 21:00:00,101.48,101.755,98.608,99.145,90868.0
2008-10-08 21:00:00,99.145,101.493,98.914,99.828,83470.0
2008-10-09 21:00:00,99.828,100.727,97.899,100.67,89005.0
2008-10-12 21:00:00,100.76,102.172,99.555,102.012,69007.0
2008-10-13 21:00:00,102.012,103.062,101.5125,102.081,79769.0
2008-10-14 21:00:00,102.081,102.261,99.8655,99.9505,81707.0
2008-10-15 21:00:00,99.9505,101.73,99.265,101.575,119516.0
2008-10-16 21:00:00,101.575,101.83,100.5995,101.677,73860.0
2008-10-19 21:00:00,101.585,102.418,101.349,101.885,71779.0
2008-10-20 21:00:00,101.885,102.17,100.085,100.14,63133.0
2008-10-21 21:00:00,100.14,100.57,97.2275,97.665,108750.0
2008-10-22 21:00:00,97.665,98.324,95.941,97.362,107647.0
2008-10-23 21:00:00,97.362,98.068,90.903,94.305,102324.0
2008-10-26 21:00:00,93.633,94.485,91.945,92.78,82594.0
2008-10-27 21:00:00,92.78,98.455,92.47,98.025,88697.0
2008-10-28 21:00:00,98.025,99.705,96.07,97.389,99084.0
2008-10-29 21:00:00,97.389,99.147,97.229,98.61,80555.0
2008-10-30 21:00:00,98.61,99.1255,96.353,98.487,74781.0
2008-11-02 22:00:00,98.645,99.645,98.215,99.12,55945.0
2008-11-03 22:00:00,99.12,100.559,98.37,99.711,69508.0
2008-11-04 22:00:00,99.711,99.926,97.885,97.95,73729.0
2008-11-05 22:00:00,97.95,98.687,97.4985,97.752,87108.0
2008-11-06 22:00:00,97.752,98.6925,96.757,98.24,81946.0
2008-11-09 22:00:00,99.33,99.487,97.607,98.01,70070.0
2008-11-10 22:00:00,98.01,98.3,97.3135,97.651,64323.0
2008-11-11 22:00:00,97.651,98.08,94.482,95.02,82339.0
2008-11-12 22:00:00,95.02,98.2815,94.518,97.721,114489.0
2008-11-13 22:00:00,97.721,98.105,96.089,97.07,100605.0
2008-11-16 22:00:00,95.933,97.5535,95.873,96.4275,90401.0
2008-11-17 22:00:00,96.4275,97.4095,96.017,97.025,88959.0
2008-11-18 22:00:00,97.025,97.157,95.663,95.736,62839.0
2008-11-19 22:00:00,95.736,96.246,93.561,93.7,85724.0
2008-11-20 22:00:00,93.7,95.979,93.635,95.96,99524.0
2008-11-23 22:00:00,95.847,97.36,94.931,97.337,87968.0
2008-11-24 22:00:00,97.337,97.432,94.9365,95.239,73647.0
2008-11-25 22:00:00,95.239,95.961,94.595,95.6715,66737.0
2008-11-26 22:00:00,95.6715,95.7245,95.0005,95.15,33131.0
2008-11-27 22:00:00,95.15,95.758,95.113,95.525,35619.0
2008-11-30 22:00:00,95.49,95.58,93.053,93.192,61645.0
2008-12-01 22:00:00,93.192,93.8255,92.6305,93.182,69456.0
2008-12-02 22:00:00,93.182,93.6405,92.5335,93.3,67569.0
2008-12-03 22:00:00,93.3,93.46,92.072,92.233,64606.0
2008-12-04 22:00:00,92.233,93.3935,91.577,92.833,48676.0
2008-12-07 22:00:00,92.855,93.9175,92.575,92.8105,74242.0
2008-12-08 22:00:00,92.8105,93.075,91.943,92.15,69958.0
2008-12-09 22:00:00,92.15,93.03,92.057,92.754,79374.0
2008-12-10 22:00:00,92.754,92.899,91.1675,91.465,95725.0
2008-12-11 22:00:00,91.465,91.8725,88.17,91.187,110511.0
2008-12-14 22:00:00,91.35,91.371,90.2455,90.645,50999.0
2008-12-15 22:00:00,90.645,90.73,88.638,89.055,43166.0
2008-12-16 22:00:00,89.055,89.23,87.1265,87.2355,57542.0
2008-12-17 22:00:00,87.2355,90.038,87.1835,89.44,62074.0
2008-12-18 22:00:00,89.44,89.856,88.412,89.31,54474.0
2008-12-21 22:00:00,89.12,90.499,89.11,90.2355,42878.0
2008-12-22 22:00:00,90.2355,90.9935,89.885,90.9855,26912.0
2008-12-23 22:00:00,90.9855,90.9905,90.245,90.465,21244.0
2008-12-24 22:00:00,90.465,90.641,90.265,90.35,2003.0
2008-12-25 22:00:00,90.35,90.8355,90.326,90.81,14553.0
2008-12-28 22:00:00,90.724,90.76,89.7585,90.68,48484.0
2008-12-29 22:00:00,90.68,90.9865,90.0155,90.325,34607.0
2008-12-30 22:00:00,90.325,90.94,90.13,90.612,23114.0
2008-12-31 22:00:00,90.612,90.85,90.605,90.75,109.0
2009-01-01 22:00:00,90.75,92.4355,90.588,91.828,18973.0
2009-01-04 22:00:00,91.935,93.589,91.8055,93.42,41938.0
2009-01-05 22:00:00,93.42,94.637,92.8385,93.6465,48101.0
2009-01-06 22:00:00,93.6465,94.1575,92.338,92.6505,50950.0
2009-01-07 22:00:00,92.6505,92.9315,90.827,91.2025,63878.0
2009-01-08 22:00:00,91.2025,91.666,90.1555,90.388,54692.0
2009-01-11 22:00:00,90.133,90.261,88.884,89.2165,60302.0
2009-01-12 22:00:00,89.2165,89.8805,88.7805,89.379,71669.0
2009-01-13 22:00:00,89.379,89.961,88.6135,89.0585,74552.0
2009-01-14 22:00:00,89.0585,90.0215,88.4805,89.8405,106790.0
2009-01-15 22:00:00,89.8405,90.913,89.7415,90.74,85550.0
2009-01-18 22:00:00,90.98,91.305,90.1465,90.647,48624.0
2009-01-19 22:00:00,90.647,90.9785,89.6875,89.7625,57312.0
2009-01-20 22:00:00,89.7625,90.1705,87.1045,89.4885,104004.0
2009-01-21 22:00:00,89.4885,89.556,88.063,88.918,97732.0
2009-01-22 22:00:00,88.918,89.6355,87.9815,88.778,79686.0
2009-01-25 22:00:00,88.748,89.6985,88.263,89.094,49672.0
2009-01-26 22:00:00,89.094,90.0795,88.434,88.9525,63789.0
2009-01-27 22:00:00,88.9525,90.772,88.8895,90.294,47642.0
2009-01-28 22:00:00,90.294,90.6555,89.47,90.036,42344.0
2009-01-29 22:00:00,90.036,90.155,89.1795,89.932,54744.0
2009-02-01 22:00:00,90.019,90.019,88.8025,89.447,42218.0
2009-02-02 22:00:00,89.447,89.988,88.594,89.442,49586.0
2009-02-03 22:00:00,89.442,89.785,88.816,89.433,77711.0
2009-02-04 22:00:00,89.433,92.2535,89.2015,91.229,87261.0
2009-02-05 22:00:00,91.229,92.213,90.729,91.892,76943.0
2009-02-08 22:00:00,91.782,92.417,90.8865,91.456,61140.0
2009-02-09 22:00:00,91.456,91.6705,90.128,90.475,55980.0
2009-02-10 22:00:00,90.475,90.7625,89.7055,90.3945,42004.0
2009-02-11 22:00:00,90.3945,91.125,89.813,90.942,71463.0
2009-02-12 22:00:00,90.942,92.153,90.535,91.858,67776.0
2009-02-15 22:00:00,91.723,92.0705,91.423,91.743,34026.0
2009-02-16 22:00:00,91.743,92.7555,91.5595,92.4095,69688.0
2009-02-17 22:00:00,92.4095,93.9595,92.0925,93.781,56903.0
2009-02-18 22:00:00,93.781,94.47,93.2995,94.193,64253.0
2009-02-19 22:00:00,94.193,94.3835,92.515,93.342,58669.0
2009-02-22 22:00:00,93.425,94.9555,92.761,94.612,61981.0
2009-02-23 22:00:00,94.612,96.934,94.267,96.645,66992.0
2009-02-24 22:00:00,96.645,97.788,96.353,97.3955,57417.0
2009-02-25 22:00:00,97.3955,98.7205,97.32,98.5155,51780.0
2009-02-26 22:00:00,98.5155,98.6155,96.862,97.59,75431.0
2009-03-01 22:00:00,97.742,97.908,96.9275,97.4455,59691.0
2009-03-02 22:00:00,97.4455,98.5945,96.9925,98.1685,57594.0
2009-03-03 22:00:00,98.1685,99.484,98.1235,99.1565,64574.0
2009-03-04 22:00:00,99.1565,99.6875,97.72,98.0645,53434.0
2009-03-05 22:00:00,98.0645,98.51,96.574,98.251,72417.0
2009-03-08 21:00:00,98.369,99.1995,97.902,98.848,58659.0
2009-03-09 21:00:00,98.848,99.143,97.908,98.669,53419.0
2009-03-10 21:00:00,98.669,98.8555,97.057,97.2775,59192.0
2009-03-11 21:00:00,97.2775,98.5375,95.6705,97.721,87150.0
2009-03-12 21:00:00,97.721,98.669,97.141,97.963,55576.0
2009-03-15 21:00:00,98.15,98.6505,97.61,98.18,59987.0
2009-03-16 21:00:00,98.18,98.978,98.06,98.5835,50255.0
2009-03-17 21:00:00,98.5835,98.853,95.7015,96.26,52737.0
2009-03-18 21:00:00,96.26,96.6185,93.5555,94.5105,107363.0
2009-03-19 21:00:00,94.5105,96.2665,94.1485,95.945,59535.0
2009-03-22 21:00:00,95.655,97.3475,95.455,96.9595,64814.0
2009-03-23 21:00:00,96.9595,98.58,96.9205,97.8685,79424.0
2009-03-24 21:00:00,97.8685,98.3625,96.913,97.5455,64327.0
2009-03-25 21:00:00,97.5455,98.8735,97.4505,98.7235,79558.0
2009-03-26 21:00:00,98.7235,98.8685,97.097,97.871,55467.0
2009-03-29 21:00:00,98.05,98.3295,95.949,97.2555,74116.0
2009-03-30 21:00:00,97.2555,99.373,97.2155,98.9555,59036.0
2009-03-31 21:00:00,98.9555,99.481,98.212,98.519,67254.0
2009-04-01 21:00:00,98.519,99.9075,98.389,99.527,89069.0
2009-04-02 21:00:00,99.527,100.372,99.3395,100.314,59206.0
2009-04-05 21:00:00,100.156,101.4505,100.154,100.995,63683.0
2009-04-06 21:00:00,100.995,101.121,99.855,100.4125,70573.0
2009-04-07 21:00:00,100.4125,100.877,99.3125,99.742,100358.0
2009-04-08 21:00:00,99.742,100.581,99.633,100.42,58219.0
2009-04-09 21:00:00,100.42,100.7425,100.205,100.25,20576.0
2009-04-12 21:00:00,100.353,100.735,99.852,100.093,23148.0
2009-04-13 21:00:00,100.093,100.4275,98.7485,98.9855,61556.0
2009-04-14 21:00:00,98.9855,99.664,98.143,99.377,84253.0
2009-04-15 21:00:00,99.377,99.5225,98.515,99.269,66752.0
2009-04-16 21:00:00,99.269,99.762,98.707,99.161,52551.0
2009-04-19 21:00:00,99.216,99.41,97.659,97.8875,74236.0
2009-04-20 21:00:00,97.8875,98.926,97.72,98.73,73449.0
2009-04-21 21:00:00,98.73,98.75,97.558,98.0155,79359.0
2009-04-22 21:00:00,98.0155,98.449,97.6315,97.948,67408.0
2009-04-23 21:00:00,97.948,98.15,96.6355,97.168,74855.0
2009-04-26 21:00:00,96.809,97.119,96.4355,96.772,54976.0
2009-04-27 21:00:00,96.772,96.801,95.6285,96.4475,82285.0
2009-04-28 21:00:00,96.4475,97.9865,96.3825,97.6555,69328.0
2009-04-29 21:00:00,97.6555,98.9935,97.145,98.63,92279.0
2009-04-30 21:00:00,98.63,99.585,98.525,99.114,62716.0
2009-05-03 21:00:00,99.251,99.5765,98.7245,98.7905,44168.0
2009-05-04 21:00:00,98.7905,99.217,98.6105,98.8125,69279.0
2009-05-05 21:00:00,98.8125,99.0875,97.926,98.3205,87009.0
2009-05-06 21:00:00,98.3205,99.767,98.2615,99.111,93147.0
2009-05-07 21:00:00,99.111,99.592,98.333,98.462,77871.0
2009-05-10 21:00:00,98.645,98.8465,97.259,97.4855,72067.0
2009-05-11 21:00:00,97.4855,97.842,96.116,96.448,76480.0
2009-05-12 21:00:00,96.448,96.6955,95.141,95.307,101600.0
2009-05-13 21:00:00,95.307,95.865,95.1165,95.802,88921.0
2009-05-14 21:00:00,95.802,96.176,94.7355,95.208,62835.0
2009-05-17 21:00:00,94.896,96.472,94.5505,96.3055,60161.0
2009-05-18 21:00:00,96.3055,96.709,95.912,95.963,79700.0
2009-05-19 21:00:00,95.963,96.224,94.701,94.8905,77479.0
2009-05-20 21:00:00,94.8905,95.275,93.968,94.4105,72703.0
2009-05-21 21:00:00,94.4105,94.9185,93.858,94.788,60576.0
2009-05-24 21:00:00,94.65,95.216,94.428,94.8275,32112.0
2009-05-25 21:00:00,94.8275,95.1475,94.5105,95.026,51020.0
2009-05-26 21:00:00,95.026,95.503,94.655,95.3435,71725.0
2009-05-27 21:00:00,95.3435,97.243,95.2195,96.8725,97475.0
2009-05-28 21:00:00,96.8725,97.014,95.018,95.35,74999.0
2009-05-31 21:00:00,95.159,96.809,94.4475,96.5515,66600.0
2009-06-01 21:00:00,96.5515,96.6575,95.3335,95.7695,80441.0
2009-06-02 21:00:00,95.7695,96.4235,95.3805,95.9875,73256.0
2009-06-03 21:00:00,95.9875,96.977,95.882,96.5725,73355.0
2009-06-04 21:00:00,96.5725,98.89,96.5135,98.66,68073.0
2009-06-07 21:00:00,98.6,98.8675,98.2045,98.484,56052.0
2009-06-08 21:00:00,98.484,98.5705,97.259,97.386,39912.0
2009-06-09 21:00:00,97.386,98.4385,97.0995,98.1135,39225.0
2009-06-10 21:00:00,98.1135,98.5645,97.2865,97.6325,35539.0
2009-06-11 21:00:00,97.6325,98.428,97.481,98.414,34220.0
2009-06-14 21:00:00,98.428,98.5735,97.5905,97.8325,30193.0
2009-06-15 21:00:00,97.8325,97.894,96.082,96.387,43185.0
2009-06-16 21:00:00,96.387,96.7815,95.523,95.7495,41097.0
2009-06-17 21:00:00,95.7495,96.684,95.6325,96.5085,35484.0
2009-06-18 21:00:00,96.5085,97.1835,96.006,96.276,28301.0
2009-06-21 21:00:00,96.189,96.311,95.7255,95.865,30192.0
2009-06-22 21:00:00,95.865,95.9635,94.8745,95.2175,39295.0
2009-06-23 21:00:00,95.2175,96.05,95.024,95.6555,35798.0
2009-06-24 21:00:00,95.6555,96.5725,95.627,95.9555,33139.0
2009-06-25 21:00:00,95.9555,96.0425,95.043,95.192,27424.0
2009-06-28 21:00:00,95.13,96.169,95.128,96.059,21662.0
2009-06-29 21:00:00,96.059,96.518,95.316,96.357,29283.0
2009-06-30 21:00:00,96.357,96.987,96.1775,96.657,28252.0
2009-07-01 21:00:00,96.657,96.8825,95.7,95.94,27509.0
2009-07-02 21:00:00,95.94,96.128,95.7065,96.04,17061.0
2009-07-05 21:00:00,96.121,96.129,94.665,95.3545,30139.0
2009-07-06 21:00:00,95.3545,95.459,94.711,94.894,26994.0
2009-07-07 21:00:00,94.894,94.894,91.8,92.8885,46877.0
2009-07-08 21:00:00,92.8885,93.6025,92.3775,93.0025,42517.0
2009-07-09 21:00:00,93.0025,93.1965,91.78,92.574,38932.0
2009-07-12 21:00:00,92.377,93.033,91.733,92.98,36010.0
2009-07-13 21:00:00,92.98,93.766,92.719,93.509,39585.0
2009-07-14 21:00:00,93.509,94.457,93.263,94.227,30373.0
2009-07-15 21:00:00,94.227,94.4515,93.2655,93.927,35252.0
2009-07-16 21:00:00,93.927,94.379,93.4835,94.189,24962.0
2009-07-19 21:00:00,94.26,94.7845,94.137,94.195,22428.0
2009-07-20 21:00:00,94.195,94.3925,93.2935,93.7505,29980.0
2009-07-21 21:00:00,93.7505,93.8685,93.0945,93.6705,30932.0
2009-07-22 21:00:00,93.6705,95.2975,93.5375,94.939,32868.0
2009-07-23 21:00:00,94.939,95.168,94.5985,94.799,24673.0
2009-07-26 21:00:00,94.849,95.3875,94.682,95.1835,21624.0
2009-07-27 21:00:00,95.1835,95.268,94.042,94.546,29881.0
2009-07-28 21:00:00,94.546,95.362,94.0185,94.9905,35268.0
2009-07-29 21:00:00,94.9905,95.8895,94.833,95.556,27722.0
2009-07-30 21:00:00,95.556,95.854,94.502,94.684,31948.0
2009-08-02 21:00:00,94.775,95.4255,94.5925,95.261,27336.0
2009-08-03 21:00:00,95.261,95.459,94.362,95.2365,30069.0
2009-08-04 21:00:00,95.2365,95.397,94.6335,94.969,29318.0
2009-08-05 21:00:00,94.969,95.809,94.781,95.4605,32148.0
2009-08-06 21:00:00,95.4605,97.78,95.0595,97.565,35652.0
2009-08-09 21:00:00,97.656,97.751,96.9165,97.152,39610.0
2009-08-10 21:00:00,97.152,97.172,95.7615,95.99,32765.0
2009-08-11 21:00:00,95.99,96.758,95.1245,96.051,38943.0
2009-08-12 21:00:00,96.051,96.4865,95.045,95.483,34827.0
2009-08-13 21:00:00,95.483,95.483,94.429,94.937,30951.0
2009-08-16 21:00:00,94.731,94.87,94.2085,94.5095,30094.0
2009-08-17 21:00:00,94.5095,95.29,94.345,94.6895,27739.0
2009-08-18 21:00:00,94.6895,94.9685,93.677,94.078,32209.0
2009-08-19 21:00:00,94.078,94.5535,93.8565,94.194,26394.0
2009-08-20 21:00:00,94.194,94.715,93.4295,94.385,31800.0
2009-08-23 21:00:00,94.374,95.0665,94.294,94.558,27347.0
2009-08-24 21:00:00,94.558,94.649,93.7925,94.185,30562.0
2009-08-25 21:00:00,94.185,94.578,93.879,94.264,26089.0
2009-08-26 21:00:00,94.264,94.294,93.2225,93.53,34375.0
2009-08-27 21:00:00,93.53,94.0755,93.423,93.59,25160.0
2009-08-30 21:00:00,93.268,93.557,92.555,93.1295,28788.0
2009-08-31 21:00:00,93.1295,93.4455,92.8165,92.922,30618.0
2009-09-01 21:00:00,92.922,93.062,92.107,92.21,34400.0
2009-09-02 21:00:00,92.21,92.78,91.9485,92.637,26163.0
2009-09-03 21:00:00,92.637,93.244,92.278,93.007,25155.0
2009-09-06 21:00:00,92.973,93.295,92.8145,93.077,15789.0
2009-09-07 21:00:00,93.077,93.09,92.0415,92.318,26542.0
2009-09-08 21:00:00,92.318,92.5965,91.615,92.034,23470.0
2009-09-09 21:00:00,92.034,92.2595,91.4315,91.739,25004.0
2009-09-10 21:00:00,91.739,91.803,90.2195,90.717,29494.0
2009-09-13 21:00:00,90.303,91.1345,90.218,90.9345,26915.0
2009-09-14 21:00:00,90.9345,91.643,90.7885,91.0305,24797.0
2009-09-15 21:00:00,91.0305,91.355,90.128,90.9385,34631.0
2009-09-16 21:00:00,90.9385,91.6165,90.524,91.0845,29844.0
2009-09-17 21:00:00,91.0845,91.5415,90.9905,91.297,25916.0
2009-09-20 21:00:00,91.329,92.5335,91.309,91.925,20886.0
2009-09-21 21:00:00,91.925,92.115,90.9365,91.0965,21318.0
2009-09-22 21:00:00,91.0965,91.5425,90.4865,91.275,28420.0
2009-09-23 21:00:00,91.275,91.632,90.3575,91.265,32101.0
2009-09-24 21:00:00,91.265,91.352,89.519,89.641,37299.0
2009-09-27 21:00:00,89.544,89.7815,88.22,89.63,37276.0
2009-09-28 21:00:00,89.63,90.3635,89.581,90.085,30172.0
2009-09-29 21:00:00,90.085,90.403,89.3585,89.713,28562.0
2009-09-30 21:00:00,89.713,90.1635,89.4175,89.604,23947.0
2009-10-01 21:00:00,89.604,89.924,88.6115,89.804,31067.0
2009-10-04 21:00:00,89.357,89.9825,89.341,89.55,21500.0
2009-10-05 21:00:00,89.55,89.654,88.6255,88.822,29056.0
2009-10-06 21:00:00,88.822,89.3945,88.013,88.5975,36124.0
2009-10-07 21:00:00,88.5975,88.7135,88.1505,88.394,30347.0
2009-10-08 21:00:00,88.394,89.8815,88.359,89.777,35034.0
2009-10-11 21:00:00,89.543,90.4535,89.534,89.828,19530.0
2009-10-12 21:00:00,89.828,90.1945,89.4395,89.705,26922.0
2009-10-13 21:00:00,89.705,89.904,88.829,89.445,32662.0
2009-10-14 21:00:00,89.445,90.7785,89.2815,90.553,32436.0
2009-10-15 21:00:00,90.553,91.3205,90.511,90.887,30381.0
2009-10-18 21:00:00,91.069,91.135,90.3675,90.549,24924.0
2009-10-19 21:00:00,90.549,91.0695,90.079,90.768,28994.0
2009-10-20 21:00:00,90.768,91.2755,90.4865,90.987,28229.0
2009-10-21 21:00:00,90.987,91.7115,90.784,91.287,25948.0
2009-10-22 21:00:00,91.287,92.1195,91.284,92.055,26460.0
2009-10-25 21:00:00,92.145,92.2845,91.575,92.195,25418.0
2009-10-26 21:00:00,92.195,92.3275,91.7035,91.792,23929.0
2009-10-27 21:00:00,91.792,91.812,90.5525,90.754,31472.0
2009-10-28 21:00:00,90.754,91.6175,90.2485,91.413,29231.0
2009-10-29 21:00:00,91.413,91.581,89.9215,90.091,30511.0
2009-11-01 22:00:00,89.669,90.6915,89.168,90.215,32329.0
2009-11-02 22:00:00,90.215,90.5785,89.8795,90.334,24068.0
2009-11-03 22:00:00,90.334,91.325,90.05,90.7255,28919.0
2009-11-04 22:00:00,90.7255,90.8665,89.9895,90.716,26600.0
2009-11-05 22:00:00,90.716,90.859,89.618,89.877,31497.0
2009-11-08 22:00:00,90.016,90.2655,89.698,89.928,25360.0
2009-11-09 22:00:00,89.928,90.1795,89.688,89.804,23751.0
2009-11-10 22:00:00,89.804,90.0405,89.2915,89.89,22975.0
2009-11-11 22:00:00,89.89,90.6135,89.6445,90.37,24434.0
2009-11-12 22:00:00,90.37,90.418,89.4655,89.656,20391.0
2009-11-15 22:00:00,89.583,89.7105,88.7545,89.048,28037.0
2009-11-16 22:00:00,89.048,89.5335,88.7395,89.2515,27656.0
2009-11-17 22:00:00,89.2515,89.4825,89.0155,89.31,20373.0
2009-11-18 22:00:00,89.31,89.4355,88.6445,88.974,26188.0
2009-11-19 22:00:00,88.974,89.1365,88.6885,88.885,20877.0
2009-11-22 22:00:00,88.833,89.1915,88.5815,88.974,14826.0
2009-11-23 22:00:00,88.974,89.068,88.3585,88.496,18093.0
2009-11-24 22:00:00,88.496,88.6315,87.2165,87.349,22742.0
2009-11-25 22:00:00,87.349,87.4825,86.296,86.584,28660.0
2009-11-26 22:00:00,86.584,87.0185,84.8265,86.535,50898.0
2009-11-29 22:00:00,86.626,87.037,85.8705,86.404,30853.0
2009-11-30 22:00:00,86.404,87.53,86.1685,86.69,29544.0
2009-12-01 22:00:00,86.69,87.4885,86.5965,87.381,21518.0
2009-12-02 22:00:00,87.381,88.4845,87.342,88.267,23802.0
2009-12-03 22:00:00,88.267,90.781,87.9955,90.552,29569.0
2009-12-06 22:00:00,90.182,90.3815,89.0435,89.51,26801.0
2009-12-07 22:00:00,89.51,89.528,88.1815,88.428,25061.0
2009-12-08 22:00:00,88.428,88.6915,87.3705,87.87,27552.0
2009-12-09 22:00:00,87.87,88.4555,87.7365,88.204,22977.0
2009-12-10 22:00:00,88.204,89.8105,88.201,89.102,24750.0
2009-12-13 22:00:00,88.964,89.3355,88.3225,88.62,25928.0
2009-12-14 22:00:00,88.62,89.9555,88.578,89.609,23642.0
2009-12-15 22:00:00,89.609,89.985,89.3855,89.782,23116.0
2009-12-16 22:00:00,89.782,90.3695,89.5645,89.965,25041.0
2009-12-17 22:00:00,89.965,90.9115,88.8905,90.499,33649.0
2009-12-20 22:00:00,90.277,91.23,90.244,91.178,19515.0
2009-12-21 22:00:00,91.178,91.87,91.0075,91.839,22273.0
2009-12-22 22:00:00,91.839,91.8725,91.3155,91.635,14466.0
2009-12-23 22:00:00,91.635,91.78,91.1325,91.552,16352.0
2009-12-24 22:00:00,91.552,91.64,91.293,91.373,7695.0
2009-12-27 22:00:00,91.433,91.769,91.411,91.633,12956.0
2009-12-28 22:00:00,91.633,92.0715,91.5275,92.001,13044.0
2009-12-29 22:00:00,92.001,92.7655,91.9045,92.439,16028.0
2009-12-30 22:00:00,92.439,93.144,91.9125,93.026,16529.0
2009-12-31 22:00:00,93.026,93.069,93.026,93.047,3.0
2010-01-03 22:00:00,92.9855,93.213,92.186,92.509,27586.0
2010-01-04 22:00:00,92.509,92.555,91.2575,91.704,29222.0
2010-01-05 22:00:00,91.704,92.7405,91.5255,92.32,29730.0
2010-01-06 22:00:00,92.32,93.4035,92.1115,93.368,32574.0
2010-01-07 22:00:00,93.368,93.773,92.276,92.661,39819.0
2010-01-10 22:00:00,92.591,92.6655,91.8185,92.091,24004.0
2010-01-11 22:00:00,92.091,92.4325,90.7275,90.977,37154.0
2010-01-12 22:00:00,90.977,91.5595,90.9055,91.377,29865.0
2010-01-13 22:00:00,91.377,92.0415,90.8415,91.209,30276.0
2010-01-14 22:00:00,91.209,91.3215,90.6075,90.773,31687.0
2010-01-17 22:00:00,90.773,91.0635,90.6265,90.7805,18642.0
2010-01-18 22:00:00,90.7805,91.2655,90.3115,91.148,30271.0
2010-01-19 22:00:00,91.148,91.4625,90.7905,91.237,28675.0
2010-01-20 22:00:00,91.237,91.8745,90.115,90.437,39893.0
2010-01-21 22:00:00,90.437,90.5695,89.7905,89.828,46276.0
2010-01-24 22:00:00,90.26,90.3405,89.8205,90.281,27844.0
2010-01-25 22:00:00,90.281,90.548,89.3455,89.657,45487.0
2010-01-26 22:00:00,89.657,90.0865,89.138,90.006,37416.0
2010-01-27 22:00:00,90.006,90.5505,89.6275,89.916,34533.0
2010-01-28 22:00:00,89.916,90.9215,89.588,90.266,37998.0
2010-01-31 22:00:00,89.906,90.9495,89.88,90.615,26893.0
2010-02-01 22:00:00,90.615,90.917,90.2705,90.386,25354.0
2010-02-02 22:00:00,90.386,91.2795,90.0785,90.977,28319.0
2010-02-03 22:00:00,90.977,91.0755,88.5545,89.043,37402.0
2010-02-04 22:00:00,89.043,89.893,88.826,89.249,53859.0
2010-02-07 22:00:00,89.5055,89.5645,89.137,89.258,28630.0
2010-02-08 22:00:00,89.258,89.809,89.166,89.69,33966.0
2010-02-09 22:00:00,89.69,90.0645,89.2455,89.943,34062.0
2010-02-10 22:00:00,89.943,90.1455,89.5725,89.763,26684.0
2010-02-11 22:00:00,89.763,90.4225,89.5915,89.954,32532.0
2010-02-14 22:00:00,90.125,90.234,89.9155,90.009,14346.0
2010-02-15 22:00:00,90.009,90.5155,89.709,90.144,22219.0
2010-02-16 22:00:00,90.144,91.386,90.137,91.257,28917.0
2010-02-17 22:00:00,91.257,91.827,90.5675,91.813,30939.0
2010-02-18 22:00:00,91.813,92.1425,91.491,91.513,31409.0
2010-02-21 22:00:00,91.464,91.9035,91.0255,91.141,22951.0
2010-02-22 22:00:00,91.141,91.2925,89.928,90.217,28450.0
2010-02-23 22:00:00,90.217,90.3605,89.769,90.148,23355.0
2010-02-24 22:00:00,90.148,90.3215,88.805,89.078,36347.0
2010-02-25 22:00:00,89.078,89.503,88.7465,88.97,26900.0
2010-02-28 22:00:00,88.8605,89.4795,88.815,89.124,23367.0
2010-03-01 22:00:00,89.124,89.3715,88.5595,88.855,24742.0
2010-03-02 22:00:00,88.855,88.9905,88.3215,88.465,28415.0
2010-03-03 22:00:00,88.465,89.258,88.1395,89.02,27969.0
2010-03-04 22:00:00,89.02,90.591,88.981,90.282,26535.0
2010-03-07 22:00:00,90.464,90.683,90.1525,90.305,23029.0
2010-03-08 22:00:00,90.305,90.332,89.6345,89.965,24141.0
2010-03-09 22:00:00,89.965,90.82,89.847,90.512,21440.0
2010-03-10 22:00:00,90.512,90.709,90.2085,90.507,20570.0
2010-03-11 22:00:00,90.507,91.086,90.1745,90.557,25684.0
2010-03-14 21:00:00,90.839,90.839,90.3535,90.526,18831.0
2010-03-15 21:00:00,90.526,90.7315,89.983,90.303,26821.0
2010-03-16 21:00:00,90.303,90.7135,90.0305,90.302,25783.0
2010-03-17 21:00:00,90.302,90.8075,89.7595,90.382,29347.0
2010-03-18 21:00:00,90.382,90.7125,90.3355,90.546,18528.0
2010-03-21 21:00:00,90.5,90.7705,89.8245,90.139,18438.0
2010-03-22 21:00:00,90.139,90.4805,90.0615,90.401,18601.0
2010-03-23 21:00:00,90.401,92.409,90.3495,92.309,32703.0
2010-03-24 21:00:00,92.309,92.9535,91.7685,92.733,33080.0
2010-03-25 21:00:00,92.733,92.8925,92.3115,92.515,24682.0
2010-03-28 21:00:00,92.467,92.7845,92.35,92.466,22621.0
2010-03-29 21:00:00,92.466,93.0245,92.1265,92.762,27872.0
2010-03-30 21:00:00,92.762,93.6355,92.7535,93.459,37830.0
2010-03-31 21:00:00,93.459,94.0405,93.284,93.823,26156.0
2010-04-01 21:00:00,93.823,94.694,93.607,94.61,18894.0
2010-04-04 21:00:00,94.674,94.787,94.0865,94.367,15015.0
2010-04-05 21:00:00,94.367,94.3825,93.6675,93.793,27397.0
2010-04-06 21:00:00,93.793,94.2665,93.1515,93.353,27308.0
2010-04-07 21:00:00,93.353,93.487,92.8345,93.382,27753.0
2010-04-08 21:00:00,93.382,93.793,93.115,93.18,21531.0
2010-04-11 21:00:00,92.975,93.6045,92.902,93.237,22816.0
2010-04-12 21:00:00,93.237,93.4085,92.571,93.201,28425.0
2010-04-13 21:00:00,93.201,93.7265,92.8295,93.227,26742.0
2010-04-14 21:00:00,93.227,93.5235,92.8705,93.03,23973.0
2010-04-15 21:00:00,93.03,93.1465,91.9065,92.176,34745.0
2010-04-18 21:00:00,91.864,92.4685,91.5965,92.398,28135.0
2010-04-19 21:00:00,92.398,93.3915,92.395,93.218,24002.0
2010-04-20 21:00:00,93.218,93.4435,92.9365,93.186,26508.0
2010-04-21 21:00:00,93.186,93.614,92.7415,93.487,31137.0
2010-04-22 21:00:00,93.487,94.331,93.3085,93.968,29760.0
2010-04-25 21:00:00,94.004,94.3585,93.926,93.96,24726.0
2010-04-26 21:00:00,93.96,94.037,92.8205,93.262,35951.0
2010-04-27 21:00:00,93.262,94.322,92.9975,94.032,38435.0
2010-04-28 21:00:00,94.032,94.2645,93.8485,94.035,21090.0
2010-04-29 21:00:00,94.035,94.5815,93.837,93.853,29911.0
2010-05-02 21:00:00,93.87,94.7855,93.8465,94.535,17540.0
2010-05-03 21:00:00,94.535,94.9865,94.3275,94.537,29004.0
2010-05-04 21:00:00,94.537,94.9865,93.5395,93.811,39770.0
2010-05-05 21:00:00,93.811,93.9845,88.0095,90.553,91294.0
2010-05-06 21:00:00,90.553,93.233,90.0125,91.597,124792.0
2010-05-09 21:00:00,92.434,93.541,91.6965,93.303,70791.0
2010-05-10 21:00:00,93.303,93.4025,92.2165,92.648,52128.0
2010-05-11 21:00:00,92.648,93.2815,92.4515,93.245,42700.0
2010-05-12 21:00:00,93.245,93.6425,92.591,92.752,38454.0
2010-05-13 21:00:00,92.752,93.0945,91.8065,92.461,48959.0
2010-05-16 21:00:00,92.257,92.6925,91.765,92.587,49520.0
2010-05-17 21:00:00,92.587,92.9635,92.1,92.23,47351.0
2010-05-18 21:00:00,92.23,92.246,90.953,91.707,77830.0
2010-05-19 21:00:00,91.707,91.8795,88.9675,89.685,87914.0
2010-05-20 21:00:00,89.685,90.4815,89.0445,90.004,90455.0
2010-05-23 21:00:00,90.315,90.616,89.7455,90.29,54111.0
2010-05-24 21:00:00,90.29,90.3115,89.2635,90.232,71827.0
2010-05-25 21:00:00,90.232,90.6755,89.8285,89.924,54520.0
2010-05-26 21:00:00,89.924,91.083,89.819,91.044,48815.0
2010-05-27 21:00:00,91.044,91.4105,90.6075,91.066,42633.0
2010-05-30 21:00:00,90.995,91.6225,90.9065,91.266,25961.0
2010-05-31 21:00:00,91.266,91.4575,90.5405,90.944,47853.0
2010-06-01 21:00:00,90.944,92.3535,90.893,92.129,46670.0
2010-06-02 21:00:00,92.129,92.8055,92.0425,92.71,40731.0
2010-06-03 21:00:00,92.71,92.8835,91.4195,91.912,45622.0
2010-06-06 21:00:00,91.771,92.0875,91.0005,91.372,51978.0
2010-06-07 21:00:00,91.372,91.9275,90.8395,91.46,48995.0
2010-06-08 21:00:00,91.46,91.6715,91.0555,91.296,38739.0
2010-06-09 21:00:00,91.296,91.4725,90.8585,91.333,40652.0
2010-06-10 21:00:00,91.333,91.7785,91.211,91.652,36346.0
2010-06-13 21:00:00,91.875,92.1145,91.418,91.575,28710.0
2010-06-14 21:00:00,91.575,91.6905,91.0785,91.449,31525.0
2010-06-15 21:00:00,91.449,91.8265,91.096,91.439,27902.0
2010-06-16 21:00:00,91.439,91.446,90.5195,91.004,31150.0
2010-06-17 21:00:00,91.004,91.083,90.4475,90.703,20883.0
2010-06-20 21:00:00,90.339,91.4775,90.285,91.105,32183.0
2010-06-21 21:00:00,91.105,91.11,90.3335,90.568,25662.0
2010-06-22 21:00:00,90.568,90.5805,89.7295,89.817,26839.0
2010-06-23 21:00:00,89.817,89.9835,89.2285,89.607,26741.0
2010-06-24 21:00:00,89.607,89.7755,89.2225,89.234,25055.0
2010-06-27 21:00:00,89.307,89.4695,89.0675,89.368,19184.0
2010-06-28 21:00:00,89.368,89.4135,88.287,88.599,32132.0
2010-06-29 21:00:00,88.599,88.7665,88.3655,88.434,30601.0
2010-06-30 21:00:00,88.434,88.5595,86.9705,87.6,41169.0
2010-07-01 21:00:00,87.6,88.2145,87.3185,87.751,34476.0
2010-07-04 21:00:00,87.712,88.0045,87.6355,87.769,13711.0
2010-07-05 21:00:00,87.769,87.982,87.352,87.522,26225.0
2010-07-06 21:00:00,87.522,87.778,87.025,87.706,26021.0
2010-07-07 21:00:00,87.706,88.6445,87.664,88.349,30320.0
2010-07-08 21:00:00,88.349,88.7035,88.33,88.611,20599.0
2010-07-11 21:00:00,88.748,89.1535,88.3875,88.614,18484.0
2010-07-12 21:00:00,88.614,88.8615,88.0255,88.732,24028.0
2010-07-13 21:00:00,88.732,89.1105,88.0775,88.405,25403.0
2010-07-14 21:00:00,88.405,88.499,87.237,87.395,30499.0
2010-07-15 21:00:00,87.395,87.51,86.2695,86.57,30132.0
2010-07-18 21:00:00,86.523,87.221,86.4825,86.698,20157.0
2010-07-19 21:00:00,86.698,87.573,86.665,87.506,25355.0
2010-07-20 21:00:00,87.506,87.513,86.8705,87.049,26249.0
2010-07-21 21:00:00,87.049,87.2175,86.3465,86.945,27904.0
2010-07-22 21:00:00,86.945,87.501,86.7365,87.468,30764.0
2010-07-25 21:00:00,87.495,87.7155,86.8275,86.878,22761.0
2010-07-26 21:00:00,86.878,87.98,86.834,87.909,24071.0
2010-07-27 21:00:00,87.909,88.1165,87.2585,87.468,27450.0
2010-07-28 21:00:00,87.468,87.516,86.5715,86.788,25461.0
2010-07-29 21:00:00,86.788,86.984,85.9415,86.467,32166.0
2010-08-01 21:00:00,86.343,86.8825,86.3215,86.498,19828.0
2010-08-02 21:00:00,86.498,86.6595,85.6765,85.788,22998.0
2010-08-03 21:00:00,85.788,86.3845,85.3205,86.27,23023.0
2010-08-04 21:00:00,86.27,86.4545,85.7165,85.825,20702.0
2010-08-05 21:00:00,85.825,86.1785,85.0255,85.511,22331.0
2010-08-08 21:00:00,85.397,85.956,85.306,85.936,13514.0
2010-08-09 21:00:00,85.936,86.2385,85.181,85.445,23037.0
2010-08-10 21:00:00,85.445,85.4745,84.734,85.323,25743.0
2010-08-11 21:00:00,85.323,85.9885,84.9385,85.906,30273.0
2010-08-12 21:00:00,85.906,86.3785,85.5685,86.183,21288.0
2010-08-15 21:00:00,86.182,86.24,85.2175,85.329,17884.0
2010-08-16 21:00:00,85.329,85.6835,85.1205,85.527,18504.0
2010-08-17 21:00:00,85.527,85.6825,85.1935,85.459,16793.0
2010-08-18 21:00:00,85.459,85.9225,84.8975,85.395,24699.0
2010-08-19 21:00:00,85.395,85.8235,85.1995,85.613,19652.0
2010-08-22 21:00:00,85.587,85.731,85.1025,85.157,14520.0
2010-08-23 21:00:00,85.157,85.1965,83.593,83.911,29940.0
2010-08-24 21:00:00,83.911,84.8305,83.898,84.571,27919.0
2010-08-25 21:00:00,84.571,84.8835,84.3285,84.449,20359.0
2010-08-26 21:00:00,84.449,85.453,84.2755,85.23,28906.0
2010-08-29 21:00:00,85.33,85.9035,84.508,84.618,23762.0
2010-08-30 21:00:00,84.618,84.6645,83.828,84.197,27061.0
2010-08-31 21:00:00,84.197,84.67,83.6645,84.44,28080.0
2010-09-01 21:00:00,84.44,84.5525,83.9975,84.27,20891.0
2010-09-02 21:00:00,84.27,85.233,84.1645,84.301,21469.0
2010-09-05 21:00:00,84.164,84.4945,84.0455,84.215,11550.0
2010-09-06 21:00:00,84.215,84.2685,83.5125,83.839,21871.0
2010-09-07 21:00:00,83.839,84.0415,83.3295,83.877,22851.0
2010-09-08 21:00:00,83.877,84.0265,83.4925,83.781,20086.0
2010-09-09 21:00:00,83.781,84.3835,83.7485,84.152,21716.0
2010-09-12 21:00:00,84.233,84.361,83.5095,83.708,17092.0
2010-09-13 21:00:00,83.708,83.7595,82.9215,83.038,26208.0
2010-09-14 21:00:00,83.038,85.77,82.8765,85.741,49012.0
2010-09-15 21:00:00,85.741,85.93,85.2275,85.781,23768.0
2010-09-16 21:00:00,85.781,85.9315,85.599,85.857,20199.0
2010-09-19 21:00:00,85.747,85.8005,85.5075,85.69,9536.0
2010-09-20 21:00:00,85.69,85.7695,84.9775,85.091,20405.0
2010-09-21 21:00:00,85.091,85.1895,84.2785,84.493,23025.0
2010-09-22 21:00:00,84.493,84.6745,84.2665,84.387,15263.0
2010-09-23 21:00:00,84.387,85.3925,84.1145,84.213,27984.0
2010-09-26 21:00:00,84.2425,84.3945,84.1205,84.289,15784.0
2010-09-27 21:00:00,84.289,84.3425,83.6885,83.874,17936.0
2010-09-28 21:00:00,83.874,84.0875,83.5045,83.703,17144.0
2010-09-29 21:00:00,83.703,83.8135,83.169,83.522,23361.0
2010-09-30 21:00:00,83.522,83.5805,83.1625,83.224,17696.0
2010-10-03 21:00:00,83.256,83.8705,83.1855,83.358,17409.0
2010-10-04 21:00:00,83.358,83.989,82.9625,83.219,22744.0
2010-10-05 21:00:00,83.219,83.2725,82.766,82.935,17538.0
2010-10-06 21:00:00,82.935,83.0325,82.1205,82.414,20536.0
2010-10-07 21:00:00,82.414,82.5655,81.731,81.927,23119.0
2010-10-10 21:00:00,81.918,82.183,81.384,82.068,11515.0
2010-10-11 21:00:00,82.068,82.3585,81.6655,81.717,19263.0
2010-10-12 21:00:00,81.717,82.0045,81.665,81.807,15612.0
2010-10-13 21:00:00,81.807,81.8455,80.892,81.479,19640.0
2010-10-14 21:00:00,81.479,81.6235,80.8785,81.449,19282.0
2010-10-17 21:00:00,81.384,81.486,81.1325,81.275,15103.0
2010-10-18 21:00:00,81.275,81.9235,81.1395,81.586,19097.0
2010-10-19 21:00:00,81.586,81.6645,80.85,81.091,16094.0
2010-10-20 21:00:00,81.091,81.8275,80.921,81.33,23502.0
2010-10-21 21:00:00,81.33,81.5065,80.998,81.37,15253.0
2010-10-24 21:00:00,81.29,81.46,80.415,80.812,15115.0
2010-10-25 21:00:00,80.812,81.652,80.6195,81.437,20582.0
2010-10-26 21:00:00,81.437,81.985,81.3165,81.76,24516.0
2010-10-27 21:00:00,81.76,81.782,80.8705,81.022,17074.0
2010-10-28 21:00:00,81.022,81.0755,80.383,80.41,18706.0
2010-10-31 21:00:00,80.301,81.4805,80.241,80.51,21911.0
2010-11-01 21:00:00,80.51,80.9645,80.469,80.626,13942.0
2010-11-02 21:00:00,80.626,81.5935,80.5975,81.078,21429.0
2010-11-03 21:00:00,81.078,81.2155,80.5895,80.746,24072.0
2010-11-04 21:00:00,80.746,81.474,80.6205,81.271,22966.0
2010-11-07 22:00:00,81.245,81.4345,81.0075,81.181,16568.0
2010-11-08 22:00:00,81.181,81.9645,80.5375,81.692,21497.0
2010-11-09 22:00:00,81.692,82.7975,81.556,82.281,28148.0
2010-11-10 22:00:00,82.281,82.6045,82.0425,82.493,18083.0
2010-11-11 22:00:00,82.493,82.6535,81.659,82.525,25139.0
2010-11-14 22:00:00,82.476,83.264,82.4005,83.081,22359.0
2010-11-15 22:00:00,83.081,83.5925,82.8505,83.289,22705.0
2010-11-16 22:00:00,83.289,83.5515,83.0375,83.184,16328.0
2010-11-17 22:00:00,83.184,83.784,83.103,83.532,18784.0
2010-11-18 22:00:00,83.532,83.641,83.142,83.546,15112.0
2010-11-21 22:00:00,83.521,83.5635,83.231,83.334,14952.0
2010-11-22 22:00:00,83.334,83.8435,82.791,83.169,22255.0
2010-11-23 22:00:00,83.169,83.665,82.9475,83.537,19925.0
2010-11-24 22:00:00,83.537,83.697,83.407,83.6,12034.0
2010-11-25 22:00:00,83.6,84.1825,83.57,84.102,16007.0
2010-11-28 22:00:00,84.06,84.4055,83.822,84.257,17382.0
2010-11-29 22:00:00,84.257,84.32,83.4265,83.6835,22710.0
2010-11-30 22:00:00,83.6835,84.395,83.3795,84.193,22360.0
2010-12-01 22:00:00,84.193,84.3645,83.4885,83.824,18262.0
2010-12-02 22:00:00,83.824,83.895,82.528,82.537,21402.0
2010-12-05 22:00:00,82.647,82.992,82.568,82.655,16205.0
2010-12-06 22:00:00,82.655,83.6615,82.348,83.4905,21236.0
2010-12-07 22:00:00,83.4905,84.302,83.4605,84.019,24732.0
2010-12-08 22:00:00,84.019,84.115,83.514,83.7455,22523.0
2010-12-09 22:00:00,83.7455,84.016,83.454,83.951,14921.0
2010-12-12 22:00:00,83.985,84.352,83.1095,83.386,17911.0
2010-12-13 22:00:00,83.386,83.785,82.84,83.6725,21473.0
2010-12-14 22:00:00,83.6725,84.512,83.616,84.2445,21102.0
2010-12-15 22:00:00,84.2445,84.445,83.8795,83.9095,18866.0
2010-12-16 22:00:00,83.9095,84.2055,83.695,83.988,16939.0
2010-12-19 22:00:00,83.95,84.1225,83.636,83.775,13472.0
2010-12-20 22:00:00,83.775,83.903,83.505,83.745,12732.0
2010-12-21 22:00:00,83.745,83.852,83.4165,83.571,13117.0
2010-12-22 22:00:00,83.571,83.582,82.8595,82.9105,12962.0
2010-12-23 22:00:00,82.9105,83.1695,82.867,82.894,10420.0
2010-12-26 22:00:00,82.806,82.9815,82.6575,82.82,9677.0
2010-12-27 22:00:00,82.82,82.855,81.819,82.388,17644.0
2010-12-28 22:00:00,82.388,82.473,81.615,81.615,13341.0
2010-12-29 22:00:00,81.615,81.853,81.2915,81.529,14857.0
2010-12-30 22:00:00,81.529,81.5465,80.943,81.138,10346.0
2011-01-02 22:00:00,81.23,81.747,80.939,81.741,9780.0
2011-01-03 22:00:00,81.741,82.281,81.6145,82.032,17116.0
2011-01-04 22:00:00,82.032,83.376,81.8885,83.249,21098.0
2011-01-05 22:00:00,83.249,83.3905,82.886,83.332,19371.0
2011-01-06 22:00:00,83.332,83.679,82.8555,83.155,23874.0
2011-01-09 22:00:00,83.224,83.2805,82.6655,82.706,13941.0
2011-01-10 22:00:00,82.706,83.4955,82.684,83.245,17408.0
2011-01-11 22:00:00,83.245,83.4635,82.8085,82.996,18800.0
2011-01-12 22:00:00,82.996,83.1535,82.5475,82.816,19547.0
2011-01-13 22:00:00,82.816,83.0675,82.4125,82.867,20017.0
2011-01-16 22:00:00,82.799,83.0095,82.3555,82.678,11941.0
2011-01-17 22:00:00,82.678,82.823,82.338,82.553,16630.0
2011-01-18 22:00:00,82.553,82.6895,81.8555,82.022,18899.0
2011-01-19 22:00:00,82.022,83.126,82.01,83.007,18866.0
2011-01-20 22:00:00,83.007,83.0905,82.5335,82.57,16454.0
2011-01-23 22:00:00,82.56,82.924,82.3055,82.526,14221.0
2011-01-24 22:00:00,82.526,82.6645,81.978,82.25,18730.0
2011-01-25 22:00:00,82.25,82.611,81.9805,82.164,17961.0
2011-01-26 22:00:00,82.164,83.209,82.0175,82.9265,25106.0
2011-01-27 22:00:00,82.9265,82.9375,81.992,82.125,19522.0
2011-01-30 22:00:00,82.006,82.2565,81.9095,82.042,15891.0
2011-01-31 22:00:00,82.042,82.1485,81.3165,81.356,17270.0
2011-02-01 22:00:00,81.356,81.857,81.356,81.561,16317.0
2011-02-02 22:00:00,81.561,82.061,81.407,81.626,15008.0
2011-02-03 22:00:00,81.626,82.465,81.12,82.181,18351.0
2011-02-06 22:00:00,82.1745,82.468,82.1615,82.328,14399.0
2011-02-07 22:00:00,82.328,82.424,81.773,82.365,16557.0
2011-02-08 22:00:00,82.365,82.669,82.207,82.358,17345.0
2011-02-09 22:00:00,82.358,83.37,82.3405,83.225,18636.0
2011-02-10 22:00:00,83.225,83.676,83.216,83.434,14188.0
2011-02-13 22:00:00,83.489,83.526,83.095,83.326,14924.0
2011-02-14 22:00:00,83.326,83.918,83.2005,83.77,17165.0
2011-02-15 22:00:00,83.77,83.9745,83.4935,83.681,17301.0
2011-02-16 22:00:00,83.681,83.755,83.1535,83.308,15378.0
2011-02-17 22:00:00,83.308,83.5315,83.0355,83.18,13510.0
2011-02-20 22:00:00,83.088,83.263,83.026,83.142,9102.0
2011-02-21 22:00:00,83.142,83.534,82.585,82.769,23292.0
2011-02-22 22:00:00,82.769,82.8945,82.3195,82.512,17932.0
2011-02-23 22:00:00,82.512,82.526,81.627,81.894,19443.0
2011-02-24 22:00:00,81.894,82.0635,81.647,81.679,14202.0
2011-02-27 22:00:00,81.685,81.9815,81.6225,81.782,12748.0
2011-02-28 22:00:00,81.782,82.2375,81.7375,81.847,14749.0
2011-03-01 22:00:00,81.847,82.115,81.5695,81.876,11484.0
2011-03-02 22:00:00,81.876,82.521,81.7295,82.446,14565.0
2011-03-03 22:00:00,82.446,83.076,82.216,82.314,16247.0
2011-03-06 22:00:00,82.335,82.3885,81.9535,82.239,11127.0
2011-03-07 22:00:00,82.239,82.8535,82.2145,82.669,11770.0
2011-03-08 22:00:00,82.669,82.9325,82.581,82.74,11906.0
2011-03-09 22:00:00,82.74,83.17,82.7055,82.9795,15772.0
2011-03-10 22:00:00,82.9795,83.2965,81.6555,81.877,26022.0
2011-03-13 21:00:00,81.658,82.463,80.6,81.629,37511.0
2011-03-14 21:00:00,81.629,82.0405,80.6105,80.72,39939.0
2011-03-15 21:00:00,80.72,81.1735,79.564,79.593,34427.0
2011-03-16 21:00:00,79.593,79.745,76.59,78.8975,95089.0
2011-03-17 21:00:00,78.8975,81.997,78.836,80.582,65153.0
2011-03-20 21:00:00,80.891,81.319,80.728,81.035,18729.0
2011-03-21 21:00:00,81.035,81.283,80.852,80.97,15232.0
2011-03-22 21:00:00,80.97,81.071,80.707,80.9125,16264.0
2011-03-23 21:00:00,80.9125,81.0535,80.765,80.977,12575.0
2011-03-24 21:00:00,80.977,81.4965,80.8735,81.364,13044.0
2011-03-27 21:00:00,81.4075,81.8455,81.3125,81.695,12334.0
2011-03-28 21:00:00,81.695,82.48,81.547,82.475,14237.0
2011-03-29 21:00:00,82.475,83.1825,82.3705,82.8935,17927.0
2011-03-30 21:00:00,82.8935,83.227,82.5645,83.133,19403.0
2011-03-31 21:00:00,83.133,84.7325,83.133,84.057,22820.0
2011-04-03 21:00:00,84.205,84.3825,83.858,84.0585,12680.0
2011-04-04 21:00:00,84.0585,84.873,84.0355,84.867,16674.0
2011-04-05 21:00:00,84.867,85.5245,84.8445,85.49,22635.0
2011-04-06 21:00:00,85.49,85.501,84.594,84.9105,24294.0
2011-04-07 21:00:00,84.9105,85.397,84.678,84.765,19404.0
2011-04-10 21:00:00,84.864,85.1585,84.517,84.6,17327.0
2011-04-11 21:00:00,84.6,84.7845,83.4665,83.577,31869.0
2011-04-12 21:00:00,83.577,84.2615,83.508,83.838,24028.0
2011-04-13 21:00:00,83.838,83.933,82.958,83.497,25522.0
2011-04-14 21:00:00,83.497,83.779,82.9595,83.131,19019.0
2011-04-17 21:00:00,83.227,83.261,82.1915,82.6575,21707.0
2011-04-18 21:00:00,82.6575,82.7645,82.3245,82.588,18050.0
2011-04-19 21:00:00,82.588,83.102,82.258,82.558,19688.0
2011-04-20 21:00:00,82.558,82.5975,81.621,81.853,19313.0
2011-04-21 21:00:00,81.853,82.1085,81.6685,81.893,12608.0
2011-04-24 21:00:00,81.826,82.427,81.669,81.832,12817.0
2011-04-25 21:00:00,81.832,81.974,81.49,81.555,15528.0
2011-04-26 21:00:00,81.555,82.799,81.267,82.1505,23734.0
2011-04-27 21:00:00,82.1505,82.2775,81.4065,81.534,20362.0
2011-04-28 21:00:00,81.534,81.651,81.047,81.195,9858.0
2011-05-01 21:00:00,81.116,81.692,81.003,81.228,16387.0
2011-05-02 21:00:00,81.228,81.275,80.698,80.937,13109.0
2011-05-03 21:00:00,80.937,81.192,80.437,80.615,15119.0
2011-05-04 21:00:00,80.615,80.6945,79.568,80.081,23241.0
2011-05-05 21:00:00,80.081,80.944,80.065,80.629,32926.0
2011-05-08 21:00:00,80.626,80.8435,80.187,80.362,17818.0
2011-05-09 21:00:00,80.362,80.9085,80.1585,80.8805,17635.0
2011-05-10 21:00:00,80.8805,81.3255,80.6195,81.05,19649.0
2011-05-11 21:00:00,81.05,81.3415,80.712,80.942,18152.0
2011-05-12 21:00:00,80.942,81.0925,80.3405,80.793,19022.0
2011-05-15 21:00:00,80.878,81.0685,80.6355,80.789,15852.0
2011-05-16 21:00:00,80.789,81.776,80.7395,81.417,19137.0
2011-05-17 21:00:00,81.417,81.725,80.9435,81.683,17877.0
2011-05-18 21:00:00,81.683,82.2325,81.475,81.607,18324.0
2011-05-19 21:00:00,81.607,81.8645,81.4855,81.699,14624.0
2011-05-22 21:00:00,81.793,82.043,81.323,82.005,17941.0
2011-05-23 21:00:00,82.005,82.214,81.6195,81.955,15754.0
2011-05-24 21:00:00,81.955,82.1725,81.7955,81.97,17505.0
2011-05-25 21:00:00,81.97,82.0875,81.155,81.291,17596.0
2011-05-26 21:00:00,81.291,81.432,80.704,80.796,18967.0
2011-05-29 21:00:00,80.742,80.982,80.727,80.938,11967.0
2011-05-30 21:00:00,80.938,81.7745,80.7155,81.526,20722.0
2011-05-31 21:00:00,81.526,81.575,80.672,80.95,18659.0
2011-06-01 21:00:00,80.95,81.324,80.5765,80.894,18681.0
2011-06-02 21:00:00,80.894,81.013,80.056,80.282,17859.0
2011-06-05 21:00:00,80.234,80.3955,79.9795,80.102,14546.0
2011-06-06 21:00:00,80.102,80.333,79.985,80.094,12675.0
2011-06-07 21:00:00,80.094,80.2775,79.6995,79.891,18713.0
2011-06-08 21:00:00,79.891,80.421,79.8405,80.365,18736.0
2011-06-09 21:00:00,80.365,80.467,79.9675,80.322,17130.0
2011-06-12 21:00:00,80.303,80.691,80.1175,80.242,13503.0
2011-06-13 21:00:00,80.242,80.629,80.0905,80.486,15294.0
2011-06-14 21:00:00,80.486,81.061,80.386,80.956,17966.0
2011-06-15 21:00:00,80.956,81.0565,80.4855,80.625,22241.0
2011-06-16 21:00:00,80.625,80.673,80.016,80.054,15697.0
2011-06-19 21:00:00,80.148,80.366,80.027,80.277,12266.0
2011-06-20 21:00:00,80.277,80.3455,80.0555,80.2115,9420.0
2011-06-21 21:00:00,80.2115,80.3835,80.019,80.297,10677.0
2011-06-22 21:00:00,80.297,80.7945,80.281,80.511,15263.0
2011-06-23 21:00:00,80.511,80.606,80.14,80.439,12455.0
2011-06-26 21:00:00,80.328,80.982,80.328,80.892,12204.0
2011-06-27 21:00:00,80.892,81.268,80.662,81.121,11755.0
2011-06-28 21:00:00,81.121,81.1835,80.5605,80.779,12976.0
2011-06-29 21:00:00,80.779,80.8725,80.269,80.568,14850.0
2011-06-30 21:00:00,80.568,81.1445,80.503,80.83,12498.0
2011-07-03 21:00:00,80.822,80.912,80.5375,80.802,10399.0
2011-07-04 21:00:00,80.802,81.1875,80.709,81.07,12331.0
2011-07-05 21:00:00,81.07,81.1255,80.7695,80.915,11394.0
2011-07-06 21:00:00,80.915,81.4145,80.7995,81.245,10903.0
2011-07-07 21:00:00,81.245,81.48,80.5045,80.629,12898.0
2011-07-10 21:00:00,80.549,80.8295,80.1095,80.263,11501.0
2011-07-11 21:00:00,80.263,80.3755,79.172,79.242,20552.0
2011-07-12 21:00:00,79.242,79.574,78.497,78.977,20984.0
2011-07-13 21:00:00,78.977,79.6135,78.4655,79.139,24837.0
2011-07-14 21:00:00,79.139,79.2745,78.891,79.13,12562.0
2011-07-17 21:00:00,79.109,79.18,78.954,79.04,9049.0
2011-07-18 21:00:00,79.04,79.277,78.822,79.18,10504.0
2011-07-19 21:00:00,79.18,79.3185,78.7105,78.778,10069.0
2011-07-20 21:00:00,78.778,79.0295,78.288,78.304,15877.0
2011-07-21 21:00:00,78.304,78.7315,78.2265,78.538,12293.0
2011-07-24 21:00:00,78.324,78.5575,78.058,78.29,13495.0
2011-07-25 21:00:00,78.29,78.7,77.8315,77.883,15327.0
2011-07-26 21:00:00,77.883,78.171,77.5755,77.98,11711.0
2011-07-27 21:00:00,77.98,78.024,77.632,77.674,11067.0
2011-07-28 21:00:00,77.674,77.8645,76.73,76.756,16438.0
2011-07-31 21:00:00,77.168,78.049,76.296,77.212,30518.0
2011-08-01 21:00:00,77.212,77.8305,76.9655,77.152,21971.0
2011-08-02 21:00:00,77.152,77.407,76.7845,77.061,20658.0
2011-08-03 21:00:00,77.061,80.2395,76.972,78.886,52137.0
2011-08-04 21:00:00,78.886,79.376,78.318,78.403,35851.0
2011-08-07 21:00:00,77.984,78.471,77.5055,77.76,29692.0
2011-08-08 21:00:00,77.76,77.861,76.709,76.962,39502.0
2011-08-09 21:00:00,76.962,77.3075,76.3505,76.86,26416.0
2011-08-10 21:00:00,76.86,77.2355,76.3105,76.84,31833.0
2011-08-11 21:00:00,76.84,77.019,76.517,76.699,15109.0
2011-08-14 21:00:00,76.846,77.0985,76.594,76.835,12189.0
2011-08-15 21:00:00,76.835,76.9295,76.6555,76.802,10629.0
2011-08-16 21:00:00,76.802,76.841,76.4115,76.603,10025.0
2011-08-17 21:00:00,76.603,76.7125,76.45,76.5805,11108.0
2011-08-18 21:00:00,76.5805,76.972,75.9485,76.55,17287.0
2011-08-21 21:00:00,76.768,77.2135,76.5585,76.795,13467.0
2011-08-22 21:00:00,76.795,76.934,76.474,76.66,10253.0
2011-08-23 21:00:00,76.66,77.0735,76.4785,76.978,11830.0
2011-08-24 21:00:00,76.978,77.6965,76.8455,77.463,13178.0
2011-08-25 21:00:00,77.463,77.522,76.504,76.698,13886.0
2011-08-28 21:00:00,76.755,77.0175,76.5775,76.835,9197.0
2011-08-29 21:00:00,76.835,76.9815,76.62,76.738,9832.0
2011-08-30 21:00:00,76.738,76.8415,76.4265,76.659,9778.0
2011-08-31 21:00:00,76.659,77.2395,76.579,76.927,16816.0
2011-09-01 21:00:00,76.927,76.9695,76.542,76.801,11485.0
2011-09-04 21:00:00,76.91,76.9735,76.6935,76.892,7677.0
2011-09-05 21:00:00,76.892,77.727,76.7205,77.66,21049.0
2011-09-06 21:00:00,77.66,77.7115,77.0715,77.254,14731.0
2011-09-07 21:00:00,77.254,77.598,77.1465,77.505,12285.0
2011-09-08 21:00:00,77.505,77.8575,77.098,77.587,16584.0
2011-09-11 21:00:00,77.462,77.585,76.757,77.215,17835.0
2011-09-12 21:00:00,77.215,77.2545,76.808,76.951,13691.0
2011-09-13 21:00:00,76.951,77.0665,76.6055,76.624,10948.0
2011-09-14 21:00:00,76.624,77.329,76.5635,76.701,12412.0
2011-09-15 21:00:00,76.701,76.971,76.6715,76.796,10406.0
2011-09-18 21:00:00,76.948,76.9805,76.3285,76.59,8385.0
2011-09-19 21:00:00,76.59,76.763,76.358,76.451,11409.0
2011-09-20 21:00:00,76.451,76.736,76.12,76.455,16408.0
2011-09-21 21:00:00,76.455,76.9725,76.109,76.242,20136.0
2011-09-22 21:00:00,76.242,76.886,76.152,76.569,10579.0
2011-09-25 21:00:00,76.477,76.7625,76.2265,76.358,15083.0
2011-09-26 21:00:00,76.358,76.933,76.267,76.814,14371.0
2011-09-27 21:00:00,76.814,76.8755,76.3395,76.609,13904.0
2011-09-28 21:00:00,76.609,77.025,76.4155,76.837,14026.0
2011-09-29 21:00:00,76.837,77.1965,76.4985,77.053,15175.0
2011-10-02 21:00:00,77.111,77.264,76.517,76.627,18259.0
2011-10-03 21:00:00,76.627,76.982,76.535,76.808,14472.0
2011-10-04 21:00:00,76.808,77.076,76.6175,76.793,13037.0
2011-10-05 21:00:00,76.793,76.8395,76.5645,76.721,13132.0
2011-10-06 21:00:00,76.721,76.913,76.5855,76.788,10724.0
2011-10-09 21:00:00,76.808,76.8535,76.573,76.675,6719.0
2011-10-10 21:00:00,76.675,76.7595,76.6045,76.649,8853.0
2011-10-11 21:00:00,76.649,77.4865,76.315,77.264,16499.0
2011-10-12 21:00:00,77.264,77.2925,76.678,76.898,13676.0
2011-10-13 21:00:00,76.898,77.45,76.829,77.206,12691.0
2011-10-16 21:00:00,77.082,77.4535,76.6035,76.831,15284.0
2011-10-17 21:00:00,76.831,76.911,76.629,76.82,12830.0
2011-10-18 21:00:00,76.82,76.865,76.6595,76.81,8151.0
2011-10-19 21:00:00,76.81,77.092,76.6805,76.808,10941.0
2011-10-20 21:00:00,76.808,76.914,75.7885,76.244,13255.0
2011-10-23 21:00:00,76.208,76.4855,75.9905,76.099,11865.0
2011-10-24 21:00:00,76.099,76.3025,75.738,76.097,14698.0
2011-10-25 21:00:00,76.097,76.321,75.7155,76.177,13611.0
2011-10-26 21:00:00,76.177,76.29,75.662,75.9465,16691.0
2011-10-27 21:00:00,75.9465,76.0035,75.677,75.816,9144.0
2011-10-30 21:00:00,75.653,79.533,75.5545,78.169,58606.0
2011-10-31 21:00:00,78.169,78.9955,78.017,78.371,20105.0
2011-11-01 21:00:00,78.371,78.415,77.9435,78.046,12408.0
2011-11-02 21:00:00,78.046,78.163,77.8975,78.059,9455.0
2011-11-03 21:00:00,78.059,78.2685,77.988,78.238,7549.0
2011-11-06 22:00:00,78.191,78.192,77.9845,78.05,6829.0
2011-11-07 22:00:00,78.05,78.099,77.599,77.727,9712.0
2011-11-08 22:00:00,77.727,77.8875,77.5445,77.817,11119.0
2011-11-09 22:00:00,77.817,77.8735,77.5085,77.6505,11152.0
2011-11-10 22:00:00,77.6505,77.6855,77.053,77.137,9266.0
2011-11-13 22:00:00,77.27,77.273,76.815,77.07,9510.0
2011-11-14 22:00:00,77.07,77.504,76.9115,77.031,11439.0
2011-11-15 22:00:00,77.031,77.151,76.8585,77.059,8690.0
2011-11-16 22:00:00,77.059,77.0925,76.917,76.981,8427.0
2011-11-17 22:00:00,76.981,77.0325,76.577,76.905,10093.0
2011-11-20 22:00:00,76.89,76.991,76.7635,76.888,8691.0
2011-11-21 22:00:00,76.888,77.3375,76.8375,76.972,10483.0
2011-11-22 22:00:00,76.972,77.5815,76.928,77.309,7269.0
2011-11-23 22:00:00,77.309,77.3365,77.016,77.118,10111.0
2011-11-24 22:00:00,77.118,77.7925,77.113,77.725,12076.0
2011-11-27 22:00:00,77.574,78.24,77.459,77.984,11060.0
2011-11-28 22:00:00,77.984,78.285,77.626,77.927,12635.0
2011-11-29 22:00:00,77.927,78.157,77.299,77.621,16888.0
2011-11-30 22:00:00,77.621,77.811,77.487,77.703,11497.0
2011-12-01 22:00:00,77.703,78.078,77.696,77.991,8857.0
2011-12-04 22:00:00,78.037,78.108,77.695,77.82,8978.0
2011-12-05 22:00:00,77.82,77.857,77.639,77.733,9261.0
2011-12-06 22:00:00,77.733,77.791,77.629,77.677,7299.0
2011-12-07 22:00:00,77.677,77.795,77.13,77.638,11784.0
2011-12-08 22:00:00,77.638,77.781,77.496,77.599,8367.0
2011-12-11 22:00:00,77.684,77.9985,77.548,77.924,8898.0
2011-12-12 22:00:00,77.924,78.022,77.6415,77.998,9271.0
2011-12-13 22:00:00,77.998,78.156,77.926,78.076,9095.0
2011-12-14 22:00:00,78.076,78.1415,77.737,77.855,8510.0
2011-12-15 22:00:00,77.855,77.963,77.617,77.789,6898.0
2011-12-18 22:00:00,77.789,78.1655,77.731,78.046,8438.0
2011-12-19 22:00:00,78.046,78.058,77.716,77.887,7302.0
2011-12-20 22:00:00,77.887,78.112,77.6895,78.061,9503.0
2011-12-21 22:00:00,78.061,78.205,78.0035,78.172,6639.0
2011-12-22 22:00:00,78.172,78.2255,78.008,78.089,3781.0
2011-12-25 22:00:00,78.079,78.131,77.881,77.973,3297.0
2011-12-26 22:00:00,77.973,78.0295,77.7985,77.878,6684.0
2011-12-27 22:00:00,77.878,78.041,77.5665,77.94,8307.0
2011-12-28 22:00:00,77.94,77.986,77.606,77.636,8411.0
2011-12-29 22:00:00,77.636,77.739,76.889,76.904,12021.0
2012-01-01 22:00:00,76.962,77.19,76.864,76.894,3245.0
2012-01-02 22:00:00,76.894,76.964,76.6265,76.734,8979.0
2012-01-03 22:00:00,76.734,76.8315,76.6115,76.717,8128.0
2012-01-04 22:00:00,76.717,77.245,76.6585,77.117,9134.0
2012-01-05 22:00:00,77.117,77.3385,76.964,76.964,8897.0
2012-01-08 22:00:00,76.908,77.0105,76.773,76.836,5239.0
2012-01-09 22:00:00,76.836,76.9065,76.7775,76.847,6376.0
2012-01-10 22:00:00,76.847,77.042,76.818,76.857,6418.0
2012-01-11 22:00:00,76.857,76.982,76.6715,76.76,7361.0
2012-01-12 22:00:00,76.76,77.0055,76.6635,76.968,8163.0
2012-01-15 22:00:00,77.083,77.083,76.7025,76.782,6188.0
2012-01-16 22:00:00,76.782,76.8795,76.5535,76.831,6923.0
2012-01-17 22:00:00,76.831,76.8735,76.6585,76.832,6390.0
2012-01-18 22:00:00,76.832,77.321,76.7005,77.108,7393.0
2012-01-19 22:00:00,77.108,77.3055,76.9175,77.023,7323.0
2012-01-22 22:00:00,76.958,77.0815,76.867,77.023,6796.0
2012-01-23 22:00:00,77.023,77.853,76.9605,77.669,10282.0
2012-01-24 22:00:00,77.669,78.2815,77.565,77.782,14026.0
2012-01-25 22:00:00,77.782,77.818,77.295,77.45,9667.0
2012-01-26 22:00:00,77.45,77.4855,76.654,76.699,12440.0
2012-01-29 22:00:00,76.686,76.7775,76.218,76.346,8019.0
2012-01-30 22:00:00,76.346,76.4185,76.161,76.269,9990.0
2012-01-31 22:00:00,76.269,76.3535,76.029,76.2,8745.0
2012-02-01 22:00:00,76.2,76.245,76.0475,76.222,6191.0
2012-02-02 22:00:00,76.222,76.736,76.144,76.605,7837.0
2012-02-05 22:00:00,76.616,76.804,76.497,76.549,8364.0
2012-02-06 22:00:00,76.549,76.968,76.5185,76.766,9196.0
2012-02-07 22:00:00,76.766,77.1865,76.7095,77.04,10093.0
2012-02-08 22:00:00,77.04,77.7285,77.017,77.665,10521.0
2012-02-09 22:00:00,77.665,77.805,77.5185,77.619,9354.0
2012-02-12 22:00:00,77.562,77.7825,77.397,77.573,7279.0
2012-02-13 22:00:00,77.573,78.5435,77.3635,78.437,14699.0
2012-02-14 22:00:00,78.437,78.6605,78.1825,78.434,13646.0
2012-02-15 22:00:00,78.434,78.965,78.363,78.934,11672.0
2012-02-16 22:00:00,78.934,79.613,78.797,79.558,12367.0
2012-02-19 22:00:00,79.607,79.889,79.364,79.63,13106.0
2012-02-20 22:00:00,79.63,79.849,79.5515,79.74,11101.0
2012-02-21 22:00:00,79.74,80.405,79.683,80.293,13744.0
2012-02-22 22:00:00,80.293,80.3525,79.858,79.999,11750.0
2012-02-23 22:00:00,79.999,81.216,79.932,81.2,14044.0
2012-02-26 22:00:00,81.262,81.67,80.1335,80.605,21073.0
2012-02-27 22:00:00,80.605,80.7835,80.0195,80.462,17142.0
2012-02-28 22:00:00,80.462,81.312,80.2575,81.15,20259.0
2012-02-29 22:00:00,81.15,81.3925,80.84,81.117,18268.0
2012-03-01 22:00:00,81.117,81.8725,81.08,81.812,16259.0
2012-03-04 22:00:00,81.775,81.867,81.156,81.559,15823.0
2012-03-05 22:00:00,81.559,81.5855,80.5875,80.894,19218.0
2012-03-06 22:00:00,80.894,81.222,80.5875,81.09,15824.0
2012-03-07 22:00:00,81.09,81.731,81.082,81.552,17789.0
2012-03-08 22:00:00,81.552,82.646,81.4695,82.48,19404.0
2012-03-11 21:00:00,82.505,82.534,82.116,82.234,13258.0
2012-03-12 21:00:00,82.234,83.084,81.97,82.945,21441.0
2012-03-13 21:00:00,82.945,83.8305,82.871,83.731,15291.0
2012-03-14 21:00:00,83.731,84.1805,83.1975,83.575,20634.0
2012-03-15 21:00:00,83.575,83.943,83.1865,83.439,19450.0
2012-03-18 21:00:00,83.398,83.5685,83.0215,83.346,16220.0
2012-03-19 21:00:00,83.346,83.8325,83.318,83.707,13267.0
2012-03-20 21:00:00,83.707,84.096,83.297,83.406,19153.0
2012-03-21 21:00:00,83.406,83.4715,82.3285,82.535,27404.0
2012-03-22 21:00:00,82.535,82.95,81.976,82.349,22792.0
2012-03-25 21:00:00,82.407,83.001,82.378,82.826,18403.0
2012-03-26 21:00:00,82.826,83.387,82.6445,83.175,19275.0
2012-03-27 21:00:00,83.175,83.218,82.611,82.898,23076.0
2012-03-28 21:00:00,82.898,82.9695,81.9055,82.457,22680.0
2012-03-29 21:00:00,82.457,82.886,81.8335,82.865,23477.0
2012-04-01 21:00:00,83.031,83.305,81.876,82.076,22601.0
2012-04-02 21:00:00,82.076,82.996,81.557,82.812,20080.0
2012-04-03 21:00:00,82.812,82.936,82.097,82.463,19875.0
2012-04-04 21:00:00,82.463,82.4745,81.829,82.376,21158.0
2012-04-05 21:00:00,82.376,82.555,81.306,81.639,14385.0
2012-04-08 21:00:00,81.511,81.672,81.2,81.492,13998.0
2012-04-09 21:00:00,81.492,81.864,80.651,80.672,21962.0
2012-04-10 21:00:00,80.672,81.122,80.5735,80.862,18870.0
2012-04-11 21:00:00,80.862,81.131,80.738,80.89,17316.0
2012-04-12 21:00:00,80.89,81.198,80.83,80.917,14055.0
2012-04-15 21:00:00,80.85,80.9995,80.297,80.409,15921.0
2012-04-16 21:00:00,80.409,80.928,80.3375,80.844,13571.0
2012-04-17 21:00:00,80.844,81.563,80.839,81.258,15305.0
2012-04-18 21:00:00,81.258,81.734,81.176,81.602,17487.0
2012-04-19 21:00:00,81.602,81.781,81.484,81.519,11442.0
2012-04-22 21:00:00,81.519,81.665,80.9745,81.184,12215.0
2012-04-23 21:00:00,81.184,81.394,80.8585,81.317,11618.0
2012-04-24 21:00:00,81.317,81.695,81.0735,81.346,16076.0
2012-04-25 21:00:00,81.346,81.423,80.668,80.995,13374.0
2012-04-26 21:00:00,80.995,81.444,80.224,80.267,21675.0
2012-04-29 21:00:00,80.268,80.3905,79.7365,79.823,8729.0
2012-04-30 21:00:00,79.823,80.3045,79.645,80.092,9501.0
2012-05-01 21:00:00,80.092,80.6115,80.047,80.143,12872.0
2012-05-02 21:00:00,80.143,80.5545,80.1005,80.183,8059.0
2012-05-03 21:00:00,80.183,80.398,79.808,79.856,9647.0
2012-05-06 21:00:00,79.849,79.9995,79.648,79.917,11713.0
2012-05-07 21:00:00,79.917,80.08,79.7105,79.869,10109.0
2012-05-08 21:00:00,79.869,79.9425,79.434,79.636,11738.0
2012-05-09 21:00:00,79.636,80.019,79.6075,79.927,11863.0
2012-05-10 21:00:00,79.927,79.9945,79.7305,79.942,10996.0
2012-05-13 21:00:00,79.989,80.188,79.685,79.847,9925.0
2012-05-14 21:00:00,79.847,80.334,79.814,80.183,11692.0
2012-05-15 21:00:00,80.183,80.552,80.157,80.332,13488.0
2012-05-16 21:00:00,80.332,80.3955,79.136,79.275,14453.0
2012-05-17 21:00:00,79.275,79.4625,79.001,79.03,12610.0
2012-05-20 21:00:00,79.126,79.4485,79.109,79.305,9918.0
2012-05-21 21:00:00,79.305,80.149,79.2735,79.962,12438.0
2012-05-22 21:00:00,79.962,80.0755,79.213,79.478,15077.0
2012-05-23 21:00:00,79.478,79.635,79.347,79.599,10732.0
2012-05-24 21:00:00,79.599,79.823,79.5015,79.685,8293.0
2012-05-27 21:00:00,79.708,79.732,79.3355,79.476,6667.0
2012-05-28 21:00:00,79.476,79.642,79.374,79.493,9288.0
2012-05-29 21:00:00,79.493,79.5695,78.8685,79.073,11099.0
2012-05-30 21:00:00,79.073,79.132,78.213,78.314,14219.0
2012-05-31 21:00:00,78.314,78.7235,77.662,78.015,20487.0
2012-06-03 21:00:00,78.087,78.4615,77.9885,78.346,11173.0
2012-06-04 21:00:00,78.346,78.9705,78.1075,78.754,12184.0
2012-06-05 21:00:00,78.754,79.279,78.6155,79.195,16177.0
2012-06-06 21:00:00,79.195,79.794,79.164,79.63,15412.0
2012-06-07 21:00:00,79.63,79.752,79.112,79.475,15113.0
2012-06-10 21:00:00,79.624,79.7225,79.3595,79.444,13422.0
2012-06-11 21:00:00,79.444,79.694,79.169,79.525,12895.0
2012-06-12 21:00:00,79.525,79.7435,79.302,79.487,11142.0
2012-06-13 21:00:00,79.487,79.487,79.16,79.349,8947.0
2012-06-14 21:00:00,79.349,79.5095,78.6155,78.722,11815.0
2012-06-17 21:00:00,78.805,79.3075,78.805,79.112,12593.0
2012-06-18 21:00:00,79.112,79.1405,78.846,78.953,9599.0
2012-06-19 21:00:00,78.953,79.7045,78.797,79.538,15686.0
2012-06-20 21:00:00,79.538,80.334,79.3885,80.279,15503.0
2012-06-21 21:00:00,80.279,80.5695,80.011,80.427,13403.0
2012-06-24 21:00:00,80.426,80.623,79.442,79.666,11415.0
2012-06-25 21:00:00,79.666,79.7875,79.232,79.514,12136.0
2012-06-26 21:00:00,79.514,79.867,79.3575,79.719,10435.0
2012-06-27 21:00:00,79.719,79.7565,79.2225,79.454,10362.0
2012-06-28 21:00:00,79.454,79.989,79.1375,79.795,19109.0
2012-07-01 21:00:00,79.861,79.9825,79.314,79.5215,13220.0
2012-07-02 21:00:00,79.5215,79.931,79.419,79.791,10602.0
2012-07-03 21:00:00,79.791,79.8905,79.593,79.876,6875.0
2012-07-04 21:00:00,79.876,80.097,79.564,79.918,13821.0
2012-07-05 21:00:00,79.918,80.022,79.499,79.656,11613.0
2012-07-08 21:00:00,79.62,79.7735,79.4275,79.559,7449.0
2012-07-09 21:00:00,79.559,79.5985,79.215,79.428,8708.0
2012-07-10 21:00:00,79.428,79.79,79.138,79.763,9393.0
2012-07-11 21:00:00,79.763,79.962,79.179,79.313,12436.0
2012-07-12 21:00:00,79.313,79.395,79.073,79.179,7166.0
2012-07-15 21:00:00,79.2715,79.2885,78.69,78.864,6954.0
2012-07-16 21:00:00,78.864,79.174,78.7945,79.064,9272.0
2012-07-17 21:00:00,79.064,79.1545,78.761,78.805,7564.0
2012-07-18 21:00:00,78.805,78.8245,78.432,78.587,7920.0
2012-07-19 21:00:00,78.587,78.803,78.4545,78.493,8242.0
2012-07-22 21:00:00,78.45,78.538,77.945,78.396,10010.0
2012-07-23 21:00:00,78.396,78.415,78.1015,78.179,7981.0
2012-07-24 21:00:00,78.179,78.279,78.0735,78.165,7836.0
2012-07-25 21:00:00,78.165,78.319,78.015,78.21,9382.0
2012-07-26 21:00:00,78.21,78.6765,78.0775,78.428,10747.0
2012-07-29 21:00:00,78.452,78.5425,78.121,78.177,7619.0
2012-07-30 21:00:00,78.177,78.306,78.042,78.123,7621.0
2012-07-31 21:00:00,78.123,78.501,77.912,78.434,9667.0
2012-08-01 21:00:00,78.434,78.5375,78.1215,78.244,10640.0
2012-08-02 21:00:00,78.244,78.7745,78.072,78.458,10689.0
2012-08-05 21:00:00,78.596,78.6435,78.145,78.246,7513.0
2012-08-06 21:00:00,78.246,78.739,78.16,78.605,8178.0
2012-08-07 21:00:00,78.605,78.6615,78.2365,78.433,9515.0
2012-08-08 21:00:00,78.433,78.793,78.2965,78.567,10364.0
2012-08-09 21:00:00,78.567,78.643,78.166,78.27,8073.0
2012-08-12 21:00:00,78.23,78.375,78.165,78.319,6255.0
2012-08-13 21:00:00,78.319,78.935,78.3085,78.736,8516.0
2012-08-14 21:00:00,78.736,79.0495,78.5925,78.995,9587.0
2012-08-15 21:00:00,78.995,79.4045,78.9195,79.344,11028.0
2012-08-16 21:00:00,79.344,79.573,79.2345,79.564,8105.0
2012-08-19 21:00:00,79.5615,79.6595,79.323,79.427,7561.0
2012-08-20 21:00:00,79.427,79.5265,79.225,79.285,8579.0
2012-08-21 21:00:00,79.285,79.3765,78.282,78.582,11406.0
2012-08-22 21:00:00,78.582,78.6955,78.362,78.494,9042.0
2012-08-23 21:00:00,78.494,78.725,78.4545,78.672,8195.0
2012-08-26 21:00:00,78.703,78.8435,78.626,78.744,4739.0
2012-08-27 21:00:00,78.744,78.7715,78.458,78.508,7023.0
2012-08-28 21:00:00,78.508,78.79,78.4835,78.706,6460.0
2012-08-29 21:00:00,78.706,78.7485,78.4985,78.627,5340.0
2012-08-30 21:00:00,78.627,78.656,78.19,78.386,10004.0
2012-09-02 21:00:00,78.342,78.4015,78.1975,78.258,4597.0
2012-09-03 21:00:00,78.258,78.472,78.255,78.43,6795.0
2012-09-04 21:00:00,78.43,78.5355,78.304,78.392,7169.0
2012-09-05 21:00:00,78.392,79.035,78.3825,78.862,9218.0
2012-09-06 21:00:00,78.862,79.023,78.019,78.234,11892.0
2012-09-09 21:00:00,78.2525,78.331,78.1865,78.284,5689.0
2012-09-10 21:00:00,78.284,78.29,77.704,77.766,8260.0
2012-09-11 21:00:00,77.766,77.9665,77.742,77.855,10595.0
2012-09-12 21:00:00,77.855,77.8735,77.136,77.49,13171.0
2012-09-13 21:00:00,77.49,78.395,77.463,78.395,14888.0
2012-09-16 21:00:00,78.344,78.929,78.1685,78.707,10634.0
2012-09-17 21:00:00,78.707,78.876,78.4895,78.813,9951.0
2012-09-18 21:00:00,78.813,79.2195,78.258,78.38,19653.0
2012-09-19 21:00:00,78.38,78.4595,78.025,78.245,12440.0
2012-09-20 21:00:00,78.245,78.371,78.113,78.168,9436.0
2012-09-23 21:00:00,78.1705,78.2015,77.809,77.85,7539.0
2012-09-24 21:00:00,77.85,77.93,77.662,77.797,8641.0
2012-09-25 21:00:00,77.797,77.9105,77.593,77.745,8220.0
2012-09-26 21:00:00,77.745,77.7565,77.584,77.605,7377.0
2012-09-27 21:00:00,77.605,78.107,77.44,77.919,10789.0
2012-09-30 21:00:00,77.9765,78.151,77.7935,77.993,8963.0
2012-10-01 21:00:00,77.993,78.215,77.976,78.155,6706.0
2012-10-02 21:00:00,78.155,78.585,78.1165,78.491,7644.0
2012-10-03 21:00:00,78.491,78.7175,78.302,78.48,8230.0
2012-10-04 21:00:00,78.48,78.87,78.2785,78.672,9748.0
2012-10-07 21:00:00,78.663,78.7595,78.079,78.335,5593.0
2012-10-08 21:00:00,78.335,78.4335,78.155,78.254,6595.0
2012-10-09 21:00:00,78.254,78.371,78.126,78.184,6457.0
2012-10-10 21:00:00,78.184,78.588,77.9485,78.335,9858.0
2012-10-11 21:00:00,78.335,78.536,78.29,78.442,6369.0
2012-10-14 21:00:00,78.4495,78.862,78.3315,78.648,7836.0
2012-10-15 21:00:00,78.648,78.966,78.636,78.887,9223.0
2012-10-16 21:00:00,78.887,79.05,78.6175,78.937,10105.0
2012-10-17 21:00:00,78.937,79.465,78.919,79.274,11999.0
2012-10-18 21:00:00,79.274,79.431,79.141,79.314,7204.0
2012-10-21 21:00:00,79.285,79.962,79.2185,79.943,8668.0
2012-10-22 21:00:00,79.943,80.0105,79.713,79.852,9555.0
2012-10-23 21:00:00,79.852,79.9265,79.694,79.805,8424.0
2012-10-24 21:00:00,79.805,80.3395,79.773,80.3,9911.0
2012-10-25 21:00:00,80.3,80.381,79.496,79.649,11929.0
2012-10-28 21:00:00,79.611,79.844,79.53,79.802,6382.0
2012-10-29 21:00:00,79.802,80.1355,79.279,79.629,11390.0
2012-10-30 21:00:00,79.629,79.963,79.5255,79.767,8447.0
2012-10-31 21:00:00,79.767,80.206,79.767,80.124,8126.0
2012-11-01 21:00:00,80.124,80.674,80.115,80.436,9182.0
2012-11-04 22:00:00,80.438,80.5625,80.15,80.288,6644.0
2012-11-05 22:00:00,80.288,80.444,79.962,80.357,6940.0
2012-11-06 22:00:00,80.357,80.4145,79.76,79.996,16272.0
2012-11-07 22:00:00,79.996,80.014,79.3235,79.472,11117.0
2012-11-08 22:00:00,79.472,79.612,79.076,79.494,12098.0
2012-11-11 22:00:00,79.492,79.5635,79.359,79.493,5135.0
2012-11-12 22:00:00,79.493,79.6415,79.212,79.38,9683.0
2012-11-13 22:00:00,79.38,80.308,79.38,80.248,11529.0
2012-11-14 22:00:00,80.248,81.463,80.126,81.168,15560.0
2012-11-15 22:00:00,81.168,81.441,80.8955,81.303,12507.0
2012-11-18 22:00:00,81.3905,81.5905,81.088,81.412,11306.0
2012-11-19 22:00:00,81.412,81.758,81.138,81.678,12551.0
2012-11-20 22:00:00,81.678,82.5535,81.6565,82.525,14939.0
2012-11-21 22:00:00,82.525,82.835,82.264,82.472,12595.0
2012-11-22 22:00:00,82.472,82.509,82.064,82.397,11248.0
2012-11-25 22:00:00,82.348,82.6215,81.927,82.079,12736.0
2012-11-26 22:00:00,82.079,82.316,81.8595,82.155,12607.0
2012-11-27 22:00:00,82.155,82.2135,81.689,82.076,14477.0
2012-11-28 22:00:00,82.076,82.2155,81.915,82.118,12821.0
2012-11-29 22:00:00,82.118,82.748,82.049,82.481,15271.0
2012-12-02 22:00:00,82.481,82.5045,81.996,82.248,10779.0
2012-12-03 22:00:00,82.248,82.283,81.722,81.897,10809.0
2012-12-04 22:00:00,81.897,82.478,81.7985,82.469,14041.0
2012-12-05 22:00:00,82.469,82.617,82.202,82.401,9867.0
2012-12-06 22:00:00,82.401,82.8305,82.177,82.492,11611.0
2012-12-09 22:00:00,82.492,82.6405,82.1185,82.358,8478.0
2012-12-10 22:00:00,82.358,82.576,82.3065,82.516,7368.0
2012-12-11 22:00:00,82.516,83.2955,82.487,83.26,12612.0
2012-12-12 22:00:00,83.26,83.6715,83.133,83.6475,14237.0
2012-12-13 22:00:00,83.6475,83.963,83.319,83.515,36041.0
2012-12-16 22:00:00,84.3375,84.3385,83.6145,83.8895,37036.0
2012-12-17 22:00:00,83.8895,84.2685,83.8245,84.2065,27039.0
2012-12-18 22:00:00,84.2065,84.6165,84.168,84.411,31432.0
2012-12-19 22:00:00,84.411,84.454,83.8615,84.383,39575.0
2012-12-20 22:00:00,84.383,84.444,83.86,84.2375,37859.0
2012-12-23 22:00:00,84.3765,84.867,84.3265,84.7705,15304.0
2012-12-25 22:00:00,84.7705,85.727,84.7705,85.632,12080.0
2012-12-26 22:00:00,85.632,86.155,85.4795,86.1025,36680.0
2012-12-27 22:00:00,86.1025,86.634,85.8895,85.8925,39185.0
2012-12-30 22:00:00,85.815,86.6885,85.665,86.6175,24293.0
2013-01-01 22:00:00,86.6175,87.3485,86.6175,87.3445,42979.0
2013-01-02 22:00:00,87.3445,87.3565,86.7705,87.2365,33977.0
2013-01-03 22:00:00,87.2365,88.4115,87.2355,88.155,53300.0
2013-01-06 22:00:00,88.119,88.3765,87.6285,87.793,39865.0
2013-01-07 22:00:00,87.793,87.8285,86.9015,87.051,47070.0
2013-01-08 22:00:00,87.051,88.0165,86.828,87.878,46050.0
2013-01-09 22:00:00,87.878,88.7935,87.855,88.7795,50440.0
2013-01-10 22:00:00,88.7795,89.449,88.684,89.183,61180.0
2013-01-13 22:00:00,89.2975,89.672,89.084,89.477,44913.0
2013-01-14 22:00:00,89.477,89.632,88.2875,88.794,66228.0
2013-01-15 22:00:00,88.794,88.874,87.794,88.3815,65407.0
2013-01-16 22:00:00,88.3815,90.1345,88.137,89.879,75449.0
2013-01-17 22:00:00,89.879,90.214,89.631,90.082,64298.0
2013-01-20 22:00:00,90.0935,90.248,89.339,89.605,48439.0
2013-01-21 22:00:00,89.605,90.151,88.3685,88.7075,89012.0
2013-01-22 22:00:00,88.7075,88.794,88.063,88.614,56715.0
2013-01-23 22:00:00,88.614,90.5565,88.4165,90.3265,66347.0
2013-01-24 22:00:00,90.3265,91.194,90.292,90.878,61877.0
2013-01-27 22:00:00,91.0495,91.261,90.568,90.855,49697.0
2013-01-28 22:00:00,90.855,91.0165,90.331,90.7225,56475.0
2013-01-29 22:00:00,90.7225,91.405,90.661,91.0865,55475.0
2013-01-30 22:00:00,91.0865,91.7795,90.7495,91.712,52979.0
2013-01-31 22:00:00,91.712,92.963,91.6145,92.828,70970.0
2013-02-03 22:00:00,92.7795,93.1815,92.205,92.38,57815.0
2013-02-04 22:00:00,92.38,93.6565,91.9805,93.6345,75780.0
2013-02-05 22:00:00,93.6345,94.064,93.276,93.618,68679.0
2013-02-06 22:00:00,93.618,93.916,93.0835,93.6285,68083.0
2013-02-07 22:00:00,93.6285,93.741,92.1745,92.6515,74719.0
2013-02-10 22:00:00,92.6515,94.4655,92.3685,94.316,128415.0
2013-02-11 22:00:00,94.316,94.4105,92.9495,93.479,203238.0
2013-02-12 22:00:00,93.479,93.7795,92.824,93.389,142917.0
2013-02-13 22:00:00,93.389,93.7135,92.677,92.8765,148756.0
2013-02-14 22:00:00,92.8765,93.842,92.2265,93.501,194805.0
2013-02-17 22:00:00,93.501,94.216,93.501,93.9545,103075.0
2013-02-18 22:00:00,93.9545,93.964,93.2925,93.5725,98113.0
2013-02-19 22:00:00,93.5725,94.0425,93.1395,93.565,124004.0
2013-02-20 22:00:00,93.565,93.8635,92.775,93.1155,137371.0
2013-02-21 22:00:00,93.1155,93.516,92.9295,93.414,123162.0
2013-02-24 22:00:00,93.414,94.5555,90.8605,91.82,227161.0
2013-02-25 22:00:00,91.82,92.7495,91.123,91.979,280027.0
2013-02-26 22:00:00,91.979,92.439,91.1395,92.2345,173088.0
2013-02-27 22:00:00,92.2345,92.851,92.013,92.5605,144570.0
2013-02-28 22:00:00,92.5605,93.686,92.444,93.5885,143596.0
2013-03-03 22:00:00,93.5885,93.727,93.1685,93.4835,107504.0
2013-03-04 22:00:00,93.4835,93.541,92.9175,93.2915,109327.0
2013-03-05 22:00:00,93.2915,94.1175,92.9975,94.0685,93752.0
2013-03-06 22:00:00,94.0685,95.0975,93.7915,94.822,128918.0
2013-03-07 22:00:00,94.822,96.5785,94.785,96.003,164329.0
2013-03-10 21:00:00,96.003,96.3655,95.95,96.2815,91430.0
2013-03-11 21:00:00,96.2815,96.7115,95.6425,96.083,150900.0
2013-03-12 21:00:00,96.083,96.264,95.4445,96.123,133509.0
2013-03-13 21:00:00,96.123,96.5915,95.684,96.114,130172.0
2013-03-14 21:00:00,96.114,96.2755,95.0765,95.272,144577.0
2013-03-17 21:00:00,95.272,95.6005,94.087,95.2135,183698.0
2013-03-18 21:00:00,95.2135,95.7475,94.724,95.1635,145356.0
2013-03-19 21:00:00,95.1635,96.134,94.8315,96.0145,134777.0
2013-03-20 21:00:00,96.0145,96.111,94.5385,94.907,177958.0
2013-03-21 21:00:00,94.907,95.1345,94.196,94.468,94435.0
2013-03-24 21:00:00,94.468,94.9625,93.5295,94.1685,99307.0
2013-03-25 21:00:00,94.1685,94.6185,93.867,94.4445,83569.0
2013-03-26 21:00:00,94.4445,94.9075,94.021,94.454,74902.0
2013-03-27 21:00:00,94.454,94.4885,93.876,94.147,70893.0
2013-03-28 21:00:00,94.147,94.303,93.933,94.208,52023.0
2013-03-31 21:00:00,94.208,94.3765,93.1635,93.233,65344.0
2013-04-01 21:00:00,93.233,93.5605,92.569,93.4405,77734.0
2013-04-02 21:00:00,93.4405,93.6885,92.715,93.043,73061.0
2013-04-03 21:00:00,93.043,96.4155,92.7305,96.336,147306.0
2013-04-04 21:00:00,96.336,97.832,95.759,97.56,159080.0
2013-04-07 21:00:00,97.56,99.3875,97.56,99.3565,132898.0
2013-04-08 21:00:00,99.3565,99.664,98.5905,99.024,116568.0
2013-04-09 21:00:00,99.024,99.874,98.913,99.772,107480.0
2013-04-10 21:00:00,99.772,99.9455,99.1145,99.6755,103484.0
2013-04-11 21:00:00,99.6755,99.807,98.0945,98.404,123366.0
2013-04-14 21:00:00,98.404,98.7145,96.3575,96.7645,170939.0
2013-04-15 21:00:00,96.7645,98.1565,95.801,97.5345,152221.0
2013-04-16 21:00:00,97.5345,98.4325,97.2125,98.115,143107.0
2013-04-17 21:00:00,98.115,98.531,97.634,98.171,125878.0
2013-04-18 21:00:00,98.171,99.6865,98.1075,99.5205,116018.0
2013-04-21 21:00:00,99.5205,99.8865,98.98,99.2335,102236.0
2013-04-22 21:00:00,99.2335,99.5355,98.483,99.476,124826.0
2013-04-23 21:00:00,99.476,99.7605,99.1865,99.5165,96126.0
2013-04-24 21:00:00,99.5165,99.5655,98.9865,99.254,92310.0
2013-04-25 21:00:00,99.254,99.4165,97.5585,98.0465,138043.0
2013-04-28 21:00:00,98.0465,98.202,97.3525,97.7555,76796.0
2013-04-29 21:00:00,97.7555,98.1275,97.0085,97.454,84570.0
2013-04-30 21:00:00,97.454,97.679,97.023,97.3915,72329.0
2013-05-01 21:00:00,97.3915,98.3945,97.09,97.932,87050.0
2013-05-02 21:00:00,97.932,99.2695,97.9005,98.9985,72650.0
2013-05-05 21:00:00,98.9985,99.4545,98.9985,99.326,40549.0
2013-05-06 21:00:00,99.326,99.433,98.8295,98.9965,71692.0
2013-05-07 21:00:00,98.9965,99.154,98.5815,99.005,68716.0
2013-05-08 21:00:00,99.005,100.794,98.6495,100.5945,95860.0
2013-05-09 21:00:00,100.5945,101.9845,100.5405,101.618,123115.0
2013-05-12 21:00:00,101.618,102.1535,101.5175,101.8275,82913.0
2013-05-13 21:00:00,101.8275,102.435,101.262,102.4135,95252.0
2013-05-14 21:00:00,102.4135,102.764,101.8525,102.2505,98120.0
2013-05-15 21:00:00,102.2505,102.6835,101.8325,102.2595,103535.0
2013-05-16 21:00:00,102.2595,103.308,102.0825,103.2215,88549.0
2013-05-19 21:00:00,103.2215,103.2215,102.013,102.271,85278.0
2013-05-20 21:00:00,102.271,102.8865,102.0775,102.494,76157.0
2013-05-21 21:00:00,102.494,103.7375,102.3515,103.1585,126347.0
2013-05-22 21:00:00,103.1585,103.571,100.8345,102.013,187111.0
2013-05-23 21:00:00,102.013,102.5885,100.6635,101.2815,168779.0
2013-05-26 21:00:00,101.2815,101.3,100.746,100.957,66920.0
2013-05-27 21:00:00,100.957,102.506,100.9365,102.3725,112148.0
2013-05-28 21:00:00,102.3725,102.526,100.715,101.1605,136772.0
2013-05-29 21:00:00,101.1605,101.8025,100.469,100.732,153288.0
2013-05-30 21:00:00,100.732,101.284,100.2245,100.455,141759.0
2013-06-02 21:00:00,100.455,100.727,98.864,99.528,126229.0
2013-06-03 21:00:00,99.528,100.4175,99.336,100.0215,110788.0
2013-06-04 21:00:00,100.0215,100.4675,98.9665,99.0555,135691.0
2013-06-05 21:00:00,99.0555,99.47,95.9005,96.971,185641.0
2013-06-06 21:00:00,96.971,97.787,94.984,97.5585,265293.0
2013-06-09 21:00:00,97.5585,99.286,97.5585,98.766,135163.0
2013-06-10 21:00:00,98.766,99.06,95.59,96.0275,219743.0
2013-06-11 21:00:00,96.0275,97.0185,95.1385,96.0215,166255.0
2013-06-12 21:00:00,96.0215,96.092,93.791,95.3685,209409.0
2013-06-13 21:00:00,95.3685,95.813,93.984,94.091,181159.0
2013-06-16 21:00:00,94.091,95.2175,94.091,94.507,106324.0
2013-06-17 21:00:00,94.507,95.7665,94.441,95.328,101403.0
2013-06-18 21:00:00,95.328,97.0295,94.8335,96.449,128773.0
2013-06-19 21:00:00,96.449,98.2865,96.204,97.287,182667.0
2013-06-20 21:00:00,97.287,98.137,96.8645,97.8985,142841.0
2013-06-23 21:00:00,97.8985,98.7045,97.2175,97.733,149297.0
2013-06-24 21:00:00,97.733,98.0635,96.9565,97.8145,117506.0
2013-06-25 21:00:00,97.8145,98.2345,97.2405,97.728,104534.0
2013-06-26 21:00:00,97.728,98.5725,97.5635,98.3485,90874.0
2013-06-27 21:00:00,98.3485,99.4495,98.3485,99.1375,102662.0
2013-06-30 21:00:00,99.1375,99.869,99.1375,99.658,72611.0
2013-07-01 21:00:00,99.658,100.7265,99.5105,100.627,74994.0
2013-07-02 21:00:00,100.627,100.856,99.2595,99.9125,109642.0
2013-07-03 21:00:00,99.9125,100.164,99.4945,100.034,70883.0
2013-07-04 21:00:00,100.034,101.2255,99.892,101.189,94142.0
2013-07-07 21:00:00,101.189,101.5345,100.79,100.9685,72185.0
2013-07-08 21:00:00,100.9685,101.296,100.771,101.149,71375.0
2013-07-09 21:00:00,101.149,101.2165,99.404,99.6855,117032.0
2013-07-10 21:00:00,99.6855,99.9165,98.233,98.9625,167678.0
2013-07-11 21:00:00,98.9625,99.695,98.677,99.214,85271.0
2013-07-14 21:00:00,99.214,100.485,99.0595,99.861,59447.0
2013-07-15 21:00:00,99.861,100.07,98.8945,99.0985,78817.0
2013-07-16 21:00:00,99.0985,99.9505,99.043,99.5845,91144.0
2013-07-17 21:00:00,99.5845,100.6565,99.4645,100.4215,85239.0
2013-07-18 21:00:00,100.4215,100.868,99.806,100.607,94859.0
2013-07-21 21:00:00,100.607,100.623,99.2885,99.663,86414.0
2013-07-22 21:00:00,99.663,100.1815,99.146,99.4285,79012.0
2013-07-23 21:00:00,99.4285,100.4395,99.3865,100.265,78237.0
2013-07-24 21:00:00,100.265,100.455,98.8795,99.2815,89267.0
2013-07-25 21:00:00,99.2815,99.4085,97.96,98.272,96994.0
2013-07-28 21:00:00,98.272,98.348,97.6395,97.9525,82225.0
2013-07-29 21:00:00,97.9525,98.463,97.7625,98.0315,72511.0
2013-07-30 21:00:00,98.0315,98.556,97.5835,97.8745,108212.0
2013-07-31 21:00:00,97.8745,99.5725,97.658,99.5425,91550.0
2013-08-01 21:00:00,99.5425,99.958,98.6615,98.9515,93931.0
2013-08-04 21:00:00,98.9515,99.152,98.1935,98.2985,67864.0
2013-08-05 21:00:00,98.2985,98.5865,97.5095,97.742,81010.0
2013-08-06 21:00:00,97.742,97.813,96.326,96.3355,104375.0
2013-08-07 21:00:00,96.3355,96.937,95.8075,96.669,97448.0
2013-08-08 21:00:00,96.669,96.971,96.13,96.2145,72398.0
2013-08-11 21:00:00,96.2145,96.941,95.9255,96.903,67640.0
2013-08-12 21:00:00,96.903,98.3435,96.861,98.2045,85846.0
2013-08-13 21:00:00,98.2045,98.429,97.8665,98.1385,67969.0
2013-08-14 21:00:00,98.1385,98.6515,97.051,97.3675,111854.0
2013-08-15 21:00:00,97.3675,97.778,97.051,97.5265,76721.0
2013-08-18 21:00:00,97.5265,98.1265,97.36,97.5545,70068.0
2013-08-19 21:00:00,97.5545,97.8635,96.9125,97.271,82487.0
2013-08-20 21:00:00,97.271,97.9855,97.1245,97.6795,89027.0
2013-08-21 21:00:00,97.6795,98.8105,97.5975,98.719,81376.0
2013-08-22 21:00:00,98.719,99.1475,98.389,98.7365,77811.0
2013-08-25 21:00:00,98.7365,98.8435,98.2675,98.514,50003.0
2013-08-26 21:00:00,98.514,98.5345,96.987,97.031,83510.0
2013-08-27 21:00:00,97.031,97.8395,96.821,97.6375,75301.0
2013-08-28 21:00:00,97.6375,98.524,97.4515,98.346,71451.0
2013-08-29 21:00:00,98.346,98.479,97.885,98.17,70666.0
2013-09-01 21:00:00,98.17,99.4355,98.17,99.3345,61094.0
2013-09-02 21:00:00,99.3345,99.863,99.171,99.57,82107.0
2013-09-03 21:00:00,99.57,99.8115,99.32,99.737,63645.0
2013-09-04 21:00:00,99.737,100.195,99.568,100.107,80574.0
2013-09-05 21:00:00,100.107,100.2255,98.5415,99.109,90158.0
2013-09-08 21:00:00,99.109,100.108,99.109,99.5765,69306.0
2013-09-09 21:00:00,99.5765,100.464,99.474,100.3865,68729.0
2013-09-10 21:00:00,100.3865,100.6125,99.7945,99.8905,70813.0
2013-09-11 21:00:00,99.8905,99.9915,99.0145,99.537,76342.0
2013-09-12 21:00:00,99.537,99.9795,99.1955,99.3745,66816.0
2013-09-15 21:00:00,99.3745,99.3745,98.468,99.0725,58470.0
2013-09-16 21:00:00,99.0725,99.3855,99.0085,99.127,49717.0
2013-09-17 21:00:00,99.127,99.3345,97.765,97.9355,84788.0
2013-09-18 21:00:00,97.9355,99.638,97.8865,99.4515,86465.0
2013-09-19 21:00:00,99.4515,99.67,99.177,99.353,58565.0
2013-09-22 21:00:00,99.353,99.36,98.648,98.845,46355.0
2013-09-23 21:00:00,98.845,99.176,98.478,98.745,58724.0
2013-09-24 21:00:00,98.745,98.8175,98.3875,98.4345,55451.0
2013-09-25 21:00:00,98.4345,99.1345,98.272,98.987,69728.0
2013-09-26 21:00:00,98.987,99.042,98.0975,98.2545,63171.0
2013-09-29 21:00:00,98.2545,98.4605,97.498,98.269,77848.0
2013-09-30 21:00:00,98.269,98.731,97.658,97.9945,85937.0
2013-10-01 21:00:00,97.9945,98.0855,97.1445,97.357,75979.0
2013-10-02 21:00:00,97.357,97.8735,96.9305,97.267,74477.0
2013-10-03 21:00:00,97.267,97.482,96.953,97.4715,65298.0
2013-10-06 21:00:00,97.4715,97.4715,96.6675,96.706,58300.0
2013-10-07 21:00:00,96.706,97.2505,96.569,96.88,64212.0
2013-10-08 21:00:00,96.88,97.645,96.825,97.3455,70686.0
2013-10-09 21:00:00,97.3455,98.274,97.338,98.161,67868.0
2013-10-10 21:00:00,98.161,98.5985,97.9185,98.5775,66479.0
2013-10-13 21:00:00,98.5775,98.593,98.097,98.5715,31847.0
2013-10-14 21:00:00,98.5715,98.7055,97.987,98.162,65200.0
2013-10-15 21:00:00,98.162,98.971,98.1365,98.7685,71640.0
2013-10-16 21:00:00,98.7685,99.008,97.737,97.9135,73470.0
2013-10-17 21:00:00,97.9135,98.1575,97.558,97.713,48946.0
2013-10-20 21:00:00,97.713,98.242,97.713,98.189,41505.0
2013-10-21 21:00:00,98.189,98.485,97.865,98.139,52318.0
2013-10-22 21:00:00,98.139,98.1955,97.159,97.3745,65589.0
2013-10-23 21:00:00,97.3745,97.6185,97.173,97.2815,53811.0
2013-10-24 21:00:00,97.2815,97.492,96.9415,97.408,57554.0
2013-10-27 21:00:00,97.408,97.7905,97.408,97.675,40008.0
2013-10-28 21:00:00,97.675,98.279,97.4625,98.184,51172.0
2013-10-29 21:00:00,98.184,98.679,98.054,98.5115,57414.0
2013-10-30 21:00:00,98.5115,98.57,98.0895,98.3545,62375.0
2013-10-31 21:00:00,98.3545,98.851,97.8075,98.6675,59315.0
2013-11-03 22:00:00,98.6675,98.847,98.536,98.6025,32243.0
2013-11-04 22:00:00,98.6025,98.679,98.1675,98.501,50068.0
2013-11-05 22:00:00,98.501,98.7575,98.405,98.6585,46490.0
2013-11-06 22:00:00,98.6585,99.413,97.611,98.086,91269.0
2013-11-07 22:00:00,98.086,99.221,97.976,99.049,77097.0
2013-11-10 22:00:00,99.049,99.299,98.9245,99.159,35541.0
2013-11-11 22:00:00,99.159,99.8005,99.1035,99.635,59142.0
2013-11-12 22:00:00,99.635,99.673,99.103,99.245,56586.0
2013-11-13 22:00:00,99.245,100.153,99.1345,100.0125,77958.0
2013-11-14 22:00:00,100.0125,100.435,99.94,100.1805,55858.0
2013-11-17 22:00:00,100.1805,100.393,99.792,99.993,52696.0
2013-11-18 22:00:00,99.993,100.2575,99.57,100.134,60829.0
2013-11-19 22:00:00,100.134,100.246,99.787,100.0335,76434.0
2013-11-20 22:00:00,100.0335,101.1665,99.999,101.1545,73653.0
2013-11-21 22:00:00,101.1545,101.355,100.957,101.2785,57515.0
2013-11-24 22:00:00,101.2785,101.9185,101.1395,101.6765,60533.0
2013-11-25 22:00:00,101.6765,101.74,101.1495,101.2875,54076.0
2013-11-26 22:00:00,101.2875,102.1985,101.1765,102.1605,60147.0
2013-11-27 22:00:00,102.1605,102.376,101.9355,102.328,44391.0
2013-11-28 22:00:00,102.328,102.614,102.119,102.4465,60528.0
2013-12-01 22:00:00,102.4465,103.131,102.2255,102.937,60731.0
2013-12-02 22:00:00,102.937,103.379,101.9765,102.5105,76881.0
2013-12-03 22:00:00,102.5105,102.841,101.8185,102.356,96382.0
2013-12-04 22:00:00,102.356,102.441,101.625,101.786,86383.0
2013-12-05 22:00:00,101.786,102.963,101.634,102.912,81393.0
2013-12-08 22:00:00,102.912,103.328,102.889,103.277,60737.0
2013-12-09 22:00:00,103.277,103.3925,102.5785,102.845,64122.0
2013-12-10 22:00:00,102.845,102.9495,102.153,102.4255,70491.0
2013-12-11 22:00:00,102.4255,103.4325,102.384,103.379,71553.0
2013-12-12 22:00:00,103.379,103.923,102.9905,103.2555,81846.0
2013-12-15 22:00:00,103.2555,103.2945,102.6475,103.013,65666.0
2013-12-16 22:00:00,103.013,103.111,102.502,102.6685,50963.0
2013-12-17 22:00:00,102.6685,104.3585,102.565,104.292,101452.0
2013-12-18 22:00:00,104.292,104.3675,103.781,104.2395,76622.0
2013-12-19 22:00:00,104.2395,104.6375,103.8605,104.08,70238.0
2013-12-22 22:00:00,104.08,104.1275,103.773,104.1035,32127.0
2013-12-23 22:00:00,104.1035,104.4115,104.0945,104.243,33561.0
2013-12-25 22:00:00,104.243,104.844,104.243,104.8035,58032.0
2013-12-26 22:00:00,104.8035,105.186,104.6475,105.1605,60589.0
2013-12-29 22:00:00,105.1605,105.415,104.9765,105.141,45581.0
2013-12-30 22:00:00,105.141,105.3035,104.8655,105.257,31830.0
2014-01-01 22:00:00,105.257,105.4435,104.5485,104.8095,77072.0
2014-01-02 22:00:00,104.8095,104.89,104.076,104.851,64339.0
2014-01-05 22:00:00,104.851,104.9515,103.9135,104.217,78184.0
2014-01-06 22:00:00,104.217,104.736,104.1675,104.601,66695.0
2014-01-07 22:00:00,104.601,105.1245,104.532,104.8575,74874.0
2014-01-08 22:00:00,104.8575,105.06,104.5745,104.8125,60650.0
2014-01-09 22:00:00,104.8125,105.342,103.83,104.178,82103.0
2014-01-12 22:00:00,104.178,104.178,102.857,102.9995,76934.0
2014-01-13 22:00:00,102.9995,104.286,102.958,104.2125,70887.0
2014-01-14 22:00:00,104.2125,104.6955,104.094,104.5565,59894.0
2014-01-15 22:00:00,104.5565,104.924,104.1515,104.3495,58953.0
2014-01-16 22:00:00,104.3495,104.475,104.1965,104.332,47025.0
2014-01-19 22:00:00,104.332,104.332,103.8635,104.1775,43064.0
2014-01-20 22:00:00,104.1775,104.7495,104.0275,104.3025,57542.0
2014-01-21 22:00:00,104.3025,104.579,103.9715,104.5145,59272.0
2014-01-22 22:00:00,104.5145,104.8435,102.974,103.255,94080.0
2014-01-23 22:00:00,103.255,103.5855,102.0,102.395,119338.0
2014-01-26 22:00:00,102.395,102.9325,101.7665,102.549,110860.0
2014-01-27 22:00:00,102.549,103.2525,102.4875,102.944,72689.0
2014-01-28 22:00:00,102.944,103.4445,101.8425,102.2855,122698.0
2014-01-29 22:00:00,102.2855,102.893,102.07,102.7185,85302.0
2014-01-30 22:00:00,102.7185,102.936,101.9525,102.017,93460.0
2014-02-02 22:00:00,102.017,102.4145,100.778,100.986,102986.0
2014-02-03 22:00:00,100.986,101.6775,100.756,101.646,95288.0
2014-02-04 22:00:00,101.646,101.767,100.8035,101.4495,96563.0
2014-02-05 22:00:00,101.4495,102.174,101.243,102.1035,73510.0
2014-02-06 22:00:00,102.1035,102.58,101.432,102.374,83614.0
2014-02-09 22:00:00,102.374,102.651,101.9925,102.265,53046.0
2014-02-10 22:00:00,102.265,102.7005,102.079,102.6285,53787.0
2014-02-11 22:00:00,102.6285,102.682,102.226,102.536,55873.0
2014-02-12 22:00:00,102.536,102.5705,101.6955,102.1675,66974.0
2014-02-13 22:00:00,102.1675,102.411,101.569,101.806,65803.0
2014-02-16 22:00:00,101.806,101.988,101.3905,101.9165,39475.0
2014-02-17 22:00:00,101.9165,102.7435,101.761,102.359,69403.0
2014-02-18 22:00:00,102.359,102.467,101.8515,102.3025,58062.0
2014-02-19 22:00:00,102.3025,102.4205,101.6655,102.2725,71022.0
2014-02-20 22:00:00,102.2725,102.8315,102.2715,102.4775,52793.0
2014-02-23 22:00:00,102.4775,102.679,102.167,102.4935,48915.0
2014-02-24 22:00:00,102.4935,102.624,102.011,102.235,50381.0
2014-02-25 22:00:00,102.235,102.611,102.103,102.3745,54881.0
2014-02-26 22:00:00,102.3745,102.4465,101.725,102.1215,63443.0
2014-02-27 22:00:00,102.1215,102.2945,101.556,101.783,66164.0
2014-03-02 22:00:00,101.783,101.783,101.201,101.451,62298.0
2014-03-03 22:00:00,101.451,102.286,101.4015,102.202,53992.0
2014-03-04 22:00:00,102.202,102.552,102.1165,102.3045,49177.0
2014-03-05 22:00:00,102.3045,103.1695,102.273,103.077,56587.0
2014-03-06 22:00:00,103.077,103.7635,102.838,103.245,57574.0
2014-03-09 21:00:00,103.245,103.4045,102.9355,103.269,48213.0
2014-03-10 21:00:00,103.269,103.4275,102.8475,103.02,47404.0
2014-03-11 21:00:00,103.02,103.1,102.554,102.756,52387.0
2014-03-12 21:00:00,102.756,102.8595,101.541,101.838,70688.0
2014-03-13 21:00:00,101.838,101.8795,101.2085,101.3595,72164.0
2014-03-16 21:00:00,101.3595,101.8725,101.2695,101.769,53101.0
2014-03-17 21:00:00,101.769,101.9405,101.2755,101.437,56191.0
2014-03-18 21:00:00,101.437,102.6845,101.3,102.3275,63209.0
2014-03-19 21:00:00,102.3275,102.549,102.211,102.392,54332.0
2014-03-20 21:00:00,102.392,102.458,102.016,102.254,36307.0
2014-03-23 21:00:00,102.254,102.6475,102.1085,102.247,50306.0
2014-03-24 21:00:00,102.247,102.488,102.0965,102.26,45571.0
2014-03-25 21:00:00,102.26,102.4765,101.8745,102.043,44238.0
2014-03-26 21:00:00,102.043,102.4325,101.7225,102.1855,59017.0
2014-03-27 21:00:00,102.1855,102.985,102.0345,102.809,50851.0
2014-03-30 21:00:00,102.809,103.4465,102.7965,103.2235,49471.0
2014-03-31 21:00:00,103.2235,103.7145,103.0915,103.6605,45724.0
2014-04-01 21:00:00,103.6605,103.94,103.588,103.875,46081.0
2014-04-02 21:00:00,103.875,104.117,103.814,103.9335,46799.0
2014-04-03 21:00:00,103.9335,104.1295,103.1995,103.294,60757.0
2014-04-06 21:00:00,103.294,103.392,102.996,103.0995,47194.0
2014-04-07 21:00:00,103.0995,103.1195,101.55,101.8065,81596.0
2014-04-08 21:00:00,101.8065,102.161,101.7215,101.997,58116.0
2014-04-09 21:00:00,101.997,102.1385,101.3295,101.5315,75548.0
2014-04-10 21:00:00,101.5315,101.874,101.3265,101.6115,73598.0
2014-04-13 21:00:00,101.6115,102.0115,101.419,101.852,53006.0
2014-04-14 21:00:00,101.852,101.9945,101.5015,101.9145,68343.0
2014-04-15 21:00:00,101.9145,102.37,101.8075,102.234,54265.0
2014-04-16 21:00:00,102.234,102.4695,101.865,102.3855,45462.0
2014-04-17 21:00:00,102.3855,102.571,102.3075,102.4175,15004.0
2014-04-20 21:00:00,102.4175,102.707,102.3915,102.6025,24603.0
2014-04-21 21:00:00,102.6025,102.7235,102.413,102.6165,36515.0
2014-04-22 21:00:00,102.6165,102.6935,102.171,102.538,42949.0
2014-04-23 21:00:00,102.538,102.649,102.0865,102.306,49956.0
2014-04-24 21:00:00,102.306,102.501,101.962,102.1925,47069.0
2014-04-27 21:00:00,102.1925,102.6275,102.048,102.4895,44476.0
2014-04-28 21:00:00,102.4895,102.7835,102.4675,102.639,29734.0
2014-04-29 21:00:00,102.639,102.6725,102.03,102.239,54134.0
2014-04-30 21:00:00,102.239,102.367,102.1325,102.3265,27757.0
2014-05-01 21:00:00,102.3265,103.019,102.1335,102.218,53435.0
2014-05-04 21:00:00,102.218,102.2625,101.865,102.142,27581.0
2014-05-05 21:00:00,102.142,102.191,101.496,101.6865,37092.0
2014-05-06 21:00:00,101.6865,102.011,101.433,101.902,52868.0
2014-05-07 21:00:00,101.902,101.958,101.463,101.6575,49332.0
2014-05-08 21:00:00,101.6575,101.854,101.5465,101.8485,37207.0
2014-05-11 21:00:00,101.8485,102.185,101.7915,102.125,31044.0
2014-05-12 21:00:00,102.125,102.364,102.0625,102.2625,38264.0
2014-05-13 21:00:00,102.2625,102.285,101.721,101.898,36208.0
2014-05-14 21:00:00,101.898,102.121,101.311,101.5795,57521.0
2014-05-15 21:00:00,101.5795,101.674,101.3645,101.5135,41576.0
2014-05-18 21:00:00,101.5135,101.5995,101.099,101.4985,40472.0
2014-05-19 21:00:00,101.4985,101.605,101.189,101.3255,35025.0
2014-05-20 21:00:00,101.3255,101.6235,100.822,101.359,53300.0
2014-05-21 21:00:00,101.359,101.816,101.3565,101.7345,37914.0
2014-05-22 21:00:00,101.7345,102.01,101.5955,101.9725,35521.0
2014-05-25 21:00:00,101.9725,102.0515,101.8405,101.937,15233.0
2014-05-26 21:00:00,101.937,102.1425,101.728,101.963,30656.0
2014-05-27 21:00:00,101.963,102.032,101.6385,101.8425,30228.0
2014-05-28 21:00:00,101.8425,101.8725,101.4285,101.7905,35383.0
2014-05-29 21:00:00,101.7905,101.8475,101.4905,101.744,33877.0
2014-06-01 21:00:00,101.744,102.485,101.744,102.376,37908.0
2014-06-02 21:00:00,102.376,102.5555,102.2715,102.5105,28803.0
2014-06-03 21:00:00,102.5105,102.796,102.4415,102.7465,35458.0
2014-06-04 21:00:00,102.7465,102.7585,102.3405,102.4095,46103.0
2014-06-05 21:00:00,102.4095,102.6125,102.113,102.4755,42757.0
2014-06-08 21:00:00,102.4755,102.65,102.3795,102.5305,23439.0
2014-06-09 21:00:00,102.5305,102.571,102.216,102.3535,30218.0
2014-06-10 21:00:00,102.3535,102.394,101.8595,102.069,31564.0
2014-06-11 21:00:00,102.069,102.1435,101.6045,101.6985,34541.0
2014-06-12 21:00:00,101.6985,102.138,101.6595,102.0255,35638.0
2014-06-15 21:00:00,102.0255,102.0805,101.7225,101.8395,25578.0
2014-06-16 21:00:00,101.8395,102.243,101.8145,102.1425,27413.0
2014-06-17 21:00:00,102.1425,102.375,101.882,101.9295,36661.0
2014-06-18 21:00:00,101.9295,102.002,101.742,101.941,25895.0
2014-06-19 21:00:00,101.941,102.196,101.8175,102.0775,22060.0
2014-06-22 21:00:00,102.0775,102.137,101.8185,101.932,20860.0
2014-06-23 21:00:00,101.932,102.1675,101.819,101.9845,23602.0
2014-06-24 21:00:00,101.9845,101.988,101.623,101.8665,25945.0
2014-06-25 21:00:00,101.8665,101.877,101.4885,101.729,34661.0
2014-06-26 21:00:00,101.729,101.7375,101.316,101.473,25976.0
2014-06-29 21:00:00,101.473,101.473,101.238,101.325,22163.0
2014-06-30 21:00:00,101.325,101.595,101.293,101.525,25011.0
2014-07-01 21:00:00,101.525,101.8445,101.412,101.777,24658.0
2014-07-02 21:00:00,101.777,102.268,101.761,102.194,34477.0
2014-07-03 21:00:00,102.194,102.223,101.972,102.076,13456.0
2014-07-06 21:00:00,102.076,102.2015,101.7875,101.8605,17980.0
2014-07-07 21:00:00,101.8605,101.901,101.4895,101.569,21583.0
2014-07-08 21:00:00,101.569,101.8625,101.4455,101.6365,22920.0
2014-07-09 21:00:00,101.6365,101.669,101.065,101.3395,30988.0
2014-07-10 21:00:00,101.3395,101.3995,101.218,101.333,22035.0
2014-07-13 21:00:00,101.333,101.623,101.333,101.5385,15892.0
2014-07-14 21:00:00,101.5385,101.75,101.435,101.6815,24890.0
2014-07-15 21:00:00,101.6815,101.7915,101.636,101.681,17932.0
2014-07-16 21:00:00,101.681,101.703,101.14,101.177,27449.0
2014-07-17 21:00:00,101.177,101.4505,101.089,101.3285,27767.0
2014-07-20 21:00:00,101.3285,101.3975,101.199,101.3955,15647.0
2014-07-21 21:00:00,101.3955,101.6045,101.334,101.4625,21415.0
2014-07-22 21:00:00,101.4625,101.5475,101.3165,101.479,17494.0
2014-07-23 21:00:00,101.479,101.86,101.4185,101.814,21761.0
2014-07-24 21:00:00,101.814,101.939,101.7155,101.832,20739.0
2014-07-27 21:00:00,101.832,101.907,101.751,101.861,17615.0
2014-07-28 21:00:00,101.861,102.1605,101.821,102.119,23352.0
2014-07-29 21:00:00,102.119,103.0905,102.038,102.792,35437.0
2014-07-30 21:00:00,102.792,103.006,102.726,102.795,27984.0
2014-07-31 21:00:00,102.795,103.064,102.3375,102.611,38189.0
2014-08-03 21:00:00,102.611,102.73,102.407,102.578,15019.0
2014-08-04 21:00:00,102.578,102.926,102.4635,102.596,23681.0
2014-08-05 21:00:00,102.596,102.6415,101.7845,102.097,33669.0
2014-08-06 21:00:00,102.097,102.461,101.9985,102.096,31270.0
2014-08-07 21:00:00,102.096,102.144,101.5095,102.0245,44809.0
2014-08-10 21:00:00,102.0245,102.2275,102.0245,102.192,19716.0
2014-08-11 21:00:00,102.192,102.364,102.093,102.2565,19281.0
2014-08-12 21:00:00,102.2565,102.5455,102.225,102.416,22152.0
2014-08-13 21:00:00,102.416,102.6575,102.3115,102.451,20050.0
2014-08-14 21:00:00,102.451,102.718,102.1375,102.355,31834.0
2014-08-17 21:00:00,102.355,102.597,102.2475,102.57,6087.0
2014-08-18 21:00:00,102.57,102.9285,102.52,102.9135,7072.0
2014-08-19 21:00:00,102.9135,103.851,102.8905,103.7595,14832.0
2014-08-20 21:00:00,103.7595,103.9645,103.597,103.8475,10058.0
2014-08-21 21:00:00,103.8475,104.198,103.504,103.9455,18657.0
2014-08-24 21:00:00,103.9455,104.275,103.8615,104.0555,9225.0
2014-08-25 21:00:00,104.0555,104.176,103.749,104.0645,10016.0
2014-08-26 21:00:00,104.0645,104.164,103.779,103.8795,8866.0
2014-08-27 21:00:00,103.8795,103.926,103.556,103.7255,11512.0
2014-08-28 21:00:00,103.7255,104.1195,103.6535,104.083,9386.0
2014-08-31 21:00:00,104.083,104.3575,104.083,104.3505,3551.0
2014-09-01 21:00:00,104.3505,105.2145,104.2965,105.0925,11455.0
2014-09-02 21:00:00,105.0925,105.3115,104.7415,104.796,12703.0
2014-09-03 21:00:00,104.796,105.3685,104.7615,105.261,16782.0
2014-09-04 21:00:00,105.261,105.7075,104.6835,105.0835,20655.0
2014-09-07 21:00:00,105.0835,106.085,104.99,106.031,14626.0
2014-09-08 21:00:00,106.031,106.4765,105.943,106.2035,18181.0
2014-09-09 21:00:00,106.2035,106.8865,106.041,106.8595,21799.0
2014-09-10 21:00:00,106.8595,107.2015,106.6375,107.1005,23684.0
2014-09-11 21:00:00,107.1005,107.3965,106.966,107.3505,17918.0
2014-09-14 21:00:00,107.3505,107.3655,107.0095,107.1855,10733.0
2014-09-15 21:00:00,107.1855,107.3335,106.8105,107.129,18839.0
2014-09-16 21:00:00,107.129,108.3925,107.0945,108.373,36872.0
2014-09-17 21:00:00,108.373,108.964,108.3185,108.685,25166.0
2014-09-18 21:00:00,108.685,109.466,108.592,109.0375,34957.0
2014-09-21 21:00:00,109.0375,109.1965,108.6675,108.8405,20881.0
2014-09-22 21:00:00,108.8405,108.9935,108.25,108.884,22682.0
2014-09-23 21:00:00,108.884,109.1535,108.4585,109.044,24304.0
2014-09-24 21:00:00,109.044,109.3775,108.52,108.7515,35165.0
2014-09-25 21:00:00,108.7515,109.5415,108.48,109.2885,32085.0
2014-09-28 21:00:00,109.2885,109.7445,109.1245,109.4865,33016.0
2014-09-29 21:00:00,109.4865,109.8485,109.186,109.6515,28905.0
2014-09-30 21:00:00,109.6515,110.093,108.8665,108.888,44597.0
2014-10-01 21:00:00,108.888,109.121,108.008,108.4195,66496.0
2014-10-02 21:00:00,108.4195,109.907,108.3505,109.762,40042.0
2014-10-05 21:00:00,109.762,109.909,108.65,108.7815,34320.0
2014-10-06 21:00:00,108.7815,109.237,107.8165,108.026,58462.0
2014-10-07 21:00:00,108.026,108.745,107.752,108.0745,63937.0
2014-10-08 21:00:00,108.0745,108.318,107.528,107.839,62542.0
2014-10-09 21:00:00,107.839,108.1575,107.6195,107.651,50849.0
2014-10-12 21:00:00,107.651,107.651,106.7695,106.8405,39299.0
2014-10-13 21:00:00,106.8405,107.313,106.671,107.0545,51088.0
2014-10-14 21:00:00,107.0545,107.5005,105.1915,105.9295,114145.0
2014-10-15 21:00:00,105.9295,106.468,105.508,106.325,100576.0
2014-10-16 21:00:00,106.325,106.944,106.134,106.892,51888.0
2014-10-19 21:00:00,106.892,107.395,106.7795,106.946,41732.0
2014-10-20 21:00:00,106.946,107.0265,106.253,106.9975,40680.0
2014-10-21 21:00:00,106.9975,107.38,106.789,107.133,31101.0
2014-10-22 21:00:00,107.133,108.356,107.1075,108.271,32610.0
2014-10-23 21:00:00,108.271,108.315,107.7845,108.1565,34519.0
2014-10-26 21:00:00,108.1565,108.39,107.6065,107.8185,28628.0
2014-10-27 21:00:00,107.8185,108.189,107.692,108.163,24419.0
2014-10-28 21:00:00,108.163,108.965,107.941,108.897,30592.0
2014-10-29 21:00:00,108.897,109.47,108.7495,109.211,36724.0
2014-10-30 21:00:00,109.211,112.479,109.1735,112.3345,91204.0
2014-11-02 22:00:00,112.3345,114.214,112.3345,114.0505,61480.0
2014-11-03 22:00:00,114.0505,114.0505,113.17,113.5985,57987.0
2014-11-04 22:00:00,113.5985,114.8555,113.419,114.641,63566.0
2014-11-05 22:00:00,114.641,115.513,114.059,115.2005,88612.0
2014-11-06 22:00:00,115.2005,115.6265,114.2575,114.5955,84738.0
2014-11-09 22:00:00,114.5955,114.913,113.859,114.855,51720.0
2014-11-10 22:00:00,114.855,116.104,114.638,115.7745,37551.0
2014-11-11 22:00:00,115.7745,116.0125,114.8835,115.4625,45512.0
2014-11-12 22:00:00,115.4625,115.883,115.3115,115.7665,32299.0
2014-11-13 22:00:00,115.7665,116.823,115.726,116.276,40652.0
2014-11-16 22:00:00,116.276,117.056,115.4595,116.624,43885.0
2014-11-17 22:00:00,116.624,117.0495,116.3415,116.853,34009.0
2014-11-18 22:00:00,116.853,118.081,116.816,117.967,37460.0
2014-11-19 22:00:00,117.967,118.9785,117.742,118.229,49887.0
2014-11-20 22:00:00,118.229,118.3685,117.359,117.866,46433.0
2014-11-23 22:00:00,117.866,118.484,117.58,118.2755,22767.0
2014-11-24 22:00:00,118.2755,118.5805,117.6905,117.9725,34889.0
2014-11-25 22:00:00,117.9725,117.9825,117.4415,117.743,25531.0
2014-11-26 22:00:00,117.743,117.886,117.236,117.716,16984.0
2014-11-27 22:00:00,117.716,118.7715,117.716,118.617,25412.0
2014-11-30 22:00:00,118.617,119.143,117.8665,118.4025,42854.0
2014-12-01 22:00:00,118.4025,119.287,118.224,119.216,24013.0
2014-12-02 22:00:00,119.216,119.8635,119.13,119.793,25059.0
2014-12-03 22:00:00,119.793,120.2525,119.3395,119.7845,34750.0
2014-12-04 22:00:00,119.7845,121.6875,119.7055,121.4745,37700.0
2014-12-07 22:00:00,121.4745,121.8495,120.2075,120.6895,33915.0
2014-12-08 22:00:00,120.6895,121.0055,117.9335,119.694,66549.0
2014-12-09 22:00:00,119.694,119.919,117.702,117.821,67506.0
2014-12-10 22:00:00,117.821,119.5575,117.439,118.646,59640.0
2014-12-11 22:00:00,118.646,119.207,118.0535,118.807,56419.0
2014-12-14 22:00:00,118.807,119.0615,117.563,117.8095,75680.0
2014-12-15 22:00:00,117.8095,118.0155,115.57,116.412,102558.0
2014-12-16 22:00:00,116.412,118.905,116.3035,118.6385,86255.0
2014-12-17 22:00:00,118.6385,119.3135,118.259,118.841,50728.0
2014-12-18 22:00:00,118.841,119.6255,118.824,119.513,40671.0
2014-12-21 22:00:00,119.513,120.0885,119.3125,120.037,21545.0
2014-12-22 22:00:00,120.037,120.8265,119.963,120.6895,16355.0
2014-12-23 22:00:00,120.6895,120.766,120.281,120.46,17180.0
2014-12-25 22:00:00,120.46,120.4615,120.09,120.3795,18763.0
2014-12-28 22:00:00,120.3795,120.737,120.17,120.673,18999.0
2014-12-29 22:00:00,120.673,120.6905,118.8645,119.472,30039.0
2014-12-30 22:00:00,119.472,119.94,119.253,119.8845,13093.0
2015-01-01 22:00:00,119.8845,120.741,119.7265,120.495,24060.0
2015-01-04 22:00:00,120.495,120.647,119.3745,119.6355,40892.0
2015-01-05 22:00:00,119.6355,119.6355,118.056,118.384,60851.0
2015-01-06 22:00:00,118.384,119.648,118.384,119.259,52986.0
2015-01-07 22:00:00,119.259,119.964,119.1605,119.658,34561.0
2015-01-08 22:00:00,119.658,119.879,118.42,118.543,54293.0
2015-01-11 22:00:00,118.543,119.319,118.099,118.357,41934.0
2015-01-12 22:00:00,118.357,118.8515,117.5385,117.922,57947.0
2015-01-13 22:00:00,117.922,117.9635,116.071,117.338,73059.0
2015-01-14 22:00:00,117.338,117.9445,116.1565,116.163,118475.0
2015-01-15 22:00:00,116.163,117.771,115.855,117.624,83727.0
2015-01-18 22:00:00,117.624,117.7805,116.921,117.5575,31615.0
2015-01-19 22:00:00,117.5575,118.868,117.5575,118.8145,48563.0
2015-01-20 22:00:00,118.8145,118.838,117.184,117.952,62568.0
2015-01-21 22:00:00,117.952,118.6715,117.249,118.502,60194.0
2015-01-22 22:00:00,118.502,118.8165,117.539,117.799,56266.0
2015-01-25 22:00:00,117.799,118.5005,117.2645,118.4555,41211.0
2015-01-26 22:00:00,118.4555,118.6595,117.3395,117.8645,45790.0
2015-01-27 22:00:00,117.8645,118.2645,117.253,117.536,54235.0
2015-01-28 22:00:00,117.536,118.49,117.383,118.291,48416.0
2015-01-29 22:00:00,118.291,118.4585,117.2995,117.535,48355.0
2015-02-01 22:00:00,117.535,117.881,116.9395,117.5985,44708.0
2015-02-02 22:00:00,117.5985,117.745,116.874,117.569,46360.0
2015-02-03 22:00:00,117.569,118.0005,117.0755,117.262,41893.0
2015-02-04 22:00:00,117.262,117.5995,117.027,117.5295,33963.0
2015-02-05 22:00:00,117.5295,119.221,117.1785,119.134,39526.0
2015-02-08 22:00:00,119.134,119.134,118.333,118.633,31884.0
2015-02-09 22:00:00,118.633,119.622,118.3985,119.423,32379.0
2015-02-10 22:00:00,119.423,120.477,119.283,120.4615,31501.0
2015-02-11 22:00:00,120.4615,120.4765,118.513,119.109,57358.0
2015-02-12 22:00:00,119.109,119.1995,118.414,118.799,34877.0
2015-02-15 22:00:00,118.799,118.799,118.274,118.4805,28062.0
2015-02-16 22:00:00,118.4805,119.416,118.237,119.2415,29972.0
2015-02-17 22:00:00,119.2415,119.417,118.546,118.7855,36987.0
2015-02-18 22:00:00,118.7855,119.18,118.4335,118.943,28337.0
2015-02-19 22:00:00,118.943,119.19,118.302,119.011,33455.0
2015-02-22 22:00:00,119.011,119.3545,118.743,118.813,20169.0
2015-02-23 22:00:00,118.813,119.8405,118.765,118.9805,30084.0
2015-02-24 22:00:00,118.9805,119.066,118.629,118.866,22788.0
2015-02-25 22:00:00,118.866,119.503,118.6805,119.4185,26340.0
2015-02-26 22:00:00,119.4185,119.7985,119.1145,119.606,28220.0
2015-03-01 22:00:00,119.606,120.19,119.606,120.1315,19621.0
2015-03-02 22:00:00,120.1315,120.2655,119.38,119.7255,22081.0
2015-03-03 22:00:00,119.7255,119.825,119.471,119.691,23371.0
2015-03-04 22:00:00,119.691,120.429,119.631,120.134,50373.0
2015-03-05 22:00:00,120.134,121.285,119.903,120.827,84634.0
2015-03-08 21:00:00,120.827,121.4155,120.6145,121.148,67092.0
2015-03-09 21:00:00,121.148,122.0285,120.9205,121.146,113650.0
2015-03-10 21:00:00,121.146,121.628,120.8515,121.4515,109408.0
2015-03-11 21:00:00,121.4515,121.671,120.656,121.284,93745.0
2015-03-12 21:00:00,121.284,121.574,121.135,121.3845,81486.0
2015-03-15 21:00:00,121.3845,121.465,121.0935,121.3405,63447.0
2015-03-16 21:00:00,121.3405,121.5225,121.113,121.3725,64213.0
2015-03-17 21:00:00,121.3725,121.414,119.295,120.118,98252.0
2015-03-18 21:00:00,120.118,121.0335,119.6755,120.774,101366.0
2015-03-19 21:00:00,120.774,121.2045,119.9005,120.0695,85297.0
2015-03-22 21:00:00,120.0695,120.167,119.588,119.7245,81454.0
2015-03-23 21:00:00,119.7245,119.9845,119.222,119.7525,83067.0
2015-03-24 21:00:00,119.7525,119.8305,119.236,119.4935,67308.0
2015-03-25 21:00:00,119.4935,119.5745,118.3335,119.189,87143.0
2015-03-26 21:00:00,119.189,119.4925,118.9295,119.1265,76263.0
2015-03-29 21:00:00,119.1265,120.228,119.118,120.0675,55864.0
2015-03-30 21:00:00,120.0675,120.3675,119.7785,120.142,67650.0
2015-03-31 21:00:00,120.142,120.331,119.419,119.752,80716.0
2015-04-01 21:00:00,119.752,119.897,119.452,119.7235,55007.0
2015-04-02 21:00:00,119.7235,119.989,118.722,118.992,34093.0
2015-04-05 21:00:00,118.992,119.6875,118.8035,119.536,29941.0
2015-04-06 21:00:00,119.536,120.448,119.439,120.2665,53147.0
2015-04-07 21:00:00,120.2665,120.354,119.643,120.1315,65859.0
2015-04-08 21:00:00,120.1315,120.7405,119.863,120.58,59019.0
2015-04-09 21:00:00,120.58,120.632,120.055,120.198,54485.0
2015-04-12 21:00:00,120.198,120.8465,119.6995,120.1415,63206.0
2015-04-13 21:00:00,120.1415,120.1815,119.071,119.397,70446.0
2015-04-14 21:00:00,119.397,119.747,118.7915,119.1395,60610.0
2015-04-15 21:00:00,119.1395,119.4695,118.796,119.003,70695.0
2015-04-16 21:00:00,119.003,119.266,118.57,118.919,69402.0
2015-04-19 21:00:00,118.919,119.436,118.53,119.1875,54105.0
2015-04-20 21:00:00,119.1875,119.834,119.166,119.6645,59839.0
2015-04-21 21:00:00,119.6645,119.965,119.3455,119.908,62246.0
2015-04-22 21:00:00,119.908,120.093,119.426,119.5855,68911.0
2015-04-23 21:00:00,119.5855,119.66,118.826,118.966,71370.0
2015-04-26 21:00:00,118.966,119.4355,118.7755,119.0395,56973.0
2015-04-27 21:00:00,119.0395,119.1995,118.777,118.8755,61826.0
2015-04-28 21:00:00,118.8755,119.363,118.609,119.0165,77195.0
2015-04-29 21:00:00,119.0165,119.896,118.497,119.3725,89660.0
2015-04-30 21:00:00,119.3725,120.289,119.3725,120.21,43454.0
2015-05-03 21:00:00,120.21,120.273,119.9975,120.1215,34005.0
2015-05-04 21:00:00,120.1215,120.5015,119.7255,119.8615,53068.0
2015-05-05 21:00:00,119.8615,120.048,119.207,119.4615,60500.0
2015-05-06 21:00:00,119.4615,119.8625,119.0565,119.7445,68114.0
2015-05-07 21:00:00,119.7445,120.236,119.5895,119.794,63657.0
2015-05-10 21:00:00,119.794,120.1555,119.6535,120.082,44285.0
2015-05-11 21:00:00,120.082,120.2795,119.7845,119.863,56040.0
2015-05-12 21:00:00,119.863,120.058,119.037,119.149,59392.0
2015-05-13 21:00:00,119.149,119.3385,118.89,119.17,56363.0
2015-05-14 21:00:00,119.17,119.9285,119.1575,119.348,59459.0
2015-05-17 21:00:00,119.348,120.0385,119.2635,119.9845,47456.0
2015-05-18 21:00:00,119.9845,120.7395,119.8305,120.685,60760.0
2015-05-19 21:00:00,120.685,121.48,120.5805,121.3635,73180.0
2015-05-20 21:00:00,121.3635,121.3855,120.8485,121.0235,65221.0
2015-05-21 21:00:00,121.0235,121.5725,120.6395,121.5345,59402.0
2015-05-24 21:00:00,121.5345,121.779,121.4485,121.559,24000.0
2015-05-25 21:00:00,121.559,123.3245,121.514,123.121,86087.0
2015-05-26 21:00:00,123.121,124.0725,122.777,123.664,90725.0
2015-05-27 21:00:00,123.664,124.463,123.496,123.951,89921.0
2015-05-28 21:00:00,123.951,124.1845,123.6065,124.146,77357.0
2015-05-31 21:00:00,124.146,124.92,123.8525,124.789,73693.0
2015-06-01 21:00:00,124.789,125.0555,123.7505,124.114,96259.0
2015-06-02 21:00:00,124.114,124.682,123.791,124.2285,78313.0
2015-06-03 21:00:00,124.2285,124.683,123.7835,124.3685,76786.0
2015-06-04 21:00:00,124.3685,125.86,124.353,125.599,79883.0
2015-06-07 21:00:00,125.599,125.682,124.295,124.4905,75917.0
2015-06-08 21:00:00,124.4905,124.7385,123.8605,124.352,76727.0
2015-06-09 21:00:00,124.352,124.622,122.462,122.6735,111286.0
2015-06-10 21:00:00,122.6735,124.163,122.632,123.429,76867.0
2015-06-11 21:00:00,123.429,123.8185,123.1405,123.407,64474.0
2015-06-14 21:00:00,123.407,123.6595,123.1295,123.3945,54686.0
2015-06-15 21:00:00,123.3945,123.8055,123.29,123.355,49335.0
2015-06-16 21:00:00,123.355,124.459,123.208,123.442,67228.0
2015-06-17 21:00:00,123.442,123.6095,122.4835,122.9555,75602.0
2015-06-18 21:00:00,122.9555,123.215,122.559,122.709,50836.0
2015-06-21 21:00:00,122.709,123.4205,122.5625,123.3675,50573.0
2015-06-22 21:00:00,123.3675,124.187,123.346,123.9445,53352.0
2015-06-23 21:00:00,123.9445,124.3785,123.717,123.849,56405.0
2015-06-24 21:00:00,123.849,123.958,123.3225,123.6205,52113.0
2015-06-25 21:00:00,123.6205,123.991,123.226,123.846,47004.0
2015-06-28 21:00:00,123.846,123.846,122.1135,122.5445,102363.0
2015-06-29 21:00:00,122.5445,122.73,121.9395,122.499,77281.0
2015-06-30 21:00:00,122.499,123.2355,122.3645,123.175,58543.0
2015-07-01 21:00:00,123.175,123.735,122.9585,123.0615,55082.0
2015-07-02 21:00:00,123.0615,123.187,122.6015,122.771,43426.0
2015-07-05 21:00:00,122.771,122.9315,121.868,122.571,76598.0
2015-07-06 21:00:00,122.571,122.883,122.0105,122.5285,75011.0
2015-07-07 21:00:00,122.5285,122.575,120.4125,120.7,102909.0
2015-07-08 21:00:00,120.7,121.5765,120.465,121.3385,73876.0
2015-07-09 21:00:00,121.3385,122.8815,121.2805,122.798,74881.0
2015-07-12 21:00:00,122.798,123.538,122.169,123.4305,64663.0
2015-07-13 21:00:00,123.4305,123.7315,122.92,123.388,51083.0
2015-07-14 21:00:00,123.388,123.9695,123.264,123.7675,51679.0
2015-07-15 21:00:00,123.7675,124.1805,123.741,124.146,49543.0
2015-07-16 21:00:00,124.146,124.2315,123.9205,124.064,36936.0
2015-07-19 21:00:00,124.064,124.3845,124.007,124.282,26862.0
2015-07-20 21:00:00,124.282,124.476,123.7615,123.888,48646.0
2015-07-21 21:00:00,123.888,124.152,123.573,123.9645,47286.0
2015-07-22 21:00:00,123.9645,124.189,123.676,123.909,49047.0
2015-07-23 21:00:00,123.909,124.0975,123.597,123.8035,40496.0
2015-07-26 21:00:00,123.8035,123.8395,123.01,123.2505,49773.0
2015-07-27 21:00:00,123.2505,123.793,123.0795,123.5545,48457.0
2015-07-28 21:00:00,123.5545,124.0275,123.33,123.941,50095.0
2015-07-29 21:00:00,123.941,124.582,123.878,124.145,51896.0
2015-07-30 21:00:00,124.145,124.3775,123.517,123.859,59179.0
2015-08-02 21:00:00,123.859,124.2755,123.8565,124.035,43209.0
2015-08-03 21:00:00,124.035,124.405,123.804,124.3805,48070.0
2015-08-04 21:00:00,124.3805,125.008,124.0185,124.8685,54951.0
2015-08-05 21:00:00,124.8685,124.965,124.5425,124.734,46012.0
2015-08-06 21:00:00,124.734,125.07,124.102,124.2175,52553.0
2015-08-09 21:00:00,124.2175,124.7845,124.148,124.627,40876.0
2015-08-10 21:00:00,124.627,125.209,124.525,125.1245,65692.0
2015-08-11 21:00:00,125.1245,125.283,123.7895,124.2105,78376.0
2015-08-12 21:00:00,124.2105,124.6305,124.0695,124.4325,54819.0
2015-08-13 21:00:00,124.4325,124.536,124.0565,124.333,44438.0
2015-08-16 21:00:00,124.333,124.576,124.2215,124.3875,36867.0
2015-08-17 21:00:00,124.3875,124.513,124.183,124.4095,39516.0
2015-08-18 21:00:00,124.4095,124.4695,123.689,123.797,56867.0
2015-08-19 21:00:00,123.797,124.1565,123.33,123.4045,60970.0
2015-08-20 21:00:00,123.4045,123.4985,121.815,122.031,94994.0
2015-08-23 21:00:00,122.031,122.0355,116.165,118.429,215366.0
2015-08-24 21:00:00,118.429,120.4005,118.253,118.872,186953.0
2015-08-25 21:00:00,118.872,120.0155,118.4515,119.911,162350.0
2015-08-26 21:00:00,119.911,121.4015,119.795,121.0255,113412.0
2015-08-27 21:00:00,121.0255,121.756,120.6515,121.73,85985.0
2015-08-30 21:00:00,121.73,121.73,120.881,121.2255,59970.0
2015-08-31 21:00:00,121.2255,121.2685,119.25,119.38,121885.0
2015-09-01 21:00:00,119.38,120.4705,119.221,120.334,101390.0
2015-09-02 21:00:00,120.334,120.699,119.6445,120.059,80585.0
2015-09-03 21:00:00,120.059,120.186,118.589,119.018,108351.0
2015-09-06 21:00:00,119.018,119.592,118.801,119.2775,59810.0
2015-09-07 21:00:00,119.2775,120.2305,118.852,119.815,81030.0
2015-09-08 21:00:00,119.815,121.1985,119.8145,120.5015,90050.0
2015-09-09 21:00:00,120.5015,121.354,119.977,120.6225,113723.0
2015-09-10 21:00:00,120.6225,120.968,120.3625,120.579,72780.0
2015-09-13 21:00:00,120.579,120.847,119.8555,120.235,70749.0
2015-09-14 21:00:00,120.235,120.654,119.4045,120.4195,72999.0
2015-09-15 21:00:00,120.4195,120.7295,120.108,120.5645,61240.0
2015-09-16 21:00:00,120.5645,120.993,119.795,120.005,83750.0
2015-09-17 21:00:00,120.005,120.417,119.057,119.9855,95084.0
2015-09-20 21:00:00,119.9855,120.658,119.7285,120.5585,60424.0
2015-09-21 21:00:00,120.5585,120.617,119.694,120.161,64620.0
2015-09-22 21:00:00,120.161,120.5435,119.627,120.274,72994.0
2015-09-23 21:00:00,120.274,120.391,119.2245,120.0595,95617.0
2015-09-24 21:00:00,120.0595,121.237,120.0245,120.6005,100568.0
2015-09-27 21:00:00,120.6005,120.6005,119.6965,119.9245,83139.0
2015-09-28 21:00:00,119.9245,120.163,119.25,119.739,93192.0
2015-09-29 21:00:00,119.739,120.3485,119.5505,119.8815,76990.0
2015-09-30 21:00:00,119.8815,120.2775,119.492,119.9245,69568.0
2015-10-01 21:00:00,119.9245,120.408,118.681,119.9355,98226.0
2015-10-04 21:00:00,119.9355,120.5515,119.872,120.463,66997.0
2015-10-05 21:00:00,120.463,120.5705,120.1095,120.2275,58898.0
2015-10-06 21:00:00,120.2275,120.362,119.747,120.0135,71157.0
2015-10-07 21:00:00,120.0135,120.112,119.629,119.934,56423.0
2015-10-08 21:00:00,119.934,120.348,119.8395,120.223,50603.0
2015-10-11 21:00:00,120.223,120.261,119.896,120.035,28114.0
2015-10-12 21:00:00,120.035,120.0815,119.5535,119.7425,39584.0
2015-10-13 21:00:00,119.7425,119.8055,118.6295,118.834,60547.0
2015-10-14 21:00:00,118.834,119.169,118.0645,118.8955,72542.0
2015-10-15 21:00:00,118.8955,119.663,118.8325,119.4505,50425.0
2015-10-18 21:00:00,119.4505,119.6125,119.141,119.499,51774.0
2015-10-19 21:00:00,119.499,119.9625,119.417,119.842,42880.0
2015-10-20 21:00:00,119.842,120.094,119.757,119.927,44717.0
2015-10-21 21:00:00,119.927,120.7725,119.616,120.6935,61167.0
2015-10-22 21:00:00,120.6935,121.4855,120.226,121.467,70769.0
2015-10-25 21:00:00,121.467,121.5105,120.5995,121.0955,52521.0
2015-10-26 21:00:00,121.0955,121.0965,120.163,120.459,58951.0
2015-10-27 21:00:00,120.459,121.261,120.029,121.09,66057.0
2015-10-28 21:00:00,121.09,121.183,120.5865,121.1255,64514.0
2015-10-29 21:00:00,121.1255,121.486,120.2795,120.6125,93112.0
2015-11-01 22:00:00,120.6125,120.8135,120.258,120.755,52020.0
2015-11-02 22:00:00,120.755,121.233,120.597,121.076,44307.0
2015-11-03 22:00:00,121.076,121.7195,121.004,121.551,71988.0
2015-11-04 22:00:00,121.551,122.0,121.387,121.75,65708.0
2015-11-05 22:00:00,121.75,123.2705,121.635,123.126,70026.0
2015-11-08 22:00:00,123.126,123.6025,122.9775,123.174,58900.0
2015-11-09 22:00:00,123.174,123.441,123.03,123.165,60336.0
2015-11-10 22:00:00,123.165,123.2265,122.7385,122.8575,50210.0
2015-11-11 22:00:00,122.8575,123.0735,122.5565,122.616,65665.0
2015-11-12 22:00:00,122.616,122.9875,122.43,122.6195,58401.0
2015-11-15 22:00:00,122.6195,123.2785,122.2265,123.1785,63672.0
2015-11-16 22:00:00,123.1785,123.4885,123.1785,123.4395,56442.0
2015-11-17 22:00:00,123.4395,123.76,123.221,123.643,48789.0
2015-11-18 22:00:00,123.643,123.645,122.623,122.8655,62817.0
2015-11-19 22:00:00,122.8655,123.0535,122.726,122.795,55575.0
2015-11-22 22:00:00,122.795,123.2615,122.7835,122.8395,46653.0
2015-11-23 22:00:00,122.8395,122.962,122.312,122.532,54252.0
2015-11-24 22:00:00,122.532,122.938,122.257,122.7225,68070.0
2015-11-25 22:00:00,122.7225,122.7655,122.501,122.5885,42788.0
2015-11-26 22:00:00,122.5885,122.8775,122.3045,122.778,44132.0
2015-11-29 22:00:00,122.778,123.343,122.689,123.113,51572.0
2015-11-30 22:00:00,123.113,123.2735,122.64,122.8805,61411.0
2015-12-01 22:00:00,122.8805,123.669,122.8295,123.243,63934.0
2015-12-02 22:00:00,123.243,123.562,122.3,122.609,103599.0
2015-12-03 22:00:00,122.609,123.373,122.478,123.1185,82813.0
2015-12-06 22:00:00,123.1185,123.4755,123.1185,123.3695,60047.0
2015-12-07 22:00:00,123.3695,123.3935,122.721,122.93,70418.0
2015-12-08 22:00:00,122.93,123.046,121.0765,121.4385,99250.0
2015-12-09 22:00:00,121.4385,121.8695,121.249,121.564,81820.0
2015-12-10 22:00:00,121.564,122.2325,120.5825,121.008,103754.0
2015-12-13 22:00:00,121.008,121.354,120.346,121.0385,103022.0
2015-12-14 22:00:00,121.0385,121.795,120.577,121.6765,81385.0
2015-12-15 22:00:00,121.6765,122.4305,121.3845,122.2075,103922.0
2015-12-16 22:00:00,122.2075,122.8755,122.1985,122.556,81335.0
2015-12-17 22:00:00,122.556,123.566,121.059,121.163,132620.0
2015-12-20 22:00:00,121.163,121.507,120.84,121.1835,68037.0
2015-12-21 22:00:00,121.1835,121.31,120.7245,121.0665,54442.0
2015-12-22 22:00:00,121.0665,121.1385,120.814,120.9185,33683.0
2015-12-23 22:00:00,120.9185,120.985,120.251,120.283,34599.0
2015-12-27 22:00:00,120.283,120.632,120.167,120.393,34300.0
2015-12-28 22:00:00,120.393,120.5085,120.24,120.4605,35011.0
2015-12-29 22:00:00,120.4605,120.656,120.355,120.532,30161.0
2015-12-30 22:00:00,120.532,120.5805,120.003,120.2065,29141.0
2016-01-03 22:00:00,120.2065,120.464,118.705,119.4405,98734.0
2016-01-04 22:00:00,119.4405,119.703,118.7945,119.0605,84937.0
2016-01-05 22:00:00,119.0605,119.1725,118.2505,118.4755,110427.0
2016-01-06 22:00:00,118.4755,118.7565,117.33,117.67,136235.0
2016-01-07 22:00:00,117.67,118.852,117.227,117.238,136931.0
2016-01-10 22:00:00,117.238,118.025,116.6995,117.761,113447.0
2016-01-11 22:00:00,117.761,118.075,117.227,117.643,116740.0
2016-01-12 22:00:00,117.643,118.3795,117.6415,117.6655,108444.0
2016-01-13 22:00:00,117.6655,118.281,117.2945,118.065,129256.0
2016-01-14 22:00:00,118.065,118.273,116.5085,117.013,143572.0
2016-01-17 22:00:00,117.013,117.441,116.698,117.3445,86002.0
2016-01-18 22:00:00,117.3445,118.115,117.236,117.6345,113646.0
2016-01-19 22:00:00,117.6345,117.692,115.973,116.947,160250.0
2016-01-20 22:00:00,116.947,117.8145,116.47,117.696,185292.0
2016-01-21 22:00:00,117.696,118.881,117.548,118.775,124551.0
2016-01-24 22:00:00,118.775,118.858,118.1715,118.2955,100421.0
2016-01-25 22:00:00,118.2955,118.621,117.657,118.423,96886.0
2016-01-26 22:00:00,118.423,119.07,118.0435,118.689,115863.0
2016-01-27 22:00:00,118.689,118.992,118.418,118.819,108904.0
2016-01-28 22:00:00,118.819,121.69,118.433,121.1345,190153.0
2016-01-31 22:00:00,121.1345,121.49,120.6785,120.992,97108.0
2016-02-01 22:00:00,120.992,121.041,119.8375,119.962,105534.0
2016-02-02 22:00:00,119.962,120.043,117.053,117.881,182717.0
2016-02-03 22:00:00,117.881,118.2425,116.5295,116.777,155691.0
2016-02-04 22:00:00,116.777,117.431,116.2885,116.867,137279.0
2016-02-07 22:00:00,116.867,117.527,115.1745,115.847,146456.0
2016-02-08 22:00:00,115.847,115.857,114.207,115.113,217824.0
2016-02-09 22:00:00,115.113,115.263,113.12,113.3425,223767.0
2016-02-10 22:00:00,113.3425,113.6,110.979,112.4305,257831.0
2016-02-11 22:00:00,112.4305,113.5445,111.654,113.244,198006.0
2016-02-14 22:00:00,113.244,114.734,113.244,114.597,103679.0
2016-02-15 22:00:00,114.597,114.876,113.596,114.086,122885.0
2016-02-16 22:00:00,114.086,114.507,113.378,114.0965,123128.0
2016-02-17 22:00:00,114.0965,114.3265,113.146,113.251,108079.0
2016-02-18 22:00:00,113.251,113.379,112.3075,112.575,111514.0
2016-02-21 22:00:00,112.575,113.389,112.426,112.923,91255.0
2016-02-22 22:00:00,112.923,113.055,111.7735,112.101,116790.0
2016-02-23 22:00:00,112.101,112.269,111.0445,112.1675,122231.0
2016-02-24 22:00:00,112.1675,113.026,111.8995,112.984,124616.0
2016-02-25 22:00:00,112.984,113.9905,112.5605,113.981,106321.0
2016-02-28 22:00:00,113.981,113.9895,112.652,112.6975,112659.0
2016-02-29 22:00:00,112.6975,114.185,112.162,114.002,103683.0
2016-03-01 22:00:00,114.002,114.5565,113.217,113.4705,102228.0
2016-03-02 22:00:00,113.4705,114.2715,113.2965,113.6935,92476.0
2016-03-03 22:00:00,113.6935,114.2595,113.1215,113.773,112062.0
2016-03-06 22:00:00,113.773,113.956,113.228,113.4585,75991.0
2016-03-07 22:00:00,113.4585,113.521,112.4225,112.625,96774.0
2016-03-08 22:00:00,112.625,113.456,112.227,113.3425,88806.0
2016-03-09 22:00:00,113.3425,114.449,112.6115,113.214,150535.0
2016-03-10 22:00:00,113.214,113.9205,112.757,113.872,95191.0
2016-03-13 21:00:00,113.872,114.009,113.5075,113.8155,68132.0
2016-03-14 21:00:00,113.8155,114.153,112.6325,113.178,96692.0
2016-03-15 21:00:00,113.178,113.819,112.332,112.5635,101794.0
2016-03-16 21:00:00,112.5635,112.9585,110.6685,111.399,123414.0
2016-03-17 21:00:00,111.399,111.7625,110.8205,111.538,88177.0
2016-03-20 21:00:00,111.538,111.979,111.2235,111.953,59268.0
2016-03-21 21:00:00,111.953,112.492,111.3805,112.36,91296.0
2016-03-22 21:00:00,112.36,112.9055,112.144,112.381,81840.0
2016-03-23 21:00:00,112.381,113.0075,112.297,112.8925,71398.0
2016-03-24 21:00:00,112.8925,113.324,112.7555,113.092,41095.0
2016-03-27 21:00:00,113.092,113.6885,113.092,113.4445,36044.0
2016-03-28 21:00:00,113.4445,113.806,112.614,112.7335,82323.0
2016-03-29 21:00:00,112.7335,112.809,112.0195,112.4405,82577.0
2016-03-30 21:00:00,112.4405,112.663,112.109,112.5765,75941.0
2016-03-31 21:00:00,112.5765,112.5855,111.586,111.727,97542.0
2016-04-03 21:00:00,111.727,111.803,111.0985,111.33,75196.0
2016-04-04 21:00:00,111.33,111.3535,109.943,110.352,113337.0
2016-04-05 21:00:00,110.352,110.6425,109.344,109.789,96687.0
2016-04-06 21:00:00,109.789,109.9095,107.668,108.2085,128501.0
2016-04-07 21:00:00,108.2085,109.101,108.038,108.055,96307.0
2016-04-10 21:00:00,108.055,108.441,107.6285,107.95,96014.0
2016-04-11 21:00:00,107.95,108.7885,107.875,108.542,82613.0
2016-04-12 21:00:00,108.542,109.4065,108.5095,109.34,83521.0
2016-04-13 21:00:00,109.34,109.5475,108.8975,109.3915,76957.0
2016-04-14 21:00:00,109.3915,109.7355,108.601,108.748,60662.0
2016-04-17 21:00:00,108.748,108.9865,107.841,108.825,84126.0
2016-04-18 21:00:00,108.825,109.4895,108.751,109.2225,77786.0
2016-04-19 21:00:00,109.2225,109.881,108.7655,109.847,81887.0
2016-04-20 21:00:00,109.847,109.8995,109.3225,109.468,91297.0
2016-04-21 21:00:00,109.468,111.816,109.2615,111.779,112394.0
2016-04-24 21:00:00,111.779,111.8955,110.8425,111.1965,91790.0
2016-04-25 21:00:00,111.1965,111.477,110.6705,111.3045,89498.0
2016-04-26 21:00:00,111.3045,111.758,111.03,111.455,91098.0
2016-04-27 21:00:00,111.455,111.8865,107.8655,108.101,158526.0
2016-04-28 21:00:00,108.101,108.2045,106.281,106.3395,116685.0
2016-05-01 21:00:00,106.3395,106.821,106.14,106.407,94449.0
2016-05-02 21:00:00,106.407,106.6825,105.551,106.603,88996.0
2016-05-03 21:00:00,106.603,107.474,106.247,107.011,98085.0
2016-05-04 21:00:00,107.011,107.501,106.8035,107.2585,64680.0
2016-05-05 21:00:00,107.2585,107.421,106.44,107.122,94201.0
2016-05-08 21:00:00,107.122,108.606,107.072,108.3255,81136.0
2016-05-09 21:00:00,108.3255,109.3505,108.275,109.2645,81300.0
2016-05-10 21:00:00,109.2645,109.3755,108.37,108.429,73139.0
2016-05-11 21:00:00,108.429,109.3975,108.2285,109.0135,88076.0
2016-05-12 21:00:00,109.0135,109.566,108.518,108.645,94458.0
2016-05-15 21:00:00,108.645,109.097,108.47,109.023,62703.0
2016-05-16 21:00:00,109.023,109.654,108.8405,109.144,80994.0
2016-05-17 21:00:00,109.144,110.2595,108.722,110.197,99122.0
2016-05-18 21:00:00,110.197,110.386,109.7,109.961,93392.0
2016-05-19 21:00:00,109.961,110.59,109.849,110.115,71820.0
2016-05-22 21:00:00,110.115,110.2395,109.111,109.236,77617.0
2016-05-23 21:00:00,109.236,110.1265,109.1735,109.991,71320.0
2016-05-24 21:00:00,109.991,110.4495,109.8645,110.206,71146.0
2016-05-25 21:00:00,110.206,110.2325,109.418,109.769,83420.0
2016-05-26 21:00:00,109.769,110.4495,109.476,110.283,73308.0
2016-05-29 21:00:00,110.283,111.451,110.283,111.1135,54888.0
2016-05-30 21:00:00,111.1135,111.3505,110.503,110.7305,87473.0
2016-05-31 21:00:00,110.7305,110.8345,109.0525,109.5375,105358.0
2016-06-01 21:00:00,109.5375,109.585,108.5265,108.878,101702.0
2016-06-02 21:00:00,108.878,109.1375,106.51,106.526,123050.0
2016-06-05 21:00:00,106.526,107.6575,106.375,107.5565,113559.0
2016-06-06 21:00:00,107.5565,107.906,107.153,107.377,90720.0
2016-06-07 21:00:00,107.377,107.3935,106.5875,106.989,92208.0
2016-06-08 21:00:00,106.989,107.1785,106.2555,107.111,96324.0
2016-06-09 21:00:00,107.111,107.263,106.556,106.957,99219.0
2016-06-12 21:00:00,106.957,106.957,105.738,106.255,124480.0
2016-06-13 21:00:00,106.255,106.4245,105.6315,106.113,119858.0
2016-06-14 21:00:00,106.113,106.399,105.435,106.0075,112646.0
2016-06-15 21:00:00,106.0075,106.032,103.5495,104.259,169432.0
2016-06-16 21:00:00,104.259,104.831,104.08,104.131,115576.0
2016-06-19 21:00:00,104.131,104.846,103.7845,103.9375,97234.0
2016-06-20 21:00:00,103.9375,105.059,103.583,104.761,96501.0
2016-06-21 21:00:00,104.761,104.851,104.313,104.4175,80433.0
2016-06-22 21:00:00,104.4175,106.175,104.016,106.172,117583.0
2016-06-23 21:00:00,106.172,106.8415,98.987,102.199,409310.0
2016-06-26 21:00:00,102.199,102.4825,101.4015,102.003,158480.0
2016-06-27 21:00:00,102.003,102.844,101.5585,102.7545,105197.0
2016-06-28 21:00:00,102.7545,102.9365,102.174,102.819,90764.0
2016-06-29 21:00:00,102.819,103.295,102.363,103.181,103933.0
2016-06-30 21:00:00,103.181,103.398,102.4425,102.521,79165.0
2016-07-03 21:00:00,102.521,102.802,102.426,102.551,47857.0
2016-07-04 21:00:00,102.551,102.5935,101.451,101.7355,77068.0
2016-07-05 21:00:00,101.7355,101.771,100.1985,101.313,118420.0
2016-07-06 21:00:00,101.313,101.4055,100.596,100.781,83774.0
2016-07-07 21:00:00,100.781,101.296,99.9965,100.537,98300.0
2016-07-10 21:00:00,100.537,102.893,100.537,102.806,100293.0
2016-07-11 21:00:00,102.806,104.9885,102.4495,104.689,130006.0
2016-07-12 21:00:00,104.689,104.8805,103.908,104.482,128335.0
2016-07-13 21:00:00,104.482,105.9355,103.975,105.3485,137673.0
2016-07-14 21:00:00,105.3485,106.3195,104.639,104.858,138673.0
2016-07-17 21:00:00,104.858,106.2645,104.858,106.1535,86872.0
2016-07-18 21:00:00,106.1535,106.535,105.6455,106.1205,90080.0
2016-07-19 21:00:00,106.1205,107.0215,105.8325,106.876,85297.0
2016-07-20 21:00:00,106.876,107.4945,105.417,105.8115,124299.0
2016-07-21 21:00:00,105.8115,106.4035,105.568,106.115,90188.0
2016-07-24 21:00:00,106.115,106.7245,105.741,105.808,74830.0
2016-07-25 21:00:00,105.808,105.8975,103.9915,104.6305,106554.0
2016-07-26 21:00:00,104.6305,106.5465,104.6305,105.3945,137718.0
2016-07-27 21:00:00,105.3945,105.506,104.4765,105.264,96084.0
2016-07-28 21:00:00,105.264,105.6495,101.971,102.068,212220.0
2016-07-31 21:00:00,102.068,102.684,102.005,102.393,82358.0
2016-08-01 21:00:00,102.393,102.834,100.681,100.8925,100504.0
2016-08-02 21:00:00,100.8925,101.5725,100.7495,101.2395,85852.0
2016-08-03 21:00:00,101.2395,101.6685,100.863,101.223,71506.0
2016-08-04 21:00:00,101.223,102.065,100.8725,101.82,68300.0
2016-08-07 21:00:00,101.82,102.6565,101.82,102.454,56617.0
2016-08-08 21:00:00,102.454,102.529,101.7905,101.8815,50734.0
2016-08-09 21:00:00,101.8815,101.9585,100.9695,101.2845,75578.0
2016-08-10 21:00:00,101.2845,102.056,101.028,101.9635,56063.0
2016-08-11 21:00:00,101.9635,102.268,100.83,101.303,80270.0
2016-08-14 21:00:00,101.303,101.455,100.8725,101.2575,65700.0
2016-08-15 21:00:00,101.2575,101.294,99.544,100.309,105605.0
2016-08-16 21:00:00,100.309,101.1715,100.041,100.269,95973.0
2016-08-17 21:00:00,100.269,100.511,99.644,99.882,104135.0
2016-08-18 21:00:00,99.882,100.4615,99.8755,100.2195,81929.0
2016-08-21 21:00:00,100.2195,100.9355,100.2145,100.319,85515.0
2016-08-22 21:00:00,100.319,100.39,99.9435,100.239,72973.0
2016-08-23 21:00:00,100.239,100.6105,100.0925,100.448,67739.0
2016-08-24 21:00:00,100.448,100.619,100.3065,100.532,53103.0
2016-08-25 21:00:00,100.532,101.9445,100.065,101.826,99111.0
2016-08-28 21:00:00,101.826,102.395,101.826,101.92,71297.0
2016-08-29 21:00:00,101.92,103.135,101.752,102.9585,78660.0
2016-08-30 21:00:00,102.9585,103.5315,102.86,103.4215,79758.0
2016-08-31 21:00:00,103.4215,103.9995,103.0615,103.232,89458.0
2016-09-01 21:00:00,103.232,104.3235,102.807,103.961,114453.0
2016-09-04 21:00:00,103.961,104.138,103.1495,103.435,69229.0
2016-09-05 21:00:00,103.435,103.808,101.932,102.0195,102424.0
2016-09-06 21:00:00,102.0195,102.1355,101.198,101.7395,93066.0
2016-09-07 21:00:00,101.7395,102.598,101.4125,102.4865,96765.0
2016-09-08 21:00:00,102.4865,103.056,101.9675,102.695,107722.0
2016-09-11 21:00:00,102.695,102.695,101.5585,101.845,108200.0
2016-09-12 21:00:00,101.845,102.749,101.4205,102.5525,111810.0
2016-09-13 21:00:00,102.5525,103.359,102.25,102.4275,104172.0
2016-09-14 21:00:00,102.4275,102.7595,101.9115,102.0865,105507.0
2016-09-15 21:00:00,102.0865,102.4645,101.739,102.2585,89283.0
2016-09-18 21:00:00,102.2585,102.42,101.5835,101.9135,67478.0
2016-09-19 21:00:00,101.9135,102.065,101.535,101.7095,71894.0
2016-09-20 21:00:00,101.7095,102.7845,100.2995,100.325,178349.0
2016-09-21 21:00:00,100.325,100.934,100.0975,100.7635,79971.0
2016-09-22 21:00:00,100.7635,101.247,100.6775,101.0,86030.0
2016-09-25 21:00:00,101.0,101.091,100.2475,100.3345,75631.0
2016-09-26 21:00:00,100.3345,100.9895,100.083,100.424,96338.0
2016-09-27 21:00:00,100.424,100.818,100.26,100.69,77434.0
2016-09-28 21:00:00,100.69,101.8405,100.6545,101.041,98227.0
2016-09-29 21:00:00,101.041,101.7845,100.7465,101.353,103514.0
2016-10-02 21:00:00,101.353,101.684,101.188,101.6505,66463.0
2016-10-03 21:00:00,101.6505,102.9695,101.574,102.9035,100615.0
2016-10-04 21:00:00,102.9035,103.668,102.6695,103.496,83887.0
2016-10-05 21:00:00,103.496,104.164,103.35,103.9525,77368.0
2016-10-06 21:00:00,103.9525,104.032,102.8585,102.9075,120937.0
2016-10-09 21:00:00,102.9075,103.788,102.8135,103.613,58036.0
2016-10-10 21:00:00,103.613,104.0735,103.173,103.5125,91934.0
2016-10-11 21:00:00,103.5125,104.4815,103.2795,104.2065,88506.0
2016-10-12 21:00:00,104.2065,104.638,103.3325,103.697,105933.0
2016-10-13 21:00:00,103.697,104.478,103.611,104.1655,96286.0
2016-10-16 21:00:00,104.1655,104.378,103.787,103.883,76348.0
2016-10-17 21:00:00,103.883,104.2035,103.684,103.867,68839.0
2016-10-18 21:00:00,103.867,103.9485,103.164,103.444,67134.0
2016-10-19 21:00:00,103.444,104.107,103.3465,103.954,73646.0
2016-10-20 21:00:00,103.954,104.2055,103.5215,103.8315,66037.0
2016-10-23 21:00:00,103.8315,104.3225,103.725,104.1795,61408.0
2016-10-24 21:00:00,104.1795,104.874,104.1145,104.2225,77018.0
2016-10-25 21:00:00,104.2225,104.6205,104.024,104.478,79068.0
2016-10-26 21:00:00,104.478,105.3495,104.294,105.2875,84438.0
2016-10-27 21:00:00,105.2875,105.5345,104.459,104.724,107699.0
2016-10-30 21:00:00,104.724,105.233,104.4195,104.818,79210.0
2016-10-31 21:00:00,104.818,105.118,103.7975,104.1635,111550.0
2016-11-01 21:00:00,104.1635,104.166,103.0195,103.3065,126562.0
2016-11-02 21:00:00,103.3065,103.4445,102.547,102.978,113448.0
2016-11-03 21:00:00,102.978,103.3565,102.8345,103.126,102939.0
2016-11-06 22:00:00,103.126,104.63,103.126,104.471,93696.0
2016-11-07 22:00:00,104.471,105.192,104.297,105.1775,86471.0
2016-11-08 22:00:00,105.1775,105.8905,101.193,105.658,381240.0
2016-11-09 22:00:00,105.658,106.9465,104.9625,106.8165,208648.0
2016-11-10 22:00:00,106.8165,106.932,106.0335,106.683,154657.0
2016-11-13 22:00:00,106.683,108.544,106.683,108.423,175628.0
2016-11-14 22:00:00,108.423,109.338,107.7695,109.1965,147569.0
2016-11-15 22:00:00,109.1965,109.7585,108.7955,109.0765,140349.0
2016-11-16 22:00:00,109.0765,110.186,108.5515,110.137,147841.0
2016-11-17 22:00:00,110.137,110.9545,109.8005,110.888,151417.0
2016-11-20 22:00:00,110.888,111.364,110.46,110.8295,157622.0
2016-11-21 22:00:00,110.8295,111.3555,110.27,111.1515,134892.0
2016-11-22 22:00:00,111.1515,112.9775,110.8545,112.5255,131887.0
2016-11-23 22:00:00,112.5255,113.5345,112.372,113.328,105745.0
2016-11-24 22:00:00,113.328,113.8995,112.556,113.253,150774.0
2016-11-27 22:00:00,113.253,113.253,111.3585,111.9225,160954.0
2016-11-28 22:00:00,111.9225,113.341,111.62,112.3895,142790.0
2016-11-29 22:00:00,112.3895,114.5435,112.058,114.4595,178441.0
2016-11-30 22:00:00,114.4595,114.8295,113.832,114.096,168117.0
2016-12-01 22:00:00,114.096,114.206,113.3315,113.515,135079.0
2016-12-04 22:00:00,113.515,114.7775,112.8765,113.852,162016.0
2016-12-05 22:00:00,113.852,114.1875,113.5035,114.0185,98974.0
2016-12-06 22:00:00,114.0185,114.4065,113.4135,113.76,89598.0
2016-12-07 22:00:00,113.76,114.379,113.1235,114.0295,140405.0
2016-12-08 22:00:00,114.0295,115.37,114.015,115.319,114186.0
2016-12-11 22:00:00,115.319,116.1255,114.8555,115.0235,129364.0
2016-12-12 22:00:00,115.0235,115.478,114.737,115.1875,131003.0
2016-12-13 22:00:00,115.1875,117.3935,114.772,117.043,165803.0
2016-12-14 22:00:00,117.043,118.667,117.013,118.1805,234585.0
2016-12-15 22:00:00,118.1805,118.4285,117.467,117.913,158484.0
2016-12-18 22:00:00,117.913,117.9675,116.551,117.097,133141.0
2016-12-19 22:00:00,117.097,118.2445,116.9925,117.8635,122887.0
2016-12-20 22:00:00,117.8635,118.0695,117.108,117.557,97404.0
2016-12-21 22:00:00,117.557,117.8815,117.2705,117.54,79366.0
2016-12-22 22:00:00,117.54,117.6235,117.1745,117.332,46840.0
2016-12-26 22:00:00,117.332,117.617,117.091,117.427,53827.0
2016-12-27 22:00:00,117.427,117.815,117.054,117.261,72368.0
2016-12-28 22:00:00,117.261,117.261,116.233,116.5385,103682.0
2016-12-29 22:00:00,116.5385,117.197,116.045,117.017,137991.0
2017-01-02 22:00:00,117.017,118.61,117.017,117.749,134061.0
2017-01-03 22:00:00,117.749,118.188,117.056,117.247,150684.0
2017-01-04 22:00:00,117.247,117.433,115.216,115.364,223416.0
2017-01-05 22:00:00,115.364,117.182,115.07,116.985,171518.0
2017-01-08 22:00:00,116.985,117.534,115.954,116.05,136224.0
2017-01-09 22:00:00,116.05,116.346,115.198,115.7785,176511.0
2017-01-10 22:00:00,115.7785,116.876,114.244,115.413,223184.0
2017-01-11 22:00:00,115.413,115.514,113.754,114.719,204606.0
2017-01-12 22:00:00,114.719,115.448,114.172,114.52,167937.0
2017-01-15 22:00:00,114.52,114.52,113.624,114.199,113320.0
2017-01-16 22:00:00,114.199,114.284,112.604,112.607,196498.0
2017-01-17 22:00:00,112.607,114.764,112.576,114.6335,154925.0
2017-01-18 22:00:00,114.6335,115.624,114.404,114.86,180896.0
2017-01-19 22:00:00,114.86,115.388,114.21,114.585,189665.0
2017-01-22 22:00:00,114.585,114.585,112.7,112.7005,181589.0
2017-01-23 22:00:00,112.7005,113.895,112.529,113.7825,146462.0
2017-01-24 22:00:00,113.7825,113.992,113.037,113.2805,139569.0
2017-01-25 22:00:00,113.2805,114.86,113.052,114.5365,146104.0
2017-01-26 22:00:00,114.5365,115.377,114.394,115.094,129165.0
2017-01-29 22:00:00,115.094,115.094,113.45,113.785,134323.0
2017-01-30 22:00:00,113.785,113.964,112.079,112.799,178605.0
2017-01-31 22:00:00,112.799,113.952,112.64,113.2475,159659.0
2017-02-01 22:00:00,113.2475,113.368,112.055,112.803,149498.0
2017-02-02 22:00:00,112.803,113.487,112.316,112.593,153376.0
2017-02-05 22:00:00,112.593,112.78,111.623,111.7415,136465.0
2017-02-06 22:00:00,111.7415,112.58,111.594,112.391,120268.0
2017-02-07 22:00:00,112.391,112.544,111.632,111.933,143458.0
2017-02-08 22:00:00,111.933,113.348,111.739,113.2485,131183.0
2017-02-09 22:00:00,113.2485,113.86,112.86,113.227,133298.0
2017-02-12 22:00:00,113.227,114.17,113.227,113.742,112153.0
2017-02-13 22:00:00,113.742,114.499,113.254,114.2595,130646.0
2017-02-14 22:00:00,114.2595,114.958,113.864,114.1575,128846.0
2017-02-15 22:00:00,114.1575,114.314,113.083,113.2435,134198.0
2017-02-16 22:00:00,113.2435,113.503,112.621,112.79,115264.0
2017-02-19 22:00:00,112.79,113.24,112.79,113.104,62452.0
2017-02-20 22:00:00,113.104,113.781,113.089,113.685,99517.0
2017-02-21 22:00:00,113.685,113.733,112.91,113.311,125228.0
2017-02-22 22:00:00,113.311,113.461,112.552,112.6215,110642.0
2017-02-23 22:00:00,112.6215,112.956,111.936,112.117,111377.0
2017-02-26 22:00:00,112.117,112.844,111.919,112.6895,113799.0
2017-02-27 22:00:00,112.6895,112.904,111.687,112.7885,195453.0
2017-02-28 22:00:00,112.7885,114.064,112.726,113.726,266323.0
2017-03-01 22:00:00,113.726,114.591,113.682,114.405,184772.0
2017-03-02 22:00:00,114.405,114.756,113.81,114.005,217784.0
2017-03-05 22:00:00,114.005,114.143,113.558,113.8965,159510.0
2017-03-06 22:00:00,113.8965,114.158,113.732,113.9795,140325.0
2017-03-07 22:00:00,113.9795,114.764,113.612,114.387,188221.0
2017-03-08 22:00:00,114.387,115.003,114.312,114.9625,217819.0
2017-03-09 22:00:00,114.9625,115.507,114.652,114.803,222058.0
2017-03-12 21:00:00,114.803,114.927,114.48,114.876,169274.0
2017-03-13 21:00:00,114.876,115.193,114.517,114.7375,192846.0
2017-03-14 21:00:00,114.7375,114.888,113.17,113.377,224414.0
2017-03-15 21:00:00,113.377,113.544,112.903,113.306,236977.0
2017-03-16 21:00:00,113.306,113.496,112.564,112.709,176017.0
2017-03-19 21:00:00,112.709,112.9,112.454,112.558,143271.0
2017-03-20 21:00:00,112.558,112.871,111.539,111.723,261202.0
2017-03-21 21:00:00,111.723,111.792,110.734,111.166,298394.0
2017-03-22 21:00:00,111.166,111.578,110.627,110.9305,288621.0
2017-03-23 21:00:00,110.9305,111.486,110.624,111.321,241536.0
2017-03-26 21:00:00,111.321,111.321,110.108,110.669,219476.0
2017-03-27 21:00:00,110.669,111.205,110.182,111.1405,195937.0
2017-03-28 21:00:00,111.1405,111.32,110.713,111.048,199914.0
2017-03-29 21:00:00,111.048,111.948,110.94,111.9205,199577.0
2017-03-30 21:00:00,111.9205,112.201,111.242,111.3875,220703.0
2017-04-02 21:00:00,111.3875,111.587,110.854,110.901,193463.0
2017-04-03 21:00:00,110.901,110.945,110.267,110.7395,202486.0
2017-04-04 21:00:00,110.7395,111.453,110.536,110.6985,226208.0
2017-04-05 21:00:00,110.6985,111.14,110.288,110.801,226377.0
2017-04-06 21:00:00,110.801,111.37,110.13,111.0705,309982.0
2017-04-09 21:00:00,111.0705,111.585,110.806,110.9305,168760.0
2017-04-10 21:00:00,110.9305,110.9525,109.604,109.608,214976.0
2017-04-11 21:00:00,109.608,109.866,108.96,109.019,223573.0
2017-04-12 21:00:00,109.019,109.398,108.73,109.102,206837.0
2017-04-13 21:00:00,109.102,109.236,108.554,108.646,77779.0
2017-04-16 21:00:00,108.646,109.057,108.13,108.903,117766.0
2017-04-17 21:00:00,108.903,109.226,108.32,108.4285,205808.0
2017-04-18 21:00:00,108.4285,109.181,108.38,108.854,174132.0
2017-04-19 21:00:00,108.854,109.493,108.719,109.314,183103.0
2017-04-20 21:00:00,109.314,109.427,108.88,109.067,153387.0
2017-04-23 21:00:00,109.067,110.631,109.067,109.769,212151.0
2017-04-24 21:00:00,109.769,111.193,109.594,111.09,181034.0
2017-04-25 21:00:00,111.09,111.784,110.871,111.0645,242449.0
2017-04-26 21:00:00,111.0645,111.599,111.017,111.265,200997.0
2017-04-27 21:00:00,111.265,111.722,111.07,111.52,179572.0
2017-04-30 21:00:00,111.52,111.926,111.212,111.8335,91567.0
2017-05-01 21:00:00,111.8335,112.31,111.779,111.9915,128826.0
2017-05-02 21:00:00,111.9915,112.782,111.963,112.763,123928.0
2017-05-03 21:00:00,112.763,113.052,112.315,112.4555,156403.0
2017-05-04 21:00:00,112.4555,112.81,112.092,112.688,156836.0
2017-05-07 21:00:00,112.688,113.299,112.394,113.2465,168745.0
2017-05-08 21:00:00,113.2465,114.333,113.134,113.9855,161604.0
2017-05-09 21:00:00,113.9855,114.379,113.625,114.277,160907.0
2017-05-10 21:00:00,114.277,114.374,113.46,113.866,155339.0
2017-05-11 21:00:00,113.866,113.956,113.204,113.3375,158394.0
2017-05-14 21:00:00,113.3375,113.857,113.146,113.7985,137431.0
2017-05-15 21:00:00,113.7985,113.802,112.929,113.117,162906.0
2017-05-16 21:00:00,113.117,113.148,110.79,110.8315,285087.0
2017-05-17 21:00:00,110.8315,111.739,110.24,111.4825,384735.0
2017-05-18 21:00:00,111.4825,111.698,111.034,111.227,221997.0
2017-05-21 21:00:00,111.227,111.611,110.929,111.3005,164703.0
2017-05-22 21:00:00,111.3005,111.858,110.865,111.7815,219776.0
2017-05-23 21:00:00,111.7815,112.132,111.478,111.489,190818.0
2017-05-24 21:00:00,111.489,111.95,111.485,111.832,157337.0
2017-05-25 21:00:00,111.832,111.863,110.877,111.304,165603.0
2017-05-28 21:00:00,111.304,111.466,111.158,111.2585,84087.0
2017-05-29 21:00:00,111.2585,111.33,110.663,110.857,169152.0
2017-05-30 21:00:00,110.857,111.23,110.48,110.7775,181628.0
2017-05-31 21:00:00,110.7775,111.484,110.67,111.37,156235.0
2017-06-01 21:00:00,111.37,111.71,110.328,110.395,187612.0
2017-06-04 21:00:00,110.395,110.732,110.311,110.474,48545.0
2017-06-05 21:00:00,110.474,110.533,109.224,109.4155,159385.0
2017-06-06 21:00:00,109.4155,109.887,109.119,109.815,168637.0
2017-06-07 21:00:00,109.815,110.389,109.379,109.996,195573.0
2017-06-08 21:00:00,109.996,110.816,109.752,110.333,226660.0
2017-06-11 21:00:00,110.333,110.44,109.63,109.941,153341.0
2017-06-12 21:00:00,109.941,110.275,109.815,110.072,138826.0
2017-06-13 21:00:00,110.072,110.346,108.815,109.5645,244843.0
2017-06-14 21:00:00,109.5645,110.982,109.271,110.946,220166.0
2017-06-15 21:00:00,110.946,111.422,110.643,110.89,179756.0
2017-06-18 21:00:00,110.89,111.602,110.756,111.536,142353.0
2017-06-19 21:00:00,111.536,111.793,111.313,111.4625,158743.0
2017-06-20 21:00:00,111.4625,111.743,111.067,111.38,163442.0
2017-06-21 21:00:00,111.38,111.45,110.951,111.3175,158315.0
2017-06-22 21:00:00,111.3175,111.434,111.157,111.299,121074.0
2017-06-25 21:00:00,111.299,111.948,111.166,111.876,139558.0
2017-06-26 21:00:00,111.876,112.464,111.466,112.348,191299.0
2017-06-27 21:00:00,112.348,112.414,111.829,112.3105,214359.0
2017-06-28 21:00:00,112.3105,112.928,111.81,112.1685,218676.0
2017-06-29 21:00:00,112.1685,112.608,111.73,112.39,203212.0
2017-07-02 21:00:00,112.39,113.474,112.102,113.382,149605.0
2017-07-03 21:00:00,113.382,113.461,112.738,113.283,126454.0
2017-07-04 21:00:00,113.283,113.69,112.823,113.262,171900.0
2017-07-05 21:00:00,113.262,113.468,112.89,113.2185,178218.0
2017-07-06 21:00:00,113.2185,114.183,113.106,113.908,168548.0
2017-07-09 21:00:00,113.908,114.3,113.881,114.039,128646.0
2017-07-10 21:00:00,114.039,114.498,113.716,113.941,153518.0
2017-07-11 21:00:00,113.941,113.968,112.931,113.1705,167901.0
2017-07-12 21:00:00,113.1705,113.532,112.864,113.2865,152761.0
2017-07-13 21:00:00,113.2865,113.576,112.258,112.533,149673.0
2017-07-16 21:00:00,112.533,112.865,112.332,112.6255,138835.0
2017-07-17 21:00:00,112.6255,112.696,111.684,112.064,188972.0
2017-07-18 21:00:00,112.064,112.236,111.554,111.952,157330.0
2017-07-19 21:00:00,111.952,112.421,111.484,111.907,235982.0
2017-07-20 21:00:00,111.907,112.081,111.014,111.136,75980.0
2017-07-23 21:00:00,111.136,111.32,110.623,111.1035,73816.0
2017-07-24 21:00:00,111.1035,111.959,110.83,111.8895,79727.0
2017-07-25 21:00:00,111.8895,112.204,111.064,111.1775,91132.0
2017-07-26 21:00:00,111.1775,111.713,110.783,111.254,111523.0
2017-07-27 21:00:00,111.254,111.33,110.55,110.683,98505.0
2017-07-30 21:00:00,110.683,110.774,110.216,110.2565,75569.0
2017-07-31 21:00:00,110.2565,110.588,109.919,110.3785,97093.0
2017-08-01 21:00:00,110.3785,110.985,110.285,110.74,84711.0
2017-08-02 21:00:00,110.74,110.828,109.855,110.049,88788.0
2017-08-03 21:00:00,110.049,111.052,109.846,110.6905,82092.0
2017-08-06 21:00:00,110.6905,110.92,110.648,110.743,51842.0
2017-08-07 21:00:00,110.743,110.829,110.248,110.325,61013.0
2017-08-08 21:00:00,110.325,110.3665,109.56,110.066,94576.0
2017-08-09 21:00:00,110.066,110.18,109.15,109.2055,91607.0
2017-08-10 21:00:00,109.2055,109.406,108.736,109.178,92505.0
2017-08-13 21:00:00,109.178,109.801,109.047,109.6335,73807.0
2017-08-14 21:00:00,109.6335,110.849,109.61,110.676,77728.0
2017-08-15 21:00:00,110.676,110.95,110.031,110.191,72574.0
2017-08-16 21:00:00,110.191,110.374,109.4475,109.5705,110237.0
2017-08-17 21:00:00,109.5705,109.602,108.604,109.2125,127084.0
2017-08-20 21:00:00,109.2125,109.424,108.638,108.977,79123.0
2017-08-21 21:00:00,108.977,109.656,108.887,109.5685,64144.0
2017-08-22 21:00:00,109.5685,109.827,108.922,109.0405,72061.0
2017-08-23 21:00:00,109.0405,109.606,108.852,109.554,70100.0
2017-08-24 21:00:00,109.554,109.846,109.114,109.346,83671.0
2017-08-27 21:00:00,109.346,109.414,109.024,109.255,52599.0
2017-08-28 21:00:00,109.255,109.904,108.266,109.7565,132248.0
2017-08-29 21:00:00,109.7565,110.441,109.543,110.246,81397.0
2017-08-30 21:00:00,110.246,110.671,109.882,109.976,84969.0
2017-08-31 21:00:00,109.976,110.496,109.564,110.257,81548.0
2017-09-03 21:00:00,110.257,110.257,109.384,109.72,47804.0
2017-09-04 21:00:00,109.72,109.836,108.632,108.812,101022.0
2017-09-05 21:00:00,108.812,109.398,108.45,109.2205,99700.0
2017-09-06 21:00:00,109.2205,109.264,108.05,108.454,108505.0
2017-09-07 21:00:00,108.454,108.486,107.318,107.8455,121172.0
2017-09-10 21:00:00,107.8455,109.507,107.8455,109.3955,79722.0
2017-09-11 21:00:00,109.3955,110.254,109.242,110.17,84632.0
2017-09-12 21:00:00,110.17,110.691,109.904,110.489,80446.0
2017-09-13 21:00:00,110.489,111.04,110.062,110.245,100072.0
2017-09-14 21:00:00,110.245,111.334,109.554,110.839,109975.0
2017-09-17 21:00:00,110.839,111.664,110.839,111.5685,73325.0
2017-09-18 21:00:00,111.5685,111.882,111.202,111.5975,100615.0
2017-09-19 21:00:00,111.5975,112.532,111.114,112.1955,95964.0
2017-09-20 21:00:00,112.1955,112.718,112.136,112.4825,97085.0
2017-09-21 21:00:00,112.4825,112.556,111.654,111.993,91255.0
2017-09-24 21:00:00,111.993,112.53,111.472,111.7255,106189.0
2017-09-25 21:00:00,111.7255,112.478,111.498,112.236,99418.0
2017-09-26 21:00:00,112.236,113.258,112.225,112.822,115011.0
2017-09-27 21:00:00,112.822,113.209,112.255,112.34,107975.0
2017-09-28 21:00:00,112.34,112.738,112.213,112.504,89894.0
2017-10-01 21:00:00,112.504,113.06,112.4635,112.763,81273.0
2017-10-02 21:00:00,112.763,113.196,112.664,112.8455,75737.0
2017-10-03 21:00:00,112.8455,112.94,112.322,112.757,80611.0
2017-10-04 21:00:00,112.757,112.921,112.414,112.819,69221.0
2017-10-05 21:00:00,112.819,113.44,112.608,112.6505,90264.0
2017-10-08 21:00:00,112.6505,112.745,112.332,112.683,38915.0
2017-10-09 21:00:00,112.683,112.829,111.99,112.449,74066.0
2017-10-10 21:00:00,112.449,112.586,112.08,112.4965,74477.0
2017-10-11 21:00:00,112.4965,112.525,112.126,112.2865,70190.0
2017-10-12 21:00:00,112.2865,112.308,111.688,111.8435,75830.0
2017-10-15 21:00:00,111.8435,112.29,111.652,112.194,52018.0
2017-10-16 21:00:00,112.194,112.48,112.036,112.199,57452.0
2017-10-17 21:00:00,112.199,113.051,112.135,112.9315,59882.0
2017-10-18 21:00:00,112.9315,113.148,112.297,112.542,90557.0
2017-10-19 21:00:00,112.542,113.569,112.516,113.511,84383.0
2017-10-22 21:00:00,113.511,114.1,113.245,113.4305,76546.0
2017-10-23 21:00:00,113.4305,114.024,113.25,113.9125,82049.0
2017-10-24 21:00:00,113.9125,114.244,113.482,113.7415,107429.0
2017-10-25 21:00:00,113.7415,114.08,113.342,113.9855,94361.0
2017-10-26 21:00:00,113.9855,114.452,113.642,113.6825,103319.0
2017-10-29 21:00:00,113.6825,113.836,113.026,113.1755,70217.0
2017-10-30 21:00:00,113.1755,113.734,112.958,113.6375,71493.0
2017-10-31 21:00:00,113.6375,114.28,113.606,114.1785,82760.0
2017-11-01 21:00:00,114.1785,114.217,113.538,114.0805,94469.0
2017-11-02 21:00:00,114.0805,114.428,113.632,114.068,67177.0
2017-11-05 22:00:00,114.068,114.736,113.695,113.7065,77157.0
2017-11-06 22:00:00,113.7065,114.342,113.703,113.9965,74962.0
2017-11-07 22:00:00,113.9965,114.034,113.394,113.873,73588.0
2017-11-08 22:00:00,113.873,114.07,113.091,113.464,113490.0
2017-11-09 22:00:00,113.464,113.637,113.222,113.522,81213.0
2017-11-12 22:00:00,113.522,113.714,113.245,113.6255,64171.0
2017-11-13 22:00:00,113.6255,113.912,113.31,113.457,73610.0
2017-11-14 22:00:00,113.457,113.496,112.479,112.875,112308.0
2017-11-15 22:00:00,112.875,113.331,112.735,113.0515,77631.0
2017-11-16 22:00:00,113.0515,113.144,111.947,112.119,87903.0
2017-11-19 22:00:00,112.119,112.718,111.888,112.6195,86052.0
2017-11-20 22:00:00,112.6195,112.705,112.176,112.447,73208.0
2017-11-21 22:00:00,112.447,112.496,111.143,111.2195,80096.0
2017-11-22 22:00:00,111.2195,111.381,111.069,111.2175,40635.0
2017-11-23 22:00:00,111.2175,111.622,111.198,111.528,56468.0
2017-11-26 22:00:00,111.528,111.692,110.843,111.1065,81657.0
2017-11-27 22:00:00,111.1065,111.64,110.932,111.4795,96413.0
2017-11-28 22:00:00,111.4795,112.15,111.376,111.9295,102989.0
2017-11-29 22:00:00,111.9295,112.638,111.734,112.533,99663.0
2017-11-30 22:00:00,112.533,112.876,111.406,112.238,164694.0
2017-12-03 22:00:00,112.238,113.09,112.238,112.4095,101279.0
2017-12-04 22:00:00,112.4095,112.868,112.378,112.5995,91304.0
2017-12-05 22:00:00,112.5995,112.64,111.992,112.2895,101237.0
2017-12-06 22:00:00,112.2895,113.159,112.22,113.0845,88325.0
2017-12-07 22:00:00,113.0845,113.59,113.079,113.482,80096.0
2017-12-10 22:00:00,113.482,113.691,113.244,113.5615,60228.0
2017-12-11 22:00:00,113.5615,113.752,113.372,113.5475,58697.0
2017-12-12 22:00:00,113.5475,113.576,112.46,112.5395,90703.0
2017-12-13 22:00:00,112.5395,112.884,112.064,112.4005,80939.0
2017-12-14 22:00:00,112.4005,112.744,112.034,112.625,78296.0
2017-12-17 22:00:00,112.625,112.83,112.309,112.543,56900.0
2017-12-18 22:00:00,112.543,113.079,112.512,112.886,56020.0
2017-12-19 22:00:00,112.886,113.468,112.846,113.393,60356.0
2017-12-20 22:00:00,113.393,113.638,113.202,113.3285,54871.0
2017-12-21 22:00:00,113.3285,113.448,113.254,113.292,46090.0
2017-12-25 22:00:00,113.292,113.355,113.122,113.2335,31349.0
2017-12-26 22:00:00,113.2335,113.378,113.149,113.345,53684.0
2017-12-27 22:00:00,113.345,113.345,112.664,112.8685,42691.0
2017-12-28 22:00:00,112.8685,112.97,112.474,112.693,49586.0
2018-01-01 22:00:00,112.693,112.792,112.057,112.291,55587.0
2018-01-02 22:00:00,112.291,112.608,112.172,112.5085,54096.0
2018-01-03 22:00:00,112.5085,112.866,112.48,112.7465,63894.0
2018-01-04 22:00:00,112.7465,113.312,112.724,113.066,63291.0
2018-01-07 22:00:00,113.066,113.388,112.883,113.092,46003.0
2018-01-08 22:00:00,113.092,113.18,112.367,112.6485,76114.0
2018-01-09 22:00:00,112.6485,112.786,111.27,111.4335,103326.0
2018-01-10 22:00:00,111.4335,111.876,111.044,111.2695,85310.0
2018-01-11 22:00:00,111.2695,111.696,110.914,111.053,96641.0
2018-01-14 22:00:00,111.053,111.186,110.33,110.538,76104.0
2018-01-15 22:00:00,110.538,110.983,110.248,110.4685,91318.0
2018-01-16 22:00:00,110.4685,111.346,110.194,111.2975,102602.0
2018-01-17 22:00:00,111.2975,111.484,110.692,111.105,98669.0
2018-01-18 22:00:00,111.105,111.134,110.49,110.808,91464.0
2018-01-21 22:00:00,110.808,111.225,110.528,110.937,70634.0
2018-01-22 22:00:00,110.937,111.179,110.252,110.3025,90662.0
2018-01-23 22:00:00,110.3025,110.338,108.968,109.22,112839.0
2018-01-24 22:00:00,109.22,109.702,108.502,109.409,148089.0
2018-01-25 22:00:00,109.409,109.77,108.284,108.611,138203.0
2018-01-28 22:00:00,108.611,109.203,108.51,108.9575,99027.0
2018-01-29 22:00:00,108.9575,109.206,108.415,108.7795,118593.0
2018-01-30 22:00:00,108.7795,109.447,108.596,109.1805,123931.0
2018-01-31 22:00:00,109.1805,109.751,109.096,109.4035,108909.0
2018-02-01 22:00:00,109.4035,110.483,109.282,110.166,138392.0
2018-02-04 22:00:00,110.166,110.286,108.992,109.125,150007.0
2018-02-05 22:00:00,109.125,109.654,108.458,109.562,260188.0
2018-02-06 22:00:00,109.562,109.715,108.92,109.338,151578.0
2018-02-07 22:00:00,109.338,109.784,108.582,108.7455,190886.0
2018-02-08 22:00:00,108.7455,109.311,108.047,108.803,215619.0
2018-02-11 22:00:00,108.803,108.89,108.438,108.655,106581.0
2018-02-12 22:00:00,108.655,108.782,107.409,107.818,113548.0
2018-02-13 22:00:00,107.818,107.903,106.723,107.009,141693.0
2018-02-14 22:00:00,107.009,107.011,106.037,106.121,117583.0
2018-02-15 22:00:00,106.121,106.399,105.548,106.296,100246.0
2018-02-18 22:00:00,106.296,106.728,106.096,106.594,49337.0
2018-02-19 22:00:00,106.594,107.377,106.564,107.3295,81781.0
2018-02-20 22:00:00,107.3295,107.905,107.276,107.768,97904.0
2018-02-21 22:00:00,107.768,107.777,106.596,106.7545,97132.0
2018-02-22 22:00:00,106.7545,107.136,106.514,106.876,72502.0
2018-02-25 22:00:00,106.876,107.21,106.376,106.9395,77097.0
2018-02-26 22:00:00,106.9395,107.678,106.788,107.329,89819.0
2018-02-27 22:00:00,107.329,107.528,106.566,106.6715,93186.0
2018-02-28 22:00:00,106.6715,107.206,106.162,106.2415,133820.0
2018-03-01 22:00:00,106.2415,106.299,105.25,105.739,136482.0
2018-03-04 22:00:00,105.739,106.24,105.35,106.202,110624.0
2018-03-05 22:00:00,106.202,106.464,105.855,106.118,109635.0
2018-03-06 22:00:00,106.118,106.224,105.457,106.0675,118851.0
2018-03-07 22:00:00,106.0675,106.316,105.893,106.213,89970.0
2018-03-08 22:00:00,106.213,107.052,106.1725,106.819,99210.0
2018-03-11 21:00:00,106.819,106.972,106.314,106.4145,73561.0
2018-03-12 21:00:00,106.4145,107.295,106.256,106.575,102663.0
2018-03-13 21:00:00,106.575,106.75,106.066,106.327,91098.0
2018-03-14 21:00:00,106.327,106.415,105.786,106.333,87708.0
2018-03-15 21:00:00,106.333,106.379,105.604,105.994,77236.0
2018-03-18 21:00:00,105.994,106.308,105.678,106.095,93656.0
2018-03-19 21:00:00,106.095,106.608,105.93,106.5365,89980.0
2018-03-20 21:00:00,106.5365,106.642,105.878,106.0495,82806.0
2018-03-21 21:00:00,106.0495,106.0885,105.262,105.2825,139098.0
2018-03-22 21:00:00,105.2825,105.339,104.64,104.736,147689.0
2018-03-25 21:00:00,104.736,105.482,104.638,105.4015,95956.0
2018-03-26 21:00:00,105.4015,105.904,105.324,105.331,100077.0
2018-03-27 21:00:00,105.331,107.012,105.331,106.851,130567.0
2018-03-28 21:00:00,106.851,106.934,106.266,106.438,87267.0
2018-03-29 21:00:00,106.438,106.5385,106.1255,106.283,16657.0
2018-04-01 21:00:00,106.283,106.45,105.659,105.899,73562.0
2018-04-02 21:00:00,105.899,106.659,105.695,106.6055,95873.0
2018-04-03 21:00:00,106.6055,106.848,105.991,106.777,110109.0
2018-04-04 21:00:00,106.777,107.492,106.712,107.3855,78090.0
2018-04-05 21:00:00,107.3855,107.46,106.776,106.933,126557.0
2018-04-08 21:00:00,106.933,107.204,106.617,106.771,77668.0
2018-04-09 21:00:00,106.771,107.4,106.62,107.203,99044.0
2018-04-10 21:00:00,107.203,107.255,106.652,106.794,89487.0
2018-04-11 21:00:00,106.794,107.431,106.702,107.339,83561.0
2018-04-12 21:00:00,107.339,107.78,107.206,107.358,79269.0
2018-04-15 21:00:00,107.358,107.61,107.036,107.114,69270.0
2018-04-16 21:00:00,107.114,107.212,106.884,107.01,61839.0
2018-04-17 21:00:00,107.01,107.386,107.001,107.23,63317.0
2018-04-18 21:00:00,107.23,107.518,107.184,107.366,74667.0
2018-04-19 21:00:00,107.366,107.858,107.358,107.65,81979.0
2018-04-22 21:00:00,107.65,108.754,107.65,108.707,78332.0
2018-04-23 21:00:00,108.707,109.202,108.544,108.816,95834.0
2018-04-24 21:00:00,108.816,109.455,108.786,109.427,97395.0
2018-04-25 21:00:00,109.427,109.47,109.066,109.303,88885.0
2018-04-26 21:00:00,109.303,109.539,108.971,109.049,81095.0
2018-04-29 21:00:00,109.049,109.453,109.022,109.342,65769.0
2018-04-30 21:00:00,109.342,109.89,109.242,109.864,68060.0
2018-05-01 21:00:00,109.864,110.036,109.595,109.831,83635.0
2018-05-02 21:00:00,109.831,109.912,108.93,109.194,94646.0
2018-05-03 21:00:00,109.194,109.274,108.648,109.1,73558.0
2018-05-06 21:00:00,109.1,109.399,108.758,109.092,59285.0
2018-05-07 21:00:00,109.092,109.352,108.831,109.128,78998.0
2018-05-08 21:00:00,109.128,109.834,108.998,109.744,76850.0
2018-05-09 21:00:00,109.744,110.019,109.317,109.396,84191.0
2018-05-10 21:00:00,109.396,109.568,109.153,109.387,62996.0
2018-05-13 21:00:00,109.387,109.672,109.21,109.65,58304.0
2018-05-14 21:00:00,109.65,110.454,109.65,110.352,88329.0
2018-05-15 21:00:00,110.352,110.406,110.041,110.397,85042.0
2018-05-16 21:00:00,110.397,110.859,110.074,110.772,81569.0
2018-05-17 21:00:00,110.772,111.083,110.608,110.756,71927.0
2018-05-20 21:00:00,110.756,111.397,110.756,111.052,66741.0
2018-05-21 21:00:00,111.052,111.186,110.796,110.901,73147.0
2018-05-22 21:00:00,110.901,110.92,109.558,110.08,130060.0
2018-05-23 21:00:00,110.08,110.119,108.954,109.252,114371.0
2018-05-24 21:00:00,109.252,109.744,109.123,109.396,97637.0
2018-05-27 21:00:00,109.396,109.831,109.233,109.418,66563.0
2018-05-28 21:00:00,109.418,109.469,108.114,108.769,172636.0
2018-05-29 21:00:00,108.769,109.075,108.352,108.907,141136.0
2018-05-30 21:00:00,108.907,109.004,108.386,108.814,128334.0
2018-05-31 21:00:00,108.814,109.738,108.724,109.519,98730.0
2018-06-03 21:00:00,109.519,109.854,109.372,109.816,75502.0
2018-06-04 21:00:00,109.816,110.006,109.472,109.801,83314.0
2018-06-05 21:00:00,109.801,110.268,109.788,110.184,80006.0
2018-06-06 21:00:00,110.184,110.222,109.477,109.7,91680.0
2018-06-07 21:00:00,109.7,109.854,109.2,109.542,92706.0
2018-06-10 21:00:00,109.542,110.119,109.323,110.036,62853.0
2018-06-11 21:00:00,110.036,110.495,109.985,110.375,80324.0
2018-06-12 21:00:00,110.375,110.849,110.274,110.343,65216.0
2018-06-13 21:00:00,110.343,110.695,109.917,110.631,81207.0
2018-06-14 21:00:00,110.631,110.904,110.388,110.662,88174.0
2018-06-17 21:00:00,110.662,110.737,110.301,110.55,54106.0
2018-06-18 21:00:00,110.55,110.575,109.552,110.051,110832.0
2018-06-19 21:00:00,110.051,110.452,109.855,110.358,76748.0
2018-06-20 21:00:00,110.358,110.758,109.843,109.971,96398.0
2018-06-21 21:00:00,109.971,110.218,109.804,109.98,62506.0
2018-06-24 21:00:00,109.98,110.05,109.368,109.764,88877.0
2018-06-25 21:00:00,109.764,110.22,109.37,110.038,83343.0
2018-06-26 21:00:00,110.038,110.49,109.686,110.263,107559.0
2018-06-27 21:00:00,110.263,110.65,109.968,110.492,98619.0
2018-06-28 21:00:00,110.492,110.946,110.376,110.728,94068.0
2018-07-01 21:00:00,110.728,111.064,110.594,110.892,79140.0
2018-07-02 21:00:00,110.892,111.136,110.509,110.592,80400.0
2018-07-03 21:00:00,110.592,110.612,110.278,110.494,54989.0
2018-07-04 21:00:00,110.494,110.73,110.29,110.647,77357.0
2018-07-05 21:00:00,110.647,110.787,110.381,110.468,69855.0
2018-07-08 21:00:00,110.468,110.904,110.351,110.846,58222.0
2018-07-09 21:00:00,110.846,111.354,110.8,110.996,61004.0
2018-07-10 21:00:00,110.996,112.174,110.768,112.008,107592.0
2018-07-11 21:00:00,112.008,112.627,111.918,112.527,79363.0
2018-07-12 21:00:00,112.527,112.802,112.276,112.364,68669.0
2018-07-15 21:00:00,112.364,112.564,112.212,112.287,55170.0
2018-07-16 21:00:00,112.287,112.926,112.222,112.878,84949.0
2018-07-17 21:00:00,112.878,113.138,112.712,112.838,71616.0
2018-07-18 21:00:00,112.838,113.178,112.056,112.468,93637.0
2018-07-19 21:00:00,112.468,112.624,111.388,111.434,121342.0
2018-07-22 21:00:00,111.434,111.544,110.752,111.344,89410.0
2018-07-23 21:00:00,111.344,111.514,110.962,111.202,73951.0
2018-07-24 21:00:00,111.202,111.385,110.661,110.971,86408.0
2018-07-25 21:00:00,110.971,111.25,110.588,111.234,70707.0
2018-07-26 21:00:00,111.234,111.254,110.798,111.031,64472.0
2018-07-29 21:00:00,111.031,111.166,110.891,111.072,49714.0
2018-07-30 21:00:00,111.072,111.96,110.748,111.872,91898.0
2018-07-31 21:00:00,111.872,112.153,111.39,111.72,70976.0
2018-08-01 21:00:00,111.72,111.738,111.32,111.658,63442.0
2018-08-02 21:00:00,111.658,111.869,111.101,111.253,62325.0
2018-08-05 21:00:00,111.253,111.528,111.157,111.401,41249.0
2018-08-06 21:00:00,111.401,111.48,110.994,111.38,41424.0
2018-08-07 21:00:00,111.38,111.438,110.838,110.95,44910.0
2018-08-08 21:00:00,110.95,111.185,110.709,111.086,46193.0
2018-08-09 21:00:00,111.086,111.171,110.512,110.858,103361.0
2018-08-12 21:00:00,110.858,110.94,110.111,110.722,96743.0
2018-08-13 21:00:00,110.722,111.314,110.589,111.15,72496.0
2018-08-14 21:00:00,111.15,111.432,110.433,110.743,81368.0
2018-08-15 21:00:00,110.743,111.125,110.46,110.897,80154.0
2018-08-16 21:00:00,110.897,111.052,110.316,110.506,63911.0
2018-08-19 21:00:00,110.506,110.684,110.02,110.067,48247.0
2018-08-20 21:00:00,110.067,110.548,109.774,110.3,60414.0
2018-08-21 21:00:00,110.3,110.617,110.028,110.551,64873.0
2018-08-22 21:00:00,110.551,111.318,110.52,111.29,58509.0
2018-08-23 21:00:00,111.29,111.488,111.104,111.244,54429.0
2018-08-26 21:00:00,111.244,111.348,110.936,111.08,42946.0
2018-08-27 21:00:00,111.08,111.358,110.955,111.194,49325.0
2018-08-28 21:00:00,111.194,111.83,111.124,111.681,60212.0
2018-08-29 21:00:00,111.681,111.756,110.954,110.999,62868.0
2018-08-30 21:00:00,110.999,111.136,110.686,111.081,66492.0
2018-09-02 21:00:00,111.081,111.189,110.85,111.068,40036.0
2018-09-03 21:00:00,111.068,111.534,110.902,111.436,63551.0
2018-09-04 21:00:00,111.436,111.758,111.374,111.528,69247.0
2018-09-05 21:00:00,111.528,111.532,110.52,110.736,71947.0
2018-09-06 21:00:00,110.736,111.248,110.38,110.997,77972.0
2018-09-09 21:00:00,110.997,111.248,110.85,111.131,49335.0
2018-09-10 21:00:00,111.131,111.643,111.066,111.602,48813.0
2018-09-11 21:00:00,111.602,111.652,111.116,111.26,55984.0
2018-09-12 21:00:00,111.26,112.0,111.171,111.922,58734.0
2018-09-13 21:00:00,111.922,112.169,111.754,112.058,53781.0
2018-09-16 21:00:00,112.058,112.124,111.762,111.852,42434.0
2018-09-17 21:00:00,111.852,112.389,111.665,112.368,72213.0
2018-09-18 21:00:00,112.368,112.447,112.162,112.278,54637.0
2018-09-19 21:00:00,112.278,112.586,112.043,112.488,61761.0
2018-09-20 21:00:00,112.488,112.874,112.429,112.575,54159.0
2018-09-23 21:00:00,112.575,112.84,112.426,112.796,40897.0
2018-09-24 21:00:00,112.796,112.983,112.742,112.972,46244.0
2018-09-25 21:00:00,112.972,113.137,112.632,112.731,60510.0
2018-09-26 21:00:00,112.731,113.468,112.561,113.39,66092.0
2018-09-27 21:00:00,113.39,113.708,113.32,113.694,60997.0
2018-09-30 21:00:00,113.694,114.061,113.694,113.949,48236.0
2018-10-01 21:00:00,113.949,114.018,113.529,113.68,60406.0
2018-10-02 21:00:00,113.68,114.543,113.521,114.534,62706.0
2018-10-03 21:00:00,114.534,114.55,113.634,113.93,88449.0
2018-10-04 21:00:00,113.93,114.102,113.558,113.722,88377.0
2018-10-07 21:00:00,113.722,113.944,112.822,113.232,61266.0
2018-10-08 21:00:00,113.232,113.394,112.869,112.952,103524.0
2018-10-09 21:00:00,112.952,113.287,112.256,112.264,111173.0
2018-10-10 21:00:00,112.264,112.536,111.83,112.16,194446.0
2018-10-11 21:00:00,112.16,112.498,111.88,112.209,121512.0
2018-10-14 21:00:00,112.209,112.238,111.624,111.77,106008.0
2018-10-15 21:00:00,111.77,112.338,111.734,112.254,83292.0
2018-10-16 21:00:00,112.254,112.676,112.016,112.654,92878.0
2018-10-17 21:00:00,112.654,112.73,111.948,112.186,116136.0
2018-10-18 21:00:00,112.186,112.648,112.142,112.54,113493.0
2018-10-21 21:00:00,112.54,112.888,112.349,112.826,98278.0
2018-10-22 21:00:00,112.826,112.842,111.954,112.444,128215.0
2018-10-23 21:00:00,112.444,112.744,112.09,112.256,148922.0
2018-10-24 21:00:00,112.256,112.674,111.821,112.412,144398.0
2018-10-25 21:00:00,112.412,112.446,111.378,111.892,202384.0
2018-10-28 21:00:00,111.892,112.564,111.776,112.384,137469.0
2018-10-29 21:00:00,112.384,113.088,112.304,113.081,136974.0
2018-10-30 21:00:00,113.081,113.386,112.805,112.944,99731.0
2018-10-31 21:00:00,112.944,113.036,112.606,112.707,96084.0
2018-11-01 21:00:00,112.707,113.323,112.56,113.203,126584.0
2018-11-04 22:00:00,113.203,113.339,113.076,113.194,73017.0
2018-11-05 22:00:00,113.194,113.504,113.102,113.437,69575.0
2018-11-06 22:00:00,113.437,113.82,112.948,113.516,115084.0
2018-11-07 22:00:00,113.516,114.088,113.478,114.066,77076.0
2018-11-08 22:00:00,114.066,114.086,113.64,113.813,83686.0
2018-11-11 22:00:00,113.813,114.209,113.66,113.848,91710.0
2018-11-12 22:00:00,113.848,114.148,113.58,113.808,107053.0
2018-11-13 22:00:00,113.808,114.01,113.299,113.628,105491.0
2018-11-14 22:00:00,113.628,113.707,113.098,113.634,114562.0
2018-11-15 22:00:00,113.634,113.634,112.644,112.827,100754.0
2018-11-18 22:00:00,112.827,112.876,112.42,112.558,97261.0
2018-11-19 22:00:00,112.558,112.844,112.306,112.758,105689.0
2018-11-20 22:00:00,112.758,113.149,112.645,113.062,80900.0
2018-11-21 22:00:00,113.062,113.227,112.885,112.95,42676.0
2018-11-22 22:00:00,112.95,113.011,112.66,112.954,47836.0
2018-11-25 22:00:00,112.954,113.652,112.88,113.594,68801.0
2018-11-26 22:00:00,113.594,113.844,113.416,113.782,72021.0
2018-11-27 22:00:00,113.782,114.036,113.444,113.684,67035.0
2018-11-28 22:00:00,113.684,113.684,113.192,113.477,63302.0
2018-11-29 22:00:00,113.477,113.712,113.342,113.498,56206.0
2018-12-02 22:00:00,113.498,113.82,113.376,113.644,58508.0
2018-12-03 22:00:00,113.644,113.658,112.577,112.78,93084.0
2018-12-04 22:00:00,112.78,113.243,112.65,113.192,46457.0
2018-12-05 22:00:00,113.192,113.208,112.234,112.672,140795.0
2018-12-06 22:00:00,112.672,112.929,112.556,112.706,103118.0
2018-12-09 22:00:00,112.706,113.366,112.241,113.348,118137.0
2018-12-10 22:00:00,113.348,113.466,113.008,113.384,99126.0
2018-12-11 22:00:00,113.384,113.52,113.142,113.28,86389.0
2018-12-12 22:00:00,113.28,113.71,113.207,113.608,79243.0
2018-12-13 22:00:00,113.608,113.676,113.208,113.39,81450.0
2018-12-16 22:00:00,113.39,113.522,112.682,112.833,85253.0
2018-12-17 22:00:00,112.833,112.858,112.249,112.522,93866.0
2018-12-18 22:00:00,112.522,112.666,112.09,112.482,102955.0
2018-12-19 22:00:00,112.482,112.605,110.814,111.288,160549.0
2018-12-20 22:00:00,111.288,111.46,110.933,111.219,137927.0
2018-12-23 22:00:00,111.219,111.219,110.269,110.454,101705.0
2018-12-25 22:00:00,110.454,111.41,110.141,111.367,59296.0
2018-12-26 22:00:00,111.367,111.367,110.456,110.982,162667.0
2018-12-27 22:00:00,110.982,111.036,110.145,110.284,110094.0
2018-12-30 22:00:00,110.284,110.476,109.56,109.59,61706.0
2019-01-01 22:00:00,109.59,109.728,108.708,108.884,117403.0
2019-01-02 22:00:00,108.884,108.916,104.819,107.662,133534.0
2019-01-03 22:00:00,107.662,108.59,107.514,108.516,132455.0
2019-01-06 22:00:00,108.516,108.75,108.022,108.716,98015.0
2019-01-07 22:00:00,108.716,109.09,108.442,108.733,94035.0
2019-01-08 22:00:00,108.733,109.006,107.973,108.162,105219.0
2019-01-09 22:00:00,108.162,108.518,107.77,108.428,97258.0
2019-01-10 22:00:00,108.428,108.599,108.146,108.514,71256.0
2019-01-13 22:00:00,108.514,108.566,107.986,108.159,62767.0
2019-01-14 22:00:00,108.159,108.768,108.139,108.7,93173.0
2019-01-15 22:00:00,108.7,109.197,108.373,109.088,70444.0
2019-01-16 22:00:00,109.088,109.402,108.686,109.258,80432.0
2019-01-17 22:00:00,109.258,109.89,109.058,109.774,81251.0
2019-01-20 22:00:00,109.774,109.774,109.476,109.67,41927.0
2019-01-21 22:00:00,109.67,109.696,109.146,109.374,68040.0
2019-01-22 22:00:00,109.374,110.0,109.326,109.614,73544.0
2019-01-23 22:00:00,109.614,109.801,109.421,109.638,75896.0
2019-01-24 22:00:00,109.638,109.951,109.457,109.55,77497.0
2019-01-27 22:00:00,109.55,109.575,109.162,109.345,68956.0
2019-01-28 22:00:00,109.345,109.544,109.131,109.388,61913.0
2019-01-29 22:00:00,109.388,109.743,108.81,109.042,74054.0
2019-01-30 22:00:00,109.042,109.066,108.498,108.872,72316.0
2019-01-31 22:00:00,108.872,109.582,108.726,109.502,65120.0
2019-02-03 22:00:00,109.502,110.163,109.433,109.9,54056.0
2019-02-04 22:00:00,109.9,110.042,109.78,109.966,50276.0
2019-02-05 22:00:00,109.966,110.054,109.56,109.98,55158.0
2019-02-06 22:00:00,109.98,110.089,109.607,109.816,68147.0
2019-02-07 22:00:00,109.816,109.898,109.649,109.754,59952.0
2019-02-10 22:00:00,109.754,110.469,109.754,110.382,56897.0
2019-02-11 22:00:00,110.382,110.652,110.346,110.486,55164.0
2019-02-12 22:00:00,110.486,111.056,110.432,111.005,49451.0
2019-02-13 22:00:00,111.005,111.131,110.459,110.48,74124.0
2019-02-14 22:00:00,110.48,110.646,110.254,110.456,65852.0
2019-02-17 22:00:00,110.456,110.648,110.456,110.614,37285.0
2019-02-18 22:00:00,110.614,110.826,110.452,110.608,53638.0
2019-02-19 22:00:00,110.608,110.95,110.554,110.854,58641.0
2019-02-20 22:00:00,110.854,110.868,110.566,110.708,61546.0
2019-02-21 22:00:00,110.708,110.908,110.557,110.682,52031.0
2019-02-24 22:00:00,110.682,111.236,110.578,111.058,57209.0
2019-02-25 22:00:00,111.058,111.078,110.422,110.586,53029.0
2019-02-26 22:00:00,110.586,111.074,110.356,110.994,57647.0
2019-02-27 22:00:00,110.994,111.494,110.662,111.386,64501.0
2019-02-28 22:00:00,111.386,112.079,111.324,111.904,57961.0
2019-03-03 22:00:00,111.904,112.015,111.64,111.744,57551.0
2019-03-04 22:00:00,111.744,112.138,111.723,111.889,52358.0
2019-03-05 22:00:00,111.889,111.923,111.616,111.77,50293.0
2019-03-06 22:00:00,111.77,111.858,111.483,111.584,55251.0
2019-03-07 22:00:00,111.584,111.651,110.76,111.167,67824.0
2019-03-10 21:00:00,111.167,111.309,110.878,111.212,45999.0
2019-03-11 21:00:00,111.212,111.468,111.11,111.335,51593.0
2019-03-12 21:00:00,111.335,111.466,111.007,111.16,48669.0
2019-03-13 21:00:00,111.16,111.834,111.147,111.7,57634.0
2019-03-14 21:00:00,111.7,111.904,111.384,111.484,53532.0
2019-03-17 21:00:00,111.484,111.63,111.296,111.426,42110.0
2019-03-18 21:00:00,111.426,111.478,111.159,111.408,43084.0
2019-03-19 21:00:00,111.408,111.694,110.536,110.704,59479.0
2019-03-20 21:00:00,110.704,110.959,110.3,110.816,56985.0
2019-03-21 21:00:00,110.816,110.898,109.744,109.941,86021.0
2019-03-24 21:00:00,109.941,110.242,109.709,109.966,77494.0
2019-03-25 21:00:00,109.966,110.69,109.935,110.635,69395.0
2019-03-26 21:00:00,110.635,110.715,110.236,110.514,89435.0
2019-03-27 21:00:00,110.514,110.832,110.02,110.645,84504.0
2019-03-28 21:00:00,110.645,110.95,110.536,110.849,71110.0
2019-03-31 21:00:00,110.849,111.444,110.814,111.352,62480.0
2019-04-01 21:00:00,111.352,111.456,111.25,111.322,44526.0
2019-04-02 21:00:00,111.322,111.58,111.21,111.489,52192.0
2019-04-03 21:00:00,111.489,111.678,111.335,111.662,45105.0
2019-04-04 21:00:00,111.662,111.825,111.56,111.724,44196.0
2019-04-07 21:00:00,111.724,111.762,111.282,111.489,43981.0
2019-04-08 21:00:00,111.489,111.58,110.98,111.142,40993.0
2019-04-09 21:00:00,111.142,111.282,110.844,111.016,48379.0
2019-04-10 21:00:00,111.016,111.696,110.908,111.664,43849.0
2019-04-11 21:00:00,111.664,112.095,111.586,112.02,45530.0
2019-04-14 21:00:00,112.02,112.097,111.888,112.036,35544.0
2019-04-15 21:00:00,112.036,112.048,111.847,112.018,44319.0
2019-04-16 21:00:00,112.018,112.166,111.923,112.062,42697.0
2019-04-17 21:00:00,112.062,112.066,111.766,111.978,47268.0
2019-04-18 21:00:00,111.978,112.007,111.897,111.926,14967.0
2019-04-21 21:00:00,111.926,111.992,111.86,111.939,30770.0
2019-04-22 21:00:00,111.939,112.034,111.653,111.862,39707.0
2019-04-23 21:00:00,111.862,112.4,111.683,112.194,39358.0
2019-04-24 21:00:00,112.194,112.24,111.375,111.624,55955.0
2019-04-25 21:00:00,111.624,112.034,111.429,111.587,61057.0
2019-04-28 21:00:00,111.587,111.9,111.55,111.644,33042.0
2019-04-29 21:00:00,111.644,111.69,111.236,111.43,45419.0
2019-04-30 21:00:00,111.43,111.614,111.051,111.386,46023.0
2019-05-01 21:00:00,111.386,111.666,111.352,111.51,45724.0
2019-05-02 21:00:00,111.51,111.693,111.07,111.096,43749.0
2019-05-05 21:00:00,111.096,111.096,110.282,110.805,68546.0
2019-05-06 21:00:00,110.805,110.854,110.17,110.247,73099.0
2019-05-07 21:00:00,110.247,110.292,109.904,110.099,80073.0
2019-05-08 21:00:00,110.099,110.113,109.472,109.774,92564.0
2019-05-09 21:00:00,109.774,110.05,109.478,109.953,105440.0
2019-05-12 21:00:00,109.953,109.953,109.02,109.304,90122.0
2019-05-13 21:00:00,109.304,109.772,109.146,109.609,64106.0
2019-05-14 21:00:00,109.609,109.703,109.152,109.596,70188.0
2019-05-15 21:00:00,109.596,109.968,109.336,109.848,60008.0
2019-05-16 21:00:00,109.848,110.194,109.495,110.07,86712.0
2019-05-19 21:00:00,110.07,110.32,109.809,110.06,74926.0
2019-05-20 21:00:00,110.06,110.674,110.022,110.491,63563.0
2019-05-21 21:00:00,110.491,110.627,110.24,110.357,56795.0
2019-05-22 21:00:00,110.357,110.364,109.458,109.606,85165.0
2019-05-23 21:00:00,109.606,109.746,109.274,109.303,62746.0
2019-05-26 21:00:00,109.303,109.586,109.283,109.52,38919.0
2019-05-27 21:00:00,109.52,109.63,109.21,109.376,73696.0
2019-05-28 21:00:00,109.376,109.7,109.15,109.591,85847.0
2019-05-29 21:00:00,109.591,109.926,109.474,109.624,69201.0
2019-05-30 21:00:00,109.624,109.624,108.28,108.287,115568.0
2019-06-02 21:00:00,108.287,108.447,107.884,108.072,105815.0
2019-06-03 21:00:00,108.072,108.359,107.847,108.144,88895.0
2019-06-04 21:00:00,108.144,108.486,107.816,108.46,96765.0
2019-06-05 21:00:00,108.46,108.564,108.026,108.394,87508.0
2019-06-06 21:00:00,108.394,108.618,107.881,108.195,86150.0
2019-06-09 21:00:00,108.195,108.716,108.195,108.452,62351.0
2019-06-10 21:00:00,108.452,108.802,108.351,108.518,61339.0
2019-06-11 21:00:00,108.518,108.572,108.218,108.506,66818.0
2019-06-12 21:00:00,108.506,108.538,108.166,108.398,63960.0
2019-06-13 21:00:00,108.398,108.588,108.158,108.558,62050.0
2019-06-16 21:00:00,108.558,108.724,108.476,108.535,50336.0
2019-06-17 21:00:00,108.535,108.677,108.061,108.443,83805.0
2019-06-18 21:00:00,108.443,108.618,107.903,108.102,77351.0
2019-06-19 21:00:00,108.102,108.144,107.212,107.302,107639.0
2019-06-20 21:00:00,107.302,107.736,107.048,107.322,91410.0
2019-06-23 21:00:00,107.322,107.538,107.248,107.298,65356.0
2019-06-24 21:00:00,107.298,107.41,106.78,107.173,97587.0
2019-06-25 21:00:00,107.173,107.85,107.104,107.786,71749.0
2019-06-26 21:00:00,107.786,108.162,107.65,107.786,68870.0
2019-06-27 21:00:00,107.786,107.938,107.562,107.902,63282.0
2019-06-30 21:00:00,107.902,108.534,107.902,108.438,74386.0
2019-07-01 21:00:00,108.438,108.475,107.767,107.91,57210.0
2019-07-02 21:00:00,107.91,107.922,107.534,107.824,57294.0
2019-07-03 21:00:00,107.824,107.842,107.708,107.821,24480.0
2019-07-04 21:00:00,107.821,108.638,107.782,108.474,57721.0
2019-07-07 21:00:00,108.474,108.808,108.282,108.725,46360.0
2019-07-08 21:00:00,108.725,108.964,108.682,108.856,45345.0
2019-07-09 21:00:00,108.856,108.992,108.348,108.466,58830.0
2019-07-10 21:00:00,108.466,108.534,107.86,108.494,62092.0
2019-07-11 21:00:00,108.494,108.611,107.804,107.906,56867.0
2019-07-14 21:00:00,107.906,108.109,107.8,107.91,47360.0
2019-07-15 21:00:00,107.91,108.376,107.822,108.24,57161.0
2019-07-16 21:00:00,108.24,108.328,107.942,107.954,47498.0
2019-07-17 21:00:00,107.954,108.016,107.212,107.295,73304.0
2019-07-18 21:00:00,107.295,107.978,107.218,107.723,73322.0
2019-07-21 21:00:00,107.723,108.07,107.701,107.871,57642.0
2019-07-22 21:00:00,107.871,108.29,107.827,108.226,54867.0
2019-07-23 21:00:00,108.226,108.278,107.933,108.188,51785.0
2019-07-24 21:00:00,108.188,108.756,108.044,108.634,74994.0
2019-07-25 21:00:00,108.634,108.83,108.56,108.679,53317.0
2019-07-28 21:00:00,108.679,108.9,108.422,108.782,35703.0
2019-07-29 21:00:00,108.782,108.948,108.454,108.606,60306.0
2019-07-30 21:00:00,108.606,109.002,108.492,108.765,85852.0
2019-07-31 21:00:00,108.765,109.32,107.257,107.35,125147.0
2019-08-01 21:00:00,107.35,107.568,106.51,106.592,168793.0
2019-08-04 21:00:00,106.592,106.683,105.788,105.952,178397.0
2019-08-05 21:00:00,105.952,107.094,105.523,106.464,164506.0
2019-08-06 21:00:00,106.464,106.472,105.496,106.269,178302.0
2019-08-07 21:00:00,106.269,106.304,105.894,106.072,113692.0
2019-08-08 21:00:00,106.072,106.078,105.27,105.687,97898.0
2019-08-11 21:00:00,105.594,105.694,105.05,105.304,81661.0
2019-08-12 21:00:00,105.304,106.978,105.066,106.744,133030.0
2019-08-13 21:00:00,106.744,106.772,105.653,105.912,136102.0
2019-08-14 21:00:00,105.912,106.782,105.702,106.106,172516.0
2019-08-15 21:00:00,106.106,106.494,106.026,106.37,93606.0
2019-08-18 21:00:00,106.285,106.698,106.247,106.634,71515.0
2019-08-19 21:00:00,106.634,106.692,106.164,106.232,71844.0
2019-08-20 21:00:00,106.232,106.647,106.23,106.618,59954.0
2019-08-21 21:00:00,106.618,106.654,106.252,106.44,76055.0
2019-08-22 21:00:00,106.44,106.736,105.254,105.406,131217.0
2019-08-25 21:00:00,105.024,106.412,104.453,106.13,185844.0
2019-08-26 21:00:00,106.13,106.163,105.591,105.756,106574.0
2019-08-27 21:00:00,105.756,106.23,105.652,106.12,97490.0
2019-08-28 21:00:00,106.12,106.684,105.828,106.516,100173.0
2019-08-29 21:00:00,106.516,106.545,106.105,106.284,91544.0
2019-09-01 21:00:00,106.059,106.4,105.934,106.215,43713.0
2019-09-02 21:00:00,106.215,106.386,105.739,105.947,93757.0
2019-09-03 21:00:00,105.947,106.448,105.83,106.408,75070.0
2019-09-04 21:00:00,106.408,107.232,106.328,106.944,95762.0
2019-09-05 21:00:00,106.944,107.102,106.623,106.918,89179.0
2019-09-08 21:00:00,106.866,107.274,106.763,107.244,70102.0
2019-09-09 21:00:00,107.244,107.589,107.184,107.541,82908.0
2019-09-10 21:00:00,107.541,107.858,107.5,107.832,68479.0
2019-09-11 21:00:00,107.832,108.188,107.522,108.108,125087.0
2019-09-12 21:00:00,108.108,108.26,107.904,108.096,75340.0
2019-09-15 21:00:00,107.486,108.17,107.486,108.149,93344.0
2019-09-16 21:00:00,108.149,108.372,108.022,108.118,78100.0
2019-09-17 21:00:00,108.118,108.478,108.087,108.45,71333.0
2019-09-18 21:00:00,108.45,108.473,107.788,108.039,92043.0
2019-09-19 21:00:00,108.039,108.088,107.528,107.565,75591.0
2019-09-22 21:00:00,107.718,107.77,107.31,107.546,65931.0
2019-09-23 21:00:00,107.546,107.799,106.962,107.081,95476.0
2019-09-24 21:00:00,107.081,107.884,107.002,107.771,101357.0
2019-09-25 21:00:00,107.771,107.96,107.423,107.84,83766.0
2019-09-26 21:00:00,107.84,108.182,107.658,107.936,94358.0
2019-09-29 21:00:00,107.936,108.179,107.746,108.07,69861.0
2019-09-30 21:00:00,108.07,108.47,107.626,107.752,86905.0
2019-10-01 21:00:00,107.752,107.894,107.048,107.182,92164.0
2019-10-02 21:00:00,107.182,107.298,106.484,106.918,112766.0
2019-10-03 21:00:00,106.918,107.134,106.585,106.922,87215.0
2019-10-06 21:00:00,106.666,107.467,106.658,107.25,69401.0
2019-10-07 21:00:00,107.25,107.444,106.806,107.088,101465.0
2019-10-08 21:00:00,107.088,107.629,106.934,107.482,72182.0
2019-10-09 21:00:00,107.482,108.021,107.036,107.953,122728.0
2019-10-10 21:00:00,107.953,108.626,107.85,108.431,114452.0
2019-10-13 21:00:00,108.366,108.522,108.032,108.398,60453.0
2019-10-14 21:00:00,108.398,108.9,108.156,108.862,79433.0
2019-10-15 21:00:00,108.862,108.866,108.567,108.766,90941.0
2019-10-16 21:00:00,108.766,108.941,108.452,108.654,87572.0
2019-10-17 21:00:00,108.654,108.722,108.386,108.423,68638.0
2019-10-20 21:00:00,108.436,108.664,108.29,108.606,66227.0
2019-10-21 21:00:00,108.606,108.728,108.442,108.488,55848.0
2019-10-22 21:00:00,108.488,108.704,108.25,108.691,68176.0
2019-10-23 21:00:00,108.691,108.754,108.496,108.626,61063.0
2019-10-24 21:00:00,108.626,108.774,108.51,108.67,52244.0
2019-10-27 21:00:00,108.67,109.04,108.658,108.966,43186.0
2019-10-28 21:00:00,108.966,109.069,108.754,108.889,47384.0
2019-10-29 21:00:00,108.889,109.288,108.721,108.827,63096.0
2019-10-30 21:00:00,108.827,108.9,107.926,108.028,77651.0
2019-10-31 21:00:00,108.028,108.325,107.887,108.184,59461.0
2019-11-03 22:00:00,108.184,108.65,108.184,108.578,40125.0
2019-11-04 22:00:00,108.578,109.244,108.564,109.164,63255.0
2019-11-05 22:00:00,109.164,109.184,108.818,108.98,56078.0
2019-11-06 22:00:00,108.98,109.488,108.648,109.284,79569.0
2019-11-07 22:00:00,109.284,109.477,109.078,109.249,65759.0
2019-11-10 22:00:00,109.249,109.254,108.896,109.046,37201.0
2019-11-11 22:00:00,109.046,109.294,108.924,109.026,54538.0
2019-11-12 22:00:00,109.026,109.15,108.655,108.818,58657.0
2019-11-13 22:00:00,108.818,108.864,108.24,108.405,61445.0
2019-11-14 22:00:00,108.405,108.856,108.386,108.778,47127.0
2019-11-17 22:00:00,108.778,109.073,108.512,108.679,51100.0
2019-11-18 22:00:00,108.679,108.836,108.454,108.54,52433.0
2019-11-19 22:00:00,108.54,108.74,108.347,108.611,75322.0
2019-11-20 22:00:00,108.611,108.699,108.278,108.612,76885.0
2019-11-21 22:00:00,108.612,108.732,108.478,108.651,53861.0
2019-11-24 22:00:00,108.651,108.978,108.639,108.924,43006.0
2019-11-25 22:00:00,108.924,109.208,108.875,109.061,52257.0
2019-11-26 22:00:00,109.061,109.61,109.016,109.54,40995.0
2019-11-27 22:00:00,109.54,109.565,109.333,109.514,27560.0
2019-11-28 22:00:00,109.514,109.67,109.399,109.499,40790.0
2019-12-01 22:00:00,109.499,109.728,108.926,108.976,56494.0
2019-12-02 22:00:00,108.976,109.208,108.482,108.634,69492.0
2019-12-03 22:00:00,108.634,108.964,108.428,108.87,65620.0
2019-12-04 22:00:00,108.87,108.998,108.656,108.76,50908.0
2019-12-05 22:00:00,108.76,108.925,108.52,108.586,48347.0
2019-12-08 22:00:00,108.586,108.677,108.43,108.552,31755.0
2019-12-09 22:00:00,108.552,108.769,108.514,108.733,44610.0
2019-12-10 22:00:00,108.733,108.858,108.466,108.559,41378.0
2019-12-11 22:00:00,108.559,109.451,108.458,109.306,70627.0
2019-12-12 22:00:00,109.306,109.707,109.207,109.352,97541.0
2019-12-15 22:00:00,109.352,109.677,109.282,109.554,36026.0
2019-12-16 22:00:00,109.554,109.635,109.444,109.493,34419.0
2019-12-17 22:00:00,109.493,109.629,109.4,109.572,33756.0
2019-12-18 22:00:00,109.572,109.684,109.182,109.359,37586.0
2019-12-19 22:00:00,109.359,109.526,109.256,109.443,31108.0
2019-12-22 22:00:00,109.443,109.538,109.338,109.388,30204.0
2019-12-23 22:00:00,109.388,109.442,109.327,109.398,28326.0
2019-12-25 22:00:00,109.398,109.684,109.346,109.639,23429.0
2019-12-26 22:00:00,109.639,109.639,109.39,109.455,56638.0
2019-12-29 22:00:00,109.455,109.48,108.768,108.879,43407.0
2019-12-30 22:00:00,108.879,108.886,108.47,108.629,38233.0
2020-01-01 22:00:00,108.629,108.866,108.212,108.561,40173.0
2020-01-02 22:00:00,108.561,108.631,107.842,108.11,84515.0
2020-01-05 22:00:00,108.11,108.506,107.772,108.372,65621.0
2020-01-06 22:00:00,108.372,108.63,108.262,108.462,57377.0
2020-01-07 22:00:00,108.462,109.246,107.651,109.132,147036.0
2020-01-08 22:00:00,109.132,109.582,109.012,109.524,59216.0
2020-01-09 22:00:00,109.524,109.69,109.432,109.47,41065.0
2020-01-12 22:00:00,109.47,109.947,109.47,109.944,33081.0
2020-01-13 22:00:00,109.944,110.214,109.854,109.996,54611.0
2020-01-14 22:00:00,109.996,110.01,109.789,109.9,43311.0
2020-01-15 22:00:00,109.9,110.178,109.857,110.176,34505.0
2020-01-16 22:00:00,110.176,110.29,110.048,110.156,35144.0
2020-01-19 22:00:00,110.156,110.218,110.078,110.184,19122.0
2020-01-20 22:00:00,110.184,110.222,109.762,109.875,52191.0
2020-01-21 22:00:00,109.875,110.1,109.832,109.84,41128.0
2020-01-22 22:00:00,109.84,109.864,109.265,109.493,59972.0
2020-01-23 22:00:00,109.493,109.654,109.173,109.279,56551.0
2020-01-26 22:00:00,109.279,109.279,108.732,108.896,87559.0
2020-01-27 22:00:00,108.896,109.204,108.756,109.148,64202.0
2020-01-28 22:00:00,109.148,109.266,108.976,109.02,59586.0
2020-01-29 22:00:00,109.02,109.077,108.584,108.943,96969.0
2020-01-30 22:00:00,108.943,109.136,108.309,108.361,90376.0
2020-02-02 22:00:00,108.361,108.799,108.32,108.674,86673.0
2020-02-03 22:00:00,108.674,109.546,108.55,109.525,67744.0
2020-02-04 22:00:00,109.525,109.8485,109.304,109.826,77946.0
2020-02-05 22:00:00,109.826,110.004,109.743,109.996,55754.0
2020-02-06 22:00:00,109.996,110.023,109.532,109.749,69115.0
2020-02-09 22:00:00,109.749,109.879,109.562,109.776,62528.0
2020-02-10 22:00:00,109.776,109.966,109.728,109.79,46351.0
2020-02-11 22:00:00,109.79,110.135,109.772,110.094,45496.0
2020-02-12 22:00:00,110.094,110.094,109.62,109.831,70289.0
2020-02-13 22:00:00,109.831,109.912,109.699,109.781,47489.0
2020-02-16 22:00:00,109.781,109.961,109.719,109.877,25753.0
2020-02-17 22:00:00,109.877,109.948,109.658,109.872,57514.0
2020-02-18 22:00:00,109.872,111.594,109.854,111.351,62906.0
2020-02-19 22:00:00,111.351,112.229,111.112,112.112,112133.0
2020-02-20 22:00:00,112.112,112.188,111.473,111.549,96983.0
2020-02-23 22:00:00,111.549,111.683,110.333,110.72,127962.0
2020-02-24 22:00:00,110.72,111.042,109.89,110.204,178309.0
2020-02-25 22:00:00,110.204,110.703,110.13,110.426,192127.0
2020-02-26 22:00:00,110.426,110.457,109.569,109.59,240154.0
2020-02-27 22:00:00,109.59,109.682,107.512,108.064,300864.0
2020-03-01 22:00:00,108.064,108.579,107.372,108.33,262032.0
2020-03-02 22:00:00,108.33,108.537,106.93,107.12,243211.0
2020-03-03 22:00:00,107.12,107.69,106.849,107.535,166337.0
2020-03-04 22:00:00,107.535,107.741,105.975,106.168,160222.0
2020-03-05 22:00:00,106.168,106.345,104.993,105.362,261358.0
2020-03-08 21:00:00,105.362,105.364,101.18,102.37,261885.0
2020-03-09 21:00:00,102.37,105.924,102.011,105.638,287512.0
2020-03-10 21:00:00,105.638,105.65,104.099,104.533,238184.0
2020-03-11 21:00:00,104.533,106.106,103.083,104.63,268803.0
2020-03-12 21:00:00,104.63,108.512,104.509,107.887,258556.0
2020-03-15 21:00:00,107.887,107.887,105.146,105.845,258214.0
2020-03-16 21:00:00,105.845,107.864,105.845,107.685,320292.0
2020-03-17 21:00:00,107.685,108.658,106.754,108.08,271190.0
2020-03-18 21:00:00,108.08,110.956,107.873,110.708,298774.0
2020-03-19 21:00:00,110.708,111.508,109.335,110.79,214750.0
2020-03-22 21:00:00,110.79,111.596,109.668,111.242,229165.0
2020-03-23 21:00:00,111.242,111.718,110.086,111.222,188935.0
2020-03-24 21:00:00,111.222,111.682,110.754,111.208,176677.0
2020-03-25 21:00:00,111.208,111.302,109.207,109.628,193558.0
2020-03-26 21:00:00,109.628,109.746,107.758,108.014,144365.0
2020-03-29 21:00:00,108.014,108.296,107.126,107.778,118821.0
2020-03-30 21:00:00,107.778,108.729,107.463,107.557,150024.0
2020-03-31 21:00:00,107.557,107.941,106.918,107.172,115237.0
2020-04-01 21:00:00,107.172,108.095,107.018,107.884,102228.0
2020-04-02 21:00:00,107.884,108.678,107.802,108.528,89142.0
2020-04-05 21:00:00,108.528,109.383,108.369,109.224,90673.0
2020-04-06 21:00:00,109.224,109.28,108.672,108.766,96199.0
2020-04-07 21:00:00,108.766,109.102,108.506,108.83,84646.0
2020-04-08 21:00:00,108.83,109.064,108.208,108.495,94182.0
2020-04-09 21:00:00,108.495,108.59,108.327,108.465,12024.0
2020-04-12 21:00:00,108.465,108.528,107.502,107.768,60497.0
2020-04-13 21:00:00,107.768,107.772,106.983,107.218,68151.0
2020-04-14 21:00:00,107.218,107.866,106.926,107.438,87169.0
2020-04-15 21:00:00,107.438,108.084,107.165,107.91,93278.0
2020-04-16 21:00:00,107.91,108.085,107.302,107.548,90723.0
2020-04-19 21:00:00,107.548,107.951,107.476,107.626,65784.0
2020-04-20 21:00:00,107.626,107.896,107.282,107.766,84443.0
2020-04-21 21:00:00,107.766,107.938,107.516,107.746,61936.0
2020-04-22 21:00:00,107.746,108.044,107.348,107.613,76003.0
2020-04-23 21:00:00,107.613,107.761,107.372,107.503,65453.0
2020-04-26 21:00:00,107.503,107.624,106.994,107.259,66003.0
2020-04-27 21:00:00,107.259,107.34,106.56,106.868,69236.0
2020-04-28 21:00:00,106.868,106.892,106.36,106.707,66189.0
2020-04-29 21:00:00,106.707,107.499,106.407,107.199,94465.0
2020-04-30 21:00:00,107.199,107.406,106.607,106.914,61610.0
2020-05-03 21:00:00,106.914,107.07,106.635,106.725,58734.0
2020-05-04 21:00:00,106.725,106.895,106.416,106.55,55259.0
2020-05-05 21:00:00,106.55,106.62,105.988,106.102,65901.0
2020-05-06 21:00:00,106.102,106.656,105.992,106.268,69977.0
2020-05-07 21:00:00,106.268,106.751,106.222,106.64,59111.0
2020-05-10 21:00:00,106.64,107.769,106.506,107.656,71236.0
2020-05-11 21:00:00,107.656,107.692,107.124,107.152,62612.0
2020-05-12 21:00:00,107.152,107.279,106.743,107.038,66365.0
2020-05-13 21:00:00,107.038,107.367,106.778,107.236,61885.0
2020-05-14 21:00:00,107.236,107.434,106.857,107.074,61762.0
2020-05-17 21:00:00,107.074,107.506,107.07,107.314,58218.0
2020-05-18 21:00:00,107.314,108.089,107.294,107.699,66603.0
2020-05-19 21:00:00,107.699,107.984,107.336,107.548,54132.0
2020-05-20 21:00:00,107.548,107.85,107.51,107.608,54268.0
2020-05-21 21:00:00,107.608,107.763,107.324,107.636,47198.0
2020-05-24 21:00:00,107.636,107.783,107.569,107.716,28396.0
2020-05-25 21:00:00,107.716,107.924,107.402,107.562,54690.0
2020-05-26 21:00:00,107.562,107.948,107.366,107.722,75770.0
2020-05-27 21:00:00,107.722,107.902,107.57,107.639,69102.0
2020-05-28 21:00:00,107.639,107.894,107.084,107.821,85801.0
2020-05-31 21:00:00,107.821,107.856,107.379,107.591,64550.0
2020-06-01 21:00:00,107.591,108.773,107.514,108.68,77577.0
2020-06-02 21:00:00,108.68,108.984,108.424,108.904,83740.0
2020-06-03 21:00:00,108.904,109.198,108.618,109.157,89500.0
2020-06-04 21:00:00,109.157,109.85,109.042,109.59,79572.0
2020-06-07 21:00:00,109.59,109.694,108.236,108.43,70802.0
2020-06-08 21:00:00,108.43,108.546,107.622,107.755,86507.0
2020-06-09 21:00:00,107.755,107.874,106.987,107.122,88336.0
2020-06-10 21:00:00,107.122,107.235,106.573,106.866,100362.0
2020-06-11 21:00:00,106.866,107.556,106.586,107.392,114674.0
2020-06-14 21:00:00,107.392,107.57,106.999,107.324,93232.0
2020-06-15 21:00:00,107.324,107.642,107.212,107.324,95584.0
2020-06-16 21:00:00,107.324,107.443,106.952,107.007,63983.0
2020-06-17 21:00:00,107.007,107.129,106.667,106.973,76158.0
2020-06-18 21:00:00,106.973,107.058,106.768,106.89,61191.0
2020-06-21 21:00:00,106.89,107.012,106.769,106.906,59068.0
2020-06-22 21:00:00,106.906,107.222,106.074,106.526,85178.0
2020-06-23 21:00:00,106.526,107.073,106.385,107.041,77215.0
2020-06-24 21:00:00,107.041,107.453,106.985,107.195,72301.0
2020-06-25 21:00:00,107.195,107.355,106.798,107.219,61705.0
2020-06-28 21:00:00,107.219,107.885,107.042,107.574,61779.0
2020-06-29 21:00:00,107.574,107.986,107.522,107.933,70270.0
2020-06-30 21:00:00,107.933,108.165,107.363,107.463,61279.0
2020-07-01 21:00:00,107.463,107.726,107.334,107.502,52390.0
2020-07-02 21:00:00,107.502,107.57,107.437,107.504,29311.0
2020-07-05 21:00:00,107.504,107.773,107.258,107.386,43949.0
2020-07-06 21:00:00,107.386,107.792,107.247,107.522,49683.0
2020-07-07 21:00:00,107.522,107.71,107.202,107.26,36882.0
2020-07-08 21:00:00,107.26,107.398,107.098,107.206,60773.0
2020-07-09 21:00:00,107.206,107.266,106.638,106.924,47651.0
2020-07-12 21:00:00,106.924,107.32,106.788,107.293,47148.0
2020-07-13 21:00:00,107.293,107.433,107.12,107.238,55729.0
2020-07-14 21:00:00,107.238,107.309,106.668,106.932,56245.0
2020-07-15 21:00:00,106.932,107.404,106.836,107.274,54209.0
2020-07-16 21:00:00,107.274,107.364,106.94,107.038,43148.0
2020-07-19 21:00:00,107.038,107.544,107.018,107.272,52239.0
2020-07-20 21:00:00,107.272,107.368,106.68,106.804,57733.0
2020-07-21 21:00:00,106.804,107.29,106.712,107.158,65209.0
2020-07-22 21:00:00,107.158,107.23,106.711,106.866,53784.0
2020-07-23 21:00:00,106.866,106.912,105.682,106.138,74440.0
2020-07-26 21:00:00,106.138,106.138,105.117,105.379,85762.0
2020-07-27 21:00:00,105.379,105.688,104.956,105.094,81502.0
2020-07-28 21:00:00,105.094,105.244,104.772,104.92,83752.0
2020-07-29 21:00:00,104.92,105.294,104.68,104.728,86654.0
2020-07-30 21:00:00,104.728,106.056,104.188,105.896,119242.0
2020-08-02 21:00:00,105.896,106.472,105.581,105.952,105027.0
2020-08-03 21:00:00,105.952,106.196,105.64,105.718,73273.0
2020-08-04 21:00:00,105.718,105.872,105.322,105.596,81471.0
2020-08-05 21:00:00,105.596,105.698,105.302,105.55,83100.0
2020-08-06 21:00:00,105.55,106.058,105.482,105.926,79853.0
2020-08-09 21:00:00,105.926,106.204,105.708,105.96,57310.0
2020-08-10 21:00:00,105.96,106.686,105.93,106.492,81365.0
2020-08-11 21:00:00,106.492,107.016,106.443,106.894,82769.0
2020-08-12 21:00:00,106.894,107.05,106.568,106.93,73881.0
2020-08-13 21:00:00,106.93,107.041,106.436,106.595,58954.0
2020-08-16 21:00:00,106.595,106.656,105.945,106.004,61292.0
2020-08-17 21:00:00,106.004,106.067,105.284,105.41,74868.0
2020-08-18 21:00:00,105.41,106.152,105.104,106.122,90223.0
2020-08-19 21:00:00,106.122,106.218,105.745,105.802,90749.0
2020-08-20 21:00:00,105.802,106.074,105.442,105.81,76829.0
2020-08-23 21:00:00,105.81,106.001,105.69,105.983,58725.0
2020-08-24 21:00:00,105.983,106.577,105.872,106.392,67117.0
2020-08-25 21:00:00,106.392,106.556,105.957,105.99,67380.0
2020-08-26 21:00:00,105.99,106.702,105.604,106.567,108192.0
2020-08-27 21:00:00,106.567,106.948,105.203,105.367,119783.0
2020-08-30 21:00:00,105.367,106.097,105.294,105.91,92119.0
2020-08-31 21:00:00,105.91,106.154,105.592,105.958,94416.0
2020-09-01 21:00:00,105.958,106.302,105.851,106.182,75591.0
2020-09-02 21:00:00,106.182,106.552,106.004,106.195,82243.0
2020-09-03 21:00:00,106.195,106.504,106.058,106.241,72856.0
2020-09-06 21:00:00,106.241,106.386,106.133,106.272,41698.0
2020-09-07 21:00:00,106.272,106.382,105.862,106.032,70857.0
2020-09-08 21:00:00,106.032,106.274,105.79,106.18,72251.0
2020-09-09 21:00:00,106.18,106.304,105.984,106.134,67920.0
2020-09-10 21:00:00,106.134,106.266,106.057,106.168,54725.0
2020-09-13 21:00:00,106.168,106.168,105.546,105.732,51483.0
2020-09-14 21:00:00,105.732,105.815,105.3,105.447,60468.0
2020-09-15 21:00:00,105.447,105.452,104.804,104.954,79181.0
2020-09-16 21:00:00,104.954,105.175,104.526,104.744,78065.0
2020-09-17 21:00:00,104.744,104.871,104.274,104.572,60295.0
2020-09-20 21:00:00,104.572,104.907,104.002,104.644,79852.0
2020-09-21 21:00:00,104.644,105.078,104.406,104.934,67897.0
2020-09-22 21:00:00,104.934,105.496,104.874,105.395,74719.0
2020-09-23 21:00:00,105.395,105.532,105.206,105.408,75052.0
2020-09-24 21:00:00,105.408,105.7,105.24,105.584,62780.0
2020-09-27 21:00:00,105.584,105.698,105.264,105.515,61337.0
2020-09-28 21:00:00,105.515,105.736,105.344,105.666,71113.0
2020-09-29 21:00:00,105.666,105.804,105.402,105.548,85773.0
2020-09-30 21:00:00,105.548,105.73,105.404,105.529,81460.0
2020-10-01 21:00:00,105.529,105.667,104.944,105.32,90940.0
2020-10-04 21:00:00,105.32,105.796,105.297,105.743,63805.0
2020-10-05 21:00:00,105.743,105.785,105.47,105.63,71003.0
2020-10-06 21:00:00,105.63,106.108,105.6,105.966,65879.0
2020-10-07 21:00:00,105.966,106.109,105.924,106.032,52354.0
2020-10-08 21:00:00,106.032,106.042,105.58,105.62,62386.0
2020-10-11 21:00:00,105.62,105.814,105.242,105.343,58331.0
2020-10-12 21:00:00,105.343,105.628,105.282,105.482,63727.0
2020-10-13 21:00:00,105.482,105.516,105.038,105.164,59465.0
2020-10-14 21:00:00,105.164,105.494,105.064,105.446,64453.0
2020-10-15 21:00:00,105.446,105.453,105.191,105.406,60377.0
2020-10-18 21:00:00,105.406,105.502,105.302,105.441,53424.0
2020-10-19 21:00:00,105.441,105.748,105.353,105.502,57794.0
2020-10-20 21:00:00,105.502,105.527,104.342,104.591,70415.0
2020-10-21 21:00:00,104.591,104.924,104.476,104.846,55358.0
2020-10-22 21:00:00,104.846,104.938,104.548,104.709,52315.0
2020-10-25 21:00:00,104.709,105.056,104.656,104.834,56755.0
2020-10-26 21:00:00,104.834,104.89,104.389,104.416,48285.0
2020-10-27 21:00:00,104.416,104.558,104.113,104.314,68340.0
2020-10-28 21:00:00,104.314,104.728,104.025,104.604,71994.0
2020-10-29 21:00:00,104.604,104.744,104.126,104.62,71785.0
2020-11-01 22:00:00,104.62,104.95,104.534,104.695,52044.0
2020-11-02 22:00:00,104.695,104.802,104.433,104.531,77477.0
2020-11-03 22:00:00,104.531,105.346,104.15,104.512,167942.0
2020-11-04 22:00:00,104.512,104.548,103.442,103.504,111695.0
2020-11-05 22:00:00,103.504,103.76,103.177,103.37,111245.0
2020-11-08 22:00:00,103.37,105.648,103.19,105.368,138596.0
2020-11-09 22:00:00,105.368,105.488,104.822,105.302,106965.0
2020-11-10 22:00:00,105.302,105.678,105.006,105.432,66100.0
2020-11-11 22:00:00,105.432,105.479,105.07,105.134,67868.0
2020-11-12 22:00:00,105.134,105.156,104.565,104.64,64487.0
2020-11-15 22:00:00,104.64,105.138,104.364,104.583,75587.0
2020-11-16 22:00:00,104.583,104.614,104.071,104.197,63753.0
2020-11-17 22:00:00,104.197,104.208,103.652,103.824,67176.0
2020-11-18 22:00:00,103.824,104.218,103.718,103.749,69388.0
2020-11-19 22:00:00,103.749,103.912,103.704,103.859,52049.0
2020-11-22 22:00:00,103.859,104.638,103.683,104.517,66521.0
2020-11-23 22:00:00,104.517,104.763,104.146,104.447,72321.0
2020-11-24 22:00:00,104.447,104.6,104.256,104.458,65141.0
2020-11-25 22:00:00,104.458,104.478,104.216,104.275,47197.0
2020-11-26 22:00:00,104.275,104.284,103.907,104.108,46331.0
2020-11-29 22:00:00,104.108,104.41,103.832,104.296,72252.0
2020-11-30 22:00:00,104.296,104.579,104.182,104.339,68028.0
2020-12-01 22:00:00,104.339,104.754,104.226,104.414,69942.0
2020-12-02 22:00:00,104.414,104.536,103.671,103.842,71436.0
2020-12-03 22:00:00,103.842,104.244,103.738,104.188,73368.0
2020-12-06 22:00:00,104.188,104.313,103.922,104.056,66581.0
2020-12-07 22:00:00,104.056,104.208,103.956,104.168,64861.0
2020-12-08 22:00:00,104.168,104.407,104.052,104.225,56567.0
2020-12-09 22:00:00,104.225,104.58,104.174,104.242,70807.0
2020-12-10 22:00:00,104.242,104.285,103.824,104.056,61750.0
2020-12-13 22:00:00,104.056,104.106,103.512,104.068,63629.0
2020-12-14 22:00:00,104.068,104.152,103.606,103.674,54908.0
2020-12-15 22:00:00,103.674,103.92,103.262,103.46,67796.0
2020-12-16 22:00:00,103.46,103.562,102.874,103.095,66788.0
2020-12-17 22:00:00,103.095,103.596,103.09,103.308,60729.0
2020-12-20 22:00:00,103.308,103.892,103.252,103.343,88307.0
2020-12-21 22:00:00,103.343,103.734,103.281,103.647,65060.0
2020-12-22 22:00:00,103.647,103.654,103.356,103.584,64666.0
2020-12-23 22:00:00,103.584,103.768,103.502,103.675,40842.0
2020-12-24 22:00:00,103.675,103.691,103.675,103.69,8.0
2020-12-27 22:00:00,103.69,103.9,103.404,103.81,51712.0
2020-12-28 22:00:00,103.81,103.844,103.464,103.603,52233.0
2020-12-29 22:00:00,103.603,103.638,102.962,103.164,60558.0
2020-12-30 22:00:00,103.164,103.321,102.996,103.318,50261.0
2021-01-03 22:00:00,103.318,103.318,102.714,103.126,75553.0
2021-01-04 22:00:00,103.126,103.192,102.604,102.739,70139.0
2021-01-05 22:00:00,102.739,103.444,102.593,103.048,98915.0
2021-01-06 22:00:00,103.048,103.959,102.951,103.809,88822.0
2021-01-07 22:00:00,103.809,104.094,103.605,103.934,101798.0
2021-01-10 22:00:00,103.934,104.398,103.892,104.264,68066.0
2021-01-11 22:00:00,104.264,104.334,103.722,103.752,69514.0
2021-01-12 22:00:00,103.752,103.998,103.526,103.884,66500.0
2021-01-13 22:00:00,103.884,104.198,103.563,103.803,77626.0
2021-01-14 22:00:00,103.803,103.914,103.617,103.876,60617.0
2021-01-17 22:00:00,103.876,103.932,103.638,103.691,55565.0
2021-01-18 22:00:00,103.691,104.086,103.653,103.902,60610.0
2021-01-19 22:00:00,103.902,103.934,103.448,103.542,57393.0
2021-01-20 22:00:00,103.542,103.669,103.328,103.511,62560.0
2021-01-21 22:00:00,103.511,103.886,103.486,103.777,52330.0
2021-01-24 22:00:00,103.777,103.938,103.673,103.738,51405.0
2021-01-25 22:00:00,103.738,103.829,103.556,103.618,47444.0
2021-01-26 22:00:00,103.618,104.201,103.587,104.11,59819.0
2021-01-27 22:00:00,104.11,104.463,104.064,104.231,61327.0
2021-01-28 22:00:00,104.231,104.94,104.224,104.711,71507.0
2021-01-31 22:00:00,104.711,105.036,104.609,104.924,41609.0
2021-02-01 22:00:00,104.924,105.174,104.829,104.973,43255.0
2021-02-02 22:00:00,104.973,105.106,104.923,105.03,32838.0
2021-02-03 22:00:00,105.03,105.608,104.976,105.583,36786.0
2021-02-04 22:00:00,105.583,105.768,105.336,105.4,51305.0
2021-02-07 22:00:00,105.4,105.672,105.15,105.223,44517.0
2021-02-08 22:00:00,105.223,105.265,104.498,104.602,55576.0
2021-02-09 22:00:00,104.602,104.844,104.41,104.58,47333.0
2021-02-10 22:00:00,104.58,104.805,104.551,104.747,43488.0
2021-02-11 22:00:00,104.747,105.182,104.738,104.926,41780.0
2021-02-14 22:00:00,104.926,105.42,104.905,105.388,32779.0
2021-02-15 22:00:00,105.388,106.078,105.182,106.047,54157.0
2021-02-16 22:00:00,106.047,106.226,105.778,105.875,62540.0
2021-02-17 22:00:00,105.875,105.925,105.598,105.715,45589.0
2021-02-18 22:00:00,105.715,105.742,105.24,105.429,50045.0
2021-02-21 22:00:00,105.429,105.846,104.984,105.081,61576.0
2021-02-22 22:00:00,105.081,105.43,104.922,105.251,52694.0
2021-02-23 22:00:00,105.251,106.105,105.194,105.885,70606.0
2021-02-24 22:00:00,105.885,106.406,105.845,106.214,103690.0
2021-02-25 22:00:00,106.214,106.694,105.85,106.568,127008.0
2021-02-28 22:00:00,106.568,106.89,106.367,106.762,65197.0
2021-03-01 22:00:00,106.762,106.958,106.676,106.687,55078.0
2021-03-02 22:00:00,106.687,107.154,106.683,107.014,59337.0
2021-03-03 22:00:00,107.014,107.988,106.968,107.982,71874.0
2021-03-04 22:00:00,107.982,108.646,107.821,108.339,103138.0
2021-03-07 22:00:00,108.339,108.944,108.31,108.899,67498.0
2021-03-08 22:00:00,108.899,109.236,108.415,108.488,89761.0
2021-03-09 22:00:00,108.488,108.92,108.339,108.381,80365.0
2021-03-10 22:00:00,108.381,108.813,108.357,108.511,82037.0
2021-03-11 22:00:00,108.511,109.166,108.495,109.024,79220.0
2021-03-14 21:00:00,109.024,109.364,108.914,109.129,65424.0
2021-03-15 21:00:00,109.129,109.288,108.772,109.0,64496.0
2021-03-16 21:00:00,109.0,109.326,108.746,108.841,67077.0
2021-03-17 21:00:00,108.841,109.304,108.624,108.888,88733.0
2021-03-18 21:00:00,108.888,109.13,108.608,108.884,73810.0
2021-03-21 21:00:00,108.884,108.957,108.596,108.845,51796.0
2021-03-22 21:00:00,108.845,108.874,108.405,108.585,60337.0
2021-03-23 21:00:00,108.585,108.957,108.452,108.738,52084.0
2021-03-24 21:00:00,108.738,109.238,108.726,109.186,57044.0
2021-03-25 21:00:00,109.186,109.848,109.131,109.682,57968.0
2021-03-28 21:00:00,109.682,109.846,109.374,109.795,53263.0
2021-03-29 21:00:00,109.795,110.428,109.75,110.363,57551.0
2021-03-30 21:00:00,110.363,110.966,110.275,110.697,75975.0
2021-03-31 21:00:00,110.697,110.849,110.546,110.617,56848.0
2021-04-01 21:00:00,110.617,110.752,110.374,110.675,38845.0
2021-04-04 21:00:00,110.675,110.751,109.961,110.177,47182.0
2021-04-05 21:00:00,110.177,110.553,109.668,109.752,68109.0
2021-04-06 21:00:00,109.752,109.942,109.578,109.855,68091.0
2021-04-07 21:00:00,109.855,109.904,108.999,109.261,58156.0
2021-04-08 21:00:00,109.261,109.962,109.213,109.672,56907.0
2021-04-11 21:00:00,109.672,109.773,109.246,109.374,50695.0
2021-04-12 21:00:00,109.374,109.753,109.019,109.061,68464.0
2021-04-13 21:00:00,109.061,109.096,108.752,108.917,55689.0
2021-04-14 21:00:00,108.917,108.974,108.612,108.764,53031.0
2021-04-15 21:00:00,108.764,108.966,108.612,108.802,45766.0
2021-04-18 21:00:00,108.802,108.836,108.008,108.166,67618.0
2021-04-19 21:00:00,108.166,108.55,107.972,108.113,60607.0
2021-04-20 21:00:00,108.113,108.284,107.875,108.078,51253.0
2021-04-21 21:00:00,108.078,108.232,107.814,107.98,59093.0
2021-04-22 21:00:00,107.98,108.146,107.478,107.866,60433.0
2021-04-25 21:00:00,107.866,108.198,107.644,108.08,62599.0
2021-04-26 21:00:00,108.08,108.775,108.08,108.702,56882.0
2021-04-27 21:00:00,108.702,109.08,108.572,108.578,72152.0
2021-04-28 21:00:00,108.578,109.23,108.434,108.929,61502.0
2021-04-29 21:00:00,108.929,109.378,108.714,109.345,63737.0
2021-05-02 21:00:00,109.345,109.698,108.895,109.078,54752.0
2021-05-03 21:00:00,109.078,109.488,109.029,109.332,77387.0
2021-05-04 21:00:00,109.332,109.482,109.144,109.227,51194.0
2021-05-05 21:00:00,109.227,109.429,109.001,109.086,67753.0
2021-05-06 21:00:00,109.086,109.29,108.336,108.615,83148.0
2021-05-09 21:00:00,108.615,109.056,108.469,108.811,68766.0
2021-05-10 21:00:00,108.811,108.984,108.348,108.622,73651.0
2021-05-11 21:00:00,108.622,109.71,108.595,109.706,85428.0
2021-05-12 21:00:00,109.706,109.787,109.406,109.474,73022.0
2021-05-13 21:00:00,109.474,109.656,109.188,109.345,56215.0
2021-05-16 21:00:00,109.345,109.503,109.074,109.164,55694.0
2021-05-17 21:00:00,109.164,109.386,108.834,108.895,55159.0
2021-05-18 21:00:00,108.895,109.336,108.572,109.219,84111.0
2021-05-19 21:00:00,109.219,109.309,108.748,108.782,56313.0
2021-05-20 21:00:00,108.782,109.005,108.613,108.901,52294.0
2021-05-23 21:00:00,108.901,108.996,108.696,108.763,54802.0
2021-05-24 21:00:00,108.763,109.074,108.56,108.778,71216.0
2021-05-25 21:00:00,108.778,109.18,108.725,109.148,62342.0
2021-05-26 21:00:00,109.148,109.925,109.038,109.84,76022.0
2021-05-27 21:00:00,109.84,110.201,109.744,109.859,69514.0
2021-05-30 21:00:00,109.859,109.938,109.353,109.584,38604.0
2021-05-31 21:00:00,109.584,109.708,109.329,109.494,58504.0
2021-06-01 21:00:00,109.494,109.885,109.387,109.572,60400.0
2021-06-02 21:00:00,109.572,110.322,109.55,110.31,63100.0
2021-06-03 21:00:00,110.31,110.332,109.365,109.511,67605.0
2021-06-06 21:00:00,109.511,109.638,109.19,109.254,54864.0
2021-06-07 21:00:00,109.254,109.559,109.2,109.49,58302.0
2021-06-08 21:00:00,109.49,109.659,109.225,109.638,49265.0
2021-06-09 21:00:00,109.638,109.798,109.307,109.326,68790.0
2021-06-10 21:00:00,109.326,109.844,109.31,109.654,51107.0
2021-06-13 21:00:00,109.654,110.1,109.612,110.074,51172.0
2021-06-14 21:00:00,110.074,110.168,109.988,110.065,51687.0
2021-06-15 21:00:00,110.065,110.722,109.804,110.714,70117.0
2021-06-16 21:00:00,110.714,110.824,110.167,110.234,86947.0
2021-06-17 21:00:00,110.234,110.486,109.942,110.224,96038.0
2021-06-20 21:00:00,110.224,110.354,109.718,110.328,90616.0
2021-06-21 21:00:00,110.328,110.792,110.212,110.676,56138.0
2021-06-22 21:00:00,110.676,111.106,110.625,110.954,60462.0
2021-06-23 21:00:00,110.954,111.116,110.686,110.888,59618.0
2021-06-24 21:00:00,110.888,110.985,110.48,110.765,57248.0
2021-06-27 21:00:00,110.765,110.978,110.498,110.62,54981.0
2021-06-28 21:00:00,110.62,110.76,110.43,110.545,61553.0
2021-06-29 21:00:00,110.545,111.122,110.42,111.107,67352.0
2021-06-30 21:00:00,111.107,111.64,111.028,111.526,61598.0
2021-07-01 21:00:00,111.526,111.66,110.952,111.024,73264.0
2021-07-04 21:00:00,111.024,111.191,110.797,110.994,42356.0
2021-07-05 21:00:00,110.994,110.994,110.521,110.621,72406.0
2021-07-06 21:00:00,110.621,110.817,110.396,110.618,84135.0
2021-07-07 21:00:00,110.618,110.705,109.534,109.763,107354.0
2021-07-08 21:00:00,109.763,110.26,109.742,110.131,79105.0
2021-07-11 21:00:00,110.131,110.403,109.978,110.366,50411.0
2021-07-12 21:00:00,110.366,110.65,110.2,110.634,65685.0
2021-07-13 21:00:00,110.634,110.7,109.935,109.954,68972.0
2021-07-14 21:00:00,109.954,110.09,109.714,109.849,61679.0
2021-07-15 21:00:00,109.849,110.343,109.732,110.084,54472.0
2021-07-18 21:00:00,110.084,110.111,109.066,109.454,80145.0
2021-07-19 21:00:00,109.454,109.957,109.328,109.858,81609.0
2021-07-20 21:00:00,109.858,110.388,109.804,110.289,69378.0
2021-07-21 21:00:00,110.289,110.361,110.015,110.157,63195.0
2021-07-22 21:00:00,110.157,110.594,110.08,110.55,49437.0
2021-07-25 21:00:00,110.55,110.585,110.118,110.384,56480.0
2021-07-26 21:00:00,110.384,110.407,109.584,109.792,67137.0
2021-07-27 21:00:00,109.792,110.29,109.744,109.916,78387.0
2021-07-28 21:00:00,109.916,109.949,109.422,109.487,67055.0
2021-07-29 21:00:00,109.487,109.828,109.361,109.721,62666.0
2021-08-01 21:00:00,109.721,109.773,109.188,109.311,54308.0
2021-08-02 21:00:00,109.311,109.343,108.877,109.028,52685.0
2021-08-03 21:00:00,109.028,109.676,108.721,109.49,66386.0
2021-08-04 21:00:00,109.49,109.792,109.404,109.778,56249.0
2021-08-05 21:00:00,109.778,110.357,109.7,110.246,58131.0
2021-08-08 21:00:00,110.246,110.355,110.028,110.336,43823.0
2021-08-09 21:00:00,110.336,110.6,110.28,110.574,46644.0
2021-08-10 21:00:00,110.574,110.802,110.309,110.444,56807.0
2021-08-11 21:00:00,110.444,110.546,110.316,110.44,42948.0
2021-08-12 21:00:00,110.44,110.477,109.548,109.612,44088.0
2021-08-15 21:00:00,109.612,109.753,109.114,109.272,58798.0
2021-08-16 21:00:00,109.272,109.658,109.118,109.586,65013.0
2021-08-17 21:00:00,109.586,110.068,109.48,109.768,61552.0
2021-08-18 21:00:00,109.768,110.228,109.484,109.764,84395.0
2021-08-19 21:00:00,109.764,109.887,109.57,109.8,59653.0
2021-08-22 21:00:00,109.8,110.148,109.654,109.695,61342.0
2021-08-23 21:00:00,109.695,109.883,109.413,109.682,53785.0
2021-08-24 21:00:00,109.682,110.126,109.611,109.987,59453.0
2021-08-25 21:00:00,109.987,110.23,109.928,110.087,66423.0
2021-08-26 21:00:00,110.087,110.268,109.78,109.842,68299.0
2021-08-29 21:00:00,109.842,109.963,109.703,109.92,32452.0
2021-08-30 21:00:00,109.92,110.08,109.588,109.998,66090.0
2021-08-31 21:00:00,109.998,110.42,109.88,110.031,64054.0
2021-09-01 21:00:00,110.031,110.122,109.917,109.936,41120.0
2021-09-02 21:00:00,109.936,110.074,109.592,109.705,69665.0
2021-09-05 21:00:00,109.705,109.948,109.656,109.862,27137.0
2021-09-06 21:00:00,109.862,110.32,109.686,110.286,54722.0
2021-09-07 21:00:00,110.286,110.448,110.142,110.266,53353.0
2021-09-08 21:00:00,110.266,110.282,109.622,109.736,58930.0
2021-09-09 21:00:00,109.736,109.992,109.697,109.932,51403.0
2021-09-12 21:00:00,109.932,110.16,109.824,110.004,48919.0
2021-09-13 21:00:00,110.004,110.162,109.528,109.692,64608.0
2021-09-14 21:00:00,109.692,109.744,109.112,109.374,65535.0
2021-09-15 21:00:00,109.374,109.83,109.213,109.74,61482.0
2021-09-16 21:00:00,109.74,110.083,109.668,109.951,58164.0
2021-09-19 21:00:00,109.951,110.038,109.324,109.393,64460.0
2021-09-20 21:00:00,109.393,109.708,109.185,109.222,71645.0
2021-09-21 21:00:00,109.222,109.902,109.12,109.806,95956.0
2021-09-22 21:00:00,109.806,110.35,109.754,110.329,64326.0
2021-09-23 21:00:00,110.329,110.794,110.256,110.708,56101.0
2021-09-26 21:00:00,110.708,111.066,110.536,111.013,55639.0
2021-09-27 21:00:00,111.013,111.64,110.936,111.512,74842.0
2021-09-28 21:00:00,111.512,112.049,111.207,111.972,68868.0
2021-09-29 21:00:00,111.972,112.08,111.24,111.282,76362.0
2021-09-30 21:00:00,111.282,111.489,110.906,111.051,93730.0
2021-10-03 21:00:00,111.051,111.304,110.824,110.928,76582.0
2021-10-04 21:00:00,110.928,111.564,110.872,111.466,70293.0
2021-10-05 21:00:00,111.466,111.786,111.201,111.41,83162.0
2021-10-06 21:00:00,111.41,111.652,111.23,111.629,59653.0
2021-10-07 21:00:00,111.629,112.255,111.512,112.232,76102.0
2021-10-10 21:00:00,112.232,113.414,112.153,113.331,57726.0
2021-10-11 21:00:00,113.331,113.788,113.003,113.608,82018.0
2021-10-12 21:00:00,113.608,113.806,113.228,113.254,74981.0
2021-10-13 21:00:00,113.254,113.718,113.212,113.68,55717.0
2021-10-14 21:00:00,113.68,114.464,113.65,114.208,77151.0
2021-10-17 21:00:00,114.208,114.454,114.016,114.319,92749.0
2021-10-18 21:00:00,114.319,114.399,113.88,114.376,71675.0
2021-10-19 21:00:00,114.376,114.7,114.08,114.332,75999.0
2021-10-20 21:00:00,114.332,114.416,113.651,114.004,76386.0
2021-10-21 21:00:00,114.004,114.208,113.416,113.492,75573.0
2021-10-24 21:00:00,113.492,113.924,113.458,113.715,56963.0
2021-10-25 21:00:00,113.715,114.314,113.686,114.154,48566.0
2021-10-26 21:00:00,114.154,114.222,113.388,113.812,77419.0
2021-10-27 21:00:00,113.812,113.868,113.257,113.57,77903.0
2021-10-28 21:00:00,113.57,114.098,113.393,113.904,83541.0
2021-10-31 21:00:00,113.904,114.444,113.904,114.0,59919.0
2021-11-01 21:00:00,114.0,114.134,113.462,113.954,61075.0
2021-11-02 21:00:00,113.954,114.222,113.721,114.01,61460.0
2021-11-03 21:00:00,114.01,114.279,113.509,113.755,66809.0
2021-11-04 21:00:00,113.755,114.033,113.3,113.407,74277.0
2021-11-07 22:00:00,113.407,113.668,113.08,113.228,54961.0
2021-11-08 22:00:00,113.228,113.292,112.726,112.88,82148.0
2021-11-09 22:00:00,112.88,114.016,112.776,113.912,84089.0
2021-11-10 22:00:00,113.912,114.156,113.807,114.066,47139.0
2021-11-11 22:00:00,114.066,114.302,113.761,113.892,55407.0
2021-11-14 22:00:00,113.892,114.218,113.752,114.139,56317.0
2021-11-15 22:00:00,114.139,114.85,114.104,114.828,61245.0
2021-11-16 22:00:00,114.828,114.972,113.933,114.118,60431.0
2021-11-17 22:00:00,114.118,114.49,113.88,114.254,57877.0
2021-11-18 22:00:00,114.254,114.541,113.589,114.0,96687.0
2021-11-21 22:00:00,114.0,114.964,114.0,114.882,68174.0
2021-11-22 22:00:00,114.882,115.194,114.484,115.128,84752.0
2021-11-23 22:00:00,115.128,115.522,114.826,115.412,73302.0
2021-11-24 22:00:00,115.412,115.46,115.242,115.365,30850.0
2021-11-25 22:00:00,115.365,115.371,113.054,113.38,136919.0
2021-11-28 22:00:00,113.38,113.958,112.992,113.544,96972.0
2021-11-29 22:00:00,113.544,113.892,112.532,113.144,138435.0
2021-11-30 22:00:00,113.144,113.63,112.671,112.783,101733.0
2021-12-01 22:00:00,112.783,113.332,112.706,113.188,94451.0
2021-12-02 22:00:00,113.188,113.614,112.562,112.82,111847.0
2021-12-05 22:00:00,112.82,113.554,112.82,113.498,89484.0
2021-12-06 22:00:00,113.498,113.78,113.4,113.57,65237.0
2021-12-07 22:00:00,113.57,113.957,113.311,113.702,93326.0
2021-12-08 22:00:00,113.702,113.812,113.271,113.461,69842.0
2021-12-09 22:00:00,113.461,113.792,113.224,113.378,75986.0
2021-12-12 22:00:00,113.378,113.728,113.356,113.585,58629.0
2021-12-13 22:00:00,113.585,113.76,113.429,113.754,65400.0
2021-12-14 22:00:00,113.754,114.278,113.629,114.06,78195.0
2021-12-15 22:00:00,114.06,114.249,113.56,113.704,82661.0
2021-12-16 22:00:00,113.704,113.858,113.142,113.712,85108.0
2021-12-19 22:00:00,113.712,113.731,113.327,113.632,78424.0
2021-12-20 22:00:00,113.632,114.222,113.554,114.096,51549.0
2021-12-21 22:00:00,114.096,114.372,113.951,114.118,48251.0
2021-12-22 22:00:00,114.118,114.468,114.079,114.423,39634.0
2021-12-23 22:00:00,114.423,114.516,114.299,114.402,28512.0
2021-12-26 22:00:00,114.402,114.914,114.311,114.889,30555.0
2021-12-27 22:00:00,114.889,114.95,114.708,114.83,35363.0
2021-12-28 22:00:00,114.83,115.038,114.668,114.984,44094.0
2021-12-29 22:00:00,114.984,115.21,114.944,115.07,39950.0
2021-12-30 22:00:00,115.07,115.2,115.005,115.11,35385.0
2022-01-02 22:00:00,115.11,115.37,114.95,115.35,46418.0
2022-01-03 22:00:00,115.35,116.352,115.292,116.148,64378.0
2022-01-04 22:00:00,116.148,116.244,115.621,116.105,65976.0
2022-01-05 22:00:00,116.105,116.186,115.625,115.844,72603.0
2022-01-06 22:00:00,115.844,116.048,115.54,115.549,63564.0
2022-01-09 22:00:00,115.549,115.852,115.042,115.199,64259.0
2022-01-10 22:00:00,115.199,115.682,115.126,115.299,65444.0
2022-01-11 22:00:00,115.299,115.487,114.382,114.638,63319.0
2022-01-12 22:00:00,114.638,114.706,113.998,114.165,56784.0
2022-01-13 22:00:00,114.165,114.268,113.482,114.185,74794.0
2022-01-16 22:00:00,114.185,114.653,114.164,114.612,36917.0
2022-01-17 22:00:00,114.612,115.06,114.45,114.606,73963.0
2022-01-18 22:00:00,114.606,114.79,114.206,114.327,69265.0
2022-01-19 22:00:00,114.327,114.548,113.963,114.135,66528.0
2022-01-20 22:00:00,114.135,114.162,113.604,113.69,75238.0
2022-01-23 22:00:00,113.69,114.002,113.469,113.986,79479.0
2022-01-24 22:00:00,113.986,114.156,113.671,113.865,71329.0
2022-01-25 22:00:00,113.865,114.696,113.778,114.681,65964.0
2022-01-26 22:00:00,114.681,115.49,114.476,115.362,85484.0
2022-01-27 22:00:00,115.362,115.688,115.123,115.238,73672.0
2022-01-30 22:00:00,115.238,115.592,114.923,115.136,70120.0
2022-01-31 22:00:00,115.136,115.195,114.566,114.688,68771.0
2022-02-01 22:00:00,114.688,114.804,114.156,114.438,57180.0
2022-02-02 22:00:00,114.438,114.989,114.327,114.983,71319.0
2022-02-03 22:00:00,114.983,115.432,114.774,115.199,74796.0
2022-02-06 22:00:00,115.199,115.379,114.916,115.092,59455.0
2022-02-07 22:00:00,115.092,115.628,115.056,115.548,55198.0
2022-02-08 22:00:00,115.548,115.685,115.322,115.542,44859.0
2022-02-09 22:00:00,115.542,116.34,115.483,116.004,89936.0
2022-02-10 22:00:00,116.004,116.176,115.014,115.492,79570.0
2022-02-13 22:00:00,115.492,115.748,115.011,115.542,193521.0
2022-02-14 22:00:00,115.542,115.874,115.258,115.596,135060.0
2022-02-15 22:00:00,115.596,115.79,115.357,115.454,134290.0
2022-02-16 22:00:00,115.454,115.538,114.846,114.922,183145.0
2022-02-17 22:00:00,114.922,115.3,114.79,115.072,148284.0
2022-02-20 22:00:00,115.072,115.126,114.72,114.727,107082.0
2022-02-21 22:00:00,114.727,115.243,114.5,115.062,188986.0
2022-02-22 22:00:00,115.062,115.202,114.926,115.02,102979.0
2022-02-23 22:00:00,115.02,115.696,114.408,115.532,301783.0
2022-02-24 22:00:00,115.532,115.762,115.15,115.535,177484.0
2022-02-27 22:00:00,115.535,115.794,114.863,114.972,205968.0
2022-02-28 22:00:00,114.972,115.291,114.7,114.92,160273.0
2022-03-01 22:00:00,114.92,115.688,114.792,115.517,179680.0
2022-03-02 22:00:00,115.517,115.808,115.384,115.459,135678.0
2022-03-03 22:00:00,115.459,115.558,114.65,114.828,192062.0
2022-03-06 22:00:00,114.828,115.473,114.82,115.312,186929.0
2022-03-07 22:00:00,115.312,115.791,115.274,115.676,177604.0
2022-03-08 22:00:00,115.676,115.942,115.558,115.858,132514.0
2022-03-09 22:00:00,115.858,116.196,115.813,116.14,143439.0
2022-03-10 22:00:00,116.14,117.358,116.102,117.292,139787.0
2022-03-13 21:00:00,117.292,118.218,117.292,118.21,118854.0
2022-03-14 21:00:00,118.21,118.452,117.697,118.284,139027.0
2022-03-15 21:00:00,118.284,119.126,118.175,118.762,163670.0
2022-03-16 21:00:00,118.762,119.028,118.368,118.602,131677.0
2022-03-17 21:00:00,118.602,119.401,118.471,119.152,106855.0
2022-03-20 21:00:00,119.152,119.5,119.082,119.472,91571.0
2022-03-21 21:00:00,119.472,121.034,119.438,120.829,161816.0
2022-03-22 21:00:00,120.829,121.416,120.596,121.143,163952.0
2022-03-23 21:00:00,121.143,122.412,120.956,122.33,152958.0
2022-03-24 21:00:00,122.33,122.437,121.18,122.086,204662.0
2022-03-27 21:00:00,122.086,125.11,122.028,123.918,353139.0
2022-03-28 21:00:00,123.918,124.308,121.977,122.894,360292.0
2022-03-29 21:00:00,122.894,123.206,121.312,121.834,337771.0
2022-03-30 21:00:00,121.834,122.457,121.281,121.698,311596.0
2022-03-31 21:00:00,121.698,123.036,121.682,122.56,223067.0
2022-04-03 21:00:00,122.56,122.96,122.267,122.77,159132.0
2022-04-04 21:00:00,122.77,123.672,122.376,123.602,170808.0
2022-04-05 21:00:00,123.602,124.053,123.498,123.791,211482.0
2022-04-06 21:00:00,123.791,124.007,123.468,123.979,156492.0
2022-04-07 21:00:00,123.979,124.68,123.668,124.292,148490.0
2022-04-10 21:00:00,124.292,125.772,124.071,125.394,198214.0
2022-04-11 21:00:00,125.394,125.76,124.766,125.394,224815.0
2022-04-12 21:00:00,125.394,126.32,125.348,125.656,214429.0
2022-04-13 21:00:00,125.656,126.018,125.083,125.892,208239.0
2022-04-14 21:00:00,125.892,126.684,125.876,126.459,296964.0
2022-04-17 21:00:00,126.459,127.002,126.24,126.999,146958.0
2022-04-18 21:00:00,126.999,128.977,126.977,128.89,267100.0
2022-04-19 21:00:00,128.89,129.412,127.459,127.87,361225.0
2022-04-20 21:00:00,127.87,128.709,127.805,128.374,261330.0
2022-04-21 21:00:00,128.374,129.112,127.74,128.567,276090.0
2022-04-24 21:00:00,128.567,128.87,127.524,128.13,306402.0
2022-04-25 21:00:00,128.13,128.229,127.024,127.23,294935.0
2022-04-26 21:00:00,127.23,128.594,126.946,128.431,259180.0
2022-04-27 21:00:00,128.431,131.256,128.342,130.851,437397.0
2022-04-28 21:00:00,130.851,130.956,129.318,129.788,335605.0
2022-05-01 21:00:00,129.788,130.48,129.616,130.176,248307.0
2022-05-02 21:00:00,130.176,130.294,129.7,130.14,192366.0
2022-05-03 21:00:00,130.14,130.387,128.626,129.094,250849.0
2022-05-04 21:00:00,129.094,130.56,128.75,130.179,258284.0
2022-05-05 21:00:00,130.179,130.809,130.098,130.548,222870.0
2022-05-08 21:00:00,130.548,131.35,130.114,130.327,205668.0
2022-05-09 21:00:00,130.327,130.58,129.796,130.439,229918.0
2022-05-10 21:00:00,130.439,130.814,129.444,129.983,264550.0
2022-05-11 21:00:00,129.983,130.058,127.518,128.322,365390.0
2022-05-12 21:00:00,128.322,129.454,128.272,129.259,240477.0
2022-05-15 21:00:00,129.259,129.642,128.698,129.11,185625.0
2022-05-16 21:00:00,129.11,129.784,128.829,129.363,177956.0
2022-05-17 21:00:00,129.363,129.541,128.009,128.248,180432.0
2022-05-18 21:00:00,128.248,128.946,127.026,127.832,312263.0
2022-05-19 21:00:00,127.832,128.298,127.527,127.976,221148.0
2022-05-22 21:00:00,127.976,128.064,127.154,127.898,171953.0
2022-05-23 21:00:00,127.898,128.088,126.359,126.858,224940.0
2022-05-24 21:00:00,126.858,127.498,126.654,127.295,200668.0
2022-05-25 21:00:00,127.295,127.584,126.552,127.083,189848.0
2022-05-26 21:00:00,127.083,127.262,126.678,127.123,148982.0
2022-05-29 21:00:00,127.123,127.828,126.858,127.617,116450.0
2022-05-30 21:00:00,127.617,128.894,127.528,128.704,223706.0
2022-05-31 21:00:00,128.704,130.19,128.648,130.162,189255.0
2022-06-01 21:00:00,130.162,130.244,129.511,129.873,149951.0
2022-06-02 21:00:00,129.873,130.982,129.686,130.826,134998.0
2022-06-05 21:00:00,130.826,132.012,130.43,131.897,132339.0
2022-06-06 21:00:00,131.897,133.004,131.868,132.634,211670.0
2022-06-07 21:00:00,132.634,134.479,132.591,134.255,232747.0
2022-06-08 21:00:00,134.255,134.56,133.186,134.378,258965.0
2022-06-09 21:00:00,134.378,134.484,133.363,134.391,256998.0
2022-06-12 21:00:00,134.391,135.202,133.592,134.424,342306.0
2022-06-13 21:00:00,134.424,135.459,133.872,135.454,323709.0
2022-06-14 21:00:00,135.454,135.601,133.507,133.806,204710.0
2022-06-15 21:00:00,133.806,134.681,131.494,132.222,227368.0
2022-06-16 21:00:00,132.222,135.424,132.174,135.013,235335.0
2022-06-19 21:00:00,135.013,135.446,134.532,135.106,123964.0
2022-06-20 21:00:00,135.106,136.71,134.925,136.664,135465.0
2022-06-21 21:00:00,136.664,136.716,135.687,136.226,162808.0
2022-06-22 21:00:00,136.226,136.255,134.265,134.964,180717.0
2022-06-23 21:00:00,134.964,135.402,134.352,135.219,144405.0
2022-06-26 21:00:00,135.219,135.553,134.522,135.48,141153.0
2022-06-27 21:00:00,135.48,136.385,135.112,136.164,139710.0
2022-06-28 21:00:00,136.164,137.005,135.772,136.61,171115.0
2022-06-29 21:00:00,136.61,136.813,135.552,135.758,158900.0
2022-06-30 21:00:00,135.758,135.988,134.742,135.239,160590.0
2022-07-03 21:00:00,135.239,135.775,134.784,135.706,95719.0
2022-07-04 21:00:00,135.706,136.365,135.516,135.874,146967.0
2022-07-05 21:00:00,135.874,136.008,134.952,135.918,175727.0
2022-07-06 21:00:00,135.918,136.224,135.548,135.996,124056.0
2022-07-07 21:00:00,135.996,136.568,135.33,136.084,154918.0
2022-07-10 21:00:00,136.084,137.754,136.069,137.422,128521.0
2022-07-11 21:00:00,137.422,137.534,136.473,136.88,136649.0
2022-07-12 21:00:00,136.88,137.869,136.694,137.44,144632.0
2022-07-13 21:00:00,137.44,139.394,137.329,138.939,179441.0
2022-07-14 21:00:00,138.939,139.13,138.386,138.528,120916.0
2022-07-17 21:00:00,138.528,138.592,137.89,138.135,98512.0
2022-07-18 21:00:00,138.135,138.394,137.382,138.2,118952.0
2022-07-19 21:00:00,138.2,138.375,137.903,138.256,104414.0
2022-07-20 21:00:00,138.256,138.879,137.298,137.344,157997.0
2022-07-21 21:00:00,137.344,137.957,135.564,136.086,137726.0
2022-07-24 21:00:00,136.086,136.79,135.889,136.65,99044.0
2022-07-25 21:00:00,136.65,136.968,136.274,136.937,87252.0
2022-07-26 21:00:00,136.937,137.467,136.324,136.598,114682.0
2022-07-27 21:00:00,136.598,136.598,134.202,134.238,155502.0
2022-07-28 21:00:00,134.238,134.676,132.504,133.232,176101.0
2022-07-31 21:00:00,133.232,133.562,131.602,131.61,138199.0
2022-08-01 21:00:00,131.61,133.164,130.396,133.148,178177.0
2022-08-02 21:00:00,133.148,134.552,132.286,133.862,173533.0
2022-08-03 21:00:00,133.862,134.424,132.764,132.959,143054.0
2022-08-04 21:00:00,132.959,135.506,132.52,135.024,147350.0
2022-08-07 21:00:00,135.024,135.586,134.352,135.044,130122.0
2022-08-08 21:00:00,135.044,135.204,134.668,135.143,103173.0
2022-08-09 21:00:00,135.143,135.306,132.029,132.868,137740.0
2022-08-10 21:00:00,132.868,133.314,131.736,132.99,141815.0
2022-08-11 21:00:00,132.99,133.894,132.886,133.515,128392.0
2022-08-14 21:00:00,133.515,133.599,132.555,133.303,112011.0
2022-08-15 21:00:00,133.303,134.688,132.952,134.243,120567.0
2022-08-16 21:00:00,134.243,135.5,133.906,135.063,126594.0
2022-08-17 21:00:00,135.063,135.902,134.647,135.884,110351.0
2022-08-18 21:00:00,135.884,137.234,135.717,136.909,108339.0
2022-08-21 21:00:00,136.909,137.652,136.698,137.518,110204.0
2022-08-22 21:00:00,137.518,137.713,135.807,136.764,130042.0
2022-08-23 21:00:00,136.764,137.248,136.173,137.142,115167.0
2022-08-24 21:00:00,137.142,137.202,136.32,136.482,114750.0
2022-08-25 21:00:00,136.482,137.541,136.183,137.528,130963.0
2022-08-28 21:00:00,137.528,139.002,137.528,138.705,110787.0
2022-08-29 21:00:00,138.705,139.082,138.053,138.804,118960.0
2022-08-30 21:00:00,138.804,139.005,138.273,138.955,110184.0
2022-08-31 21:00:00,138.955,140.232,138.903,140.204,119374.0
2022-09-01 21:00:00,140.204,140.804,139.873,140.221,103697.0
2022-09-04 21:00:00,140.221,140.662,140.119,140.58,98129.0
2022-09-05 21:00:00,140.58,143.076,140.25,142.8,126855.0
2022-09-06 21:00:00,142.8,144.992,142.711,143.768,183413.0
2022-09-07 21:00:00,143.768,144.562,143.32,144.106,152988.0
2022-09-08 21:00:00,144.106,144.128,141.504,142.611,176039.0
2022-09-11 21:00:00,142.611,143.496,142.144,142.835,128039.0
2022-09-12 21:00:00,142.835,144.686,141.644,144.556,176668.0
2022-09-13 21:00:00,144.556,144.967,142.552,143.181,183750.0
2022-09-14 21:00:00,143.181,143.803,142.798,143.494,144148.0
2022-09-15 21:00:00,143.494,143.695,142.831,142.94,117457.0
2022-09-18 21:00:00,142.94,143.644,142.643,143.216,105398.0
2022-09-19 21:00:00,143.216,143.926,142.934,143.722,111845.0
2022-09-20 21:00:00,143.722,144.706,143.343,144.048,187115.0
2022-09-21 21:00:00,144.048,145.902,140.35,142.387,282288.0
2022-09-22 21:00:00,142.387,143.464,141.762,143.358,212174.0
2022-09-25 21:00:00,143.358,144.79,143.231,144.736,218899.0
2022-09-26 21:00:00,144.736,144.904,144.061,144.842,185300.0
2022-09-27 21:00:00,144.842,144.872,143.906,144.12,193740.0
2022-09-28 21:00:00,144.12,144.813,144.077,144.426,176267.0
2022-09-29 21:00:00,144.426,144.811,144.206,144.748,159893.0
2022-10-02 21:00:00,144.748,145.326,144.156,144.566,150418.0
2022-10-03 21:00:00,144.566,144.936,143.894,144.14,145150.0
2022-10-04 21:00:00,144.14,144.847,143.528,144.685,147661.0
2022-10-05 21:00:00,144.685,145.142,144.386,145.129,126758.0
2022-10-06 21:00:00,145.129,145.444,144.647,145.382,124159.0
2022-10-09 21:00:00,145.382,145.805,145.236,145.727,90198.0
2022-10-10 21:00:00,145.727,145.9,145.428,145.862,125294.0
2022-10-11 21:00:00,145.862,146.974,145.608,146.911,148332.0
2022-10-12 21:00:00,146.911,147.674,146.447,147.216,151898.0
2022-10-13 21:00:00,147.216,148.862,147.089,148.758,147013.0
2022-10-16 21:00:00,148.758,149.092,148.43,149.024,110141.0
2022-10-17 21:00:00,149.024,149.39,148.127,149.242,114789.0
2022-10-18 21:00:00,149.242,149.909,149.1,149.896,101976.0
2022-10-19 21:00:00,149.896,150.288,149.553,150.16,106632.0
2022-10-20 21:00:00,150.16,151.946,146.197,147.641,221747.0
2022-10-23 21:00:00,147.641,149.714,145.534,149.02,170372.0
2022-10-24 21:00:00,149.02,149.102,147.513,147.944,101331.0
2022-10-25 21:00:00,147.944,148.414,146.226,146.376,144158.0
2022-10-26 21:00:00,146.376,146.942,145.108,146.291,180752.0
2022-10-27 21:00:00,146.291,147.862,145.96,147.481,160033.0
2022-10-30 21:00:00,147.481,148.851,147.426,148.742,117361.0
2022-10-31 21:00:00,148.742,148.827,146.988,148.226,140574.0
2022-11-01 21:00:00,148.226,148.376,145.668,147.918,168477.0
2022-11-02 21:00:00,147.918,148.453,147.114,148.28,158685.0
2022-11-03 21:00:00,148.28,148.404,146.557,146.646,160003.0
2022-11-06 22:00:00,146.646,147.572,146.083,146.626,135658.0
2022-11-07 22:00:00,146.626,146.937,145.312,145.636,116291.0
2022-11-08 22:00:00,145.636,146.798,145.171,146.414,157706.0
2022-11-09 22:00:00,146.414,146.593,140.202,140.936,212542.0
2022-11-10 22:00:00,140.936,142.484,138.468,138.841,225108.0
2022-11-13 22:00:00,138.841,140.801,138.801,139.916,193666.0
2022-11-14 22:00:00,139.916,140.626,137.664,139.316,241629.0
2022-11-15 22:00:00,139.316,140.295,138.732,139.54,201855.0
2022-11-16 22:00:00,139.54,140.742,138.878,140.214,163981.0
2022-11-17 22:00:00,140.214,140.502,139.632,140.376,147851.0
2022-11-20 22:00:00,140.376,142.255,140.163,142.104,145628.0
2022-11-21 22:00:00,142.104,142.244,141.084,141.212,118679.0
2022-11-22 22:00:00,141.212,141.616,139.162,139.59,142031.0
2022-11-23 22:00:00,139.59,139.631,138.048,138.636,118558.0
2022-11-24 22:00:00,138.636,139.6,138.374,139.164,129666.0
2022-11-27 22:00:00,139.164,139.426,137.494,138.92,158400.0
2022-11-28 22:00:00,138.92,139.355,137.866,138.702,155224.0
2022-11-29 22:00:00,138.702,139.897,137.653,138.118,189655.0
2022-11-30 22:00:00,138.118,138.118,135.211,135.348,198734.0
2022-12-01 22:00:00,135.348,135.986,133.622,134.332,193556.0
2022-12-04 22:00:00,134.332,136.862,134.13,136.754,158030.0
2022-12-05 22:00:00,136.754,137.43,135.964,137.055,156524.0
2022-12-06 22:00:00,137.055,137.86,136.219,136.586,173947.0
2022-12-07 22:00:00,136.586,137.249,136.246,136.69,133764.0
2022-12-08 22:00:00,136.69,136.915,135.604,136.568,155650.0
2022-12-11 22:00:00,136.568,137.851,136.492,137.656,129119.0
2022-12-12 22:00:00,137.656,137.974,134.657,135.6,186631.0
2022-12-13 22:00:00,135.6,135.996,134.51,135.482,188891.0
2022-12-14 22:00:00,135.482,138.176,135.24,137.782,142325.0
2022-12-15 22:00:00,137.782,137.882,136.294,136.741,138367.0
2022-12-18 22:00:00,136.741,137.164,135.754,136.912,140800.0
2022-12-19 22:00:00,136.912,137.478,130.566,131.7,270371.0
2022-12-20 22:00:00,131.7,132.534,131.495,132.447,157729.0
2022-12-21 22:00:00,132.447,132.724,131.644,132.374,124305.0
2022-12-22 22:00:00,132.374,133.145,132.154,132.827,120682.0
2022-12-26 22:00:00,132.827,133.598,132.634,133.506,84050.0
2022-12-27 22:00:00,133.506,134.5,133.396,134.486,115401.0
2022-12-28 22:00:00,134.486,134.486,132.88,133.026,115850.0
2022-12-29 22:00:00,133.026,133.097,130.771,131.101,140259.0
2023-01-01 22:00:00,131.101,131.101,130.618,130.659,55749.0
2023-01-02 22:00:00,130.659,131.406,129.508,130.984,184113.0
2023-01-03 22:00:00,130.984,132.718,129.928,132.672,183668.0
2023-01-04 22:00:00,132.672,134.055,131.684,133.424,181755.0
2023-01-05 22:00:00,133.424,134.778,131.994,132.094,186233.0
2023-01-08 22:00:00,132.094,132.658,131.308,131.878,156526.0
2023-01-09 22:00:00,131.878,132.481,131.386,132.235,154593.0
2023-01-10 22:00:00,132.235,132.875,132.068,132.506,136556.0
2023-01-11 22:00:00,132.506,132.51,128.864,129.302,231643.0
2023-01-12 22:00:00,129.302,129.436,127.46,127.857,195337.0
2023-01-15 22:00:00,127.857,128.869,127.22,128.524,151935.0
2023-01-16 22:00:00,128.524,129.168,127.992,128.156,167126.0
2023-01-17 22:00:00,128.156,131.58,127.566,128.904,280500.0
2023-01-18 22:00:00,128.904,128.904,127.762,128.424,196602.0
2023-01-19 22:00:00,128.424,130.614,128.348,129.568,175694.0
2023-01-22 22:00:00,129.568,130.892,129.044,130.682,157695.0
2023-01-23 22:00:00,130.682,131.12,129.728,130.2,132170.0
2023-01-24 22:00:00,130.2,130.586,129.268,129.578,149000.0
2023-01-25 22:00:00,129.578,130.621,129.024,130.238,166769.0
2023-01-26 22:00:00,130.238,130.269,129.496,129.832,160917.0
2023-01-29 22:00:00,129.832,130.57,129.202,130.43,147493.0
2023-01-30 22:00:00,130.43,130.533,129.745,130.098,139809.0
2023-01-31 22:00:00,130.098,130.411,128.537,128.921,168821.0
2023-02-01 22:00:00,128.921,129.144,128.084,128.714,182244.0
2023-02-02 22:00:00,128.714,131.206,128.329,131.206,164774.0
2023-02-05 22:00:00,131.206,132.908,131.206,132.632,153975.0
2023-02-06 22:00:00,132.632,132.712,130.477,131.062,200360.0
2023-02-07 22:00:00,131.062,131.538,130.596,131.451,155708.0
2023-02-08 22:00:00,131.451,131.829,130.342,131.523,160657.0
2023-02-09 22:00:00,131.523,131.894,129.803,131.428,205624.0
2023-02-12 22:00:00,131.428,132.912,131.32,132.424,139857.0
2023-02-13 22:00:00,132.424,133.318,131.504,133.104,209886.0
2023-02-14 22:00:00,133.104,134.361,132.547,134.165,156172.0
2023-02-15 22:00:00,134.165,134.464,133.605,133.946,164794.0
2023-02-16 22:00:00,133.946,135.118,133.94,134.164,138220.0
2023-02-19 22:00:00,134.164,134.542,133.923,134.282,107223.0
2023-02-20 22:00:00,134.282,135.228,134.151,135.018,138287.0
2023-02-21 22:00:00,135.018,135.062,134.366,134.912,147767.0
2023-02-22 22:00:00,134.912,135.37,134.488,134.687,118883.0
2023-02-23 22:00:00,134.687,136.522,134.06,136.492,170684.0
2023-02-26 22:00:00,136.492,136.563,135.916,136.226,120046.0
2023-02-27 22:00:00,136.226,136.92,135.734,136.224,126135.0
2023-02-28 22:00:00,136.224,136.472,135.258,136.214,147329.0
2023-03-01 22:00:00,136.214,137.106,136.024,136.765,148913.0
2023-03-02 22:00:00,136.765,136.788,135.747,135.827,139081.0
2023-03-05 22:00:00,135.827,136.194,135.366,135.918,134187.0
2023-03-06 22:00:00,135.918,137.198,135.542,137.162,142825.0
2023-03-07 22:00:00,137.162,137.915,136.48,137.36,137393.0
2023-03-08 22:00:00,137.36,137.367,135.94,136.126,119017.0
2023-03-09 22:00:00,136.126,136.997,134.114,135.11,222723.0
2023-03-12 21:00:00,135.11,135.11,132.284,133.252,289068.0
2023-03-13 21:00:00,133.252,134.906,133.03,134.222,219042.0
2023-03-14 21:00:00,134.222,135.116,132.215,133.432,277292.0
2023-03-15 21:00:00,133.432,133.83,131.72,133.776,258596.0
2023-03-16 21:00:00,133.776,133.776,131.556,131.856,199342.0
2023-03-19 21:00:00,131.856,132.656,130.541,131.306,233222.0
2023-03-20 21:00:00,131.306,132.634,131.035,132.455,141954.0
2023-03-21 21:00:00,132.455,133.004,131.004,131.497,159856.0
2023-03-22 21:00:00,131.497,131.665,130.323,130.89,178400.0
2023-03-23 21:00:00,130.89,130.943,129.642,130.718,177507.0
2023-03-26 21:00:00,130.718,131.76,130.497,131.572,135469.0
2023-03-27 21:00:00,131.572,131.572,130.406,130.899,126309.0
2023-03-28 21:00:00,130.899,132.892,130.762,132.864,130931.0
2023-03-29 21:00:00,132.864,132.968,132.204,132.68,124591.0
2023-03-30 21:00:00,132.68,133.596,132.589,132.83,138660.0
2023-04-02 21:00:00,132.83,133.759,132.204,132.406,138473.0
2023-04-03 21:00:00,132.406,133.17,131.522,131.724,136176.0
2023-04-04 21:00:00,131.724,131.846,130.628,131.336,139605.0
2023-04-05 21:00:00,131.336,131.906,130.78,131.762,103712.0
2023-04-06 21:00:00,131.762,132.38,131.526,132.147,82005.0
2023-04-09 21:00:00,132.147,133.874,131.834,133.62,120634.0
2023-04-10 21:00:00,133.62,133.806,132.973,133.695,109789.0
2023-04-11 21:00:00,133.695,134.048,132.736,133.177,136226.0
2023-04-12 21:00:00,133.177,133.394,132.02,132.574,113794.0
2023-04-13 21:00:00,132.574,133.838,132.168,133.754,123632.0
2023-04-16 21:00:00,133.754,134.576,133.712,134.486,99835.0
2023-04-17 21:00:00,134.486,134.708,133.861,134.095,106973.0
2023-04-18 21:00:00,134.095,135.14,133.954,134.732,112405.0
2023-04-19 21:00:00,134.732,134.974,134.014,134.24,111337.0
2023-04-20 21:00:00,134.24,134.494,133.55,134.125,106666.0
2023-04-23 21:00:00,134.125,134.734,133.894,134.25,89236.0
2023-04-24 21:00:00,134.25,134.48,133.367,133.723,114602.0
2023-04-25 21:00:00,133.723,133.946,133.017,133.678,129298.0
2023-04-26 21:00:00,133.678,134.202,133.214,133.976,101896.0
2023-04-27 21:00:00,133.976,136.562,133.337,136.305,163843.0
2023-04-30 21:00:00,136.305,137.544,136.191,137.47,86773.0
2023-05-01 21:00:00,137.47,137.774,136.316,136.568,121432.0
2023-05-02 21:00:00,136.568,136.614,134.736,134.744,138574.0
2023-05-03 21:00:00,134.744,134.88,133.5,134.27,158157.0
2023-05-04 21:00:00,134.27,135.127,133.887,134.841,98802.0
2023-05-07 21:00:00,134.841,135.302,134.642,135.112,85182.0
2023-05-08 21:00:00,135.112,135.36,134.722,135.228,103150.0
2023-05-09 21:00:00,135.228,135.472,134.113,134.384,130210.0
2023-05-10 21:00:00,134.384,134.845,133.746,134.567,139874.0
2023-05-11 21:00:00,134.567,135.753,134.404,135.738,99481.0
2023-05-14 21:00:00,135.738,136.328,135.662,136.108,107233.0
2023-05-15 21:00:00,136.108,136.686,135.658,136.385,101628.0
2023-05-16 21:00:00,136.385,137.71,136.305,137.697,100978.0
2023-05-17 21:00:00,137.697,138.748,137.29,138.7,104802.0
2023-05-18 21:00:00,138.7,138.736,137.424,137.964,128600.0
2023-05-21 21:00:00,137.964,138.688,137.494,138.592,105654.0
2023-05-22 21:00:00,138.592,138.914,138.242,138.586,127604.0
2023-05-23 21:00:00,138.586,139.479,138.23,139.465,118171.0
2023-05-24 21:00:00,139.465,140.231,138.816,140.05,132633.0
2023-05-25 21:00:00,140.05,140.727,139.497,140.62,111534.0
2023-05-28 21:00:00,140.62,140.922,140.116,140.442,53230.0
2023-05-29 21:00:00,140.442,140.934,139.572,139.796,118497.0
2023-05-30 21:00:00,139.796,140.382,139.234,139.339,110702.0
2023-05-31 21:00:00,139.339,139.952,138.439,138.806,104603.0
2023-06-01 21:00:00,138.806,140.072,138.605,139.966,94189.0
2023-06-04 21:00:00,139.966,140.456,139.25,139.572,86752.0
2023-06-05 21:00:00,139.572,139.994,139.096,139.645,84685.0
2023-06-06 21:00:00,139.645,140.248,139.026,140.176,89515.0
2023-06-07 21:00:00,140.176,140.233,138.81,138.924,99517.0
2023-06-08 21:00:00,138.924,139.726,138.758,139.378,84313.0
2023-06-11 21:00:00,139.378,139.769,139.065,139.61,82985.0
2023-06-12 21:00:00,139.61,140.308,139.012,140.231,99818.0
2023-06-13 21:00:00,140.231,140.291,139.284,140.098,108637.0
2023-06-14 21:00:00,140.098,141.506,139.944,140.266,136732.0
2023-06-15 21:00:00,140.266,141.915,139.854,141.88,126030.0
2023-06-18 21:00:00,141.88,142.003,141.442,141.994,61467.0
2023-06-19 21:00:00,141.994,142.256,141.214,141.431,94665.0
2023-06-20 21:00:00,141.431,142.372,141.284,141.892,106334.0
2023-06-21 21:00:00,141.892,143.23,141.611,143.111,96526.0
2023-06-22 21:00:00,143.111,143.873,142.698,143.666,115398.0
2023-06-25 21:00:00,143.666,143.723,142.938,143.512,99538.0
2023-06-26 21:00:00,143.512,144.176,143.282,144.077,103758.0
2023-06-27 21:00:00,144.077,144.618,143.73,144.49,106018.0
2023-06-28 21:00:00,144.49,144.902,144.136,144.795,106310.0
2023-06-29 21:00:00,144.795,145.073,144.202,144.347,107641.0
2023-07-02 21:00:00,144.347,144.914,143.986,144.69,90340.0
2023-07-03 21:00:00,144.69,144.705,144.207,144.461,54132.0
2023-07-04 21:00:00,144.461,144.737,144.08,144.662,78753.0
2023-07-05 21:00:00,144.662,144.662,143.556,144.063,115535.0
2023-07-06 21:00:00,144.063,144.202,142.074,142.162,139283.0
2023-07-09 21:00:00,142.162,143.006,141.28,141.31,123375.0
2023-07-10 21:00:00,141.31,141.46,140.16,140.35,121772.0
2023-07-11 21:00:00,140.35,140.386,138.154,138.509,142901.0
2023-07-12 21:00:00,138.509,138.957,137.923,138.054,132009.0
2023-07-13 21:00:00,138.054,139.162,137.239,138.794,145915.0
2023-07-16 21:00:00,138.794,139.412,138.0,138.72,121606.0
2023-07-17 21:00:00,138.72,139.137,137.684,138.822,160469.0
2023-07-18 21:00:00,138.822,139.995,138.766,139.68,152676.0
2023-07-19 21:00:00,139.68,140.498,139.11,140.074,146915.0
2023-07-20 21:00:00,140.074,141.956,139.75,141.85,164829.0
2023-07-23 21:00:00,141.85,141.85,140.742,141.492,140378.0
2023-07-24 21:00:00,141.492,141.743,140.854,140.916,119093.0
2023-07-25 21:00:00,140.916,141.188,139.926,140.239,156075.0
2023-07-26 21:00:00,140.239,141.323,138.768,139.482,206457.0
2023-07-27 21:00:00,139.482,141.894,138.066,141.171,266386.0
2023-07-30 21:00:00,141.171,142.696,140.692,142.261,182780.0
2023-07-31 21:00:00,142.261,143.546,142.211,143.329,158190.0
2023-08-01 21:00:00,143.329,143.478,142.234,143.338,176078.0
2023-08-02 21:00:00,143.338,143.891,142.066,142.526,203691.0
2023-08-03 21:00:00,142.526,142.94,141.552,141.77,179380.0
2023-08-06 21:00:00,141.77,142.588,141.512,142.48,136684.0
2023-08-07 21:00:00,142.48,143.494,142.402,143.388,169528.0
2023-08-08 21:00:00,143.388,143.75,143.0,143.74,148751.0
2023-08-09 21:00:00,143.74,144.818,143.27,144.759,154893.0
2023-08-10 21:00:00,144.759,145.004,144.42,144.972,133065.0
2023-08-13 21:00:00,144.972,145.58,144.653,145.552,140796.0
2023-08-14 21:00:00,145.552,145.868,145.106,145.572,146520.0
2023-08-15 21:00:00,145.572,146.409,145.305,146.356,144880.0
2023-08-16 21:00:00,146.356,146.564,145.618,145.857,151693.0
2023-08-17 21:00:00,145.857,145.868,144.928,145.405,120877.0
2023-08-20 21:00:00,145.405,146.403,145.146,146.224,104462.0
2023-08-21 21:00:00,146.224,146.401,145.496,145.88,105025.0
2023-08-22 21:00:00,145.88,145.882,144.542,144.853,122204.0
2023-08-23 21:00:00,144.853,145.961,144.603,145.852,111940.0
2023-08-24 21:00:00,145.852,146.636,145.724,146.44,121258.0
2023-08-27 21:00:00,146.44,146.747,146.274,146.534,84621.0
2023-08-28 21:00:00,146.534,147.378,145.67,145.88,118597.0
2023-08-29 21:00:00,145.88,146.538,145.557,146.252,129573.0
2023-08-30 21:00:00,146.252,146.252,145.351,145.537,122759.0
2023-08-31 21:00:00,145.537,146.294,144.44,146.232,120636.0
2023-09-03 21:00:00,146.232,146.5,146.024,146.488,61549.0
2023-09-04 21:00:00,146.488,147.802,146.41,147.726,102964.0
2023-09-05 21:00:00,147.726,147.819,147.018,147.672,110052.0
2023-09-06 21:00:00,147.672,147.874,147.044,147.296,96080.0
2023-09-07 21:00:00,147.296,147.873,146.59,147.796,100590.0
2023-09-10 21:00:00,147.796,147.796,145.902,146.588,134572.0
2023-09-11 21:00:00,146.588,147.235,146.438,147.076,103616.0
2023-09-12 21:00:00,147.076,147.75,147.02,147.476,125547.0
2023-09-13 21:00:00,147.476,147.566,147.017,147.472,121912.0
2023-09-14 21:00:00,147.472,147.952,147.336,147.85,112927.0
2023-09-17 21:00:00,147.85,147.879,147.56,147.612,75249.0
2023-09-18 21:00:00,147.612,147.922,147.509,147.882,80138.0
2023-09-19 21:00:00,147.882,148.362,147.476,148.353,108195.0
2023-09-20 21:00:00,148.353,148.46,147.322,147.569,106085.0
2023-09-21 21:00:00,147.569,148.418,147.506,148.373,107444.0
2023-09-24 21:00:00,148.373,148.964,148.253,148.892,83749.0
2023-09-25 21:00:00,148.892,149.186,148.704,149.068,90919.0
2023-09-26 21:00:00,149.068,149.708,148.864,149.652,91864.0
2023-09-27 21:00:00,149.652,149.652,149.146,149.296,108139.0
2023-09-28 21:00:00,149.296,149.506,148.526,149.368,113543.0
2023-10-01 21:00:00,149.368,149.88,149.368,149.874,93542.0
2023-10-02 21:00:00,149.874,150.16,147.336,149.083,119852.0
2023-10-03 21:00:00,149.083,149.319,148.736,149.13,111044.0
2023-10-04 21:00:00,149.13,149.13,148.262,148.509,119978.0
2023-10-05 21:00:00,148.509,149.537,148.362,149.302,124626.0
2023-10-08 21:00:00,149.302,149.302,148.438,148.522,92486.0
2023-10-09 21:00:00,148.522,149.098,148.162,148.716,117381.0
2023-10-10 21:00:00,148.716,149.324,148.426,149.18,117480.0
2023-10-11 21:00:00,149.18,149.829,148.956,149.818,112009.0
2023-10-12 21:00:00,149.818,149.828,149.454,149.577,105428.0
2023-10-15 21:00:00,149.577,149.762,149.372,149.522,83725.0
2023-10-16 21:00:00,149.522,149.851,148.762,149.812,93718.0
2023-10-17 21:00:00,149.812,149.94,149.484,149.93,87891.0
2023-10-18 21:00:00,149.93,149.964,149.668,149.799,115591.0
2023-10-19 21:00:00,149.799,149.994,149.65,149.876,88530.0
2023-10-22 21:00:00,149.876,149.994,149.558,149.708,76206.0
2023-10-23 21:00:00,149.708,149.932,149.323,149.907,86864.0
2023-10-24 21:00:00,149.907,150.316,149.796,150.216,73648.0
2023-10-25 21:00:00,150.216,150.779,149.866,150.397,112642.0
2023-10-26 21:00:00,150.397,150.418,149.462,149.642,90036.0
2023-10-29 21:00:00,149.642,149.856,148.805,149.068,85206.0
2023-10-30 21:00:00,149.068,151.72,149.004,151.714,132589.0
2023-10-31 21:00:00,151.714,151.714,150.662,150.962,113290.0
2023-11-01 21:00:00,150.962,150.962,149.845,150.474,104720.0
2023-11-02 21:00:00,150.474,150.528,149.196,149.367,101983.0
2023-11-05 22:00:00,149.367,150.084,149.344,150.072,85027.0
2023-11-06 22:00:00,150.072,150.692,149.936,150.414,86756.0
2023-11-07 22:00:00,150.414,151.059,150.344,150.976,89755.0
2023-11-08 22:00:00,150.976,151.39,150.768,151.348,103446.0
2023-11-09 22:00:00,151.348,151.605,151.222,151.54,90479.0
2023-11-12 22:00:00,151.54,151.911,151.204,151.721,77004.0
2023-11-13 22:00:00,151.721,151.791,150.156,150.383,102683.0
2023-11-14 22:00:00,150.383,151.422,150.048,151.387,106214.0
2023-11-15 22:00:00,151.387,151.432,150.286,150.739,98695.0
2023-11-16 22:00:00,150.739,150.776,149.196,149.646,114772.0
2023-11-19 22:00:00,149.646,149.991,148.104,148.394,132098.0
2023-11-20 22:00:00,148.394,148.598,147.152,148.4,134629.0
2023-11-21 22:00:00,148.4,149.752,148.02,149.536,131938.0
2023-11-22 22:00:00,149.536,149.694,148.888,149.572,77446.0
2023-11-23 22:00:00,149.572,149.714,149.198,149.45,99749.0
2023-11-26 22:00:00,149.45,149.676,148.544,148.673,121762.0
2023-11-27 22:00:00,148.673,148.832,147.322,147.466,146733.0
2023-11-28 22:00:00,147.466,147.906,146.672,147.236,172203.0
2023-11-29 22:00:00,147.236,148.522,146.846,148.217,164110.0
2023-11-30 22:00:00,148.217,148.346,146.66,146.805,168410.0
2023-12-03 22:00:00,146.805,147.451,146.228,147.228,175731.0
2023-12-04 22:00:00,147.228,147.392,146.562,147.154,162681.0
2023-12-05 22:00:00,147.154,147.5,146.894,147.322,129966.0
2023-12-06 22:00:00,147.322,147.322,141.626,144.172,227427.0
2023-12-07 22:00:00,144.172,145.226,142.5,144.983,250863.0
2023-12-10 22:00:00,144.983,146.592,144.813,146.176,167722.0
2023-12-11 22:00:00,146.176,146.192,144.733,145.48,157107.0
2023-12-12 22:00:00,145.48,145.998,142.636,142.896,199006.0
2023-12-13 22:00:00,142.896,142.924,140.954,141.882,276371.0
2023-12-14 22:00:00,141.882,142.468,141.43,142.156,207272.0
2023-12-17 22:00:00,142.156,143.16,142.073,142.799,149323.0
2023-12-18 22:00:00,142.799,144.956,142.246,143.844,196414.0
2023-12-19 22:00:00,143.844,144.1,143.264,143.564,162621.0
2023-12-20 22:00:00,143.564,143.639,142.046,142.124,179127.0
2023-12-21 22:00:00,142.124,142.665,141.864,142.452,155300.0
2023-12-25 22:00:00,142.452,142.638,142.094,142.374,75344.0
2023-12-26 22:00:00,142.374,142.85,141.548,141.825,112127.0
2023-12-27 22:00:00,141.825,141.825,140.252,141.412,145558.0
2023-12-28 22:00:00,141.412,141.914,140.798,141.035,131287.0
2024-01-01 22:00:00,141.035,142.216,140.811,142.006,143363.0
2024-01-02 22:00:00,142.006,143.736,141.859,143.305,163793.0
2024-01-03 22:00:00,143.305,144.852,142.854,144.632,162083.0
2024-01-04 22:00:00,144.632,145.979,143.808,144.623,190509.0
2024-01-07 22:00:00,144.623,144.923,143.662,144.237,154717.0
2024-01-08 22:00:00,144.237,144.626,143.424,144.502,162469.0
2024-01-09 22:00:00,144.502,145.844,144.32,145.774,144196.0
2024-01-10 22:00:00,145.774,146.416,145.012,145.3,192739.0
2024-01-11 22:00:00,145.3,145.57,144.352,144.905,172237.0
2024-01-14 22:00:00,144.905,145.944,144.889,145.774,109427.0
2024-01-15 22:00:00,145.774,147.316,145.586,147.184,192316.0
2024-01-16 22:00:00,147.184,148.526,147.071,148.158,190418.0
2024-01-17 22:00:00,148.158,148.305,147.657,148.16,177284.0
2024-01-18 22:00:00,148.16,148.808,147.84,148.176,159300.0
2024-01-21 22:00:00,148.176,148.304,147.618,148.136,153135.0
2024-01-22 22:00:00,148.136,148.698,146.98,148.368,175731.0
2024-01-23 22:00:00,148.368,148.398,146.65,147.518,176528.0
2024-01-24 22:00:00,147.518,147.954,147.084,147.655,170202.0
2024-01-25 22:00:00,147.655,148.21,147.417,148.168,150682.0
2024-01-28 22:00:00,148.168,148.338,147.254,147.508,137084.0
2024-01-29 22:00:00,147.508,147.928,147.098,147.609,142710.0
2024-01-30 22:00:00,147.609,147.902,146.012,146.965,229076.0
2024-01-31 22:00:00,146.965,147.118,145.898,146.418,217348.0
2024-02-01 22:00:00,146.418,148.587,146.243,148.387,173130.0
2024-02-04 22:00:00,148.387,148.894,148.268,148.694,163729.0
2024-02-05 22:00:00,148.694,148.789,147.821,147.95,149597.0
2024-02-06 22:00:00,147.95,148.26,147.629,148.174,149456.0
2024-02-07 22:00:00,148.174,149.48,147.934,149.321,156489.0
2024-02-08 22:00:00,149.321,149.576,149.006,149.282,141588.0
2024-02-11 22:00:00,149.282,149.481,148.927,149.358,127593.0
2024-02-12 22:00:00,149.358,150.888,149.262,150.794,150369.0
2024-02-13 22:00:00,150.794,150.83,150.344,150.596,143289.0
2024-02-14 22:00:00,150.596,150.596,149.531,149.938,152013.0
2024-02-15 22:00:00,149.938,150.648,149.826,150.195,133804.0
2024-02-18 22:00:00,150.195,150.214,149.875,150.141,80868.0
2024-02-19 22:00:00,150.141,150.441,149.685,149.998,141693.0
2024-02-20 22:00:00,149.998,150.395,149.854,150.29,131741.0
2024-02-21 22:00:00,150.29,150.692,150.018,150.535,160253.0
2024-02-22 22:00:00,150.535,150.77,150.292,150.524,117978.0
2024-02-25 22:00:00,150.524,150.84,150.294,150.714,133859.0
2024-02-26 22:00:00,150.714,150.714,150.078,150.516,112397.0
2024-02-27 22:00:00,150.516,150.846,150.374,150.707,126057.0
2024-02-28 22:00:00,150.707,150.707,149.208,149.986,167439.0
2024-02-29 22:00:00,149.986,150.724,149.958,150.141,157388.0
2024-03-03 22:00:00,150.141,150.57,149.841,150.522,108086.0
2024-03-04 22:00:00,150.522,150.55,149.706,150.062,136704.0
2024-03-05 22:00:00,150.062,150.086,149.096,149.41,144492.0
2024-03-06 22:00:00,149.41,149.41,147.586,148.032,186151.0
2024-03-07 22:00:00,148.032,148.12,146.482,147.077,184451.0
2024-03-10 21:00:00,147.077,147.161,146.486,146.944,130131.0
2024-03-11 21:00:00,146.944,148.176,146.622,147.656,162667.0
2024-03-12 21:00:00,147.656,148.048,147.234,147.758,127758.0
2024-03-13 21:00:00,147.758,148.36,147.433,148.324,152008.0
2024-03-14 21:00:00,148.324,149.166,148.032,149.055,130632.0
2024-03-17 21:00:00,149.055,149.333,148.908,149.153,117092.0
2024-03-18 21:00:00,149.153,150.962,149.002,150.848,151987.0
2024-03-19 21:00:00,150.848,151.819,150.72,151.244,155521.0
2024-03-20 21:00:00,151.244,151.756,150.266,151.63,166311.0
2024-03-21 21:00:00,151.63,151.862,151.005,151.44,139826.0
2024-03-24 21:00:00,151.44,151.546,151.054,151.417,107786.0
2024-03-25 21:00:00,151.417,151.603,151.206,151.555,101608.0
2024-03-26 21:00:00,151.555,151.974,151.027,151.325,116914.0
2024-03-27 21:00:00,151.325,151.548,151.151,151.386,109124.0
2024-03-28 21:00:00,151.386,151.501,151.178,151.342,78705.0
2024-03-31 21:00:00,151.342,151.775,151.226,151.654,80005.0
2024-04-01 21:00:00,151.654,151.802,151.466,151.558,97244.0
2024-04-02 21:00:00,151.558,151.954,151.442,151.701,87715.0
2024-04-03 21:00:00,151.701,151.772,151.12,151.346,90464.0
2024-04-04 21:00:00,151.346,151.753,150.81,151.63,127125.0
2024-04-07 21:00:00,151.63,151.945,151.584,151.852,82166.0
2024-04-08 21:00:00,151.852,151.937,151.572,151.781,80554.0
2024-04-09 21:00:00,151.781,153.239,151.682,153.145,118788.0
2024-04-10 21:00:00,153.145,153.321,152.758,153.277,132691.0
2024-04-11 21:00:00,153.277,153.387,152.591,153.312,122866.0
2024-04-14 21:00:00,153.312,154.448,152.978,154.273,129022.0
2024-04-15 21:00:00,154.273,154.788,153.901,154.731,118866.0
2024-04-16 21:00:00,154.731,154.735,154.16,154.396,99384.0
2024-04-17 21:00:00,154.396,154.682,153.957,154.656,94170.0
2024-04-18 21:00:00,154.656,154.673,153.59,154.644,130185.0
2024-04-21 21:00:00,154.644,154.852,154.452,154.836,69703.0
2024-04-22 21:00:00,154.836,154.876,154.552,154.836,78546.0
2024-04-23 21:00:00,154.836,155.378,154.733,155.346,74529.0
2024-04-24 21:00:00,155.346,155.748,155.198,155.646,90277.0
2024-04-25 21:00:00,155.646,158.444,154.97,158.345,125515.0
2024-04-28 21:00:00,158.345,160.233,154.528,156.36,239809.0
2024-04-29 21:00:00,156.36,157.848,156.062,157.814,113941.0
2024-04-30 21:00:00,157.814,157.988,153.002,154.442,119223.0
2024-05-01 21:00:00,154.442,156.288,153.058,153.678,179168.0
2024-05-02 21:00:00,153.678,153.786,151.858,152.984,150540.0
2024-05-05 21:00:00,152.984,154.01,152.815,153.899,104495.0
2024-05-06 21:00:00,153.899,154.749,153.864,154.692,92200.0
2024-05-07 21:00:00,154.692,155.685,154.578,155.532,96069.0
2024-05-08 21:00:00,155.532,155.953,155.155,155.481,88998.0
2024-05-09 21:00:00,155.481,155.903,155.266,155.772,84885.0
2024-05-12 21:00:00,155.772,156.252,155.502,156.222,72061.0
2024-05-13 21:00:00,156.222,156.784,156.161,156.431,76221.0
2024-05-14 21:00:00,156.431,156.562,154.692,154.905,112400.0
2024-05-15 21:00:00,154.905,155.539,153.602,155.398,134069.0
2024-05-16 21:00:00,155.398,155.98,155.25,155.642,93347.0
2024-05-19 21:00:00,155.642,156.304,155.496,156.276,82877.0
2024-05-20 21:00:00,156.276,156.55,155.844,156.196,98685.0
2024-05-21 21:00:00,156.196,156.846,156.128,156.83,89348.0
2024-05-22 21:00:00,156.83,157.198,156.529,156.945,108694.0
2024-05-23 21:00:00,156.945,157.149,156.822,156.995,80285.0
2024-05-26 21:00:00,156.995,157.023,156.664,156.899,52296.0
2024-05-27 21:00:00,156.899,157.2,156.58,157.19,76419.0
2024-05-28 21:00:00,157.19,157.709,156.896,157.668,86245.0
2024-05-29 21:00:00,157.668,157.674,156.373,156.816,116340.0
2024-05-30 21:00:00,156.816,157.367,156.56,157.302,120431.0
2024-06-02 21:00:00,157.302,157.474,155.95,156.083,111825.0
2024-06-03 21:00:00,156.083,156.488,154.546,154.896,153730.0
2024-06-04 21:00:00,154.896,156.484,154.798,156.109,132720.0
2024-06-05 21:00:00,156.109,156.448,155.356,155.618,129330.0
2024-06-06 21:00:00,155.618,157.076,155.122,156.772,141404.0
2024-06-09 21:00:00,156.772,157.194,156.68,157.032,110164.0
2024-06-10 21:00:00,157.032,157.404,156.808,157.14,108031.0
2024-06-11 21:00:00,157.14,157.371,155.72,156.732,147839.0
2024-06-12 21:00:00,156.732,157.312,156.584,157.006,125353.0
2024-06-13 21:00:00,157.006,158.258,156.812,157.409,182949.0
2024-06-16 21:00:00,157.409,157.962,157.158,157.729,105517.0
2024-06-17 21:00:00,157.688,158.232,157.518,157.856,103795.0
2024-06-18 21:00:00,157.859,158.134,157.604,158.084,55929.0
2024-06-19 21:00:00,158.026,158.942,157.923,158.93,85036.0
2024-06-20 21:00:00,158.942,159.85,158.667,159.822,99291.0
2024-06-23 21:00:00,159.778,159.928,158.742,159.624,112309.0
2024-06-24 21:00:00,159.601,159.758,159.187,159.68,105203.0
2024-06-25 21:00:00,159.682,160.874,159.612,160.825,118809.0
2024-06-26 21:00:00,160.758,160.824,160.281,160.774,108239.0
2024-06-27 21:00:00,160.744,161.285,160.262,160.873,148848.0
2024-06-30 21:00:00,160.786,161.73,160.736,161.474,124672.0
2024-07-01 21:00:00,161.515,161.744,161.269,161.469,94723.0
2024-07-02 21:00:00,161.44,161.95,160.772,161.706,116726.0
2024-07-03 21:00:00,161.624,161.676,160.948,161.266,86307.0
2024-07-04 21:00:00,161.286,161.398,160.338,160.803,154601.0
2024-07-07 21:00:00,160.746,161.119,160.262,160.837,133819.0
2024-07-08 21:00:00,160.799,161.52,160.732,161.316,115156.0
2024-07-09 21:00:00,161.326,161.808,161.262,161.71,98339.0
2024-07-10 21:00:00,161.62,161.761,157.428,158.902,167342.0
2024-07-11 21:00:00,158.866,159.45,157.364,157.887,221968.0
2024-07-14 21:00:00,158.128,158.426,157.168,158.108,155490.0
2024-07-15 21:00:00,158.048,158.856,158.014,158.41,147314.0
2024-07-16 21:00:00,158.33,158.626,156.06,156.215,226693.0
2024-07-17 21:00:00,156.165,157.402,155.367,157.362,240167.0
2024-07-18 21:00:00,157.353,157.865,156.956,157.477,195795.0
2024-07-21 21:00:00,157.426,157.614,156.284,157.052,204263.0
2024-07-22 21:00:00,156.971,157.102,155.566,155.606,222276.0
2024-07-23 21:00:00,155.566,155.992,153.106,153.899,250976.0
2024-07-24 21:00:00,153.89,154.321,151.939,153.904,301519.0
2024-07-25 21:00:00,153.931,154.739,153.1,153.755,254736.0
2024-07-28 21:00:00,153.738,154.354,153.014,154.028,274664.0
2024-07-29 21:00:00,153.964,155.218,152.646,152.764,255672.0
2024-07-30 21:00:00,152.78,153.906,149.607,149.986,396177.0
2024-07-31 21:00:00,149.957,150.892,148.513,149.343,373140.0
2024-08-01 21:00:00,149.352,149.778,146.42,146.546,369529.0
2024-08-04 21:00:00,146.5,146.649,141.688,144.198,440972.0
2024-08-05 21:00:00,144.195,146.375,143.627,144.33,406132.0
2024-08-06 21:00:00,144.315,147.908,144.303,146.71,377962.0
2024-08-07 21:00:00,146.678,147.549,145.432,147.282,394816.0
2024-08-08 21:00:00,147.253,147.818,146.267,146.624,336864.0
2024-08-11 21:00:00,146.641,148.226,146.625,147.197,290363.0
2024-08-12 21:00:00,147.206,147.952,146.594,146.856,309918.0
2024-08-13 21:00:00,146.789,147.585,146.074,147.318,298108.0
2024-08-14 21:00:00,147.27,149.4,147.056,149.288,245524.0
2024-08-15 21:00:00,149.316,149.348,147.572,147.612,247498.0
2024-08-18 21:00:00,147.586,148.054,145.188,146.606,297698.0
2024-08-19 21:00:00,146.602,147.347,145.2,145.27,289283.0
2024-08-20 21:00:00,145.226,146.9,144.454,145.292,327691.0
2024-08-21 21:00:00,145.257,146.528,144.849,146.31,267034.0
2024-08-22 21:00:00,146.268,146.484,144.048,144.386,283812.0
2024-08-25 21:00:00,144.243,144.654,143.446,144.524,271547.0
2024-08-26 21:00:00,144.556,145.176,143.918,143.954,247620.0
2024-08-27 21:00:00,143.968,145.043,143.684,144.591,259513.0
2024-08-28 21:00:00,144.531,145.556,144.222,144.995,288949.0
2024-08-29 21:00:00,144.971,146.25,144.652,146.203,220495.0
2024-09-01 21:00:00,146.084,147.18,145.776,146.914,164114.0
2024-09-02 21:00:00,146.908,147.212,145.132,145.484,290963.0
2024-09-03 21:00:00,145.504,145.56,143.711,143.733,300684.0
2024-09-04 21:00:00,143.688,144.232,142.851,143.453,297453.0
2024-09-05 21:00:00,143.441,144.089,141.768,142.314,330374.0
2024-09-08 21:00:00,142.308,143.796,141.956,143.166,279411.0
2024-09-09 21:00:00,143.176,143.714,142.194,142.458,245360.0
2024-09-10 21:00:00,142.443,142.55,140.71,142.362,329975.0
2024-09-11 21:00:00,142.332,143.044,141.728,141.817,329101.0
2024-09-12 21:00:00,141.834,141.878,140.284,140.822,285748.0
2024-09-15 21:00:00,140.805,140.934,139.579,140.608,259698.0
2024-09-16 21:00:00,140.613,142.469,140.322,142.402,276016.0
2024-09-17 21:00:00,142.38,142.714,140.442,142.28,299455.0
2024-09-18 21:00:00,142.248,143.946,141.883,142.636,345708.0
2024-09-19 21:00:00,142.604,144.497,141.739,143.92,316896.0
2024-09-22 21:00:00,143.942,144.462,143.166,143.604,286252.0
2024-09-23 21:00:00,143.536,144.682,143.115,143.224,264568.0
2024-09-24 21:00:00,143.217,144.844,142.892,144.757,255139.0
2024-09-25 21:00:00,144.709,145.216,144.109,144.808,244131.0
2024-09-26 21:00:00,144.822,146.494,142.068,142.215,316703.0
2024-09-29 21:00:00,142.293,143.915,141.646,143.627,293045.0
2024-09-30 21:00:00,143.646,144.53,142.971,143.569,332738.0
2024-10-01 21:00:00,143.581,146.518,143.429,146.474,283122.0
2024-10-02 21:00:00,146.386,147.244,146.286,146.955,295069.0
2024-10-03 21:00:00,146.896,149.006,145.916,148.702,384762.0
2024-10-06 21:00:00,148.723,149.135,147.844,148.183,419184.0
2024-10-07 21:00:00,148.182,148.382,147.347,148.198,437950.0
2024-10-08 21:00:00,148.208,149.364,148.01,149.314,295209.0
2024-10-09 21:00:00,149.243,149.611,148.246,148.584,404190.0
2024-10-10 21:00:00,148.575,149.286,148.405,149.128,252842.0
2024-10-13 21:00:00,149.077,149.982,149.074,149.752,195141.0
2024-10-14 21:00:00,149.827,149.842,148.846,149.217,296648.0
2024-10-15 21:00:00,149.274,149.808,148.859,149.648,265853.0
2024-10-16 21:00:00,149.598,150.322,149.242,150.221,296304.0
2024-10-17 21:00:00,150.235,150.287,149.366,149.533,247504.0
2024-10-20 21:00:00,149.517,150.886,149.087,150.822,257950.0
2024-10-21 21:00:00,150.794,151.199,150.495,151.094,313206.0
2024-10-22 21:00:00,151.064,153.19,151.034,152.764,326491.0
2024-10-23 21:00:00,152.694,152.836,151.555,151.826,387613.0
2024-10-24 21:00:00,151.853,152.382,151.45,152.304,304886.0
2024-10-27 21:00:00,153.207,153.882,152.41,153.298,328655.0
2024-10-28 21:00:00,153.291,153.868,152.756,153.366,316364.0
2024-10-29 21:00:00,153.367,153.499,152.782,153.41,313405.0
2024-10-30 21:00:00,153.384,153.628,151.833,152.042,398813.0
2024-10-31 21:00:00,152.028,153.095,151.787,152.997,355993.0
2024-11-03 22:00:00,152.334,152.576,151.535,152.134,344711.0
2024-11-04 22:00:00,152.14,152.546,151.338,151.62,268970.0
2024-11-05 22:00:00,151.596,154.7,151.284,154.626,773497.0
2024-11-06 22:00:00,154.59,154.714,152.692,152.91,411540.0
2024-11-07 22:00:00,152.928,153.37,152.142,152.638,349604.0
2024-11-10 22:00:00,152.692,153.954,152.666,153.732,214325.0
2024-11-11 22:00:00,153.72,154.926,153.408,154.63,280421.0
2024-11-12 22:00:00,154.614,155.628,154.341,155.477,337540.0
2024-11-13 22:00:00,155.475,156.421,155.346,156.278,319592.0
2024-11-14 22:00:00,156.277,156.751,153.862,154.346,387556.0
2024-11-17 22:00:00,154.407,155.36,153.838,154.685,382655.0
2024-11-18 22:00:00,154.663,154.799,153.28,154.656,420863.0
2024-11-19 22:00:00,154.658,155.89,154.53,155.43,277925.0
2024-11-20 22:00:00,155.43,155.431,153.908,154.544,380058.0
2024-11-21 22:00:00,154.523,155.028,153.967,154.762,368246.0
2024-11-24 22:00:00,154.249,154.726,153.549,154.175,369133.0
2024-11-25 22:00:00,154.253,154.493,152.988,153.109,357397.0
2024-11-26 22:00:00,153.089,153.238,150.455,151.117,363866.0
2024-11-27 22:00:00,151.108,151.954,150.926,151.554,202949.0
2024-11-28 22:00:00,151.551,151.557,149.466,149.73,407413.0
2024-12-01 22:00:00,149.696,150.754,149.079,149.59,400860.0
2024-12-02 22:00:00,149.592,150.238,148.644,149.596,331449.0
2024-12-03 22:00:00,149.608,151.232,149.522,150.626,343421.0
2024-12-04 22:00:00,150.577,150.778,149.656,150.097,296315.0
2024-12-05 22:00:00,150.129,150.7,149.362,150.042,304151.0
2024-12-08 22:00:00,149.979,151.348,149.69,151.216,224279.0
2024-12-09 22:00:00,151.219,152.184,150.898,151.97,249541.0
2024-12-10 22:00:00,151.944,152.866,151.004,152.466,305410.0
2024-12-11 22:00:00,152.428,152.775,151.802,152.649,297551.0
2024-12-12 22:00:00,152.626,153.802,152.458,153.649,204431.0
2024-12-15 22:00:00,153.62,154.48,153.324,154.156,199257.0
2024-12-16 22:00:00,154.156,154.348,153.16,153.49,241683.0
2024-12-17 22:00:00,153.451,154.874,153.334,154.836,257989.0
2024-12-18 22:00:00,154.778,157.808,154.435,157.434,393909.0
2024-12-19 22:00:00,157.411,157.929,155.954,156.418,360697.0
2024-12-22 22:00:00,156.4,157.271,156.337,157.173,203663.0
2024-12-23 22:00:00,157.129,157.394,156.89,157.21,131611.0
2024-12-25 22:00:00,157.257,158.087,157.077,158.023,141686.0
2024-12-26 22:00:00,157.91,157.953,157.352,157.843,182126.0
2024-12-29 22:00:00,157.747,158.074,156.668,156.86,204711.0
2024-12-30 22:00:00,156.887,157.55,156.02,157.203,228124.0
2025-01-01 22:00:00,157.236,157.851,156.438,157.54,282900.0
2025-01-02 22:00:00,157.505,157.566,156.875,157.292,193540.0
2025-01-05 22:00:00,157.249,157.966,156.237,157.65,287750.0
2025-01-06 22:00:00,157.557,158.428,157.364,158.066,284453.0
2025-01-07 22:00:00,158.041,158.554,157.903,158.354,242970.0
2025-01-08 22:00:00,158.316,158.4,157.574,158.117,176881.0
2025-01-09 22:00:00,158.134,158.88,157.228,157.742,308990.0
2025-01-12 22:00:00,157.79,157.966,156.912,157.477,267488.0
2025-01-13 22:00:00,157.491,158.198,157.12,157.977,281160.0
2025-01-14 22:00:00,158.035,158.085,155.936,156.466,276937.0
2025-01-15 22:00:00,156.419,156.532,155.102,155.122,295651.0
2025-01-16 22:00:00,155.164,156.376,154.978,156.298,228450.0
2025-01-19 22:00:00,156.265,156.587,155.413,155.644,268433.0
2025-01-20 22:00:00,155.583,156.244,154.775,155.519,319236.0
2025-01-21 22:00:00,155.492,156.712,155.353,156.528,223536.0
2025-01-22 22:00:00,156.496,156.755,155.744,156.073,226144.0
2025-01-23 22:00:00,156.064,156.579,154.841,155.991,336739.0
2025-01-26 22:00:00,155.741,156.25,153.714,154.516,366026.0
2025-01-27 22:00:00,154.509,155.98,154.494,155.534,292687.0
2025-01-28 22:00:00,155.529,155.79,154.938,155.25,280967.0
2025-01-29 22:00:00,155.182,155.243,153.79,154.277,316086.0
2025-01-30 22:00:00,154.2,155.223,153.916,155.205,318062.0
2025-02-02 22:00:00,154.879,155.886,154.01,154.774,432646.0
2025-02-03 22:00:00,154.734,155.525,154.175,154.348,275711.0
2025-02-04 22:00:00,154.34,154.464,152.115,152.588,326377.0
2025-02-05 22:00:00,152.572,152.898,151.24,151.466,297842.0
2025-02-06 22:00:00,151.434,152.43,150.929,151.42,358965.0
2025-02-09 22:00:00,151.358,152.541,151.237,151.994,245973.0
2025-02-10 22:00:00,152.022,152.61,151.649,152.501,237641.0
2025-02-11 22:00:00,152.456,154.804,152.396,154.42,307062.0
2025-02-12 22:00:00,154.356,154.671,152.7,152.814,323360.0
2025-02-13 22:00:00,152.844,153.154,152.024,152.312,260270.0
2025-02-16 22:00:00,152.236,152.39,151.339,151.506,225076.0
2025-02-17 22:00:00,151.484,152.226,151.234,152.066,251091.0
2025-02-18 22:00:00,152.022,152.315,151.242,151.47,271173.0
2025-02-19 22:00:00,151.428,151.436,149.398,149.617,326328.0
2025-02-20 22:00:00,149.602,150.736,148.926,149.297,345416.0
2025-02-23 22:00:00,149.244,149.875,148.846,149.718,369262.0
2025-02-24 22:00:00,149.685,150.303,148.562,149.026,402600.0
2025-02-25 22:00:00,149.007,149.888,148.622,149.094,386525.0
2025-02-26 22:00:00,149.078,150.164,148.746,149.797,433586.0
2025-02-27 22:00:00,149.772,150.992,149.1,150.62,436007.0
2025-03-02 22:00:00,150.706,151.306,149.099,149.51,461078.0
2025-03-03 22:00:00,149.526,149.882,148.094,149.807,631284.0
2025-03-04 22:00:00,149.749,150.186,148.392,148.896,554349.0
2025-03-05 22:00:00,148.852,149.335,147.31,147.986,564752.0
2025-03-06 22:00:00,148.016,148.204,146.942,148.034,535255.0
2025-03-09 21:00:00,147.945,147.971,146.633,147.269,466189.0
2025-03-10 21:00:00,147.274,148.122,146.543,147.776,559287.0
2025-03-11 21:00:00,147.776,149.198,147.662,148.262,390538.0
2025-03-12 21:00:00,148.224,148.374,147.414,147.806,388853.0
2025-03-13 21:00:00,147.8,149.024,147.752,148.637,311038.0
2025-03-16 21:00:00,148.75,149.284,148.234,149.209,315038.0
2025-03-17 21:00:00,149.214,149.937,149.1,149.282,255326.0
2025-03-18 21:00:00,149.301,150.149,148.609,148.7,273571.0
2025-03-19 21:00:00,148.724,148.964,148.174,148.788,245648.0
2025-03-20 21:00:00,148.805,149.666,148.586,149.3,243964.0
2025-03-23 21:00:00,149.366,150.76,149.361,150.701,226229.0
2025-03-24 21:00:00,150.636,150.946,149.55,149.914,203823.0
2025-03-25 21:00:00,149.914,150.746,149.841,150.587,224087.0
2025-03-26 21:00:00,150.547,151.158,150.061,151.043,249502.0
2025-03-27 21:00:00,151.053,151.214,149.684,149.844,272333.0
2025-03-30 21:00:00,149.827,150.268,148.702,149.97,364454.0
2025-03-31 21:00:00,149.964,150.141,148.977,149.616,323676.0
2025-04-01 21:00:00,149.603,150.492,149.102,149.298,332585.0
2025-04-02 21:00:00,149.274,149.284,145.19,146.071,659268.0
2025-04-03 21:00:00,146.061,147.436,144.552,147.014,930019.0
2025-04-06 21:00:00,145.508,148.151,144.82,147.879,1082030.0
2025-04-07 21:00:00,147.765,148.124,145.966,146.279,736839.0
2025-04-08 21:00:00,146.18,148.284,143.99,147.761,947936.0
2025-04-09 21:00:00,147.8,147.8,144.014,144.446,724517.0
2025-04-10 21:00:00,144.528,144.664,142.054,143.472,803119.0
2025-04-13 21:00:00,143.985,144.083,142.23,143.024,530595.0
2025-04-14 21:00:00,143.052,143.597,142.6,143.252,365830.0
2025-04-15 21:00:00,143.209,143.282,141.64,141.864,447312.0
2025-04-16 21:00:00,141.842,143.088,141.614,142.466,396245.0
2025-04-17 21:00:00,142.415,142.553,142.115,142.173,481513.0
2025-04-20 21:00:00,142.065,142.162,140.471,140.856,312627.0
2025-04-21 21:00:00,140.856,141.67,139.889,141.602,343371.0
2025-04-22 21:00:00,141.535,143.58,141.487,143.457,471947.0
2025-04-23 21:00:00,143.411,143.429,142.278,142.628,290489.0
2025-04-24 21:00:00,142.636,144.031,142.582,143.682,277595.0
2025-04-27 21:00:00,143.623,143.898,141.984,142.024,252429.0
2025-04-28 21:00:00,142.032,142.76,141.965,142.37,246585.0
2025-04-29 21:00:00,142.282,143.192,142.165,143.064,263041.0
2025-04-30 21:00:00,143.0,145.737,142.881,145.398,262437.0
2025-05-01 21:00:00,145.45,145.926,143.73,144.957,335532.0
2025-05-04 21:00:00,144.732,144.996,143.542,143.7,229474.0
2025-05-05 21:00:00,143.752,144.276,142.354,142.404,238594.0
2025-05-06 21:00:00,142.504,144.002,142.423,143.826,305042.0
2025-05-07 21:00:00,143.746,146.178,143.445,145.909,305645.0
2025-05-08 21:00:00,145.834,146.19,144.825,145.374,223298.0
2025-05-11 21:00:00,146.176,148.654,145.702,148.477,385420.0
2025-05-12 21:00:00,148.448,148.468,147.378,147.477,274524.0
2025-05-13 21:00:00,147.49,147.67,145.605,146.744,329199.0
2025-05-14 21:00:00,146.719,146.756,145.414,145.695,284996.0
2025-05-15 21:00:00,145.691,146.102,144.92,145.64,232202.0
2025-05-18 21:00:00,145.328,145.478,144.662,144.854,280645.0
2025-05-19 21:00:00,144.866,145.514,144.092,144.508,261824.0
2025-05-20 21:00:00,144.529,144.611,143.282,143.66,315094.0
2025-05-21 21:00:00,143.632,144.416,142.802,144.011,331959.0
2025-05-22 21:00:00,144.058,144.106,142.422,142.558,309615.0
2025-05-25 21:00:00,142.51,143.086,142.226,142.842,161111.0
2025-05-26 21:00:00,142.851,144.465,142.111,144.351,260653.0
2025-05-27 21:00:00,144.332,145.08,143.851,144.87,279763.0
2025-05-28 21:00:00,144.81,146.29,143.962,144.186,353052.0
2025-05-29 21:00:00,144.194,144.447,143.441,144.06,324556.0
2025-06-01 21:00:00,143.862,143.989,142.539,142.698,283662.0
2025-06-02 21:00:00,142.736,144.115,142.379,144.004,247826.0
2025-06-03 21:00:00,143.992,144.396,142.604,142.766,266317.0
2025-06-04 21:00:00,142.726,143.98,142.533,143.582,336567.0
2025-06-05 21:00:00,143.547,145.093,143.45,144.859,272793.0
2025-06-08 21:00:00,144.885,144.954,143.974,144.606,188787.0
2025-06-09 21:00:00,144.551,145.294,144.402,144.897,230623.0
2025-06-10 21:00:00,144.869,145.47,144.326,144.6,259055.0
2025-06-11 21:00:00,144.527,144.57,143.186,143.5,296482.0
2025-06-12 21:00:00,143.5,144.483,142.792,144.114,377577.0
2025-06-15 21:00:00,144.021,144.878,143.65,144.784,271379.0
2025-06-16 21:00:00,144.727,145.381,144.386,145.286,296832.0
2025-06-17 21:00:00,145.287,145.443,144.328,145.132,286058.0
2025-06-18 21:00:00,145.111,145.772,144.738,145.466,213767.0
2025-06-19 21:00:00,145.468,146.218,145.124,146.092,232697.0
2025-06-22 21:00:00,146.704,148.032,146.01,146.151,354782.0
2025-06-23 21:00:00,146.165,146.192,144.516,144.917,311021.0
2025-06-24 21:00:00,144.945,145.952,144.609,145.257,236705.0
2025-06-25 21:00:00,145.202,145.267,143.752,144.391,299249.0
2025-06-26 21:00:00,144.442,144.949,144.178,144.663,289200.0
2025-06-29 21:00:00,144.376,144.766,143.782,144.024,290690.0
2025-06-30 21:00:00,144.041,144.078,142.682,143.406,301986.0
2025-07-01 21:00:00,143.403,144.248,143.32,143.66,278494.0
2025-07-02 21:00:00,143.709,145.236,143.446,144.922,250569.0
2025-07-03 21:00:00,144.928,144.974,144.183,144.491,202111.0
2025-07-06 21:00:00,144.45,146.242,144.224,146.07,237998.0
2025-07-07 21:00:00,146.054,146.978,145.831,146.562,270831.0
2025-07-08 21:00:00,146.638,147.186,146.25,146.308,231732.0
2025-07-09 21:00:00,146.359,146.789,145.756,146.247,204811.0
2025-07-10 21:00:00,146.26,147.523,146.134,147.423,215780.0
2025-07-13 21:00:00,147.206,147.78,146.85,147.732,188657.0
2025-07-14 21:00:00,147.728,149.022,147.552,148.849,192560.0
2025-07-15 21:00:00,148.903,149.189,146.91,147.88,338829.0
2025-07-16 21:00:00,147.832,149.09,147.73,148.608,235249.0
2025-07-17 21:00:00,148.587,148.886,148.184,148.844,195471.0
2025-07-20 21:00:00,147.975,148.666,147.082,147.346,215338.0
2025-07-21 21:00:00,147.375,147.95,146.306,146.646,210338.0
2025-07-22 21:00:00,146.626,147.214,146.11,146.51,308324.0
2025-07-23 21:00:00,146.478,147.028,145.854,147.002,294486.0
2025-07-24 21:00:00,146.989,147.943,146.814,147.668,272822.0
2025-07-27 21:00:00,147.764,148.58,147.516,148.545,283933.0
2025-07-28 21:00:00,148.495,148.81,148.158,148.472,252782.0
2025-07-29 21:00:00,148.491,149.538,147.804,149.526,311947.0
2025-07-30 21:00:00,149.482,150.844,148.59,150.766,288356.0
2025-07-31 21:00:00,150.718,150.918,147.293,147.42,425525.0
2025-08-03 21:00:00,147.262,148.09,146.866,147.092,283370.0
2025-08-04 21:00:00,147.144,147.836,146.62,147.556,248443.0
2025-08-05 21:00:00,147.591,147.886,146.976,147.357,223791.0
2025-08-06 21:00:00,147.37,147.712,146.69,147.152,277004.0
2025-08-07 21:00:00,147.129,147.904,146.72,147.752,227067.0
2025-08-10 21:00:00,147.572,148.252,147.352,148.146,165883.0
2025-08-11 21:00:00,148.128,148.52,147.579,147.856,267358.0
2025-08-12 21:00:00,147.786,148.17,147.087,147.382,199682.0
2025-08-13 21:00:00,147.392,147.967,146.214,147.752,282509.0
2025-08-14 21:00:00,147.757,147.875,146.739,147.154,201054.0
2025-08-17 21:00:00,147.202,147.988,147.084,147.855,180813.0
2025-08-18 21:00:00,147.77,148.115,147.443,147.67,193814.0
2025-08-19 21:00:00,147.643,147.818,146.872,147.312,192637.0
2025-08-20 21:00:00,147.349,148.408,147.256,148.389,206720.0
2025-08-21 21:00:00,148.337,148.778,146.572,146.926,246730.0
2025-08-24 21:00:00,146.887,147.942,146.802,147.753,175508.0
2025-08-25 21:00:00,147.752,147.91,146.988,147.43,264214.0
2025-08-26 21:00:00,147.387,148.184,147.293,147.416,204187.0
2025-08-27 21:00:00,147.414,147.49,146.66,146.944,223477.0
2025-08-28 21:00:00,146.9,147.41,146.764,147.066,216391.0
2025-08-31 21:00:00,147.017,147.38,146.788,147.18,152921.0
2025-09-01 21:00:00,147.206,148.945,147.048,148.338,303488.0
2025-09-02 21:00:00,148.336,149.138,147.882,148.109,242806.0
2025-09-03 21:00:00,148.07,148.779,147.792,148.464,228894.0
2025-09-04 21:00:00,148.512,148.536,146.818,147.418,271419.0
2025-09-07 21:00:00,148.187,148.58,147.342,147.53,245210.0
2025-09-08 21:00:00,147.503,147.573,146.307,147.403,246369.0
2025-09-09 21:00:00,147.364,147.647,147.105,147.465,199126.0
2025-09-10 21:00:00,147.396,148.192,146.988,147.226,230017.0
2025-09-11 21:00:00,147.221,148.074,147.122,147.672,179917.0
2025-09-14 21:00:00,147.63,147.791,147.232,147.418,169952.0
2025-09-15 21:00:00,147.343,147.541,146.278,146.456,251758.0
2025-09-16 21:00:00,146.478,147.051,145.483,146.999,277496.0
2025-09-17 21:00:00,146.965,148.268,146.768,147.996,278715.0
2025-09-18 21:00:00,147.944,148.288,147.196,147.956,289487.0
2025-09-21 21:00:00,147.919,148.378,147.659,147.736,195509.0
2025-09-22 21:00:00,147.775,147.93,147.463,147.658,213703.0
2025-09-23 21:00:00,147.618,148.918,147.516,148.909,194115.0
2025-09-24 21:00:00,148.864,149.93,148.56,149.799,234543.0
2025-09-25 21:00:00,149.841,149.96,149.406,149.519,212186.0
2025-09-28 21:00:00,149.5,149.536,148.472,148.598,217305.0
2025-09-29 21:00:00,148.611,148.847,147.652,147.94,251766.0
2025-09-30 21:00:00,147.85,148.227,146.586,147.071,315409.0
2025-10-01 21:00:00,147.068,147.516,146.6,147.264,216734.0
2025-10-02 21:00:00,147.264,147.819,147.06,147.49,217132.0
2025-10-05 21:00:00,149.413,150.477,149.046,150.35,342408.0
2025-10-06 21:00:00,150.314,152.046,150.25,151.9,229219.0
2025-10-07 21:00:00,151.932,153.003,151.74,152.697,255825.0
2025-10-08 21:00:00,152.72,153.236,152.116,153.084,298735.0
2025-10-09 21:00:00,152.957,153.278,151.168,151.174,334647.0
2025-10-12 21:00:00,151.882,152.452,151.724,152.3,277788.0
2025-10-13 21:00:00,152.221,152.614,151.604,151.81,327053.0
2025-10-14 21:00:00,151.802,151.878,150.9,151.072,280194.0
2025-10-15 21:00:00,151.084,151.399,150.212,150.436,336872.0
2025-10-16 21:00:00,150.415,150.65,149.376,150.65,375793.0
2025-10-19 21:00:00,150.469,151.204,150.274,150.766,248262.0
2025-10-20 21:00:00,150.707,152.176,150.472,151.926,314900.0
2025-10-21 21:00:00,151.898,152.048,151.488,151.964,281388.0
2025-10-22 21:00:00,151.944,152.799,151.824,152.596,199981.0
2025-10-23 21:00:00,152.587,153.064,152.235,152.882,217475.0
2025-10-26 21:00:00,152.858,153.258,152.566,152.88,226818.0
2025-10-27 21:00:00,152.862,152.885,151.76,152.115,255646.0
2025-10-28 21:00:00,152.119,153.064,151.538,152.74,289721.0
2025-10-29 21:00:00,152.694,154.449,152.163,154.149,309972.0
2025-10-30 21:00:00,154.136,154.416,153.653,154.017,223337.0
2025-11-02 22:00:00,154.043,154.3,153.926,154.212,154442.0
2025-11-03 22:00:00,154.25,154.486,153.318,153.665,251401.0
2025-11-04 22:00:00,153.668,154.357,152.958,154.114,238683.0
2025-11-05 22:00:00,154.106,154.142,152.832,153.072,194137.0
2025-11-06 22:00:00,153.041,153.596,152.82,153.419,235876.0
2025-11-09 22:00:00,153.75,154.25,153.404,154.132,208283.0
2025-11-10 22:00:00,154.062,154.496,153.666,154.156,188542.0
2025-11-11 22:00:00,154.13,155.047,154.05,154.815,193427.0
2025-11-12 22:00:00,154.773,155.02,154.128,154.536,250490.0
2025-11-13 22:00:00,154.499,154.764,153.617,154.524,267841.0
2025-11-16 22:00:00,154.575,155.31,154.419,155.264,189790.0
2025-11-17 22:00:00,155.239,155.735,154.816,155.522,314402.0
2025-11-18 22:00:00,155.5,157.186,155.215,157.169,285551.0
2025-11-19 22:00:00,157.144,157.895,156.88,157.466,354352.0
2025-11-20 22:00:00,157.506,157.543,156.202,156.409,370049.0
2025-11-23 22:00:00,156.443,157.188,156.407,156.922,233978.0
2025-11-24 22:00:00,156.861,156.984,155.804,156.073,253112.0
2025-11-25 22:00:00,156.0,156.738,155.652,156.47,260418.0
2025-11-26 22:00:00,156.481,156.49,155.72,156.303,128767.0
2025-11-27 22:00:00,156.29,156.583,155.984,156.191,461592.0
2025-11-30 22:00:00,156.12,156.153,154.663,155.484,278226.0
2025-12-01 22:00:00,155.474,156.181,155.429,155.884,218398.0
2025-12-02 22:00:00,155.875,155.906,155.01,155.229,223226.0
2025-12-03 22:00:00,155.268,155.542,154.509,155.12,274378.0
2025-12-04 22:00:00,155.079,155.494,154.343,155.34,222037.0
2025-12-07 22:00:00,155.219,155.986,154.9,155.928,220084.0
2025-12-08 22:00:00,155.875,156.956,155.744,156.894,228870.0
2025-12-09 22:00:00,156.838,156.94,155.795,156.023,231195.0
2025-12-10 22:00:00,155.959,156.164,154.945,155.572,261963.0
2025-12-11 22:00:00,155.582,156.13,155.448,155.838,204918.0
2025-12-14 22:00:00,155.877,155.986,154.837,155.206,188214.0
2025-12-15 22:00:00,155.217,155.25,154.396,154.721,281778.0
2025-12-16 22:00:00,154.711,155.752,154.513,155.693,217085.0
2025-12-17 22:00:00,155.648,155.978,155.284,155.562,219622.0
2025-12-18 22:00:00,155.531,157.786,155.502,157.723,239398.0
2025-12-21 22:00:00,157.547,157.714,156.705,157.036,202370.0
2025-12-22 22:00:00,157.018,157.051,155.65,156.235,225511.0
2025-12-23 22:00:00,156.258,156.283,155.555,155.952,215459.0
2025-12-25 22:00:00,155.94,156.73,155.752,156.569,202927.0
2025-12-28 22:00:00,156.526,156.577,155.916,156.042,194943.0
2025-12-29 22:00:00,156.069,156.568,155.744,156.421,193831.0
2025-12-30 22:00:00,156.367,156.996,156.332,156.684,185973.0
2026-01-01 22:00:00,156.725,157.004,156.522,156.837,137446.0
2026-01-04 22:00:00,156.756,157.3,156.116,156.404,223636.0
2026-01-05 22:00:00,156.377,156.798,156.164,156.663,203794.0
2026-01-06 22:00:00,156.634,156.81,156.294,156.757,166053.0
2026-01-07 22:00:00,156.748,157.072,156.46,156.882,149437.0
2026-01-08 22:00:00,156.846,158.188,156.795,157.933,203466.0
2026-01-11 22:00:00,158.076,158.21,157.517,158.16,170418.0
2026-01-12 22:00:00,158.128,159.192,157.898,159.172,204733.0
2026-01-13 22:00:00,159.146,159.454,158.094,158.436,237041.0
2026-01-14 22:00:00,158.423,158.881,158.222,158.622,205589.0
2026-01-15 22:00:00,158.633,158.706,157.823,158.103,193621.0
2026-01-18 22:00:00,157.92,158.166,157.425,158.127,169619.0
2026-01-19 22:00:00,158.087,158.605,157.471,158.138,293455.0
2026-01-20 22:00:00,158.148,158.534,157.748,158.294,262393.0
2026-01-21 22:00:00,158.312,158.894,158.18,158.428,214826.0
2026-01-22 22:00:00,158.409,159.228,155.606,155.736,302741.0
2026-01-25 22:00:00,154.876,155.348,153.304,154.221,401781.0
2026-01-26 22:00:00,154.181,154.88,152.09,152.204,359690.0
2026-01-27 22:00:00,152.251,154.051,152.206,153.404,378154.0
2026-01-28 22:00:00,153.405,153.538,152.682,153.114,361434.0
2026-01-29 22:00:00,152.975,154.798,152.865,154.782,423500.0
2026-02-01 22:00:00,154.903,155.79,154.552,155.606,355094.0
2026-02-02 22:00:00,155.66,156.086,155.295,155.795,269987.0
2026-02-03 22:00:00,155.791,156.948,155.689,156.87,246576.0
2026-02-04 22:00:00,156.815,157.339,156.526,157.044,312575.0
2026-02-05 22:00:00,156.998,157.274,156.512,157.24,225933.0
2026-02-08 22:00:00,157.53,157.662,155.524,155.899,343863.0
2026-02-09 22:00:00,155.86,156.294,154.055,154.379,265970.0
2026-02-10 22:00:00,154.4,154.654,152.55,153.27,321738.0
2026-02-11 22:00:00,153.173,153.762,152.27,152.738,351242.0
2026-02-12 22:00:00,152.752,153.668,152.596,152.711,290547.0
2026-02-15 22:00:00,152.728,153.638,152.632,153.52,126683.0
2026-02-16 22:00:00,153.462,153.927,152.7,153.299,259740.0
2026-02-17 22:00:00,153.246,154.874,153.071,154.824,189936.0
2026-02-18 22:00:00,154.782,155.344,154.544,155.001,224181.0
2026-02-19 22:00:00,154.98,155.644,154.716,155.076,272940.0
2026-02-22 22:00:00,154.925,155.046,153.996,154.674,224675.0
2026-02-23 22:00:00,154.669,156.282,154.526,155.902,225201.0
2026-02-24 22:00:00,155.866,156.826,155.348,156.364,218732.0
2026-02-25 22:00:00,156.342,156.438,155.699,156.135,213896.0
2026-02-26 22:00:00,156.146,156.233,155.54,156.066,216238.0
2026-03-01 22:00:00,156.154,157.753,156.128,157.36,321084.0
2026-03-02 22:00:00,157.409,157.972,157.151,157.694,327609.0
2026-03-03 22:00:00,157.536,157.865,156.856,157.054,271838.0
2026-03-04 22:00:00,157.028,157.851,156.454,157.558,296285.0
2026-03-05 22:00:00,157.583,158.096,157.382,157.822,291888.0
2026-03-08 21:00:00,158.094,158.9,157.633,157.668,389389.0
2026-03-09 21:00:00,157.665,158.134,157.276,158.066,312690.0
2026-03-10 21:00:00,158.06,158.978,157.864,158.96,254461.0
2026-03-11 21:00:00,158.922,159.432,158.57,159.35,248779.0
2026-03-12 21:00:00,159.342,159.758,159.008,159.733,275810.0
2026-03-15 21:00:00,159.566,159.748,158.851,159.046,229388.0
2026-03-16 21:00:00,159.061,159.499,158.724,159.0,182001.0
2026-03-17 21:00:00,159.041,159.904,158.57,159.868,228174.0
2026-03-18 21:00:00,159.868,159.868,157.51,157.709,350035.0
2026-03-19 21:00:00,157.69,159.391,157.639,159.228,242952.0
2026-03-22 21:00:00,159.346,159.658,158.02,158.429,460377.0
2026-03-23 21:00:00,158.429,159.192,158.276,158.705,310978.0
2026-03-24 21:00:00,158.702,159.503,158.574,159.474,240755.0
2026-03-25 21:00:00,159.469,159.853,159.286,159.777,197709.0
2026-03-26 21:00:00,159.718,160.414,159.458,160.315,187414.0
2026-03-29 21:00:00,160.197,160.464,159.328,159.742,220457.0
2026-03-30 21:00:00,159.72,159.975,158.658,158.724,277550.0
2026-03-31 21:00:00,158.772,159.014,158.274,158.79,283717.0
2026-04-01 21:00:00,158.808,159.747,158.545,159.606,264563.0
2026-04-02 21:00:00,159.597,159.824,159.431,159.632,123707.0
2026-04-05 21:00:00,159.641,159.834,159.304,159.686,196009.0
2026-04-06 21:00:00,159.694,160.032,159.468,159.61,215753.0
2026-04-07 21:00:00,159.614,159.78,157.888,158.569,339172.0
2026-04-08 21:00:00,158.553,159.299,158.486,158.998,203865.0
2026-04-09 21:00:00,158.954,159.383,158.894,159.275,166527.0
2026-04-12 21:00:00,159.596,159.862,159.291,159.445,201729.0
2026-04-13 21:00:00,159.422,159.443,158.602,158.802,185743.0
2026-04-14 21:00:00,158.801,159.153,158.644,158.969,202815.0
2026-04-15 21:00:00,159.004,159.308,158.266,159.145,192882.0
2026-04-16 21:00:00,159.182,159.532,157.59,158.616,256488.0
2026-04-19 21:00:00,158.81,159.204,158.552,158.825,232408.0
2026-04-20 21:00:00,158.786,159.642,158.734,159.412,222942.0
2026-04-21 21:00:00,159.378,159.576,159.104,159.476,207573.0
2026-04-22 21:00:00,159.495,159.847,159.295,159.749,256247.0
2026-04-23 21:00:00,159.672,159.842,159.308,159.348,204129.0
2026-04-26 21:00:00,159.565,159.601,159.096,159.425,170365.0
2026-04-27 21:00:00,159.442,159.788,158.96,159.616,213471.0
2026-04-28 21:00:00,159.56,160.478,159.52,160.45,223503.0
2026-04-29 21:00:00,160.418,160.726,155.556,156.624,472266.0
2026-04-30 21:00:00,156.51,157.33,155.488,157.088,304131.0
2026-05-03 21:00:00,156.756,157.305,155.702,157.248,302386.0
2026-05-04 21:00:00,157.214,157.921,157.076,157.896,182250.0
2026-05-05 21:00:00,157.888,157.94,155.032,156.37,421927.0
2026-05-06 21:00:00,156.351,156.956,156.022,156.938,243554.0
2026-05-07 21:00:00,156.885,156.992,156.434,156.686,187063.0
2026-05-10 21:00:00,156.61,157.273,156.557,157.226,142526.0
2026-05-11 21:00:00,157.161,157.766,156.726,157.615,193750.0
2026-05-12 21:00:00,157.611,157.926,157.562,157.894,140426.0
2026-05-13 21:00:00,157.855,158.423,157.313,158.384,198182.0
2026-05-14 21:00:00,158.336,158.847,158.294,158.776,238247.0
2026-05-17 21:00:00,158.68,159.082,158.611,158.858,238437.0
2026-05-18 21:00:00,158.832,159.252,158.649,159.08,209834.0
2026-05-19 21:00:00,159.07,159.168,158.588,158.934,240108.0
2026-05-20 21:00:00,158.914,159.347,158.808,158.99,238372.0
2026-05-21 21:00:00,158.929,159.234,158.928,159.206,162355.0
2026-05-24 21:00:00,158.817,159.042,158.759,158.929,83365.0
2026-05-25 21:00:00,158.904,159.383,158.864,159.314,122938.0
2026-05-26 21:00:00,159.298,159.581,159.179,159.518,139314.0
2026-05-27 21:00:00,159.483,159.654,159.112,159.246,174870.0
2026-05-28 21:00:00,159.212,159.38,159.099,159.271,159706.0
2026-05-31 21:00:00,159.368,159.766,159.298,159.672,177146.0
2026-06-01 21:00:00,159.662,159.988,159.6,159.938,114255.0
2026-06-02 21:00:00,159.887,160.098,159.368,160.092,164347.0
2026-06-03 21:00:00,160.056,160.078,159.59,160.028,156172.0
2026-06-04 21:00:00,160.025,160.342,159.724,160.317,176908.0
2026-06-07 21:00:00,160.258,160.394,159.84,160.178,192610.0
2026-06-08 21:00:00,160.146,160.448,160.053,160.364,159690.0
2026-06-09 21:00:00,160.342,160.578,160.238,160.554,158257.0
2026-06-10 21:00:00,160.505,160.596,159.536,159.97,183104.0
2026-06-11 21:00:00,159.946,160.376,159.92,160.228,191695.0
2026-06-14 21:00:00,160.148,160.396,159.738,160.356,133724.0
2026-06-15 21:00:00,160.344,160.483,160.051,160.466,144680.0
2026-06-16 21:00:00,160.421,160.798,160.115,160.684,177245.0
2026-06-17 21:00:00,160.662,161.81,160.476,161.41,204437.0
2026-06-18 21:00:00,161.397,161.459,160.986,161.31,159947.0
2026-06-21 21:00:00,161.266,161.928,161.072,161.6,207152.0
2026-06-22 21:00:00,161.562,161.742,161.264,161.578,171030.0
2026-06-23 21:00:00,161.54,161.84,161.514,161.81,144789.0
2026-06-24 21:00:00,161.776,161.95,161.557,161.804,158165.0
2026-06-25 21:00:00,161.793,161.848,161.532,161.75,152818.0
2026-06-28 21:00:00,161.74,161.983,161.72,161.944,120260.0
2026-06-29 21:00:00,161.912,162.672,161.891,162.589,186184.0
2026-06-30 21:00:00,162.558,162.84,162.294,162.602,170942.0
2026-07-01 21:00:00,162.589,162.598,160.624,161.121,333677.0
2026-07-02 21:00:00,161.089,161.524,160.48,161.383,189147.0
2026-07-05 21:00:00,161.306,162.427,161.294,162.096,157315.0
2026-07-06 21:00:00,162.094,162.182,161.654,162.118,176934.0
2026-07-07 21:00:00,162.102,162.711,162.078,162.64,185110.0
2026-07-08 21:00:00,162.562,162.616,162.247,162.396,137401.0
2026-07-09 21:00:00,162.39,162.44,161.282,161.705,238751.0
2026-07-12 21:00:00,161.733,162.488,161.68,162.464,253747.0
2026-07-13 21:00:00,162.426,162.487,161.606,162.268,249448.0
2026-07-14 21:00:00,162.197,162.424,161.895,162.195,179452.0
2026-07-15 21:00:00,162.161,162.549,161.982,162.373,154627.0
2026-07-16 21:00:00,162.43,162.522,162.127,162.414,137355.0
2026-07-19 21:00:00,162.463,162.602,162.2,162.505,121416.0
2026-07-20 21:00:00,162.507,163.241,162.432,163.198,129189.0
2026-07-21 21:00:00,163.182,163.229,162.666,163.166,157659.0
2026-07-22 21:00:00,163.131,163.988,162.996,163.868,183321.0
2026-07-23 21:00:00,163.868,163.938,163.644,163.85,153942.0
2026-07-26 21:00:00,163.587,163.799,163.33,163.746,168133.0
2026-07-27 21:00:00,163.714,163.951,163.645,163.869,136797.0
2026-07-28 21:00:00,163.796,163.908,163.23,163.438,221042.0
2026-07-29 21:00:00,163.406,163.74,157.953,159.547,464505.0
2026-07-30 21:00:00,159.495,160.884,157.275,157.452,586185.0
2026-08-02 21:00:00,157.165,157.888,155.226,157.195,423279.0
2026-08-03 21:00:00,157.201,157.96,157.19,157.746,283018.0
2026-08-04 21:00:00,157.772,157.876,157.306,157.77,262069.0
2026-08-05 21:00:00,157.746,158.556,157.56,158.462,162055.0
2026-08-06 21:00:00,158.454,158.575,156.666,157.805,250539.0
2026-08-09 21:00:00,157.72,159.368,157.629,159.308,202102.0
2026-08-10 21:00:00,159.244,159.389,158.921,159.29,156395.0
2026-08-11 21:00:00,159.29,159.547,158.576,159.426,205390.0
2026-08-12 21:00:00,159.427,159.567,159.024,159.518,175412.0
2026-08-13 21:00:00,159.497,159.539,158.603,159.321,203895.0
2026-08-16 21:00:00,159.342,159.598,158.846,159.469,169439.0
2026-08-17 21:00:00,159.489,159.78,159.298,159.627,165690.0
2026-08-18 21:00:00,159.65,159.65,158.044,158.158,301214.0
2026-08-19 21:00:00,158.143,159.184,158.029,159.069,283384.0
2026-08-20 21:00:00,159.042,159.134,158.354,158.982,241276.0
2026-08-23 21:00:00,159.002,159.283,158.558,159.104,233933.0
2026-08-24 21:00:00,159.103,159.493,159.056,159.204,202501.0
2026-08-25 21:00:00,159.23,159.446,158.881,159.316,199917.0
2026-08-26 21:00:00,159.314,159.529,159.116,159.402,187488.0
2026-08-27 21:00:00,159.39,160.204,159.296,160.104,203320.0
2026-08-30 21:00:00,160.084,160.201,159.474,159.74,220932.0
2026-08-31 21:00:00,159.752,160.275,159.634,160.198,198637.0
2026-09-01 21:00:00,160.183,160.394,158.209,158.732,350842.0
2026-09-02 21:00:00,158.695,158.968,155.3,155.807,506784.0
2026-09-03 21:00:00,155.83,156.762,155.292,156.254,409487.0
2026-09-06 21:00:00,156.008,156.293,154.058,154.352,274360.0
2026-09-07 21:00:00,154.364,154.424,152.888,154.0,447753.0
2026-09-08 21:00:00,153.996,154.019,152.937,153.545,434536.0
2026-09-09 21:00:00,153.553,154.672,153.284,154.457,349041.0
2026-09-10 21:00:00,154.387,154.618,153.24,153.533,401576.0
2026-09-13 21:00:00,153.53,155.0,153.374,154.344,381352.0
2026-09-14 21:00:00,154.35,155.24,154.213,155.118,333979.0
2026-09-15 21:00:00,155.114,156.414,154.837,156.304,379985.0
2026-09-16 21:00:00,156.242,156.314,155.338,155.96,364121.0
2026-09-17 21:00:00,155.966,158.058,155.87,156.892,440606.0
2026-09-20 21:00:00,156.86,157.531,156.575,157.386,303414.0
2026-09-21 21:00:00,157.318,157.778,156.822,157.393,338829.0
2026-09-22 21:00:00,157.37,158.403,157.341,158.34,287226.0
2026-09-23 21:00:00,158.306,159.037,157.796,158.856,393287.0
2026-09-24 21:00:00,158.866,158.949,156.938,157.295,379919.0
2026-09-27 21:00:00,157.252,157.86,156.508,157.378,380371.0
2026-09-28 21:00:00,157.404,157.716,156.981,157.286,351031.0
2026-09-29 21:00:00,157.336,157.542,156.375,157.411,415181.0
2026-09-30 21:00:00,157.385,158.4,157.34,158.4,87799.0
